date,country,regime,liquidity_regime,valuation_score,valuation_regime,valuation_confidence,equities_score,equities,duration_score,duration,gold_score,gold,dollar_score,dollar,allocation_confidence,allocation_note
1951-12-01,china,unknown,unknown,,unknown,low,0.0,neutral,0.0,neutral,0.0,neutral,0.0,neutral,medium,"Valuation is missing, so local allocation is still produced with reduced confidence."
1952-01-01,china,unknown,unknown,,unknown,low,0.0,neutral,0.0,neutral,0.0,neutral,0.0,neutral,medium,"Valuation is missing, so local allocation is still produced with reduced confidence."
1952-02-01,china,unknown,unknown,,unknown,low,0.0,neutral,0.0,neutral,0.0,neutral,0.0,neutral,medium,"Valuation is missing, so local allocation is still produced with reduced confidence."
1952-03-01,china,unknown,unknown,,unknown,low,0.0,neutral,0.0,neutral,0.0,neutral,0.0,neutral,medium,"Valuation is missing, so local allocation is still produced with reduced confidence."
1952-04-01,china,unknown,unknown,,unknown,low,0.0,neutral,0.0,neutral,0.0,neutral,0.0,neutral,medium,"Valuation is missing, so local allocation is still produced with reduced confidence."
1952-05-01,china,unknown,unknown,,unknown,low,0.0,neutral,0.0,neutral,0.0,neutral,0.0,neutral,medium,"Valuation is missing, so local allocation is still produced with reduced confidence."
1952-06-01,china,unknown,unknown,,unknown,low,0.0,neutral,0.0,neutral,0.0,neutral,0.0,neutral,medium,"Valuation is missing, so local allocation is still produced with reduced confidence."
1952-07-01,china,unknown,unknown,,unknown,low,0.0,neutral,0.0,neutral,0.0,neutral,0.0,neutral,medium,"Valuation is missing, so local allocation is still produced with reduced confidence."
1952-08-01,china,unknown,unknown,,unknown,low,0.0,neutral,0.0,neutral,0.0,neutral,0.0,neutral,medium,"Valuation is missing, so local allocation is still produced with reduced confidence."
1952-09-01,china,unknown,unknown,,unknown,low,0.0,neutral,0.0,neutral,0.0,neutral,0.0,neutral,medium,"Valuation is missing, so local allocation is still produced with reduced confidence."
1952-10-01,china,unknown,unknown,,unknown,low,0.0,neutral,0.0,neutral,0.0,neutral,0.0,neutral,medium,"Valuation is missing, so local allocation is still produced with reduced confidence."
1952-11-01,china,unknown,unknown,,unknown,low,0.0,neutral,0.0,neutral,0.0,neutral,0.0,neutral,medium,"Valuation is missing, so local allocation is still produced with reduced confidence."
1952-12-01,china,unknown,unknown,,unknown,low,0.0,neutral,0.0,neutral,0.0,neutral,0.0,neutral,medium,"Valuation is missing, so local allocation is still produced with reduced confidence."
1953-01-01,china,unknown,unknown,,unknown,low,0.0,neutral,0.0,neutral,0.0,neutral,0.0,neutral,medium,"Valuation is missing, so local allocation is still produced with reduced confidence."
1953-02-01,china,unknown,unknown,,unknown,low,0.0,neutral,0.0,neutral,0.0,neutral,0.0,neutral,medium,"Valuation is missing, so local allocation is still produced with reduced confidence."
1953-03-01,china,unknown,unknown,,unknown,low,0.0,neutral,0.0,neutral,0.0,neutral,0.0,neutral,medium,"Valuation is missing, so local allocation is still produced with reduced confidence."
1953-04-01,china,unknown,unknown,,unknown,low,0.0,neutral,0.0,neutral,0.0,neutral,0.0,neutral,medium,"Valuation is missing, so local allocation is still produced with reduced confidence."
1953-05-01,china,unknown,unknown,,unknown,low,0.0,neutral,0.0,neutral,0.0,neutral,0.0,neutral,medium,"Valuation is missing, so local allocation is still produced with reduced confidence."
1953-06-01,china,unknown,unknown,,unknown,low,0.0,neutral,0.0,neutral,0.0,neutral,0.0,neutral,medium,"Valuation is missing, so local allocation is still produced with reduced confidence."
1953-07-01,china,unknown,unknown,,unknown,low,0.0,neutral,0.0,neutral,0.0,neutral,0.0,neutral,medium,"Valuation is missing, so local allocation is still produced with reduced confidence."
1953-08-01,china,unknown,unknown,,unknown,low,0.0,neutral,0.0,neutral,0.0,neutral,0.0,neutral,medium,"Valuation is missing, so local allocation is still produced with reduced confidence."
1953-09-01,china,unknown,unknown,,unknown,low,0.0,neutral,0.0,neutral,0.0,neutral,0.0,neutral,medium,"Valuation is missing, so local allocation is still produced with reduced confidence."
1953-10-01,china,unknown,unknown,,unknown,low,0.0,neutral,0.0,neutral,0.0,neutral,0.0,neutral,medium,"Valuation is missing, so local allocation is still produced with reduced confidence."
1953-11-01,china,unknown,unknown,,unknown,low,0.0,neutral,0.0,neutral,0.0,neutral,0.0,neutral,medium,"Valuation is missing, so local allocation is still produced with reduced confidence."
1953-12-01,china,unknown,unknown,,unknown,low,0.0,neutral,0.0,neutral,0.0,neutral,0.0,neutral,medium,"Valuation is missing, so local allocation is still produced with reduced confidence."
1954-01-01,china,unknown,unknown,,unknown,low,0.0,neutral,0.0,neutral,0.0,neutral,0.0,neutral,medium,"Valuation is missing, so local allocation is still produced with reduced confidence."
1954-02-01,china,unknown,unknown,,unknown,low,0.0,neutral,0.0,neutral,0.0,neutral,0.0,neutral,medium,"Valuation is missing, so local allocation is still produced with reduced confidence."
1954-03-01,china,unknown,unknown,,unknown,low,0.0,neutral,0.0,neutral,0.0,neutral,0.0,neutral,medium,"Valuation is missing, so local allocation is still produced with reduced confidence."
1954-04-01,china,unknown,unknown,,unknown,low,0.0,neutral,0.0,neutral,0.0,neutral,0.0,neutral,medium,"Valuation is missing, so local allocation is still produced with reduced confidence."
1954-05-01,china,unknown,unknown,,unknown,low,0.0,neutral,0.0,neutral,0.0,neutral,0.0,neutral,medium,"Valuation is missing, so local allocation is still produced with reduced confidence."
1954-06-01,china,unknown,unknown,,unknown,low,0.0,neutral,0.0,neutral,0.0,neutral,0.0,neutral,medium,"Valuation is missing, so local allocation is still produced with reduced confidence."
1954-07-01,china,unknown,unknown,,unknown,low,0.0,neutral,0.0,neutral,0.0,neutral,0.0,neutral,medium,"Valuation is missing, so local allocation is still produced with reduced confidence."
1954-08-01,china,unknown,unknown,,unknown,low,0.0,neutral,0.0,neutral,0.0,neutral,0.0,neutral,medium,"Valuation is missing, so local allocation is still produced with reduced confidence."
1954-09-01,china,unknown,unknown,,unknown,low,0.0,neutral,0.0,neutral,0.0,neutral,0.0,neutral,medium,"Valuation is missing, so local allocation is still produced with reduced confidence."
1954-10-01,china,unknown,unknown,,unknown,low,0.0,neutral,0.0,neutral,0.0,neutral,0.0,neutral,medium,"Valuation is missing, so local allocation is still produced with reduced confidence."
1954-11-01,china,unknown,unknown,,unknown,low,0.0,neutral,0.0,neutral,0.0,neutral,0.0,neutral,medium,"Valuation is missing, so local allocation is still produced with reduced confidence."
1954-12-01,china,unknown,unknown,,unknown,low,0.0,neutral,0.0,neutral,0.0,neutral,0.0,neutral,medium,"Valuation is missing, so local allocation is still produced with reduced confidence."
1955-01-01,china,unknown,unknown,,unknown,low,0.0,neutral,0.0,neutral,0.0,neutral,0.0,neutral,medium,"Valuation is missing, so local allocation is still produced with reduced confidence."
1955-02-01,china,unknown,unknown,,unknown,low,0.0,neutral,0.0,neutral,0.0,neutral,0.0,neutral,medium,"Valuation is missing, so local allocation is still produced with reduced confidence."
1955-03-01,china,unknown,unknown,,unknown,low,0.0,neutral,0.0,neutral,0.0,neutral,0.0,neutral,medium,"Valuation is missing, so local allocation is still produced with reduced confidence."
1955-04-01,china,unknown,unknown,,unknown,low,0.0,neutral,0.0,neutral,0.0,neutral,0.0,neutral,medium,"Valuation is missing, so local allocation is still produced with reduced confidence."
1955-05-01,china,unknown,unknown,,unknown,low,0.0,neutral,0.0,neutral,0.0,neutral,0.0,neutral,medium,"Valuation is missing, so local allocation is still produced with reduced confidence."
1955-06-01,china,unknown,unknown,,unknown,low,0.0,neutral,0.0,neutral,0.0,neutral,0.0,neutral,medium,"Valuation is missing, so local allocation is still produced with reduced confidence."
1955-07-01,china,unknown,unknown,,unknown,low,0.0,neutral,0.0,neutral,0.0,neutral,0.0,neutral,medium,"Valuation is missing, so local allocation is still produced with reduced confidence."
1955-08-01,china,unknown,unknown,,unknown,low,0.0,neutral,0.0,neutral,0.0,neutral,0.0,neutral,medium,"Valuation is missing, so local allocation is still produced with reduced confidence."
1955-09-01,china,unknown,unknown,,unknown,low,0.0,neutral,0.0,neutral,0.0,neutral,0.0,neutral,medium,"Valuation is missing, so local allocation is still produced with reduced confidence."
1955-10-01,china,unknown,unknown,,unknown,low,0.0,neutral,0.0,neutral,0.0,neutral,0.0,neutral,medium,"Valuation is missing, so local allocation is still produced with reduced confidence."
1955-11-01,china,unknown,unknown,,unknown,low,0.0,neutral,0.0,neutral,0.0,neutral,0.0,neutral,medium,"Valuation is missing, so local allocation is still produced with reduced confidence."
1955-12-01,china,unknown,unknown,,unknown,low,0.0,neutral,0.0,neutral,0.0,neutral,0.0,neutral,medium,"Valuation is missing, so local allocation is still produced with reduced confidence."
1956-01-01,china,unknown,unknown,,unknown,low,0.0,neutral,0.0,neutral,0.0,neutral,0.0,neutral,medium,"Valuation is missing, so local allocation is still produced with reduced confidence."
1956-02-01,china,unknown,unknown,,unknown,low,0.0,neutral,0.0,neutral,0.0,neutral,0.0,neutral,medium,"Valuation is missing, so local allocation is still produced with reduced confidence."
1956-03-01,china,unknown,unknown,,unknown,low,0.0,neutral,0.0,neutral,0.0,neutral,0.0,neutral,medium,"Valuation is missing, so local allocation is still produced with reduced confidence."
1956-04-01,china,unknown,unknown,,unknown,low,0.0,neutral,0.0,neutral,0.0,neutral,0.0,neutral,medium,"Valuation is missing, so local allocation is still produced with reduced confidence."
1956-05-01,china,unknown,unknown,,unknown,low,0.0,neutral,0.0,neutral,0.0,neutral,0.0,neutral,medium,"Valuation is missing, so local allocation is still produced with reduced confidence."
1956-06-01,china,unknown,unknown,,unknown,low,0.0,neutral,0.0,neutral,0.0,neutral,0.0,neutral,medium,"Valuation is missing, so local allocation is still produced with reduced confidence."
1956-07-01,china,unknown,unknown,,unknown,low,0.0,neutral,0.0,neutral,0.0,neutral,0.0,neutral,medium,"Valuation is missing, so local allocation is still produced with reduced confidence."
1956-08-01,china,unknown,unknown,,unknown,low,0.0,neutral,0.0,neutral,0.0,neutral,0.0,neutral,medium,"Valuation is missing, so local allocation is still produced with reduced confidence."
1956-09-01,china,unknown,unknown,,unknown,low,0.0,neutral,0.0,neutral,0.0,neutral,0.0,neutral,medium,"Valuation is missing, so local allocation is still produced with reduced confidence."
1956-10-01,china,unknown,unknown,,unknown,low,0.0,neutral,0.0,neutral,0.0,neutral,0.0,neutral,medium,"Valuation is missing, so local allocation is still produced with reduced confidence."
1956-11-01,china,unknown,unknown,,unknown,low,0.0,neutral,0.0,neutral,0.0,neutral,0.0,neutral,medium,"Valuation is missing, so local allocation is still produced with reduced confidence."
1956-12-01,china,unknown,unknown,,unknown,low,0.0,neutral,0.0,neutral,0.0,neutral,0.0,neutral,medium,"Valuation is missing, so local allocation is still produced with reduced confidence."
1957-01-01,china,unknown,unknown,,unknown,low,0.0,neutral,0.0,neutral,0.0,neutral,0.0,neutral,medium,"Valuation is missing, so local allocation is still produced with reduced confidence."
1957-02-01,china,unknown,unknown,,unknown,low,0.0,neutral,0.0,neutral,0.0,neutral,0.0,neutral,medium,"Valuation is missing, so local allocation is still produced with reduced confidence."
1957-03-01,china,unknown,unknown,,unknown,low,0.0,neutral,0.0,neutral,0.0,neutral,0.0,neutral,medium,"Valuation is missing, so local allocation is still produced with reduced confidence."
1957-04-01,china,unknown,unknown,,unknown,low,0.0,neutral,0.0,neutral,0.0,neutral,0.0,neutral,medium,"Valuation is missing, so local allocation is still produced with reduced confidence."
1957-05-01,china,unknown,unknown,,unknown,low,0.0,neutral,0.0,neutral,0.0,neutral,0.0,neutral,medium,"Valuation is missing, so local allocation is still produced with reduced confidence."
1957-06-01,china,unknown,unknown,,unknown,low,0.0,neutral,0.0,neutral,0.0,neutral,0.0,neutral,medium,"Valuation is missing, so local allocation is still produced with reduced confidence."
1957-07-01,china,unknown,unknown,,unknown,low,0.0,neutral,0.0,neutral,0.0,neutral,0.0,neutral,medium,"Valuation is missing, so local allocation is still produced with reduced confidence."
1957-08-01,china,unknown,unknown,,unknown,low,0.0,neutral,0.0,neutral,0.0,neutral,0.0,neutral,medium,"Valuation is missing, so local allocation is still produced with reduced confidence."
1957-09-01,china,unknown,unknown,,unknown,low,0.0,neutral,0.0,neutral,0.0,neutral,0.0,neutral,medium,"Valuation is missing, so local allocation is still produced with reduced confidence."
1957-10-01,china,unknown,unknown,,unknown,low,0.0,neutral,0.0,neutral,0.0,neutral,0.0,neutral,medium,"Valuation is missing, so local allocation is still produced with reduced confidence."
1957-11-01,china,unknown,unknown,,unknown,low,0.0,neutral,0.0,neutral,0.0,neutral,0.0,neutral,medium,"Valuation is missing, so local allocation is still produced with reduced confidence."
1957-12-01,china,unknown,unknown,,unknown,low,0.0,neutral,0.0,neutral,0.0,neutral,0.0,neutral,medium,"Valuation is missing, so local allocation is still produced with reduced confidence."
1958-01-01,china,unknown,unknown,,unknown,low,0.0,neutral,0.0,neutral,0.0,neutral,0.0,neutral,medium,"Valuation is missing, so local allocation is still produced with reduced confidence."
1958-02-01,china,unknown,unknown,,unknown,low,0.0,neutral,0.0,neutral,0.0,neutral,0.0,neutral,medium,"Valuation is missing, so local allocation is still produced with reduced confidence."
1958-03-01,china,unknown,unknown,,unknown,low,0.0,neutral,0.0,neutral,0.0,neutral,0.0,neutral,medium,"Valuation is missing, so local allocation is still produced with reduced confidence."
1958-04-01,china,unknown,unknown,,unknown,low,0.0,neutral,0.0,neutral,0.0,neutral,0.0,neutral,medium,"Valuation is missing, so local allocation is still produced with reduced confidence."
1958-05-01,china,unknown,unknown,,unknown,low,0.0,neutral,0.0,neutral,0.0,neutral,0.0,neutral,medium,"Valuation is missing, so local allocation is still produced with reduced confidence."
1958-06-01,china,unknown,unknown,,unknown,low,0.0,neutral,0.0,neutral,0.0,neutral,0.0,neutral,medium,"Valuation is missing, so local allocation is still produced with reduced confidence."
1958-07-01,china,unknown,unknown,,unknown,low,0.0,neutral,0.0,neutral,0.0,neutral,0.0,neutral,medium,"Valuation is missing, so local allocation is still produced with reduced confidence."
1958-08-01,china,unknown,unknown,,unknown,low,0.0,neutral,0.0,neutral,0.0,neutral,0.0,neutral,medium,"Valuation is missing, so local allocation is still produced with reduced confidence."
1958-09-01,china,unknown,unknown,,unknown,low,0.0,neutral,0.0,neutral,0.0,neutral,0.0,neutral,medium,"Valuation is missing, so local allocation is still produced with reduced confidence."
1958-10-01,china,unknown,unknown,,unknown,low,0.0,neutral,0.0,neutral,0.0,neutral,0.0,neutral,medium,"Valuation is missing, so local allocation is still produced with reduced confidence."
1958-11-01,china,unknown,unknown,,unknown,low,0.0,neutral,0.0,neutral,0.0,neutral,0.0,neutral,medium,"Valuation is missing, so local allocation is still produced with reduced confidence."
1958-12-01,china,unknown,unknown,,unknown,low,0.0,neutral,0.0,neutral,0.0,neutral,0.0,neutral,medium,"Valuation is missing, so local allocation is still produced with reduced confidence."
1959-01-01,china,unknown,unknown,,unknown,low,0.0,neutral,0.0,neutral,0.0,neutral,0.0,neutral,medium,"Valuation is missing, so local allocation is still produced with reduced confidence."
1959-02-01,china,unknown,unknown,,unknown,low,0.0,neutral,0.0,neutral,0.0,neutral,0.0,neutral,medium,"Valuation is missing, so local allocation is still produced with reduced confidence."
1959-03-01,china,unknown,unknown,,unknown,low,0.0,neutral,0.0,neutral,0.0,neutral,0.0,neutral,medium,"Valuation is missing, so local allocation is still produced with reduced confidence."
1959-04-01,china,unknown,unknown,,unknown,low,0.0,neutral,0.0,neutral,0.0,neutral,0.0,neutral,medium,"Valuation is missing, so local allocation is still produced with reduced confidence."
1959-05-01,china,unknown,unknown,,unknown,low,0.0,neutral,0.0,neutral,0.0,neutral,0.0,neutral,medium,"Valuation is missing, so local allocation is still produced with reduced confidence."
1959-06-01,china,unknown,unknown,,unknown,low,0.0,neutral,0.0,neutral,0.0,neutral,0.0,neutral,medium,"Valuation is missing, so local allocation is still produced with reduced confidence."
1959-07-01,china,unknown,unknown,,unknown,low,0.0,neutral,0.0,neutral,0.0,neutral,0.0,neutral,medium,"Valuation is missing, so local allocation is still produced with reduced confidence."
1959-08-01,china,unknown,unknown,,unknown,low,0.0,neutral,0.0,neutral,0.0,neutral,0.0,neutral,medium,"Valuation is missing, so local allocation is still produced with reduced confidence."
1959-09-01,china,unknown,unknown,,unknown,low,0.0,neutral,0.0,neutral,0.0,neutral,0.0,neutral,medium,"Valuation is missing, so local allocation is still produced with reduced confidence."
1959-10-01,china,unknown,unknown,,unknown,low,0.0,neutral,0.0,neutral,0.0,neutral,0.0,neutral,medium,"Valuation is missing, so local allocation is still produced with reduced confidence."
1959-11-01,china,unknown,unknown,,unknown,low,0.0,neutral,0.0,neutral,0.0,neutral,0.0,neutral,medium,"Valuation is missing, so local allocation is still produced with reduced confidence."
1959-12-01,china,unknown,unknown,,unknown,low,0.0,neutral,0.0,neutral,0.0,neutral,0.0,neutral,medium,"Valuation is missing, so local allocation is still produced with reduced confidence."
1960-01-01,china,unknown,unknown,,unknown,low,0.0,neutral,0.0,neutral,0.0,neutral,0.0,neutral,medium,"Valuation is missing, so local allocation is still produced with reduced confidence."
1960-02-01,china,unknown,unknown,,unknown,low,0.0,neutral,0.0,neutral,0.0,neutral,0.0,neutral,medium,"Valuation is missing, so local allocation is still produced with reduced confidence."
1960-03-01,china,unknown,unknown,,unknown,low,0.0,neutral,0.0,neutral,0.0,neutral,0.0,neutral,medium,"Valuation is missing, so local allocation is still produced with reduced confidence."
1960-04-01,china,unknown,unknown,,unknown,low,0.0,neutral,0.0,neutral,0.0,neutral,0.0,neutral,medium,"Valuation is missing, so local allocation is still produced with reduced confidence."
1960-05-01,china,unknown,unknown,,unknown,low,0.0,neutral,0.0,neutral,0.0,neutral,0.0,neutral,medium,"Valuation is missing, so local allocation is still produced with reduced confidence."
1960-06-01,china,unknown,unknown,,unknown,low,0.0,neutral,0.0,neutral,0.0,neutral,0.0,neutral,medium,"Valuation is missing, so local allocation is still produced with reduced confidence."
1960-07-01,china,unknown,unknown,,unknown,low,0.0,neutral,0.0,neutral,0.0,neutral,0.0,neutral,medium,"Valuation is missing, so local allocation is still produced with reduced confidence."
1960-08-01,china,unknown,unknown,,unknown,low,0.0,neutral,0.0,neutral,0.0,neutral,0.0,neutral,medium,"Valuation is missing, so local allocation is still produced with reduced confidence."
1960-09-01,china,unknown,unknown,,unknown,low,0.0,neutral,0.0,neutral,0.0,neutral,0.0,neutral,medium,"Valuation is missing, so local allocation is still produced with reduced confidence."
1960-10-01,china,unknown,unknown,,unknown,low,0.0,neutral,0.0,neutral,0.0,neutral,0.0,neutral,medium,"Valuation is missing, so local allocation is still produced with reduced confidence."
1960-11-01,china,unknown,unknown,,unknown,low,0.0,neutral,0.0,neutral,0.0,neutral,0.0,neutral,medium,"Valuation is missing, so local allocation is still produced with reduced confidence."
1960-12-01,china,unknown,unknown,,unknown,low,0.0,neutral,0.0,neutral,0.0,neutral,0.0,neutral,medium,"Valuation is missing, so local allocation is still produced with reduced confidence."
1961-01-01,china,unknown,unknown,,unknown,low,0.0,neutral,0.0,neutral,0.0,neutral,0.0,neutral,medium,"Valuation is missing, so local allocation is still produced with reduced confidence."
1961-02-01,china,unknown,unknown,,unknown,low,0.0,neutral,0.0,neutral,0.0,neutral,0.0,neutral,medium,"Valuation is missing, so local allocation is still produced with reduced confidence."
1961-03-01,china,unknown,unknown,,unknown,low,0.0,neutral,0.0,neutral,0.0,neutral,0.0,neutral,medium,"Valuation is missing, so local allocation is still produced with reduced confidence."
1961-04-01,china,unknown,unknown,,unknown,low,0.0,neutral,0.0,neutral,0.0,neutral,0.0,neutral,medium,"Valuation is missing, so local allocation is still produced with reduced confidence."
1961-05-01,china,unknown,unknown,,unknown,low,0.0,neutral,0.0,neutral,0.0,neutral,0.0,neutral,medium,"Valuation is missing, so local allocation is still produced with reduced confidence."
1961-06-01,china,unknown,unknown,,unknown,low,0.0,neutral,0.0,neutral,0.0,neutral,0.0,neutral,medium,"Valuation is missing, so local allocation is still produced with reduced confidence."
1961-07-01,china,unknown,unknown,,unknown,low,0.0,neutral,0.0,neutral,0.0,neutral,0.0,neutral,medium,"Valuation is missing, so local allocation is still produced with reduced confidence."
1961-08-01,china,unknown,unknown,,unknown,low,0.0,neutral,0.0,neutral,0.0,neutral,0.0,neutral,medium,"Valuation is missing, so local allocation is still produced with reduced confidence."
1961-09-01,china,unknown,unknown,,unknown,low,0.0,neutral,0.0,neutral,0.0,neutral,0.0,neutral,medium,"Valuation is missing, so local allocation is still produced with reduced confidence."
1961-10-01,china,unknown,unknown,,unknown,low,0.0,neutral,0.0,neutral,0.0,neutral,0.0,neutral,medium,"Valuation is missing, so local allocation is still produced with reduced confidence."
1961-11-01,china,unknown,unknown,,unknown,low,0.0,neutral,0.0,neutral,0.0,neutral,0.0,neutral,medium,"Valuation is missing, so local allocation is still produced with reduced confidence."
1961-12-01,china,unknown,unknown,,unknown,low,0.0,neutral,0.0,neutral,0.0,neutral,0.0,neutral,medium,"Valuation is missing, so local allocation is still produced with reduced confidence."
1962-01-01,china,unknown,unknown,,unknown,low,0.0,neutral,0.0,neutral,0.0,neutral,0.0,neutral,medium,"Valuation is missing, so local allocation is still produced with reduced confidence."
1962-02-01,china,unknown,unknown,,unknown,low,0.0,neutral,0.0,neutral,0.0,neutral,0.0,neutral,medium,"Valuation is missing, so local allocation is still produced with reduced confidence."
1962-03-01,china,unknown,unknown,,unknown,low,0.0,neutral,0.0,neutral,0.0,neutral,0.0,neutral,medium,"Valuation is missing, so local allocation is still produced with reduced confidence."
1962-04-01,china,unknown,unknown,,unknown,low,0.0,neutral,0.0,neutral,0.0,neutral,0.0,neutral,medium,"Valuation is missing, so local allocation is still produced with reduced confidence."
1962-05-01,china,unknown,unknown,,unknown,low,0.0,neutral,0.0,neutral,0.0,neutral,0.0,neutral,medium,"Valuation is missing, so local allocation is still produced with reduced confidence."
1962-06-01,china,unknown,unknown,,unknown,low,0.0,neutral,0.0,neutral,0.0,neutral,0.0,neutral,medium,"Valuation is missing, so local allocation is still produced with reduced confidence."
1962-07-01,china,unknown,unknown,,unknown,low,0.0,neutral,0.0,neutral,0.0,neutral,0.0,neutral,medium,"Valuation is missing, so local allocation is still produced with reduced confidence."
1962-08-01,china,unknown,unknown,,unknown,low,0.0,neutral,0.0,neutral,0.0,neutral,0.0,neutral,medium,"Valuation is missing, so local allocation is still produced with reduced confidence."
1962-09-01,china,unknown,unknown,,unknown,low,0.0,neutral,0.0,neutral,0.0,neutral,0.0,neutral,medium,"Valuation is missing, so local allocation is still produced with reduced confidence."
1962-10-01,china,unknown,unknown,,unknown,low,0.0,neutral,0.0,neutral,0.0,neutral,0.0,neutral,medium,"Valuation is missing, so local allocation is still produced with reduced confidence."
1962-11-01,china,unknown,unknown,,unknown,low,0.0,neutral,0.0,neutral,0.0,neutral,0.0,neutral,medium,"Valuation is missing, so local allocation is still produced with reduced confidence."
1962-12-01,china,unknown,unknown,,unknown,low,0.0,neutral,0.0,neutral,0.0,neutral,0.0,neutral,medium,"Valuation is missing, so local allocation is still produced with reduced confidence."
1963-01-01,china,unknown,unknown,,unknown,low,0.0,neutral,0.0,neutral,0.0,neutral,0.0,neutral,medium,"Valuation is missing, so local allocation is still produced with reduced confidence."
1963-02-01,china,unknown,unknown,,unknown,low,0.0,neutral,0.0,neutral,0.0,neutral,0.0,neutral,medium,"Valuation is missing, so local allocation is still produced with reduced confidence."
1963-03-01,china,unknown,unknown,,unknown,low,0.0,neutral,0.0,neutral,0.0,neutral,0.0,neutral,medium,"Valuation is missing, so local allocation is still produced with reduced confidence."
1963-04-01,china,unknown,unknown,,unknown,low,0.0,neutral,0.0,neutral,0.0,neutral,0.0,neutral,medium,"Valuation is missing, so local allocation is still produced with reduced confidence."
1963-05-01,china,unknown,unknown,,unknown,low,0.0,neutral,0.0,neutral,0.0,neutral,0.0,neutral,medium,"Valuation is missing, so local allocation is still produced with reduced confidence."
1963-06-01,china,unknown,unknown,,unknown,low,0.0,neutral,0.0,neutral,0.0,neutral,0.0,neutral,medium,"Valuation is missing, so local allocation is still produced with reduced confidence."
1963-07-01,china,unknown,unknown,,unknown,low,0.0,neutral,0.0,neutral,0.0,neutral,0.0,neutral,medium,"Valuation is missing, so local allocation is still produced with reduced confidence."
1963-08-01,china,unknown,unknown,,unknown,low,0.0,neutral,0.0,neutral,0.0,neutral,0.0,neutral,medium,"Valuation is missing, so local allocation is still produced with reduced confidence."
1963-09-01,china,unknown,unknown,,unknown,low,0.0,neutral,0.0,neutral,0.0,neutral,0.0,neutral,medium,"Valuation is missing, so local allocation is still produced with reduced confidence."
1963-10-01,china,unknown,unknown,,unknown,low,0.0,neutral,0.0,neutral,0.0,neutral,0.0,neutral,medium,"Valuation is missing, so local allocation is still produced with reduced confidence."
1963-11-01,china,unknown,unknown,,unknown,low,0.0,neutral,0.0,neutral,0.0,neutral,0.0,neutral,medium,"Valuation is missing, so local allocation is still produced with reduced confidence."
1963-12-01,china,unknown,unknown,,unknown,low,0.0,neutral,0.0,neutral,0.0,neutral,0.0,neutral,medium,"Valuation is missing, so local allocation is still produced with reduced confidence."
1964-01-01,china,unknown,unknown,,unknown,low,0.0,neutral,0.0,neutral,0.0,neutral,0.0,neutral,medium,"Valuation is missing, so local allocation is still produced with reduced confidence."
1964-02-01,china,unknown,unknown,,unknown,low,0.0,neutral,0.0,neutral,0.0,neutral,0.0,neutral,medium,"Valuation is missing, so local allocation is still produced with reduced confidence."
1964-03-01,china,unknown,unknown,,unknown,low,0.0,neutral,0.0,neutral,0.0,neutral,0.0,neutral,medium,"Valuation is missing, so local allocation is still produced with reduced confidence."
1964-04-01,china,unknown,unknown,,unknown,low,0.0,neutral,0.0,neutral,0.0,neutral,0.0,neutral,medium,"Valuation is missing, so local allocation is still produced with reduced confidence."
1964-05-01,china,unknown,unknown,,unknown,low,0.0,neutral,0.0,neutral,0.0,neutral,0.0,neutral,medium,"Valuation is missing, so local allocation is still produced with reduced confidence."
1964-06-01,china,unknown,unknown,,unknown,low,0.0,neutral,0.0,neutral,0.0,neutral,0.0,neutral,medium,"Valuation is missing, so local allocation is still produced with reduced confidence."
1964-07-01,china,unknown,unknown,,unknown,low,0.0,neutral,0.0,neutral,0.0,neutral,0.0,neutral,medium,"Valuation is missing, so local allocation is still produced with reduced confidence."
1964-08-01,china,unknown,unknown,,unknown,low,0.0,neutral,0.0,neutral,0.0,neutral,0.0,neutral,medium,"Valuation is missing, so local allocation is still produced with reduced confidence."
1964-09-01,china,unknown,unknown,,unknown,low,0.0,neutral,0.0,neutral,0.0,neutral,0.0,neutral,medium,"Valuation is missing, so local allocation is still produced with reduced confidence."
1964-10-01,china,unknown,unknown,,unknown,low,0.0,neutral,0.0,neutral,0.0,neutral,0.0,neutral,medium,"Valuation is missing, so local allocation is still produced with reduced confidence."
1964-11-01,china,unknown,unknown,,unknown,low,0.0,neutral,0.0,neutral,0.0,neutral,0.0,neutral,medium,"Valuation is missing, so local allocation is still produced with reduced confidence."
1964-12-01,china,unknown,unknown,,unknown,low,0.0,neutral,0.0,neutral,0.0,neutral,0.0,neutral,medium,"Valuation is missing, so local allocation is still produced with reduced confidence."
1965-01-01,china,unknown,unknown,,unknown,low,0.0,neutral,0.0,neutral,0.0,neutral,0.0,neutral,medium,"Valuation is missing, so local allocation is still produced with reduced confidence."
1965-02-01,china,unknown,unknown,,unknown,low,0.0,neutral,0.0,neutral,0.0,neutral,0.0,neutral,medium,"Valuation is missing, so local allocation is still produced with reduced confidence."
1965-03-01,china,unknown,unknown,,unknown,low,0.0,neutral,0.0,neutral,0.0,neutral,0.0,neutral,medium,"Valuation is missing, so local allocation is still produced with reduced confidence."
1965-04-01,china,unknown,unknown,,unknown,low,0.0,neutral,0.0,neutral,0.0,neutral,0.0,neutral,medium,"Valuation is missing, so local allocation is still produced with reduced confidence."
1965-05-01,china,unknown,unknown,,unknown,low,0.0,neutral,0.0,neutral,0.0,neutral,0.0,neutral,medium,"Valuation is missing, so local allocation is still produced with reduced confidence."
1965-06-01,china,unknown,unknown,,unknown,low,0.0,neutral,0.0,neutral,0.0,neutral,0.0,neutral,medium,"Valuation is missing, so local allocation is still produced with reduced confidence."
1965-07-01,china,unknown,unknown,,unknown,low,0.0,neutral,0.0,neutral,0.0,neutral,0.0,neutral,medium,"Valuation is missing, so local allocation is still produced with reduced confidence."
1965-08-01,china,unknown,unknown,,unknown,low,0.0,neutral,0.0,neutral,0.0,neutral,0.0,neutral,medium,"Valuation is missing, so local allocation is still produced with reduced confidence."
1965-09-01,china,unknown,unknown,,unknown,low,0.0,neutral,0.0,neutral,0.0,neutral,0.0,neutral,medium,"Valuation is missing, so local allocation is still produced with reduced confidence."
1965-10-01,china,unknown,unknown,,unknown,low,0.0,neutral,0.0,neutral,0.0,neutral,0.0,neutral,medium,"Valuation is missing, so local allocation is still produced with reduced confidence."
1965-11-01,china,unknown,unknown,,unknown,low,0.0,neutral,0.0,neutral,0.0,neutral,0.0,neutral,medium,"Valuation is missing, so local allocation is still produced with reduced confidence."
1965-12-01,china,unknown,unknown,,unknown,low,0.0,neutral,0.0,neutral,0.0,neutral,0.0,neutral,medium,"Valuation is missing, so local allocation is still produced with reduced confidence."
1966-01-01,china,unknown,unknown,,unknown,low,0.0,neutral,0.0,neutral,0.0,neutral,0.0,neutral,medium,"Valuation is missing, so local allocation is still produced with reduced confidence."
1966-02-01,china,unknown,unknown,,unknown,low,0.0,neutral,0.0,neutral,0.0,neutral,0.0,neutral,medium,"Valuation is missing, so local allocation is still produced with reduced confidence."
1966-03-01,china,unknown,unknown,,unknown,low,0.0,neutral,0.0,neutral,0.0,neutral,0.0,neutral,medium,"Valuation is missing, so local allocation is still produced with reduced confidence."
1966-04-01,china,unknown,unknown,,unknown,low,0.0,neutral,0.0,neutral,0.0,neutral,0.0,neutral,medium,"Valuation is missing, so local allocation is still produced with reduced confidence."
1966-05-01,china,unknown,unknown,,unknown,low,0.0,neutral,0.0,neutral,0.0,neutral,0.0,neutral,medium,"Valuation is missing, so local allocation is still produced with reduced confidence."
1966-06-01,china,unknown,unknown,,unknown,low,0.0,neutral,0.0,neutral,0.0,neutral,0.0,neutral,medium,"Valuation is missing, so local allocation is still produced with reduced confidence."
1966-07-01,china,unknown,unknown,,unknown,low,0.0,neutral,0.0,neutral,0.0,neutral,0.0,neutral,medium,"Valuation is missing, so local allocation is still produced with reduced confidence."
1966-08-01,china,unknown,unknown,,unknown,low,0.0,neutral,0.0,neutral,0.0,neutral,0.0,neutral,medium,"Valuation is missing, so local allocation is still produced with reduced confidence."
1966-09-01,china,unknown,unknown,,unknown,low,0.0,neutral,0.0,neutral,0.0,neutral,0.0,neutral,medium,"Valuation is missing, so local allocation is still produced with reduced confidence."
1966-10-01,china,unknown,unknown,,unknown,low,0.0,neutral,0.0,neutral,0.0,neutral,0.0,neutral,medium,"Valuation is missing, so local allocation is still produced with reduced confidence."
1966-11-01,china,unknown,unknown,,unknown,low,0.0,neutral,0.0,neutral,0.0,neutral,0.0,neutral,medium,"Valuation is missing, so local allocation is still produced with reduced confidence."
1966-12-01,china,unknown,unknown,,unknown,low,0.0,neutral,0.0,neutral,0.0,neutral,0.0,neutral,medium,"Valuation is missing, so local allocation is still produced with reduced confidence."
1967-01-01,china,unknown,unknown,,unknown,low,0.0,neutral,0.0,neutral,0.0,neutral,0.0,neutral,medium,"Valuation is missing, so local allocation is still produced with reduced confidence."
1967-02-01,china,unknown,unknown,,unknown,low,0.0,neutral,0.0,neutral,0.0,neutral,0.0,neutral,medium,"Valuation is missing, so local allocation is still produced with reduced confidence."
1967-03-01,china,unknown,unknown,,unknown,low,0.0,neutral,0.0,neutral,0.0,neutral,0.0,neutral,medium,"Valuation is missing, so local allocation is still produced with reduced confidence."
1967-04-01,china,unknown,unknown,,unknown,low,0.0,neutral,0.0,neutral,0.0,neutral,0.0,neutral,medium,"Valuation is missing, so local allocation is still produced with reduced confidence."
1967-05-01,china,unknown,unknown,,unknown,low,0.0,neutral,0.0,neutral,0.0,neutral,0.0,neutral,medium,"Valuation is missing, so local allocation is still produced with reduced confidence."
1967-06-01,china,unknown,unknown,,unknown,low,0.0,neutral,0.0,neutral,0.0,neutral,0.0,neutral,medium,"Valuation is missing, so local allocation is still produced with reduced confidence."
1967-07-01,china,unknown,unknown,,unknown,low,0.0,neutral,0.0,neutral,0.0,neutral,0.0,neutral,medium,"Valuation is missing, so local allocation is still produced with reduced confidence."
1967-08-01,china,unknown,unknown,,unknown,low,0.0,neutral,0.0,neutral,0.0,neutral,0.0,neutral,medium,"Valuation is missing, so local allocation is still produced with reduced confidence."
1967-09-01,china,unknown,unknown,,unknown,low,0.0,neutral,0.0,neutral,0.0,neutral,0.0,neutral,medium,"Valuation is missing, so local allocation is still produced with reduced confidence."
1967-10-01,china,unknown,unknown,,unknown,low,0.0,neutral,0.0,neutral,0.0,neutral,0.0,neutral,medium,"Valuation is missing, so local allocation is still produced with reduced confidence."
1967-11-01,china,unknown,unknown,,unknown,low,0.0,neutral,0.0,neutral,0.0,neutral,0.0,neutral,medium,"Valuation is missing, so local allocation is still produced with reduced confidence."
1967-12-01,china,unknown,unknown,,unknown,low,0.0,neutral,0.0,neutral,0.0,neutral,0.0,neutral,medium,"Valuation is missing, so local allocation is still produced with reduced confidence."
1968-01-01,china,unknown,unknown,,unknown,low,0.0,neutral,0.0,neutral,0.0,neutral,0.0,neutral,medium,"Valuation is missing, so local allocation is still produced with reduced confidence."
1968-02-01,china,unknown,unknown,,unknown,low,0.0,neutral,0.0,neutral,0.0,neutral,0.0,neutral,medium,"Valuation is missing, so local allocation is still produced with reduced confidence."
1968-03-01,china,unknown,unknown,,unknown,low,0.0,neutral,0.0,neutral,0.0,neutral,0.0,neutral,medium,"Valuation is missing, so local allocation is still produced with reduced confidence."
1968-04-01,china,unknown,unknown,,unknown,low,0.0,neutral,0.0,neutral,0.0,neutral,0.0,neutral,medium,"Valuation is missing, so local allocation is still produced with reduced confidence."
1968-05-01,china,unknown,unknown,,unknown,low,0.0,neutral,0.0,neutral,0.0,neutral,0.0,neutral,medium,"Valuation is missing, so local allocation is still produced with reduced confidence."
1968-06-01,china,unknown,unknown,,unknown,low,0.0,neutral,0.0,neutral,0.0,neutral,0.0,neutral,medium,"Valuation is missing, so local allocation is still produced with reduced confidence."
1968-07-01,china,unknown,unknown,,unknown,low,0.0,neutral,0.0,neutral,0.0,neutral,0.0,neutral,medium,"Valuation is missing, so local allocation is still produced with reduced confidence."
1968-08-01,china,unknown,unknown,,unknown,low,0.0,neutral,0.0,neutral,0.0,neutral,0.0,neutral,medium,"Valuation is missing, so local allocation is still produced with reduced confidence."
1968-09-01,china,unknown,unknown,,unknown,low,0.0,neutral,0.0,neutral,0.0,neutral,0.0,neutral,medium,"Valuation is missing, so local allocation is still produced with reduced confidence."
1968-10-01,china,unknown,unknown,,unknown,low,0.0,neutral,0.0,neutral,0.0,neutral,0.0,neutral,medium,"Valuation is missing, so local allocation is still produced with reduced confidence."
1968-11-01,china,unknown,unknown,,unknown,low,0.0,neutral,0.0,neutral,0.0,neutral,0.0,neutral,medium,"Valuation is missing, so local allocation is still produced with reduced confidence."
1968-12-01,china,unknown,unknown,,unknown,low,0.0,neutral,0.0,neutral,0.0,neutral,0.0,neutral,medium,"Valuation is missing, so local allocation is still produced with reduced confidence."
1969-01-01,china,unknown,unknown,,unknown,low,0.0,neutral,0.0,neutral,0.0,neutral,0.0,neutral,medium,"Valuation is missing, so local allocation is still produced with reduced confidence."
1969-02-01,china,unknown,unknown,,unknown,low,0.0,neutral,0.0,neutral,0.0,neutral,0.0,neutral,medium,"Valuation is missing, so local allocation is still produced with reduced confidence."
1969-03-01,china,unknown,unknown,,unknown,low,0.0,neutral,0.0,neutral,0.0,neutral,0.0,neutral,medium,"Valuation is missing, so local allocation is still produced with reduced confidence."
1969-04-01,china,unknown,unknown,,unknown,low,0.0,neutral,0.0,neutral,0.0,neutral,0.0,neutral,medium,"Valuation is missing, so local allocation is still produced with reduced confidence."
1969-05-01,china,unknown,unknown,,unknown,low,0.0,neutral,0.0,neutral,0.0,neutral,0.0,neutral,medium,"Valuation is missing, so local allocation is still produced with reduced confidence."
1969-06-01,china,unknown,unknown,,unknown,low,0.0,neutral,0.0,neutral,0.0,neutral,0.0,neutral,medium,"Valuation is missing, so local allocation is still produced with reduced confidence."
1969-07-01,china,unknown,unknown,,unknown,low,0.0,neutral,0.0,neutral,0.0,neutral,0.0,neutral,medium,"Valuation is missing, so local allocation is still produced with reduced confidence."
1969-08-01,china,unknown,unknown,,unknown,low,0.0,neutral,0.0,neutral,0.0,neutral,0.0,neutral,medium,"Valuation is missing, so local allocation is still produced with reduced confidence."
1969-09-01,china,unknown,unknown,,unknown,low,0.0,neutral,0.0,neutral,0.0,neutral,0.0,neutral,medium,"Valuation is missing, so local allocation is still produced with reduced confidence."
1969-10-01,china,unknown,unknown,,unknown,low,0.0,neutral,0.0,neutral,0.0,neutral,0.0,neutral,medium,"Valuation is missing, so local allocation is still produced with reduced confidence."
1969-11-01,china,unknown,unknown,,unknown,low,0.0,neutral,0.0,neutral,0.0,neutral,0.0,neutral,medium,"Valuation is missing, so local allocation is still produced with reduced confidence."
1969-12-01,china,unknown,unknown,,unknown,low,0.0,neutral,0.0,neutral,0.0,neutral,0.0,neutral,medium,"Valuation is missing, so local allocation is still produced with reduced confidence."
1970-01-01,china,unknown,unknown,,unknown,low,0.0,neutral,0.0,neutral,0.0,neutral,0.0,neutral,medium,"Valuation is missing, so local allocation is still produced with reduced confidence."
1970-02-01,china,unknown,unknown,,unknown,low,0.0,neutral,0.0,neutral,0.0,neutral,0.0,neutral,medium,"Valuation is missing, so local allocation is still produced with reduced confidence."
1970-03-01,china,unknown,unknown,,unknown,low,0.0,neutral,0.0,neutral,0.0,neutral,0.0,neutral,medium,"Valuation is missing, so local allocation is still produced with reduced confidence."
1970-04-01,china,unknown,unknown,,unknown,low,0.0,neutral,0.0,neutral,0.0,neutral,0.0,neutral,medium,"Valuation is missing, so local allocation is still produced with reduced confidence."
1970-05-01,china,unknown,unknown,,unknown,low,0.0,neutral,0.0,neutral,0.0,neutral,0.0,neutral,medium,"Valuation is missing, so local allocation is still produced with reduced confidence."
1970-06-01,china,unknown,unknown,,unknown,low,0.0,neutral,0.0,neutral,0.0,neutral,0.0,neutral,medium,"Valuation is missing, so local allocation is still produced with reduced confidence."
1970-07-01,china,unknown,unknown,,unknown,low,0.0,neutral,0.0,neutral,0.0,neutral,0.0,neutral,medium,"Valuation is missing, so local allocation is still produced with reduced confidence."
1970-08-01,china,unknown,unknown,,unknown,low,0.0,neutral,0.0,neutral,0.0,neutral,0.0,neutral,medium,"Valuation is missing, so local allocation is still produced with reduced confidence."
1970-09-01,china,unknown,unknown,,unknown,low,0.0,neutral,0.0,neutral,0.0,neutral,0.0,neutral,medium,"Valuation is missing, so local allocation is still produced with reduced confidence."
1970-10-01,china,unknown,unknown,,unknown,low,0.0,neutral,0.0,neutral,0.0,neutral,0.0,neutral,medium,"Valuation is missing, so local allocation is still produced with reduced confidence."
1970-11-01,china,unknown,unknown,,unknown,low,0.0,neutral,0.0,neutral,0.0,neutral,0.0,neutral,medium,"Valuation is missing, so local allocation is still produced with reduced confidence."
1970-12-01,china,unknown,unknown,,unknown,low,0.0,neutral,0.0,neutral,0.0,neutral,0.0,neutral,medium,"Valuation is missing, so local allocation is still produced with reduced confidence."
1971-01-01,china,unknown,unknown,,unknown,low,0.0,neutral,0.0,neutral,0.0,neutral,0.0,neutral,medium,"Valuation is missing, so local allocation is still produced with reduced confidence."
1971-02-01,china,unknown,unknown,,unknown,low,0.0,neutral,0.0,neutral,0.0,neutral,0.0,neutral,medium,"Valuation is missing, so local allocation is still produced with reduced confidence."
1971-03-01,china,unknown,unknown,,unknown,low,0.0,neutral,0.0,neutral,0.0,neutral,0.0,neutral,medium,"Valuation is missing, so local allocation is still produced with reduced confidence."
1971-04-01,china,unknown,unknown,,unknown,low,0.0,neutral,0.0,neutral,0.0,neutral,0.0,neutral,medium,"Valuation is missing, so local allocation is still produced with reduced confidence."
1971-05-01,china,unknown,unknown,,unknown,low,0.0,neutral,0.0,neutral,0.0,neutral,0.0,neutral,medium,"Valuation is missing, so local allocation is still produced with reduced confidence."
1971-06-01,china,unknown,unknown,,unknown,low,0.0,neutral,0.0,neutral,0.0,neutral,0.0,neutral,medium,"Valuation is missing, so local allocation is still produced with reduced confidence."
1971-07-01,china,unknown,unknown,,unknown,low,0.0,neutral,0.0,neutral,0.0,neutral,0.0,neutral,medium,"Valuation is missing, so local allocation is still produced with reduced confidence."
1971-08-01,china,unknown,unknown,,unknown,low,0.0,neutral,0.0,neutral,0.0,neutral,0.0,neutral,medium,"Valuation is missing, so local allocation is still produced with reduced confidence."
1971-09-01,china,unknown,unknown,,unknown,low,0.0,neutral,0.0,neutral,0.0,neutral,0.0,neutral,medium,"Valuation is missing, so local allocation is still produced with reduced confidence."
1971-10-01,china,unknown,unknown,,unknown,low,0.0,neutral,0.0,neutral,0.0,neutral,0.0,neutral,medium,"Valuation is missing, so local allocation is still produced with reduced confidence."
1971-11-01,china,unknown,unknown,,unknown,low,0.0,neutral,0.0,neutral,0.0,neutral,0.0,neutral,medium,"Valuation is missing, so local allocation is still produced with reduced confidence."
1971-12-01,china,unknown,unknown,,unknown,low,0.0,neutral,0.0,neutral,0.0,neutral,0.0,neutral,medium,"Valuation is missing, so local allocation is still produced with reduced confidence."
1972-01-01,china,unknown,unknown,,unknown,low,0.0,neutral,0.0,neutral,0.0,neutral,0.0,neutral,medium,"Valuation is missing, so local allocation is still produced with reduced confidence."
1972-02-01,china,unknown,unknown,,unknown,low,0.0,neutral,0.0,neutral,0.0,neutral,0.0,neutral,medium,"Valuation is missing, so local allocation is still produced with reduced confidence."
1972-03-01,china,unknown,unknown,,unknown,low,0.0,neutral,0.0,neutral,0.0,neutral,0.0,neutral,medium,"Valuation is missing, so local allocation is still produced with reduced confidence."
1972-04-01,china,unknown,unknown,,unknown,low,0.0,neutral,0.0,neutral,0.0,neutral,0.0,neutral,medium,"Valuation is missing, so local allocation is still produced with reduced confidence."
1972-05-01,china,unknown,unknown,,unknown,low,0.0,neutral,0.0,neutral,0.0,neutral,0.0,neutral,medium,"Valuation is missing, so local allocation is still produced with reduced confidence."
1972-06-01,china,unknown,unknown,,unknown,low,0.0,neutral,0.0,neutral,0.0,neutral,0.0,neutral,medium,"Valuation is missing, so local allocation is still produced with reduced confidence."
1972-07-01,china,unknown,unknown,,unknown,low,0.0,neutral,0.0,neutral,0.0,neutral,0.0,neutral,medium,"Valuation is missing, so local allocation is still produced with reduced confidence."
1972-08-01,china,unknown,unknown,,unknown,low,0.0,neutral,0.0,neutral,0.0,neutral,0.0,neutral,medium,"Valuation is missing, so local allocation is still produced with reduced confidence."
1972-09-01,china,unknown,unknown,,unknown,low,0.0,neutral,0.0,neutral,0.0,neutral,0.0,neutral,medium,"Valuation is missing, so local allocation is still produced with reduced confidence."
1972-10-01,china,unknown,unknown,,unknown,low,0.0,neutral,0.0,neutral,0.0,neutral,0.0,neutral,medium,"Valuation is missing, so local allocation is still produced with reduced confidence."
1972-11-01,china,unknown,unknown,,unknown,low,0.0,neutral,0.0,neutral,0.0,neutral,0.0,neutral,medium,"Valuation is missing, so local allocation is still produced with reduced confidence."
1972-12-01,china,unknown,unknown,,unknown,low,0.0,neutral,0.0,neutral,0.0,neutral,0.0,neutral,medium,"Valuation is missing, so local allocation is still produced with reduced confidence."
1973-01-01,china,unknown,unknown,,unknown,low,0.0,neutral,0.0,neutral,0.0,neutral,0.0,neutral,medium,"Valuation is missing, so local allocation is still produced with reduced confidence."
1973-02-01,china,unknown,unknown,,unknown,low,0.0,neutral,0.0,neutral,0.0,neutral,0.0,neutral,medium,"Valuation is missing, so local allocation is still produced with reduced confidence."
1973-03-01,china,unknown,unknown,,unknown,low,0.0,neutral,0.0,neutral,0.0,neutral,0.0,neutral,medium,"Valuation is missing, so local allocation is still produced with reduced confidence."
1973-04-01,china,unknown,unknown,,unknown,low,0.0,neutral,0.0,neutral,0.0,neutral,0.0,neutral,medium,"Valuation is missing, so local allocation is still produced with reduced confidence."
1973-05-01,china,unknown,unknown,,unknown,low,0.0,neutral,0.0,neutral,0.0,neutral,0.0,neutral,medium,"Valuation is missing, so local allocation is still produced with reduced confidence."
1973-06-01,china,unknown,unknown,,unknown,low,0.0,neutral,0.0,neutral,0.0,neutral,0.0,neutral,medium,"Valuation is missing, so local allocation is still produced with reduced confidence."
1973-07-01,china,unknown,unknown,,unknown,low,0.0,neutral,0.0,neutral,0.0,neutral,0.0,neutral,medium,"Valuation is missing, so local allocation is still produced with reduced confidence."
1973-08-01,china,unknown,unknown,,unknown,low,0.0,neutral,0.0,neutral,0.0,neutral,0.0,neutral,medium,"Valuation is missing, so local allocation is still produced with reduced confidence."
1973-09-01,china,unknown,unknown,,unknown,low,0.0,neutral,0.0,neutral,0.0,neutral,0.0,neutral,medium,"Valuation is missing, so local allocation is still produced with reduced confidence."
1973-10-01,china,unknown,unknown,,unknown,low,0.0,neutral,0.0,neutral,0.0,neutral,0.0,neutral,medium,"Valuation is missing, so local allocation is still produced with reduced confidence."
1973-11-01,china,unknown,unknown,,unknown,low,0.0,neutral,0.0,neutral,0.0,neutral,0.0,neutral,medium,"Valuation is missing, so local allocation is still produced with reduced confidence."
1973-12-01,china,unknown,unknown,,unknown,low,0.0,neutral,0.0,neutral,0.0,neutral,0.0,neutral,medium,"Valuation is missing, so local allocation is still produced with reduced confidence."
1974-01-01,china,unknown,unknown,,unknown,low,0.0,neutral,0.0,neutral,0.0,neutral,0.0,neutral,medium,"Valuation is missing, so local allocation is still produced with reduced confidence."
1974-02-01,china,unknown,unknown,,unknown,low,0.0,neutral,0.0,neutral,0.0,neutral,0.0,neutral,medium,"Valuation is missing, so local allocation is still produced with reduced confidence."
1974-03-01,china,unknown,unknown,,unknown,low,0.0,neutral,0.0,neutral,0.0,neutral,0.0,neutral,medium,"Valuation is missing, so local allocation is still produced with reduced confidence."
1974-04-01,china,unknown,unknown,,unknown,low,0.0,neutral,0.0,neutral,0.0,neutral,0.0,neutral,medium,"Valuation is missing, so local allocation is still produced with reduced confidence."
1974-05-01,china,unknown,unknown,,unknown,low,0.0,neutral,0.0,neutral,0.0,neutral,0.0,neutral,medium,"Valuation is missing, so local allocation is still produced with reduced confidence."
1974-06-01,china,unknown,unknown,,unknown,low,0.0,neutral,0.0,neutral,0.0,neutral,0.0,neutral,medium,"Valuation is missing, so local allocation is still produced with reduced confidence."
1974-07-01,china,unknown,unknown,,unknown,low,0.0,neutral,0.0,neutral,0.0,neutral,0.0,neutral,medium,"Valuation is missing, so local allocation is still produced with reduced confidence."
1974-08-01,china,unknown,unknown,,unknown,low,0.0,neutral,0.0,neutral,0.0,neutral,0.0,neutral,medium,"Valuation is missing, so local allocation is still produced with reduced confidence."
1974-09-01,china,unknown,unknown,,unknown,low,0.0,neutral,0.0,neutral,0.0,neutral,0.0,neutral,medium,"Valuation is missing, so local allocation is still produced with reduced confidence."
1974-10-01,china,unknown,unknown,,unknown,low,0.0,neutral,0.0,neutral,0.0,neutral,0.0,neutral,medium,"Valuation is missing, so local allocation is still produced with reduced confidence."
1974-11-01,china,unknown,unknown,,unknown,low,0.0,neutral,0.0,neutral,0.0,neutral,0.0,neutral,medium,"Valuation is missing, so local allocation is still produced with reduced confidence."
1974-12-01,china,unknown,unknown,,unknown,low,0.0,neutral,0.0,neutral,0.0,neutral,0.0,neutral,medium,"Valuation is missing, so local allocation is still produced with reduced confidence."
1975-01-01,china,unknown,unknown,,unknown,low,0.0,neutral,0.0,neutral,0.0,neutral,0.0,neutral,medium,"Valuation is missing, so local allocation is still produced with reduced confidence."
1975-02-01,china,unknown,unknown,,unknown,low,0.0,neutral,0.0,neutral,0.0,neutral,0.0,neutral,medium,"Valuation is missing, so local allocation is still produced with reduced confidence."
1975-03-01,china,unknown,unknown,,unknown,low,0.0,neutral,0.0,neutral,0.0,neutral,0.0,neutral,medium,"Valuation is missing, so local allocation is still produced with reduced confidence."
1975-04-01,china,unknown,unknown,,unknown,low,0.0,neutral,0.0,neutral,0.0,neutral,0.0,neutral,medium,"Valuation is missing, so local allocation is still produced with reduced confidence."
1975-05-01,china,unknown,unknown,,unknown,low,0.0,neutral,0.0,neutral,0.0,neutral,0.0,neutral,medium,"Valuation is missing, so local allocation is still produced with reduced confidence."
1975-06-01,china,unknown,unknown,,unknown,low,0.0,neutral,0.0,neutral,0.0,neutral,0.0,neutral,medium,"Valuation is missing, so local allocation is still produced with reduced confidence."
1975-07-01,china,unknown,unknown,,unknown,low,0.0,neutral,0.0,neutral,0.0,neutral,0.0,neutral,medium,"Valuation is missing, so local allocation is still produced with reduced confidence."
1975-08-01,china,unknown,unknown,,unknown,low,0.0,neutral,0.0,neutral,0.0,neutral,0.0,neutral,medium,"Valuation is missing, so local allocation is still produced with reduced confidence."
1975-09-01,china,unknown,unknown,,unknown,low,0.0,neutral,0.0,neutral,0.0,neutral,0.0,neutral,medium,"Valuation is missing, so local allocation is still produced with reduced confidence."
1975-10-01,china,unknown,unknown,,unknown,low,0.0,neutral,0.0,neutral,0.0,neutral,0.0,neutral,medium,"Valuation is missing, so local allocation is still produced with reduced confidence."
1975-11-01,china,unknown,unknown,,unknown,low,0.0,neutral,0.0,neutral,0.0,neutral,0.0,neutral,medium,"Valuation is missing, so local allocation is still produced with reduced confidence."
1975-12-01,china,unknown,unknown,,unknown,low,0.0,neutral,0.0,neutral,0.0,neutral,0.0,neutral,medium,"Valuation is missing, so local allocation is still produced with reduced confidence."
1976-01-01,china,unknown,unknown,,unknown,low,0.0,neutral,0.0,neutral,0.0,neutral,0.0,neutral,medium,"Valuation is missing, so local allocation is still produced with reduced confidence."
1976-02-01,china,unknown,unknown,,unknown,low,0.0,neutral,0.0,neutral,0.0,neutral,0.0,neutral,medium,"Valuation is missing, so local allocation is still produced with reduced confidence."
1976-03-01,china,unknown,unknown,,unknown,low,0.0,neutral,0.0,neutral,0.0,neutral,0.0,neutral,medium,"Valuation is missing, so local allocation is still produced with reduced confidence."
1976-04-01,china,unknown,unknown,,unknown,low,0.0,neutral,0.0,neutral,0.0,neutral,0.0,neutral,medium,"Valuation is missing, so local allocation is still produced with reduced confidence."
1976-05-01,china,unknown,unknown,,unknown,low,0.0,neutral,0.0,neutral,0.0,neutral,0.0,neutral,medium,"Valuation is missing, so local allocation is still produced with reduced confidence."
1976-06-01,china,unknown,unknown,,unknown,low,0.0,neutral,0.0,neutral,0.0,neutral,0.0,neutral,medium,"Valuation is missing, so local allocation is still produced with reduced confidence."
1976-07-01,china,unknown,unknown,,unknown,low,0.0,neutral,0.0,neutral,0.0,neutral,0.0,neutral,medium,"Valuation is missing, so local allocation is still produced with reduced confidence."
1976-08-01,china,unknown,unknown,,unknown,low,0.0,neutral,0.0,neutral,0.0,neutral,0.0,neutral,medium,"Valuation is missing, so local allocation is still produced with reduced confidence."
1976-09-01,china,unknown,unknown,,unknown,low,0.0,neutral,0.0,neutral,0.0,neutral,0.0,neutral,medium,"Valuation is missing, so local allocation is still produced with reduced confidence."
1976-10-01,china,unknown,unknown,,unknown,low,0.0,neutral,0.0,neutral,0.0,neutral,0.0,neutral,medium,"Valuation is missing, so local allocation is still produced with reduced confidence."
1976-11-01,china,unknown,unknown,,unknown,low,0.0,neutral,0.0,neutral,0.0,neutral,0.0,neutral,medium,"Valuation is missing, so local allocation is still produced with reduced confidence."
1976-12-01,china,unknown,unknown,,unknown,low,0.0,neutral,0.0,neutral,0.0,neutral,0.0,neutral,medium,"Valuation is missing, so local allocation is still produced with reduced confidence."
1977-01-01,china,unknown,unknown,,unknown,low,0.0,neutral,0.0,neutral,0.0,neutral,0.0,neutral,medium,"Valuation is missing, so local allocation is still produced with reduced confidence."
1977-02-01,china,unknown,unknown,,unknown,low,0.0,neutral,0.0,neutral,0.0,neutral,0.0,neutral,medium,"Valuation is missing, so local allocation is still produced with reduced confidence."
1977-03-01,china,unknown,unknown,,unknown,low,0.0,neutral,0.0,neutral,0.0,neutral,0.0,neutral,medium,"Valuation is missing, so local allocation is still produced with reduced confidence."
1977-04-01,china,unknown,unknown,,unknown,low,0.0,neutral,0.0,neutral,0.0,neutral,0.0,neutral,medium,"Valuation is missing, so local allocation is still produced with reduced confidence."
1977-05-01,china,unknown,unknown,,unknown,low,0.0,neutral,0.0,neutral,0.0,neutral,0.0,neutral,medium,"Valuation is missing, so local allocation is still produced with reduced confidence."
1977-06-01,china,unknown,unknown,,unknown,low,0.0,neutral,0.0,neutral,0.0,neutral,0.0,neutral,medium,"Valuation is missing, so local allocation is still produced with reduced confidence."
1977-07-01,china,unknown,unknown,,unknown,low,0.0,neutral,0.0,neutral,0.0,neutral,0.0,neutral,medium,"Valuation is missing, so local allocation is still produced with reduced confidence."
1977-08-01,china,unknown,unknown,,unknown,low,0.0,neutral,0.0,neutral,0.0,neutral,0.0,neutral,medium,"Valuation is missing, so local allocation is still produced with reduced confidence."
1977-09-01,china,unknown,unknown,,unknown,low,0.0,neutral,0.0,neutral,0.0,neutral,0.0,neutral,medium,"Valuation is missing, so local allocation is still produced with reduced confidence."
1977-10-01,china,unknown,unknown,,unknown,low,0.0,neutral,0.0,neutral,0.0,neutral,0.0,neutral,medium,"Valuation is missing, so local allocation is still produced with reduced confidence."
1977-11-01,china,unknown,unknown,,unknown,low,0.0,neutral,0.0,neutral,0.0,neutral,0.0,neutral,medium,"Valuation is missing, so local allocation is still produced with reduced confidence."
1977-12-01,china,unknown,unknown,,unknown,low,0.0,neutral,0.0,neutral,0.0,neutral,0.0,neutral,medium,"Valuation is missing, so local allocation is still produced with reduced confidence."
1978-01-01,china,unknown,unknown,,unknown,low,0.0,neutral,0.0,neutral,0.0,neutral,0.0,neutral,medium,"Valuation is missing, so local allocation is still produced with reduced confidence."
1978-02-01,china,unknown,unknown,,unknown,low,0.0,neutral,0.0,neutral,0.0,neutral,0.0,neutral,medium,"Valuation is missing, so local allocation is still produced with reduced confidence."
1978-03-01,china,unknown,unknown,,unknown,low,0.0,neutral,0.0,neutral,0.0,neutral,0.0,neutral,medium,"Valuation is missing, so local allocation is still produced with reduced confidence."
1978-04-01,china,unknown,unknown,,unknown,low,0.0,neutral,0.0,neutral,0.0,neutral,0.0,neutral,medium,"Valuation is missing, so local allocation is still produced with reduced confidence."
1978-05-01,china,unknown,unknown,,unknown,low,0.0,neutral,0.0,neutral,0.0,neutral,0.0,neutral,medium,"Valuation is missing, so local allocation is still produced with reduced confidence."
1978-06-01,china,unknown,unknown,,unknown,low,0.0,neutral,0.0,neutral,0.0,neutral,0.0,neutral,medium,"Valuation is missing, so local allocation is still produced with reduced confidence."
1978-07-01,china,unknown,unknown,,unknown,low,0.0,neutral,0.0,neutral,0.0,neutral,0.0,neutral,medium,"Valuation is missing, so local allocation is still produced with reduced confidence."
1978-08-01,china,unknown,unknown,,unknown,low,0.0,neutral,0.0,neutral,0.0,neutral,0.0,neutral,medium,"Valuation is missing, so local allocation is still produced with reduced confidence."
1978-09-01,china,unknown,unknown,,unknown,low,0.0,neutral,0.0,neutral,0.0,neutral,0.0,neutral,medium,"Valuation is missing, so local allocation is still produced with reduced confidence."
1978-10-01,china,unknown,unknown,,unknown,low,0.0,neutral,0.0,neutral,0.0,neutral,0.0,neutral,medium,"Valuation is missing, so local allocation is still produced with reduced confidence."
1978-11-01,china,unknown,unknown,,unknown,low,0.0,neutral,0.0,neutral,0.0,neutral,0.0,neutral,medium,"Valuation is missing, so local allocation is still produced with reduced confidence."
1978-12-01,china,unknown,unknown,,unknown,low,0.0,neutral,0.0,neutral,0.0,neutral,0.0,neutral,medium,"Valuation is missing, so local allocation is still produced with reduced confidence."
1979-01-01,china,unknown,unknown,,unknown,low,0.0,neutral,0.0,neutral,0.0,neutral,0.0,neutral,medium,"Valuation is missing, so local allocation is still produced with reduced confidence."
1979-02-01,china,unknown,unknown,,unknown,low,0.0,neutral,0.0,neutral,0.0,neutral,0.0,neutral,medium,"Valuation is missing, so local allocation is still produced with reduced confidence."
1979-03-01,china,unknown,unknown,,unknown,low,0.0,neutral,0.0,neutral,0.0,neutral,0.0,neutral,medium,"Valuation is missing, so local allocation is still produced with reduced confidence."
1979-04-01,china,unknown,unknown,,unknown,low,0.0,neutral,0.0,neutral,0.0,neutral,0.0,neutral,medium,"Valuation is missing, so local allocation is still produced with reduced confidence."
1979-05-01,china,unknown,unknown,,unknown,low,0.0,neutral,0.0,neutral,0.0,neutral,0.0,neutral,medium,"Valuation is missing, so local allocation is still produced with reduced confidence."
1979-06-01,china,unknown,unknown,,unknown,low,0.0,neutral,0.0,neutral,0.0,neutral,0.0,neutral,medium,"Valuation is missing, so local allocation is still produced with reduced confidence."
1979-07-01,china,unknown,unknown,,unknown,low,0.0,neutral,0.0,neutral,0.0,neutral,0.0,neutral,medium,"Valuation is missing, so local allocation is still produced with reduced confidence."
1979-08-01,china,unknown,unknown,,unknown,low,0.0,neutral,0.0,neutral,0.0,neutral,0.0,neutral,medium,"Valuation is missing, so local allocation is still produced with reduced confidence."
1979-09-01,china,unknown,unknown,,unknown,low,0.0,neutral,0.0,neutral,0.0,neutral,0.0,neutral,medium,"Valuation is missing, so local allocation is still produced with reduced confidence."
1979-10-01,china,unknown,unknown,,unknown,low,0.0,neutral,0.0,neutral,0.0,neutral,0.0,neutral,medium,"Valuation is missing, so local allocation is still produced with reduced confidence."
1979-11-01,china,unknown,unknown,,unknown,low,0.0,neutral,0.0,neutral,0.0,neutral,0.0,neutral,medium,"Valuation is missing, so local allocation is still produced with reduced confidence."
1979-12-01,china,unknown,unknown,,unknown,low,0.0,neutral,0.0,neutral,0.0,neutral,0.0,neutral,medium,"Valuation is missing, so local allocation is still produced with reduced confidence."
1980-01-01,china,unknown,unknown,,unknown,low,0.0,neutral,0.0,neutral,0.0,neutral,0.0,neutral,medium,"Valuation is missing, so local allocation is still produced with reduced confidence."
1980-02-01,china,unknown,unknown,,unknown,low,0.0,neutral,0.0,neutral,0.0,neutral,0.0,neutral,medium,"Valuation is missing, so local allocation is still produced with reduced confidence."
1980-03-01,china,unknown,unknown,,unknown,low,0.0,neutral,0.0,neutral,0.0,neutral,0.0,neutral,medium,"Valuation is missing, so local allocation is still produced with reduced confidence."
1980-04-01,china,unknown,unknown,,unknown,low,0.0,neutral,0.0,neutral,0.0,neutral,0.0,neutral,medium,"Valuation is missing, so local allocation is still produced with reduced confidence."
1980-05-01,china,unknown,unknown,,unknown,low,0.0,neutral,0.0,neutral,0.0,neutral,0.0,neutral,medium,"Valuation is missing, so local allocation is still produced with reduced confidence."
1980-06-01,china,unknown,unknown,,unknown,low,0.0,neutral,0.0,neutral,0.0,neutral,0.0,neutral,medium,"Valuation is missing, so local allocation is still produced with reduced confidence."
1980-07-01,china,unknown,unknown,,unknown,low,0.0,neutral,0.0,neutral,0.0,neutral,0.0,neutral,medium,"Valuation is missing, so local allocation is still produced with reduced confidence."
1980-08-01,china,unknown,unknown,,unknown,low,0.0,neutral,0.0,neutral,0.0,neutral,0.0,neutral,medium,"Valuation is missing, so local allocation is still produced with reduced confidence."
1980-09-01,china,unknown,unknown,,unknown,low,0.0,neutral,0.0,neutral,0.0,neutral,0.0,neutral,medium,"Valuation is missing, so local allocation is still produced with reduced confidence."
1980-10-01,china,unknown,unknown,,unknown,low,0.0,neutral,0.0,neutral,0.0,neutral,0.0,neutral,medium,"Valuation is missing, so local allocation is still produced with reduced confidence."
1980-11-01,china,unknown,unknown,,unknown,low,0.0,neutral,0.0,neutral,0.0,neutral,0.0,neutral,medium,"Valuation is missing, so local allocation is still produced with reduced confidence."
1980-12-01,china,unknown,unknown,,unknown,low,0.0,neutral,0.0,neutral,0.0,neutral,0.0,neutral,medium,"Valuation is missing, so local allocation is still produced with reduced confidence."
1981-01-01,china,unknown,unknown,,unknown,low,0.0,neutral,0.0,neutral,0.0,neutral,0.0,neutral,medium,"Valuation is missing, so local allocation is still produced with reduced confidence."
1981-02-01,china,unknown,unknown,,unknown,low,0.0,neutral,0.0,neutral,0.0,neutral,0.0,neutral,medium,"Valuation is missing, so local allocation is still produced with reduced confidence."
1981-03-01,china,unknown,unknown,,unknown,low,0.0,neutral,0.0,neutral,0.0,neutral,0.0,neutral,medium,"Valuation is missing, so local allocation is still produced with reduced confidence."
1981-04-01,china,unknown,unknown,,unknown,low,0.0,neutral,0.0,neutral,0.0,neutral,0.0,neutral,medium,"Valuation is missing, so local allocation is still produced with reduced confidence."
1981-05-01,china,unknown,unknown,,unknown,low,0.0,neutral,0.0,neutral,0.0,neutral,0.0,neutral,medium,"Valuation is missing, so local allocation is still produced with reduced confidence."
1981-06-01,china,unknown,unknown,,unknown,low,0.0,neutral,0.0,neutral,0.0,neutral,0.0,neutral,medium,"Valuation is missing, so local allocation is still produced with reduced confidence."
1981-07-01,china,unknown,unknown,,unknown,low,0.0,neutral,0.0,neutral,0.0,neutral,0.0,neutral,medium,"Valuation is missing, so local allocation is still produced with reduced confidence."
1981-08-01,china,unknown,unknown,,unknown,low,0.0,neutral,0.0,neutral,0.0,neutral,0.0,neutral,medium,"Valuation is missing, so local allocation is still produced with reduced confidence."
1981-09-01,china,unknown,unknown,,unknown,low,0.0,neutral,0.0,neutral,0.0,neutral,0.0,neutral,medium,"Valuation is missing, so local allocation is still produced with reduced confidence."
1981-10-01,china,unknown,unknown,,unknown,low,0.0,neutral,0.0,neutral,0.0,neutral,0.0,neutral,medium,"Valuation is missing, so local allocation is still produced with reduced confidence."
1981-11-01,china,unknown,unknown,,unknown,low,0.0,neutral,0.0,neutral,0.0,neutral,0.0,neutral,medium,"Valuation is missing, so local allocation is still produced with reduced confidence."
1981-12-01,china,unknown,unknown,,unknown,low,0.0,neutral,0.0,neutral,0.0,neutral,0.0,neutral,medium,"Valuation is missing, so local allocation is still produced with reduced confidence."
1982-01-01,china,unknown,unknown,,unknown,low,0.0,neutral,0.0,neutral,0.0,neutral,0.0,neutral,medium,"Valuation is missing, so local allocation is still produced with reduced confidence."
1982-02-01,china,unknown,unknown,,unknown,low,0.0,neutral,0.0,neutral,0.0,neutral,0.0,neutral,medium,"Valuation is missing, so local allocation is still produced with reduced confidence."
1982-03-01,china,unknown,unknown,,unknown,low,0.0,neutral,0.0,neutral,0.0,neutral,0.0,neutral,medium,"Valuation is missing, so local allocation is still produced with reduced confidence."
1982-04-01,china,unknown,unknown,,unknown,low,0.0,neutral,0.0,neutral,0.0,neutral,0.0,neutral,medium,"Valuation is missing, so local allocation is still produced with reduced confidence."
1982-05-01,china,unknown,unknown,,unknown,low,0.0,neutral,0.0,neutral,0.0,neutral,0.0,neutral,medium,"Valuation is missing, so local allocation is still produced with reduced confidence."
1982-06-01,china,unknown,unknown,,unknown,low,0.0,neutral,0.0,neutral,0.0,neutral,0.0,neutral,medium,"Valuation is missing, so local allocation is still produced with reduced confidence."
1982-07-01,china,unknown,unknown,,unknown,low,0.0,neutral,0.0,neutral,0.0,neutral,0.0,neutral,medium,"Valuation is missing, so local allocation is still produced with reduced confidence."
1982-08-01,china,unknown,unknown,,unknown,low,0.0,neutral,0.0,neutral,0.0,neutral,0.0,neutral,medium,"Valuation is missing, so local allocation is still produced with reduced confidence."
1982-09-01,china,unknown,unknown,,unknown,low,0.0,neutral,0.0,neutral,0.0,neutral,0.0,neutral,medium,"Valuation is missing, so local allocation is still produced with reduced confidence."
1982-10-01,china,unknown,unknown,,unknown,low,0.0,neutral,0.0,neutral,0.0,neutral,0.0,neutral,medium,"Valuation is missing, so local allocation is still produced with reduced confidence."
1982-11-01,china,unknown,unknown,,unknown,low,0.0,neutral,0.0,neutral,0.0,neutral,0.0,neutral,medium,"Valuation is missing, so local allocation is still produced with reduced confidence."
1982-12-01,china,unknown,unknown,,unknown,low,0.0,neutral,0.0,neutral,0.0,neutral,0.0,neutral,medium,"Valuation is missing, so local allocation is still produced with reduced confidence."
1983-01-01,china,unknown,unknown,,unknown,low,0.0,neutral,0.0,neutral,0.0,neutral,0.0,neutral,medium,"Valuation is missing, so local allocation is still produced with reduced confidence."
1983-02-01,china,unknown,unknown,,unknown,low,0.0,neutral,0.0,neutral,0.0,neutral,0.0,neutral,medium,"Valuation is missing, so local allocation is still produced with reduced confidence."
1983-03-01,china,unknown,unknown,,unknown,low,0.0,neutral,0.0,neutral,0.0,neutral,0.0,neutral,medium,"Valuation is missing, so local allocation is still produced with reduced confidence."
1983-04-01,china,unknown,unknown,,unknown,low,0.0,neutral,0.0,neutral,0.0,neutral,0.0,neutral,medium,"Valuation is missing, so local allocation is still produced with reduced confidence."
1983-05-01,china,unknown,unknown,,unknown,low,0.0,neutral,0.0,neutral,0.0,neutral,0.0,neutral,medium,"Valuation is missing, so local allocation is still produced with reduced confidence."
1983-06-01,china,unknown,unknown,,unknown,low,0.0,neutral,0.0,neutral,0.0,neutral,0.0,neutral,medium,"Valuation is missing, so local allocation is still produced with reduced confidence."
1983-07-01,china,unknown,unknown,,unknown,low,0.0,neutral,0.0,neutral,0.0,neutral,0.0,neutral,medium,"Valuation is missing, so local allocation is still produced with reduced confidence."
1983-08-01,china,unknown,unknown,,unknown,low,0.0,neutral,0.0,neutral,0.0,neutral,0.0,neutral,medium,"Valuation is missing, so local allocation is still produced with reduced confidence."
1983-09-01,china,unknown,unknown,,unknown,low,0.0,neutral,0.0,neutral,0.0,neutral,0.0,neutral,medium,"Valuation is missing, so local allocation is still produced with reduced confidence."
1983-10-01,china,unknown,unknown,,unknown,low,0.0,neutral,0.0,neutral,0.0,neutral,0.0,neutral,medium,"Valuation is missing, so local allocation is still produced with reduced confidence."
1983-11-01,china,unknown,unknown,,unknown,low,0.0,neutral,0.0,neutral,0.0,neutral,0.0,neutral,medium,"Valuation is missing, so local allocation is still produced with reduced confidence."
1983-12-01,china,unknown,unknown,,unknown,low,0.0,neutral,0.0,neutral,0.0,neutral,0.0,neutral,medium,"Valuation is missing, so local allocation is still produced with reduced confidence."
1984-01-01,china,unknown,unknown,,unknown,low,0.0,neutral,0.0,neutral,0.0,neutral,0.0,neutral,medium,"Valuation is missing, so local allocation is still produced with reduced confidence."
1984-02-01,china,unknown,unknown,,unknown,low,0.0,neutral,0.0,neutral,0.0,neutral,0.0,neutral,medium,"Valuation is missing, so local allocation is still produced with reduced confidence."
1984-03-01,china,unknown,unknown,,unknown,low,0.0,neutral,0.0,neutral,0.0,neutral,0.0,neutral,medium,"Valuation is missing, so local allocation is still produced with reduced confidence."
1984-04-01,china,unknown,unknown,,unknown,low,0.0,neutral,0.0,neutral,0.0,neutral,0.0,neutral,medium,"Valuation is missing, so local allocation is still produced with reduced confidence."
1984-05-01,china,unknown,unknown,,unknown,low,0.0,neutral,0.0,neutral,0.0,neutral,0.0,neutral,medium,"Valuation is missing, so local allocation is still produced with reduced confidence."
1984-06-01,china,unknown,unknown,,unknown,low,0.0,neutral,0.0,neutral,0.0,neutral,0.0,neutral,medium,"Valuation is missing, so local allocation is still produced with reduced confidence."
1984-07-01,china,unknown,unknown,,unknown,low,0.0,neutral,0.0,neutral,0.0,neutral,0.0,neutral,medium,"Valuation is missing, so local allocation is still produced with reduced confidence."
1984-08-01,china,unknown,unknown,,unknown,low,0.0,neutral,0.0,neutral,0.0,neutral,0.0,neutral,medium,"Valuation is missing, so local allocation is still produced with reduced confidence."
1984-09-01,china,unknown,unknown,,unknown,low,0.0,neutral,0.0,neutral,0.0,neutral,0.0,neutral,medium,"Valuation is missing, so local allocation is still produced with reduced confidence."
1984-10-01,china,unknown,unknown,,unknown,low,0.0,neutral,0.0,neutral,0.0,neutral,0.0,neutral,medium,"Valuation is missing, so local allocation is still produced with reduced confidence."
1984-11-01,china,unknown,unknown,,unknown,low,0.0,neutral,0.0,neutral,0.0,neutral,0.0,neutral,medium,"Valuation is missing, so local allocation is still produced with reduced confidence."
1984-12-01,china,unknown,unknown,,unknown,low,0.0,neutral,0.0,neutral,0.0,neutral,0.0,neutral,medium,"Valuation is missing, so local allocation is still produced with reduced confidence."
1985-01-01,china,unknown,unknown,,unknown,low,0.0,neutral,0.0,neutral,0.0,neutral,0.0,neutral,medium,"Valuation is missing, so local allocation is still produced with reduced confidence."
1985-02-01,china,unknown,unknown,,unknown,low,0.0,neutral,0.0,neutral,0.0,neutral,0.0,neutral,medium,"Valuation is missing, so local allocation is still produced with reduced confidence."
1985-03-01,china,unknown,unknown,,unknown,low,0.0,neutral,0.0,neutral,0.0,neutral,0.0,neutral,medium,"Valuation is missing, so local allocation is still produced with reduced confidence."
1985-04-01,china,unknown,unknown,,unknown,low,0.0,neutral,0.0,neutral,0.0,neutral,0.0,neutral,medium,"Valuation is missing, so local allocation is still produced with reduced confidence."
1985-05-01,china,unknown,unknown,,unknown,low,0.0,neutral,0.0,neutral,0.0,neutral,0.0,neutral,medium,"Valuation is missing, so local allocation is still produced with reduced confidence."
1985-06-01,china,unknown,unknown,,unknown,low,0.0,neutral,0.0,neutral,0.0,neutral,0.0,neutral,medium,"Valuation is missing, so local allocation is still produced with reduced confidence."
1985-07-01,china,unknown,unknown,,unknown,low,0.0,neutral,0.0,neutral,0.0,neutral,0.0,neutral,medium,"Valuation is missing, so local allocation is still produced with reduced confidence."
1985-08-01,china,unknown,unknown,,unknown,low,0.0,neutral,0.0,neutral,0.0,neutral,0.0,neutral,medium,"Valuation is missing, so local allocation is still produced with reduced confidence."
1985-09-01,china,unknown,unknown,,unknown,low,0.0,neutral,0.0,neutral,0.0,neutral,0.0,neutral,medium,"Valuation is missing, so local allocation is still produced with reduced confidence."
1985-10-01,china,unknown,unknown,,unknown,low,0.0,neutral,0.0,neutral,0.0,neutral,0.0,neutral,medium,"Valuation is missing, so local allocation is still produced with reduced confidence."
1985-11-01,china,unknown,unknown,,unknown,low,0.0,neutral,0.0,neutral,0.0,neutral,0.0,neutral,medium,"Valuation is missing, so local allocation is still produced with reduced confidence."
1985-12-01,china,unknown,unknown,,unknown,low,0.0,neutral,0.0,neutral,0.0,neutral,0.0,neutral,medium,"Valuation is missing, so local allocation is still produced with reduced confidence."
1986-01-01,china,unknown,unknown,,unknown,low,0.0,neutral,0.0,neutral,0.0,neutral,0.0,neutral,medium,"Valuation is missing, so local allocation is still produced with reduced confidence."
1986-02-01,china,unknown,unknown,,unknown,low,0.0,neutral,0.0,neutral,0.0,neutral,0.0,neutral,medium,"Valuation is missing, so local allocation is still produced with reduced confidence."
1986-03-01,china,unknown,unknown,,unknown,low,0.0,neutral,0.0,neutral,0.0,neutral,0.0,neutral,medium,"Valuation is missing, so local allocation is still produced with reduced confidence."
1986-04-01,china,unknown,unknown,,unknown,low,0.0,neutral,0.0,neutral,0.0,neutral,0.0,neutral,medium,"Valuation is missing, so local allocation is still produced with reduced confidence."
1986-05-01,china,unknown,unknown,,unknown,low,0.0,neutral,0.0,neutral,0.0,neutral,0.0,neutral,medium,"Valuation is missing, so local allocation is still produced with reduced confidence."
1986-06-01,china,unknown,unknown,,unknown,low,0.0,neutral,0.0,neutral,0.0,neutral,0.0,neutral,medium,"Valuation is missing, so local allocation is still produced with reduced confidence."
1986-07-01,china,unknown,unknown,,unknown,low,0.0,neutral,0.0,neutral,0.0,neutral,0.0,neutral,medium,"Valuation is missing, so local allocation is still produced with reduced confidence."
1986-08-01,china,unknown,unknown,,unknown,low,0.0,neutral,0.0,neutral,0.0,neutral,0.0,neutral,medium,"Valuation is missing, so local allocation is still produced with reduced confidence."
1986-09-01,china,unknown,unknown,,unknown,low,0.0,neutral,0.0,neutral,0.0,neutral,0.0,neutral,medium,"Valuation is missing, so local allocation is still produced with reduced confidence."
1986-10-01,china,unknown,unknown,,unknown,low,0.0,neutral,0.0,neutral,0.0,neutral,0.0,neutral,medium,"Valuation is missing, so local allocation is still produced with reduced confidence."
1986-11-01,china,unknown,unknown,,unknown,low,0.0,neutral,0.0,neutral,0.0,neutral,0.0,neutral,medium,"Valuation is missing, so local allocation is still produced with reduced confidence."
1986-12-01,china,unknown,unknown,,unknown,low,0.0,neutral,0.0,neutral,0.0,neutral,0.0,neutral,medium,"Valuation is missing, so local allocation is still produced with reduced confidence."
1987-01-01,china,unknown,unknown,,unknown,low,0.0,neutral,0.0,neutral,0.0,neutral,0.0,neutral,medium,"Valuation is missing, so local allocation is still produced with reduced confidence."
1987-02-01,china,unknown,unknown,,unknown,low,0.0,neutral,0.0,neutral,0.0,neutral,0.0,neutral,medium,"Valuation is missing, so local allocation is still produced with reduced confidence."
1987-03-01,china,unknown,unknown,,unknown,low,0.0,neutral,0.0,neutral,0.0,neutral,0.0,neutral,medium,"Valuation is missing, so local allocation is still produced with reduced confidence."
1987-04-01,china,unknown,unknown,,unknown,low,0.0,neutral,0.0,neutral,0.0,neutral,0.0,neutral,medium,"Valuation is missing, so local allocation is still produced with reduced confidence."
1987-05-01,china,unknown,unknown,,unknown,low,0.0,neutral,0.0,neutral,0.0,neutral,0.0,neutral,medium,"Valuation is missing, so local allocation is still produced with reduced confidence."
1987-06-01,china,unknown,unknown,,unknown,low,0.0,neutral,0.0,neutral,0.0,neutral,0.0,neutral,medium,"Valuation is missing, so local allocation is still produced with reduced confidence."
1987-07-01,china,unknown,unknown,,unknown,low,0.0,neutral,0.0,neutral,0.0,neutral,0.0,neutral,medium,"Valuation is missing, so local allocation is still produced with reduced confidence."
1987-08-01,china,unknown,unknown,,unknown,low,0.0,neutral,0.0,neutral,0.0,neutral,0.0,neutral,medium,"Valuation is missing, so local allocation is still produced with reduced confidence."
1987-09-01,china,unknown,unknown,,unknown,low,0.0,neutral,0.0,neutral,0.0,neutral,0.0,neutral,medium,"Valuation is missing, so local allocation is still produced with reduced confidence."
1987-10-01,china,unknown,unknown,,unknown,low,0.0,neutral,0.0,neutral,0.0,neutral,0.0,neutral,medium,"Valuation is missing, so local allocation is still produced with reduced confidence."
1987-11-01,china,unknown,unknown,,unknown,low,0.0,neutral,0.0,neutral,0.0,neutral,0.0,neutral,medium,"Valuation is missing, so local allocation is still produced with reduced confidence."
1987-12-01,china,unknown,unknown,,unknown,low,0.0,neutral,0.0,neutral,0.0,neutral,0.0,neutral,medium,"Valuation is missing, so local allocation is still produced with reduced confidence."
1988-01-01,china,unknown,unknown,,unknown,low,0.0,neutral,0.0,neutral,0.0,neutral,0.0,neutral,medium,"Valuation is missing, so local allocation is still produced with reduced confidence."
1988-02-01,china,unknown,unknown,,unknown,low,0.0,neutral,0.0,neutral,0.0,neutral,0.0,neutral,medium,"Valuation is missing, so local allocation is still produced with reduced confidence."
1988-03-01,china,unknown,unknown,,unknown,low,0.0,neutral,0.0,neutral,0.0,neutral,0.0,neutral,medium,"Valuation is missing, so local allocation is still produced with reduced confidence."
1988-04-01,china,unknown,unknown,,unknown,low,0.0,neutral,0.0,neutral,0.0,neutral,0.0,neutral,medium,"Valuation is missing, so local allocation is still produced with reduced confidence."
1988-05-01,china,unknown,unknown,,unknown,low,0.0,neutral,0.0,neutral,0.0,neutral,0.0,neutral,medium,"Valuation is missing, so local allocation is still produced with reduced confidence."
1988-06-01,china,unknown,unknown,,unknown,low,0.0,neutral,0.0,neutral,0.0,neutral,0.0,neutral,medium,"Valuation is missing, so local allocation is still produced with reduced confidence."
1988-07-01,china,unknown,unknown,,unknown,low,0.0,neutral,0.0,neutral,0.0,neutral,0.0,neutral,medium,"Valuation is missing, so local allocation is still produced with reduced confidence."
1988-08-01,china,unknown,unknown,,unknown,low,0.0,neutral,0.0,neutral,0.0,neutral,0.0,neutral,medium,"Valuation is missing, so local allocation is still produced with reduced confidence."
1988-09-01,china,unknown,unknown,,unknown,low,0.0,neutral,0.0,neutral,0.0,neutral,0.0,neutral,medium,"Valuation is missing, so local allocation is still produced with reduced confidence."
1988-10-01,china,unknown,unknown,,unknown,low,0.0,neutral,0.0,neutral,0.0,neutral,0.0,neutral,medium,"Valuation is missing, so local allocation is still produced with reduced confidence."
1988-11-01,china,unknown,unknown,,unknown,low,0.0,neutral,0.0,neutral,0.0,neutral,0.0,neutral,medium,"Valuation is missing, so local allocation is still produced with reduced confidence."
1988-12-01,china,unknown,unknown,,unknown,low,0.0,neutral,0.0,neutral,0.0,neutral,0.0,neutral,medium,"Valuation is missing, so local allocation is still produced with reduced confidence."
1989-01-01,china,unknown,unknown,,unknown,low,0.0,neutral,0.0,neutral,0.0,neutral,0.0,neutral,medium,"Valuation is missing, so local allocation is still produced with reduced confidence."
1989-02-01,china,unknown,unknown,,unknown,low,0.0,neutral,0.0,neutral,0.0,neutral,0.0,neutral,medium,"Valuation is missing, so local allocation is still produced with reduced confidence."
1989-03-01,china,unknown,unknown,,unknown,low,0.0,neutral,0.0,neutral,0.0,neutral,0.0,neutral,medium,"Valuation is missing, so local allocation is still produced with reduced confidence."
1989-04-01,china,unknown,unknown,,unknown,low,0.0,neutral,0.0,neutral,0.0,neutral,0.0,neutral,medium,"Valuation is missing, so local allocation is still produced with reduced confidence."
1989-05-01,china,unknown,unknown,,unknown,low,0.0,neutral,0.0,neutral,0.0,neutral,0.0,neutral,medium,"Valuation is missing, so local allocation is still produced with reduced confidence."
1989-06-01,china,unknown,unknown,,unknown,low,0.0,neutral,0.0,neutral,0.0,neutral,0.0,neutral,medium,"Valuation is missing, so local allocation is still produced with reduced confidence."
1989-07-01,china,unknown,unknown,,unknown,low,0.0,neutral,0.0,neutral,0.0,neutral,0.0,neutral,medium,"Valuation is missing, so local allocation is still produced with reduced confidence."
1989-08-01,china,unknown,unknown,,unknown,low,0.0,neutral,0.0,neutral,0.0,neutral,0.0,neutral,medium,"Valuation is missing, so local allocation is still produced with reduced confidence."
1989-09-01,china,unknown,unknown,,unknown,low,0.0,neutral,0.0,neutral,0.0,neutral,0.0,neutral,medium,"Valuation is missing, so local allocation is still produced with reduced confidence."
1989-10-01,china,unknown,unknown,,unknown,low,0.0,neutral,0.0,neutral,0.0,neutral,0.0,neutral,medium,"Valuation is missing, so local allocation is still produced with reduced confidence."
1989-11-01,china,unknown,unknown,,unknown,low,0.0,neutral,0.0,neutral,0.0,neutral,0.0,neutral,medium,"Valuation is missing, so local allocation is still produced with reduced confidence."
1989-12-01,china,unknown,unknown,,unknown,low,0.0,neutral,0.0,neutral,0.0,neutral,0.0,neutral,medium,"Valuation is missing, so local allocation is still produced with reduced confidence."
1990-01-01,china,unknown,unknown,,unknown,low,0.0,neutral,0.0,neutral,0.0,neutral,0.0,neutral,medium,"Valuation is missing, so local allocation is still produced with reduced confidence."
1990-02-01,china,unknown,unknown,,unknown,low,0.0,neutral,0.0,neutral,0.0,neutral,0.0,neutral,medium,"Valuation is missing, so local allocation is still produced with reduced confidence."
1990-03-01,china,unknown,unknown,,unknown,low,0.0,neutral,0.0,neutral,0.0,neutral,0.0,neutral,medium,"Valuation is missing, so local allocation is still produced with reduced confidence."
1990-04-01,china,unknown,unknown,,unknown,low,0.0,neutral,0.0,neutral,0.0,neutral,0.0,neutral,medium,"Valuation is missing, so local allocation is still produced with reduced confidence."
1990-05-01,china,unknown,unknown,,unknown,low,0.0,neutral,0.0,neutral,0.0,neutral,0.0,neutral,medium,"Valuation is missing, so local allocation is still produced with reduced confidence."
1990-06-01,china,unknown,unknown,,unknown,low,0.0,neutral,0.0,neutral,0.0,neutral,0.0,neutral,medium,"Valuation is missing, so local allocation is still produced with reduced confidence."
1990-07-01,china,unknown,unknown,,unknown,low,0.0,neutral,0.0,neutral,0.0,neutral,0.0,neutral,medium,"Valuation is missing, so local allocation is still produced with reduced confidence."
1990-08-01,china,unknown,unknown,,unknown,low,0.0,neutral,0.0,neutral,0.0,neutral,0.0,neutral,medium,"Valuation is missing, so local allocation is still produced with reduced confidence."
1990-09-01,china,unknown,unknown,,unknown,low,0.0,neutral,0.0,neutral,0.0,neutral,0.0,neutral,medium,"Valuation is missing, so local allocation is still produced with reduced confidence."
1990-10-01,china,unknown,unknown,,unknown,low,0.0,neutral,0.0,neutral,0.0,neutral,0.0,neutral,medium,"Valuation is missing, so local allocation is still produced with reduced confidence."
1990-11-01,china,unknown,unknown,,unknown,low,0.0,neutral,0.0,neutral,0.0,neutral,0.0,neutral,medium,"Valuation is missing, so local allocation is still produced with reduced confidence."
1990-12-01,china,unknown,unknown,,unknown,low,0.0,neutral,0.0,neutral,0.0,neutral,0.0,neutral,medium,"Valuation is missing, so local allocation is still produced with reduced confidence."
1991-01-01,china,unknown,unknown,,unknown,low,0.0,neutral,0.0,neutral,0.0,neutral,0.0,neutral,medium,"Valuation is missing, so local allocation is still produced with reduced confidence."
1991-02-01,china,unknown,unknown,,unknown,low,0.0,neutral,0.0,neutral,0.0,neutral,0.0,neutral,medium,"Valuation is missing, so local allocation is still produced with reduced confidence."
1991-03-01,china,unknown,unknown,,unknown,low,0.0,neutral,0.0,neutral,0.0,neutral,0.0,neutral,medium,"Valuation is missing, so local allocation is still produced with reduced confidence."
1991-04-01,china,unknown,unknown,,unknown,low,0.0,neutral,0.0,neutral,0.0,neutral,0.0,neutral,medium,"Valuation is missing, so local allocation is still produced with reduced confidence."
1991-05-01,china,unknown,unknown,,unknown,low,0.0,neutral,0.0,neutral,0.0,neutral,0.0,neutral,medium,"Valuation is missing, so local allocation is still produced with reduced confidence."
1991-06-01,china,unknown,unknown,,unknown,low,0.0,neutral,0.0,neutral,0.0,neutral,0.0,neutral,medium,"Valuation is missing, so local allocation is still produced with reduced confidence."
1991-07-01,china,unknown,unknown,,unknown,low,0.0,neutral,0.0,neutral,0.0,neutral,0.0,neutral,medium,"Valuation is missing, so local allocation is still produced with reduced confidence."
1991-08-01,china,unknown,unknown,,unknown,low,0.0,neutral,0.0,neutral,0.0,neutral,0.0,neutral,medium,"Valuation is missing, so local allocation is still produced with reduced confidence."
1991-09-01,china,unknown,unknown,,unknown,low,0.0,neutral,0.0,neutral,0.0,neutral,0.0,neutral,medium,"Valuation is missing, so local allocation is still produced with reduced confidence."
1991-10-01,china,unknown,unknown,,unknown,low,0.0,neutral,0.0,neutral,0.0,neutral,0.0,neutral,medium,"Valuation is missing, so local allocation is still produced with reduced confidence."
1991-11-01,china,unknown,unknown,,unknown,low,0.0,neutral,0.0,neutral,0.0,neutral,0.0,neutral,medium,"Valuation is missing, so local allocation is still produced with reduced confidence."
1991-12-01,china,unknown,unknown,,unknown,low,0.0,neutral,0.0,neutral,0.0,neutral,0.0,neutral,medium,"Valuation is missing, so local allocation is still produced with reduced confidence."
1992-01-01,china,unknown,unknown,,unknown,low,0.0,neutral,0.0,neutral,0.0,neutral,0.0,neutral,medium,"Valuation is missing, so local allocation is still produced with reduced confidence."
1992-02-01,china,unknown,neutral,,unknown,low,0.0,neutral,0.0,neutral,0.0,neutral,0.0,neutral,medium,"Valuation is missing, so local allocation is still produced with reduced confidence."
1992-03-01,china,unknown,neutral,,unknown,low,0.0,neutral,0.0,neutral,0.0,neutral,0.0,neutral,medium,"Valuation is missing, so local allocation is still produced with reduced confidence."
1992-04-01,china,unknown,neutral,,unknown,low,0.0,neutral,0.0,neutral,0.0,neutral,0.0,neutral,medium,"Valuation is missing, so local allocation is still produced with reduced confidence."
1992-05-01,china,unknown,neutral,,unknown,low,0.0,neutral,0.0,neutral,0.0,neutral,0.0,neutral,medium,"Valuation is missing, so local allocation is still produced with reduced confidence."
1992-06-01,china,unknown,neutral,,unknown,low,0.0,neutral,0.0,neutral,0.0,neutral,0.0,neutral,medium,"Valuation is missing, so local allocation is still produced with reduced confidence."
1992-07-01,china,unknown,neutral,,unknown,low,0.0,neutral,0.0,neutral,0.0,neutral,0.0,neutral,medium,"Valuation is missing, so local allocation is still produced with reduced confidence."
1992-08-01,china,unknown,neutral,,unknown,low,0.0,neutral,0.0,neutral,0.0,neutral,0.0,neutral,medium,"Valuation is missing, so local allocation is still produced with reduced confidence."
1992-09-01,china,unknown,neutral,,unknown,low,0.0,neutral,0.0,neutral,0.0,neutral,0.0,neutral,medium,"Valuation is missing, so local allocation is still produced with reduced confidence."
1992-10-01,china,unknown,neutral,,unknown,low,0.0,neutral,0.0,neutral,0.0,neutral,0.0,neutral,medium,"Valuation is missing, so local allocation is still produced with reduced confidence."
1992-11-01,china,unknown,neutral,,unknown,low,0.0,neutral,0.0,neutral,0.0,neutral,0.0,neutral,medium,"Valuation is missing, so local allocation is still produced with reduced confidence."
1992-12-01,china,unknown,easy,,unknown,low,1.0,neutral,-0.5,neutral,0.5,neutral,-1.0,cautious,medium,"Valuation is missing, so local allocation is still produced with reduced confidence."
1993-01-01,china,unknown,easy,,unknown,low,1.0,neutral,-0.5,neutral,0.5,neutral,-1.0,cautious,medium,"Valuation is missing, so local allocation is still produced with reduced confidence."
1993-02-01,china,unknown,easy,,unknown,low,1.0,neutral,-0.5,neutral,0.5,neutral,-1.0,cautious,medium,"Valuation is missing, so local allocation is still produced with reduced confidence."
1993-03-01,china,unknown,easy,,unknown,low,1.0,neutral,-0.5,neutral,0.5,neutral,-1.0,cautious,medium,"Valuation is missing, so local allocation is still produced with reduced confidence."
1993-04-01,china,unknown,easy,,unknown,low,1.0,neutral,-0.5,neutral,0.5,neutral,-1.0,cautious,medium,"Valuation is missing, so local allocation is still produced with reduced confidence."
1993-05-01,china,unknown,easy,,unknown,low,1.0,neutral,-0.5,neutral,0.5,neutral,-1.0,cautious,medium,"Valuation is missing, so local allocation is still produced with reduced confidence."
1993-06-01,china,unknown,neutral,,unknown,low,0.0,neutral,0.0,neutral,0.0,neutral,0.0,neutral,medium,"Valuation is missing, so local allocation is still produced with reduced confidence."
1993-07-01,china,unknown,neutral,,unknown,low,0.0,neutral,0.0,neutral,0.0,neutral,0.0,neutral,medium,"Valuation is missing, so local allocation is still produced with reduced confidence."
1993-08-01,china,unknown,neutral,,unknown,low,0.0,neutral,0.0,neutral,0.0,neutral,0.0,neutral,medium,"Valuation is missing, so local allocation is still produced with reduced confidence."
1993-09-01,china,unknown,neutral,,unknown,low,0.0,neutral,0.0,neutral,0.0,neutral,0.0,neutral,medium,"Valuation is missing, so local allocation is still produced with reduced confidence."
1993-10-01,china,unknown,neutral,,unknown,low,0.0,neutral,0.0,neutral,0.0,neutral,0.0,neutral,medium,"Valuation is missing, so local allocation is still produced with reduced confidence."
1993-11-01,china,unknown,neutral,,unknown,low,0.0,neutral,0.0,neutral,0.0,neutral,0.0,neutral,medium,"Valuation is missing, so local allocation is still produced with reduced confidence."
1993-12-01,china,unknown,easy,,unknown,low,1.0,neutral,-0.5,neutral,0.5,neutral,-1.0,cautious,medium,"Valuation is missing, so local allocation is still produced with reduced confidence."
1994-01-01,china,unknown,easy,,unknown,low,1.0,neutral,-0.5,neutral,0.5,neutral,-1.0,cautious,medium,"Valuation is missing, so local allocation is still produced with reduced confidence."
1994-02-01,china,unknown,easy,,unknown,low,1.0,neutral,-0.5,neutral,0.5,neutral,-1.0,cautious,medium,"Valuation is missing, so local allocation is still produced with reduced confidence."
1994-03-01,china,unknown,easy,,unknown,low,1.0,neutral,-0.5,neutral,0.5,neutral,-1.0,cautious,medium,"Valuation is missing, so local allocation is still produced with reduced confidence."
1994-04-01,china,unknown,easy,,unknown,low,1.0,neutral,-0.5,neutral,0.5,neutral,-1.0,cautious,medium,"Valuation is missing, so local allocation is still produced with reduced confidence."
1994-05-01,china,unknown,easy,,unknown,low,1.0,neutral,-0.5,neutral,0.5,neutral,-1.0,cautious,medium,"Valuation is missing, so local allocation is still produced with reduced confidence."
1994-06-01,china,unknown,neutral,,unknown,low,0.0,neutral,0.0,neutral,0.0,neutral,0.0,neutral,medium,"Valuation is missing, so local allocation is still produced with reduced confidence."
1994-07-01,china,unknown,neutral,,unknown,low,0.0,neutral,0.0,neutral,0.0,neutral,0.0,neutral,medium,"Valuation is missing, so local allocation is still produced with reduced confidence."
1994-08-01,china,unknown,neutral,,unknown,low,0.0,neutral,0.0,neutral,0.0,neutral,0.0,neutral,medium,"Valuation is missing, so local allocation is still produced with reduced confidence."
1994-09-01,china,unknown,neutral,,unknown,low,0.0,neutral,0.0,neutral,0.0,neutral,0.0,neutral,medium,"Valuation is missing, so local allocation is still produced with reduced confidence."
1994-10-01,china,unknown,neutral,,unknown,low,0.0,neutral,0.0,neutral,0.0,neutral,0.0,neutral,medium,"Valuation is missing, so local allocation is still produced with reduced confidence."
1994-11-01,china,unknown,neutral,,unknown,low,0.0,neutral,0.0,neutral,0.0,neutral,0.0,neutral,medium,"Valuation is missing, so local allocation is still produced with reduced confidence."
1994-12-01,china,unknown,easy,,unknown,low,1.0,neutral,-0.5,neutral,0.5,neutral,-1.0,cautious,medium,"Valuation is missing, so local allocation is still produced with reduced confidence."
1995-01-01,china,unknown,easy,,unknown,low,1.0,neutral,-0.5,neutral,0.5,neutral,-1.0,cautious,medium,"Valuation is missing, so local allocation is still produced with reduced confidence."
1995-02-01,china,unknown,easy,,unknown,low,1.0,neutral,-0.5,neutral,0.5,neutral,-1.0,cautious,medium,"Valuation is missing, so local allocation is still produced with reduced confidence."
1995-03-01,china,unknown,easy,,unknown,low,1.0,neutral,-0.5,neutral,0.5,neutral,-1.0,cautious,medium,"Valuation is missing, so local allocation is still produced with reduced confidence."
1995-04-01,china,unknown,neutral,,unknown,low,0.0,neutral,0.0,neutral,0.0,neutral,0.0,neutral,medium,"Valuation is missing, so local allocation is still produced with reduced confidence."
1995-05-01,china,unknown,neutral,,unknown,low,0.0,neutral,0.0,neutral,0.0,neutral,0.0,neutral,medium,"Valuation is missing, so local allocation is still produced with reduced confidence."
1995-06-01,china,unknown,neutral,,unknown,low,0.0,neutral,0.0,neutral,0.0,neutral,0.0,neutral,medium,"Valuation is missing, so local allocation is still produced with reduced confidence."
1995-07-01,china,unknown,neutral,,unknown,low,0.0,neutral,0.0,neutral,0.0,neutral,0.0,neutral,medium,"Valuation is missing, so local allocation is still produced with reduced confidence."
1995-08-01,china,unknown,neutral,,unknown,low,0.0,neutral,0.0,neutral,0.0,neutral,0.0,neutral,medium,"Valuation is missing, so local allocation is still produced with reduced confidence."
1995-09-01,china,unknown,neutral,,unknown,low,0.0,neutral,0.0,neutral,0.0,neutral,0.0,neutral,medium,"Valuation is missing, so local allocation is still produced with reduced confidence."
1995-10-01,china,unknown,neutral,,unknown,low,0.0,neutral,0.0,neutral,0.0,neutral,0.0,neutral,medium,"Valuation is missing, so local allocation is still produced with reduced confidence."
1995-11-01,china,unknown,neutral,,unknown,low,0.0,neutral,0.0,neutral,0.0,neutral,0.0,neutral,medium,"Valuation is missing, so local allocation is still produced with reduced confidence."
1995-12-01,china,unknown,tight,,unknown,low,-1.0,cautious,0.5,neutral,-0.5,neutral,2.0,bullish,medium,"Valuation is missing, so local allocation is still produced with reduced confidence."
1996-01-01,china,unknown,tight,,unknown,low,-1.0,cautious,0.5,neutral,-0.5,neutral,2.0,bullish,medium,"Valuation is missing, so local allocation is still produced with reduced confidence."
1996-02-01,china,unknown,tight,,unknown,low,-1.0,cautious,0.5,neutral,-0.5,neutral,2.0,bullish,medium,"Valuation is missing, so local allocation is still produced with reduced confidence."
1996-03-01,china,unknown,tight,,unknown,low,-1.0,cautious,0.5,neutral,-0.5,neutral,2.0,bullish,medium,"Valuation is missing, so local allocation is still produced with reduced confidence."
1996-04-01,china,unknown,tight,,unknown,low,-1.0,cautious,0.5,neutral,-0.5,neutral,2.0,bullish,medium,"Valuation is missing, so local allocation is still produced with reduced confidence."
1996-05-01,china,unknown,tight,,unknown,low,-1.0,cautious,0.5,neutral,-0.5,neutral,2.0,bullish,medium,"Valuation is missing, so local allocation is still produced with reduced confidence."
1996-06-01,china,unknown,tight,,unknown,low,-1.0,cautious,0.5,neutral,-0.5,neutral,2.0,bullish,medium,"Valuation is missing, so local allocation is still produced with reduced confidence."
1996-07-01,china,unknown,tight,,unknown,low,-1.0,cautious,0.5,neutral,-0.5,neutral,2.0,bullish,medium,"Valuation is missing, so local allocation is still produced with reduced confidence."
1996-08-01,china,unknown,tight,,unknown,low,-1.0,cautious,0.5,neutral,-0.5,neutral,2.0,bullish,medium,"Valuation is missing, so local allocation is still produced with reduced confidence."
1996-09-01,china,unknown,tight,,unknown,low,-1.0,cautious,0.5,neutral,-0.5,neutral,2.0,bullish,medium,"Valuation is missing, so local allocation is still produced with reduced confidence."
1996-10-01,china,unknown,tight,,unknown,low,-1.0,cautious,0.5,neutral,-0.5,neutral,2.0,bullish,medium,"Valuation is missing, so local allocation is still produced with reduced confidence."
1996-11-01,china,unknown,tight,,unknown,low,-1.0,cautious,0.5,neutral,-0.5,neutral,2.0,bullish,medium,"Valuation is missing, so local allocation is still produced with reduced confidence."
1996-12-01,china,unknown,tight,,unknown,low,-1.0,cautious,0.5,neutral,-0.5,neutral,2.0,bullish,medium,"Valuation is missing, so local allocation is still produced with reduced confidence."
1997-01-01,china,unknown,tight,,unknown,low,-1.0,cautious,0.5,neutral,-0.5,neutral,2.0,bullish,medium,"Valuation is missing, so local allocation is still produced with reduced confidence."
1997-02-01,china,unknown,tight,,unknown,low,-1.0,cautious,0.5,neutral,-0.5,neutral,2.0,bullish,medium,"Valuation is missing, so local allocation is still produced with reduced confidence."
1997-03-01,china,unknown,tight,,unknown,low,-1.0,cautious,0.5,neutral,-0.5,neutral,2.0,bullish,medium,"Valuation is missing, so local allocation is still produced with reduced confidence."
1997-04-01,china,unknown,tight,,unknown,low,-1.0,cautious,0.5,neutral,-0.5,neutral,2.0,bullish,medium,"Valuation is missing, so local allocation is still produced with reduced confidence."
1997-05-01,china,unknown,tight,,unknown,low,-1.0,cautious,0.5,neutral,-0.5,neutral,2.0,bullish,medium,"Valuation is missing, so local allocation is still produced with reduced confidence."
1997-06-01,china,unknown,tight,,unknown,low,-1.0,cautious,0.5,neutral,-0.5,neutral,2.0,bullish,medium,"Valuation is missing, so local allocation is still produced with reduced confidence."
1997-07-01,china,unknown,tight,,unknown,low,-1.0,cautious,0.5,neutral,-0.5,neutral,2.0,bullish,medium,"Valuation is missing, so local allocation is still produced with reduced confidence."
1997-08-01,china,unknown,tight,,unknown,low,-1.0,cautious,0.5,neutral,-0.5,neutral,2.0,bullish,medium,"Valuation is missing, so local allocation is still produced with reduced confidence."
1997-09-01,china,unknown,tight,,unknown,low,-1.0,cautious,0.5,neutral,-0.5,neutral,2.0,bullish,medium,"Valuation is missing, so local allocation is still produced with reduced confidence."
1997-10-01,china,unknown,tight,,unknown,low,-1.0,cautious,0.5,neutral,-0.5,neutral,2.0,bullish,medium,"Valuation is missing, so local allocation is still produced with reduced confidence."
1997-11-01,china,unknown,tight,,unknown,low,-1.0,cautious,0.5,neutral,-0.5,neutral,2.0,bullish,medium,"Valuation is missing, so local allocation is still produced with reduced confidence."
1997-12-01,china,unknown,tight,,unknown,low,-1.0,cautious,0.5,neutral,-0.5,neutral,2.0,bullish,medium,"Valuation is missing, so local allocation is still produced with reduced confidence."
1998-01-01,china,unknown,tight,,unknown,low,-1.0,cautious,0.5,neutral,-0.5,neutral,2.0,bullish,medium,"Valuation is missing, so local allocation is still produced with reduced confidence."
1998-02-01,china,unknown,tight,,unknown,low,-1.0,cautious,0.5,neutral,-0.5,neutral,2.0,bullish,medium,"Valuation is missing, so local allocation is still produced with reduced confidence."
1998-03-01,china,unknown,tight,,unknown,low,-1.0,cautious,0.5,neutral,-0.5,neutral,2.0,bullish,medium,"Valuation is missing, so local allocation is still produced with reduced confidence."
1998-04-01,china,unknown,tight,,unknown,low,-1.0,cautious,0.5,neutral,-0.5,neutral,2.0,bullish,medium,"Valuation is missing, so local allocation is still produced with reduced confidence."
1998-05-01,china,unknown,tight,,unknown,low,-1.0,cautious,0.5,neutral,-0.5,neutral,2.0,bullish,medium,"Valuation is missing, so local allocation is still produced with reduced confidence."
1998-06-01,china,unknown,tight,,unknown,low,-1.0,cautious,0.5,neutral,-0.5,neutral,2.0,bullish,medium,"Valuation is missing, so local allocation is still produced with reduced confidence."
1998-07-01,china,unknown,tight,,unknown,low,-1.0,cautious,0.5,neutral,-0.5,neutral,2.0,bullish,medium,"Valuation is missing, so local allocation is still produced with reduced confidence."
1998-08-01,china,unknown,tight,,unknown,low,-1.0,cautious,0.5,neutral,-0.5,neutral,2.0,bullish,medium,"Valuation is missing, so local allocation is still produced with reduced confidence."
1998-09-01,china,unknown,tight,,unknown,low,-1.0,cautious,0.5,neutral,-0.5,neutral,2.0,bullish,medium,"Valuation is missing, so local allocation is still produced with reduced confidence."
1998-10-01,china,unknown,tight,,unknown,low,-1.0,cautious,0.5,neutral,-0.5,neutral,2.0,bullish,medium,"Valuation is missing, so local allocation is still produced with reduced confidence."
1998-11-01,china,unknown,tight,,unknown,low,-1.0,cautious,0.5,neutral,-0.5,neutral,2.0,bullish,medium,"Valuation is missing, so local allocation is still produced with reduced confidence."
1998-12-01,china,unknown,tight,,unknown,low,-1.0,cautious,0.5,neutral,-0.5,neutral,2.0,bullish,medium,"Valuation is missing, so local allocation is still produced with reduced confidence."
1999-01-01,china,unknown,tight,,unknown,low,-1.0,cautious,0.5,neutral,-0.5,neutral,2.0,bullish,medium,"Valuation is missing, so local allocation is still produced with reduced confidence."
1999-02-01,china,unknown,tight,,unknown,low,-1.0,cautious,0.5,neutral,-0.5,neutral,2.0,bullish,medium,"Valuation is missing, so local allocation is still produced with reduced confidence."
1999-03-01,china,unknown,tight,,unknown,low,-1.0,cautious,0.5,neutral,-0.5,neutral,2.0,bullish,medium,"Valuation is missing, so local allocation is still produced with reduced confidence."
1999-04-01,china,unknown,tight,,unknown,low,-1.0,cautious,0.5,neutral,-0.5,neutral,2.0,bullish,medium,"Valuation is missing, so local allocation is still produced with reduced confidence."
1999-05-01,china,unknown,tight,,unknown,low,-1.0,cautious,0.5,neutral,-0.5,neutral,2.0,bullish,medium,"Valuation is missing, so local allocation is still produced with reduced confidence."
1999-06-01,china,unknown,tight,,unknown,low,-1.0,cautious,0.5,neutral,-0.5,neutral,2.0,bullish,medium,"Valuation is missing, so local allocation is still produced with reduced confidence."
1999-07-01,china,unknown,tight,,unknown,low,-1.0,cautious,0.5,neutral,-0.5,neutral,2.0,bullish,medium,"Valuation is missing, so local allocation is still produced with reduced confidence."
1999-08-01,china,unknown,tight,,unknown,low,-1.0,cautious,0.5,neutral,-0.5,neutral,2.0,bullish,medium,"Valuation is missing, so local allocation is still produced with reduced confidence."
1999-09-01,china,unknown,tight,,unknown,low,-1.0,cautious,0.5,neutral,-0.5,neutral,2.0,bullish,medium,"Valuation is missing, so local allocation is still produced with reduced confidence."
1999-10-01,china,unknown,tight,,unknown,low,-1.0,cautious,0.5,neutral,-0.5,neutral,2.0,bullish,medium,"Valuation is missing, so local allocation is still produced with reduced confidence."
1999-11-01,china,unknown,tight,,unknown,low,-1.0,cautious,0.5,neutral,-0.5,neutral,2.0,bullish,medium,"Valuation is missing, so local allocation is still produced with reduced confidence."
1999-12-01,china,unknown,tight,,unknown,low,-1.0,cautious,0.5,neutral,-0.5,neutral,2.0,bullish,medium,"Valuation is missing, so local allocation is still produced with reduced confidence."
2000-01-01,china,unknown,tight,,unknown,low,-1.0,cautious,0.5,neutral,-0.5,neutral,2.0,bullish,medium,"Valuation is missing, so local allocation is still produced with reduced confidence."
2000-02-01,china,unknown,tight,,unknown,low,-1.0,cautious,0.5,neutral,-0.5,neutral,2.0,bullish,medium,"Valuation is missing, so local allocation is still produced with reduced confidence."
2000-03-01,china,unknown,tight,,unknown,low,-1.0,cautious,0.5,neutral,-0.5,neutral,2.0,bullish,medium,"Valuation is missing, so local allocation is still produced with reduced confidence."
2000-04-01,china,unknown,tight,,unknown,low,-1.0,cautious,0.5,neutral,-0.5,neutral,2.0,bullish,medium,"Valuation is missing, so local allocation is still produced with reduced confidence."
2000-05-01,china,unknown,tight,,unknown,low,-1.0,cautious,0.5,neutral,-0.5,neutral,2.0,bullish,medium,"Valuation is missing, so local allocation is still produced with reduced confidence."
2000-06-01,china,unknown,tight,,unknown,low,-1.0,cautious,0.5,neutral,-0.5,neutral,2.0,bullish,medium,"Valuation is missing, so local allocation is still produced with reduced confidence."
2000-07-01,china,unknown,tight,,unknown,low,-1.0,cautious,0.5,neutral,-0.5,neutral,2.0,bullish,medium,"Valuation is missing, so local allocation is still produced with reduced confidence."
2000-08-01,china,unknown,tight,,unknown,low,-1.0,cautious,0.5,neutral,-0.5,neutral,2.0,bullish,medium,"Valuation is missing, so local allocation is still produced with reduced confidence."
2000-09-01,china,unknown,tight,,unknown,low,-1.0,cautious,0.5,neutral,-0.5,neutral,2.0,bullish,medium,"Valuation is missing, so local allocation is still produced with reduced confidence."
2000-10-01,china,unknown,tight,,unknown,low,-1.0,cautious,0.5,neutral,-0.5,neutral,2.0,bullish,medium,"Valuation is missing, so local allocation is still produced with reduced confidence."
2000-11-01,china,unknown,tight,,unknown,low,-1.0,cautious,0.5,neutral,-0.5,neutral,2.0,bullish,medium,"Valuation is missing, so local allocation is still produced with reduced confidence."
2000-12-01,china,unknown,tight,,unknown,low,-1.0,cautious,0.5,neutral,-0.5,neutral,2.0,bullish,medium,"Valuation is missing, so local allocation is still produced with reduced confidence."
2001-01-01,china,unknown,tight,,unknown,low,-1.0,cautious,0.5,neutral,-0.5,neutral,2.0,bullish,medium,"Valuation is missing, so local allocation is still produced with reduced confidence."
2001-02-01,china,unknown,tight,,unknown,low,-1.0,cautious,0.5,neutral,-0.5,neutral,2.0,bullish,medium,"Valuation is missing, so local allocation is still produced with reduced confidence."
2001-03-01,china,unknown,tight,,unknown,low,-1.0,cautious,0.5,neutral,-0.5,neutral,2.0,bullish,medium,"Valuation is missing, so local allocation is still produced with reduced confidence."
2001-04-01,china,unknown,tight,,unknown,low,-1.0,cautious,0.5,neutral,-0.5,neutral,2.0,bullish,medium,"Valuation is missing, so local allocation is still produced with reduced confidence."
2001-05-01,china,unknown,tight,,unknown,low,-1.0,cautious,0.5,neutral,-0.5,neutral,2.0,bullish,medium,"Valuation is missing, so local allocation is still produced with reduced confidence."
2001-06-01,china,unknown,tight,,unknown,low,-1.0,cautious,0.5,neutral,-0.5,neutral,2.0,bullish,medium,"Valuation is missing, so local allocation is still produced with reduced confidence."
2001-07-01,china,unknown,tight,,unknown,low,-1.0,cautious,0.5,neutral,-0.5,neutral,2.0,bullish,medium,"Valuation is missing, so local allocation is still produced with reduced confidence."
2001-08-01,china,unknown,tight,,unknown,low,-1.0,cautious,0.5,neutral,-0.5,neutral,2.0,bullish,medium,"Valuation is missing, so local allocation is still produced with reduced confidence."
2001-09-01,china,unknown,tight,,unknown,low,-1.0,cautious,0.5,neutral,-0.5,neutral,2.0,bullish,medium,"Valuation is missing, so local allocation is still produced with reduced confidence."
2001-10-01,china,unknown,tight,,unknown,low,-1.0,cautious,0.5,neutral,-0.5,neutral,2.0,bullish,medium,"Valuation is missing, so local allocation is still produced with reduced confidence."
2001-11-01,china,unknown,tight,,unknown,low,-1.0,cautious,0.5,neutral,-0.5,neutral,2.0,bullish,medium,"Valuation is missing, so local allocation is still produced with reduced confidence."
2001-12-01,china,unknown,tight,,unknown,low,-1.0,cautious,0.5,neutral,-0.5,neutral,2.0,bullish,medium,"Valuation is missing, so local allocation is still produced with reduced confidence."
2002-01-01,china,unknown,tight,,unknown,low,-1.0,cautious,0.5,neutral,-0.5,neutral,2.0,bullish,medium,"Valuation is missing, so local allocation is still produced with reduced confidence."
2002-02-01,china,unknown,tight,,unknown,low,-1.0,cautious,0.5,neutral,-0.5,neutral,2.0,bullish,medium,"Valuation is missing, so local allocation is still produced with reduced confidence."
2002-03-01,china,unknown,tight,,unknown,low,-1.0,cautious,0.5,neutral,-0.5,neutral,2.0,bullish,medium,"Valuation is missing, so local allocation is still produced with reduced confidence."
2002-04-01,china,unknown,tight,,unknown,low,-1.0,cautious,0.5,neutral,-0.5,neutral,2.0,bullish,medium,"Valuation is missing, so local allocation is still produced with reduced confidence."
2002-05-01,china,unknown,tight,,unknown,low,-1.0,cautious,0.5,neutral,-0.5,neutral,2.0,bullish,medium,"Valuation is missing, so local allocation is still produced with reduced confidence."
2002-06-01,china,unknown,tight,,unknown,low,-1.0,cautious,0.5,neutral,-0.5,neutral,2.0,bullish,medium,"Valuation is missing, so local allocation is still produced with reduced confidence."
2002-07-01,china,unknown,tight,,unknown,low,-1.0,cautious,0.5,neutral,-0.5,neutral,2.0,bullish,medium,"Valuation is missing, so local allocation is still produced with reduced confidence."
2002-08-01,china,unknown,tight,,unknown,low,-1.0,cautious,0.5,neutral,-0.5,neutral,2.0,bullish,medium,"Valuation is missing, so local allocation is still produced with reduced confidence."
2002-09-01,china,unknown,tight,,unknown,low,-1.0,cautious,0.5,neutral,-0.5,neutral,2.0,bullish,medium,"Valuation is missing, so local allocation is still produced with reduced confidence."
2002-10-01,china,unknown,tight,,unknown,low,-1.0,cautious,0.5,neutral,-0.5,neutral,2.0,bullish,medium,"Valuation is missing, so local allocation is still produced with reduced confidence."
2002-11-01,china,unknown,tight,,unknown,low,-1.0,cautious,0.5,neutral,-0.5,neutral,2.0,bullish,medium,"Valuation is missing, so local allocation is still produced with reduced confidence."
2002-12-01,china,unknown,tight,,unknown,low,-1.0,cautious,0.5,neutral,-0.5,neutral,2.0,bullish,medium,"Valuation is missing, so local allocation is still produced with reduced confidence."
2003-01-01,china,unknown,neutral,,unknown,low,0.0,neutral,0.0,neutral,0.0,neutral,0.0,neutral,medium,"Valuation is missing, so local allocation is still produced with reduced confidence."
2003-02-01,china,unknown,tight,,unknown,low,-1.0,cautious,0.5,neutral,-0.5,neutral,2.0,bullish,medium,"Valuation is missing, so local allocation is still produced with reduced confidence."
2003-03-01,china,unknown,neutral,,unknown,low,0.0,neutral,0.0,neutral,0.0,neutral,0.0,neutral,medium,"Valuation is missing, so local allocation is still produced with reduced confidence."
2003-04-01,china,unknown,neutral,,unknown,low,0.0,neutral,0.0,neutral,0.0,neutral,0.0,neutral,medium,"Valuation is missing, so local allocation is still produced with reduced confidence."
2003-05-01,china,unknown,neutral,,unknown,low,0.0,neutral,0.0,neutral,0.0,neutral,0.0,neutral,medium,"Valuation is missing, so local allocation is still produced with reduced confidence."
2003-06-01,china,unknown,neutral,,unknown,low,0.0,neutral,0.0,neutral,0.0,neutral,0.0,neutral,medium,"Valuation is missing, so local allocation is still produced with reduced confidence."
2003-07-01,china,unknown,neutral,,unknown,low,0.0,neutral,0.0,neutral,0.0,neutral,0.0,neutral,medium,"Valuation is missing, so local allocation is still produced with reduced confidence."
2003-08-01,china,unknown,neutral,,unknown,low,0.0,neutral,0.0,neutral,0.0,neutral,0.0,neutral,medium,"Valuation is missing, so local allocation is still produced with reduced confidence."
2003-09-01,china,unknown,neutral,,unknown,low,0.0,neutral,0.0,neutral,0.0,neutral,0.0,neutral,medium,"Valuation is missing, so local allocation is still produced with reduced confidence."
2003-10-01,china,unknown,neutral,,unknown,low,0.0,neutral,0.0,neutral,0.0,neutral,0.0,neutral,medium,"Valuation is missing, so local allocation is still produced with reduced confidence."
2003-11-01,china,unknown,neutral,,unknown,low,0.0,neutral,0.0,neutral,0.0,neutral,0.0,neutral,medium,"Valuation is missing, so local allocation is still produced with reduced confidence."
2003-12-01,china,unknown,neutral,,unknown,low,0.0,neutral,0.0,neutral,0.0,neutral,0.0,neutral,medium,"Valuation is missing, so local allocation is still produced with reduced confidence."
2004-01-01,china,unknown,tight,,unknown,low,-1.0,cautious,0.5,neutral,-0.5,neutral,2.0,bullish,medium,"Valuation is missing, so local allocation is still produced with reduced confidence."
2004-02-01,china,unknown,neutral,,unknown,low,0.0,neutral,0.0,neutral,0.0,neutral,0.0,neutral,medium,"Valuation is missing, so local allocation is still produced with reduced confidence."
2004-03-01,china,unknown,neutral,,unknown,low,0.0,neutral,0.0,neutral,0.0,neutral,0.0,neutral,medium,"Valuation is missing, so local allocation is still produced with reduced confidence."
2004-04-01,china,unknown,neutral,,unknown,low,0.0,neutral,0.0,neutral,0.0,neutral,0.0,neutral,medium,"Valuation is missing, so local allocation is still produced with reduced confidence."
2004-05-01,china,unknown,tight,,unknown,low,-1.0,cautious,0.5,neutral,-0.5,neutral,2.0,bullish,medium,"Valuation is missing, so local allocation is still produced with reduced confidence."
2004-06-01,china,unknown,tight,,unknown,low,-1.0,cautious,0.5,neutral,-0.5,neutral,2.0,bullish,medium,"Valuation is missing, so local allocation is still produced with reduced confidence."
2004-07-01,china,unknown,tight,,unknown,low,-1.0,cautious,0.5,neutral,-0.5,neutral,2.0,bullish,medium,"Valuation is missing, so local allocation is still produced with reduced confidence."
2004-08-01,china,unknown,tight,,unknown,low,-1.0,cautious,0.5,neutral,-0.5,neutral,2.0,bullish,medium,"Valuation is missing, so local allocation is still produced with reduced confidence."
2004-09-01,china,unknown,tight,,unknown,low,-1.0,cautious,0.5,neutral,-0.5,neutral,2.0,bullish,medium,"Valuation is missing, so local allocation is still produced with reduced confidence."
2004-10-01,china,unknown,tight,,unknown,low,-1.0,cautious,0.5,neutral,-0.5,neutral,2.0,bullish,medium,"Valuation is missing, so local allocation is still produced with reduced confidence."
2004-11-01,china,unknown,tight,,unknown,low,-1.0,cautious,0.5,neutral,-0.5,neutral,2.0,bullish,medium,"Valuation is missing, so local allocation is still produced with reduced confidence."
2004-12-01,china,unknown,tight,,unknown,low,-1.0,cautious,0.5,neutral,-0.5,neutral,2.0,bullish,medium,"Valuation is missing, so local allocation is still produced with reduced confidence."
2005-01-01,china,unknown,tight,,unknown,low,-1.0,cautious,0.5,neutral,-0.5,neutral,2.0,bullish,medium,"Valuation is missing, so local allocation is still produced with reduced confidence."
2005-02-01,china,unknown,tight,,unknown,low,-1.0,cautious,0.5,neutral,-0.5,neutral,2.0,bullish,medium,"Valuation is missing, so local allocation is still produced with reduced confidence."
2005-03-01,china,unknown,tight,,unknown,low,-1.0,cautious,0.5,neutral,-0.5,neutral,2.0,bullish,medium,"Valuation is missing, so local allocation is still produced with reduced confidence."
2005-04-01,china,unknown,tight,,unknown,low,-1.0,cautious,0.5,neutral,-0.5,neutral,2.0,bullish,medium,"Valuation is missing, so local allocation is still produced with reduced confidence."
2005-05-01,china,slowdown,tight,,unknown,low,-2.0,cautious,2.5,bullish,-1.0,cautious,3.0,bullish,medium,"Valuation is missing, so local allocation is still produced with reduced confidence."
2005-06-01,china,slowdown,tight,,unknown,low,-2.0,cautious,2.5,bullish,-1.0,cautious,3.0,bullish,medium,"Valuation is missing, so local allocation is still produced with reduced confidence."
2005-07-01,china,slowdown,tight,,unknown,low,-2.0,cautious,2.5,bullish,-1.0,cautious,3.0,bullish,medium,"Valuation is missing, so local allocation is still produced with reduced confidence."
2005-08-01,china,slowdown,tight,,unknown,low,-2.0,cautious,2.5,bullish,-1.0,cautious,3.0,bullish,medium,"Valuation is missing, so local allocation is still produced with reduced confidence."
2005-09-01,china,goldilocks,neutral,,unknown,low,2.0,bullish,0.0,neutral,-1.0,cautious,-1.0,cautious,medium,"Valuation is missing, so local allocation is still produced with reduced confidence."
2005-10-01,china,goldilocks,neutral,,unknown,low,2.0,bullish,0.0,neutral,-1.0,cautious,-1.0,cautious,medium,"Valuation is missing, so local allocation is still produced with reduced confidence."
2005-11-01,china,goldilocks,neutral,,unknown,low,2.0,bullish,0.0,neutral,-1.0,cautious,-1.0,cautious,medium,"Valuation is missing, so local allocation is still produced with reduced confidence."
2005-12-01,china,goldilocks,tight,,unknown,low,1.0,neutral,0.5,neutral,-1.5,cautious,1.0,neutral,medium,"Valuation is missing, so local allocation is still produced with reduced confidence."
2006-01-01,china,slowdown,neutral,,unknown,low,-1.0,cautious,2.0,bullish,-0.5,neutral,1.0,neutral,medium,"Valuation is missing, so local allocation is still produced with reduced confidence."
2006-02-01,china,slowdown,neutral,,unknown,low,-1.0,cautious,2.0,bullish,-0.5,neutral,1.0,neutral,medium,"Valuation is missing, so local allocation is still produced with reduced confidence."
2006-03-01,china,slowdown,neutral,,unknown,low,-1.0,cautious,2.0,bullish,-0.5,neutral,1.0,neutral,medium,"Valuation is missing, so local allocation is still produced with reduced confidence."
2006-04-01,china,goldilocks,neutral,,unknown,low,2.0,bullish,0.0,neutral,-1.0,cautious,-1.0,cautious,medium,"Valuation is missing, so local allocation is still produced with reduced confidence."
2006-05-01,china,goldilocks,neutral,,unknown,low,2.0,bullish,0.0,neutral,-1.0,cautious,-1.0,cautious,medium,"Valuation is missing, so local allocation is still produced with reduced confidence."
2006-06-01,china,goldilocks,neutral,,unknown,low,2.0,bullish,0.0,neutral,-1.0,cautious,-1.0,cautious,medium,"Valuation is missing, so local allocation is still produced with reduced confidence."
2006-07-01,china,slowdown,neutral,,unknown,low,-1.0,cautious,2.0,bullish,-0.5,neutral,1.0,neutral,medium,"Valuation is missing, so local allocation is still produced with reduced confidence."
2006-08-01,china,slowdown,neutral,,unknown,low,-1.0,cautious,2.0,bullish,-0.5,neutral,1.0,neutral,medium,"Valuation is missing, so local allocation is still produced with reduced confidence."
2006-09-01,china,goldilocks,tight,,unknown,low,1.0,neutral,0.5,neutral,-1.5,cautious,1.0,neutral,medium,"Valuation is missing, so local allocation is still produced with reduced confidence."
2006-10-01,china,goldilocks,tight,,unknown,low,1.0,neutral,0.5,neutral,-1.5,cautious,1.0,neutral,medium,"Valuation is missing, so local allocation is still produced with reduced confidence."
2006-11-01,china,goldilocks,tight,,unknown,low,1.0,neutral,0.5,neutral,-1.5,cautious,1.0,neutral,medium,"Valuation is missing, so local allocation is still produced with reduced confidence."
2006-12-01,china,goldilocks,tight,,unknown,low,1.0,neutral,0.5,neutral,-1.5,cautious,1.0,neutral,medium,"Valuation is missing, so local allocation is still produced with reduced confidence."
2007-01-01,china,goldilocks,tight,,unknown,low,1.0,neutral,0.5,neutral,-1.5,cautious,1.0,neutral,medium,"Valuation is missing, so local allocation is still produced with reduced confidence."
2007-02-01,china,goldilocks,neutral,,unknown,low,2.0,bullish,0.0,neutral,-1.0,cautious,-1.0,cautious,medium,"Valuation is missing, so local allocation is still produced with reduced confidence."
2007-03-01,china,goldilocks,tight,,unknown,low,1.0,neutral,0.5,neutral,-1.5,cautious,1.0,neutral,medium,"Valuation is missing, so local allocation is still produced with reduced confidence."
2007-04-01,china,goldilocks,tight,,unknown,low,1.0,neutral,0.5,neutral,-1.5,cautious,1.0,neutral,medium,"Valuation is missing, so local allocation is still produced with reduced confidence."
2007-05-01,china,goldilocks,tight,,unknown,low,1.0,neutral,0.5,neutral,-1.5,cautious,1.0,neutral,medium,"Valuation is missing, so local allocation is still produced with reduced confidence."
2007-06-01,china,goldilocks,tight,,unknown,low,1.0,neutral,0.5,neutral,-1.5,cautious,1.0,neutral,medium,"Valuation is missing, so local allocation is still produced with reduced confidence."
2007-07-01,china,stagflation,neutral,,unknown,low,-2.0,cautious,-2.0,cautious,2.0,bullish,1.0,neutral,medium,"Valuation is missing, so local allocation is still produced with reduced confidence."
2007-08-01,china,stagflation,neutral,,unknown,low,-2.0,cautious,-2.0,cautious,2.0,bullish,1.0,neutral,medium,"Valuation is missing, so local allocation is still produced with reduced confidence."
2007-09-01,china,reflation,neutral,,unknown,low,1.0,neutral,-1.0,cautious,0.0,neutral,0.0,neutral,medium,"Valuation is missing, so local allocation is still produced with reduced confidence."
2007-10-01,china,reflation,neutral,,unknown,low,1.0,neutral,-1.0,cautious,0.0,neutral,0.0,neutral,medium,"Valuation is missing, so local allocation is still produced with reduced confidence."
2007-11-01,china,reflation,neutral,,unknown,low,1.0,neutral,-1.0,cautious,0.0,neutral,0.0,neutral,medium,"Valuation is missing, so local allocation is still produced with reduced confidence."
2007-12-01,china,reflation,tight,,unknown,low,0.0,neutral,-0.5,neutral,-0.5,neutral,2.0,bullish,medium,"Valuation is missing, so local allocation is still produced with reduced confidence."
2008-01-01,china,reflation,neutral,,unknown,low,1.0,neutral,-1.0,cautious,0.0,neutral,0.0,neutral,medium,"Valuation is missing, so local allocation is still produced with reduced confidence."
2008-02-01,china,stagflation,neutral,,unknown,low,-2.0,cautious,-2.0,cautious,2.0,bullish,1.0,neutral,medium,"Valuation is missing, so local allocation is still produced with reduced confidence."
2008-03-01,china,reflation,tight,,unknown,low,0.0,neutral,-0.5,neutral,-0.5,neutral,2.0,bullish,medium,"Valuation is missing, so local allocation is still produced with reduced confidence."
2008-04-01,china,reflation,tight,,unknown,low,0.0,neutral,-0.5,neutral,-0.5,neutral,2.0,bullish,medium,"Valuation is missing, so local allocation is still produced with reduced confidence."
2008-05-01,china,reflation,neutral,,unknown,low,1.0,neutral,-1.0,cautious,0.0,neutral,0.0,neutral,medium,"Valuation is missing, so local allocation is still produced with reduced confidence."
2008-06-01,china,stagflation,neutral,,unknown,low,-2.0,cautious,-2.0,cautious,2.0,bullish,1.0,neutral,medium,"Valuation is missing, so local allocation is still produced with reduced confidence."
2008-07-01,china,stagflation,tight,,unknown,low,-3.0,cautious,-1.5,cautious,1.5,neutral,3.0,bullish,medium,"Valuation is missing, so local allocation is still produced with reduced confidence."
2008-08-01,china,stagflation,tight,,unknown,low,-3.0,cautious,-1.5,cautious,1.5,neutral,3.0,bullish,medium,"Valuation is missing, so local allocation is still produced with reduced confidence."
2008-09-01,china,stagflation,tight,,unknown,low,-3.0,cautious,-1.5,cautious,1.5,neutral,3.0,bullish,medium,"Valuation is missing, so local allocation is still produced with reduced confidence."
2008-10-01,china,stagflation,tight,,unknown,low,-3.0,cautious,-1.5,cautious,1.5,neutral,3.0,bullish,medium,"Valuation is missing, so local allocation is still produced with reduced confidence."
2008-11-01,china,slowdown,tight,,unknown,low,-2.0,cautious,2.5,bullish,-1.0,cautious,3.0,bullish,medium,"Valuation is missing, so local allocation is still produced with reduced confidence."
2008-12-01,china,slowdown,neutral,,unknown,low,-1.0,cautious,2.0,bullish,-0.5,neutral,1.0,neutral,medium,"Valuation is missing, so local allocation is still produced with reduced confidence."
2009-01-01,china,slowdown,neutral,,unknown,low,-1.0,cautious,2.0,bullish,-0.5,neutral,1.0,neutral,medium,"Valuation is missing, so local allocation is still produced with reduced confidence."
2009-02-01,china,slowdown,neutral,,unknown,low,-1.0,cautious,2.0,bullish,-0.5,neutral,1.0,neutral,medium,"Valuation is missing, so local allocation is still produced with reduced confidence."
2009-03-01,china,goldilocks,easy,,unknown,low,3.0,bullish,-0.5,neutral,-0.5,neutral,-2.0,cautious,medium,"Valuation is missing, so local allocation is still produced with reduced confidence."
2009-04-01,china,goldilocks,easy,,unknown,low,3.0,bullish,-0.5,neutral,-0.5,neutral,-2.0,cautious,medium,"Valuation is missing, so local allocation is still produced with reduced confidence."
2009-05-01,china,goldilocks,easy,,unknown,low,3.0,bullish,-0.5,neutral,-0.5,neutral,-2.0,cautious,medium,"Valuation is missing, so local allocation is still produced with reduced confidence."
2009-06-01,china,goldilocks,easy,,unknown,low,3.0,bullish,-0.5,neutral,-0.5,neutral,-2.0,cautious,medium,"Valuation is missing, so local allocation is still produced with reduced confidence."
2009-07-01,china,goldilocks,easy,,unknown,low,3.0,bullish,-0.5,neutral,-0.5,neutral,-2.0,cautious,medium,"Valuation is missing, so local allocation is still produced with reduced confidence."
2009-08-01,china,goldilocks,easy,,unknown,low,3.0,bullish,-0.5,neutral,-0.5,neutral,-2.0,cautious,medium,"Valuation is missing, so local allocation is still produced with reduced confidence."
2009-09-01,china,goldilocks,easy,,unknown,low,3.0,bullish,-0.5,neutral,-0.5,neutral,-2.0,cautious,medium,"Valuation is missing, so local allocation is still produced with reduced confidence."
2009-10-01,china,goldilocks,easy,,unknown,low,3.0,bullish,-0.5,neutral,-0.5,neutral,-2.0,cautious,medium,"Valuation is missing, so local allocation is still produced with reduced confidence."
2009-11-01,china,goldilocks,easy,,unknown,low,3.0,bullish,-0.5,neutral,-0.5,neutral,-2.0,cautious,medium,"Valuation is missing, so local allocation is still produced with reduced confidence."
2009-12-01,china,goldilocks,easy,,unknown,low,3.0,bullish,-0.5,neutral,-0.5,neutral,-2.0,cautious,medium,"Valuation is missing, so local allocation is still produced with reduced confidence."
2010-01-01,china,goldilocks,easy,,unknown,low,3.0,bullish,-0.5,neutral,-0.5,neutral,-2.0,cautious,medium,"Valuation is missing, so local allocation is still produced with reduced confidence."
2010-02-01,china,goldilocks,easy,,unknown,low,3.0,bullish,-0.5,neutral,-0.5,neutral,-2.0,cautious,medium,"Valuation is missing, so local allocation is still produced with reduced confidence."
2010-03-01,china,goldilocks,neutral,,unknown,low,2.0,bullish,0.0,neutral,-1.0,cautious,-1.0,cautious,medium,"Valuation is missing, so local allocation is still produced with reduced confidence."
2010-04-01,china,goldilocks,neutral,,unknown,low,2.0,bullish,0.0,neutral,-1.0,cautious,-1.0,cautious,medium,"Valuation is missing, so local allocation is still produced with reduced confidence."
2010-05-01,china,goldilocks,neutral,,unknown,low,2.0,bullish,0.0,neutral,-1.0,cautious,-1.0,cautious,medium,"Valuation is missing, so local allocation is still produced with reduced confidence."
2010-06-01,china,goldilocks,neutral,,unknown,low,2.0,bullish,0.0,neutral,-1.0,cautious,-1.0,cautious,medium,"Valuation is missing, so local allocation is still produced with reduced confidence."
2010-07-01,china,goldilocks,neutral,,unknown,low,2.0,bullish,0.0,neutral,-1.0,cautious,-1.0,cautious,medium,"Valuation is missing, so local allocation is still produced with reduced confidence."
2010-08-01,china,goldilocks,neutral,,unknown,low,2.0,bullish,0.0,neutral,-1.0,cautious,-1.0,cautious,medium,"Valuation is missing, so local allocation is still produced with reduced confidence."
2010-09-01,china,goldilocks,neutral,,unknown,low,2.0,bullish,0.0,neutral,-1.0,cautious,-1.0,cautious,medium,"Valuation is missing, so local allocation is still produced with reduced confidence."
2010-10-01,china,goldilocks,neutral,,unknown,low,2.0,bullish,0.0,neutral,-1.0,cautious,-1.0,cautious,medium,"Valuation is missing, so local allocation is still produced with reduced confidence."
2010-11-01,china,reflation,neutral,,unknown,low,1.0,neutral,-1.0,cautious,0.0,neutral,0.0,neutral,medium,"Valuation is missing, so local allocation is still produced with reduced confidence."
2010-12-01,china,reflation,neutral,,unknown,low,1.0,neutral,-1.0,cautious,0.0,neutral,0.0,neutral,medium,"Valuation is missing, so local allocation is still produced with reduced confidence."
2011-01-01,china,reflation,tight,,unknown,low,0.0,neutral,-0.5,neutral,-0.5,neutral,2.0,bullish,medium,"Valuation is missing, so local allocation is still produced with reduced confidence."
2011-02-01,china,stagflation,tight,,unknown,low,-3.0,cautious,-1.5,cautious,1.5,neutral,3.0,bullish,medium,"Valuation is missing, so local allocation is still produced with reduced confidence."
2011-03-01,china,stagflation,tight,,unknown,low,-3.0,cautious,-1.5,cautious,1.5,neutral,3.0,bullish,medium,"Valuation is missing, so local allocation is still produced with reduced confidence."
2011-04-01,china,stagflation,tight,,unknown,low,-3.0,cautious,-1.5,cautious,1.5,neutral,3.0,bullish,medium,"Valuation is missing, so local allocation is still produced with reduced confidence."
2011-05-01,china,stagflation,tight,,unknown,low,-3.0,cautious,-1.5,cautious,1.5,neutral,3.0,bullish,medium,"Valuation is missing, so local allocation is still produced with reduced confidence."
2011-06-01,china,stagflation,tight,,unknown,low,-3.0,cautious,-1.5,cautious,1.5,neutral,3.0,bullish,medium,"Valuation is missing, so local allocation is still produced with reduced confidence."
2011-07-01,china,stagflation,tight,,unknown,low,-3.0,cautious,-1.5,cautious,1.5,neutral,3.0,bullish,medium,"Valuation is missing, so local allocation is still produced with reduced confidence."
2011-08-01,china,stagflation,tight,,unknown,low,-3.0,cautious,-1.5,cautious,1.5,neutral,3.0,bullish,medium,"Valuation is missing, so local allocation is still produced with reduced confidence."
2011-09-01,china,stagflation,tight,,unknown,low,-3.0,cautious,-1.5,cautious,1.5,neutral,3.0,bullish,medium,"Valuation is missing, so local allocation is still produced with reduced confidence."
2011-10-01,china,stagflation,tight,,unknown,low,-3.0,cautious,-1.5,cautious,1.5,neutral,3.0,bullish,medium,"Valuation is missing, so local allocation is still produced with reduced confidence."
2011-11-01,china,stagflation,tight,,unknown,low,-3.0,cautious,-1.5,cautious,1.5,neutral,3.0,bullish,medium,"Valuation is missing, so local allocation is still produced with reduced confidence."
2011-12-01,china,stagflation,tight,,unknown,low,-3.0,cautious,-1.5,cautious,1.5,neutral,3.0,bullish,medium,"Valuation is missing, so local allocation is still produced with reduced confidence."
2012-01-01,china,stagflation,tight,,unknown,low,-3.0,cautious,-1.5,cautious,1.5,neutral,3.0,bullish,medium,"Valuation is missing, so local allocation is still produced with reduced confidence."
2012-02-01,china,stagflation,tight,,unknown,low,-3.0,cautious,-1.5,cautious,1.5,neutral,3.0,bullish,medium,"Valuation is missing, so local allocation is still produced with reduced confidence."
2012-03-01,china,stagflation,tight,,unknown,low,-3.0,cautious,-1.5,cautious,1.5,neutral,3.0,bullish,medium,"Valuation is missing, so local allocation is still produced with reduced confidence."
2012-04-01,china,stagflation,tight,,unknown,low,-3.0,cautious,-1.5,cautious,1.5,neutral,3.0,bullish,medium,"Valuation is missing, so local allocation is still produced with reduced confidence."
2012-05-01,china,stagflation,tight,,unknown,low,-3.0,cautious,-1.5,cautious,1.5,neutral,3.0,bullish,medium,"Valuation is missing, so local allocation is still produced with reduced confidence."
2012-06-01,china,slowdown,tight,,unknown,low,-2.0,cautious,2.5,bullish,-1.0,cautious,3.0,bullish,medium,"Valuation is missing, so local allocation is still produced with reduced confidence."
2012-07-01,china,slowdown,tight,,unknown,low,-2.0,cautious,2.5,bullish,-1.0,cautious,3.0,bullish,medium,"Valuation is missing, so local allocation is still produced with reduced confidence."
2012-08-01,china,slowdown,tight,,unknown,low,-2.0,cautious,2.5,bullish,-1.0,cautious,3.0,bullish,medium,"Valuation is missing, so local allocation is still produced with reduced confidence."
2012-09-01,china,slowdown,tight,,unknown,low,-2.0,cautious,2.5,bullish,-1.0,cautious,3.0,bullish,medium,"Valuation is missing, so local allocation is still produced with reduced confidence."
2012-10-01,china,slowdown,tight,,unknown,low,-2.0,cautious,2.5,bullish,-1.0,cautious,3.0,bullish,medium,"Valuation is missing, so local allocation is still produced with reduced confidence."
2012-11-01,china,slowdown,tight,,unknown,low,-2.0,cautious,2.5,bullish,-1.0,cautious,3.0,bullish,medium,"Valuation is missing, so local allocation is still produced with reduced confidence."
2012-12-01,china,slowdown,tight,,unknown,low,-2.0,cautious,2.5,bullish,-1.0,cautious,3.0,bullish,medium,"Valuation is missing, so local allocation is still produced with reduced confidence."
2013-01-01,china,slowdown,tight,,unknown,low,-2.0,cautious,2.5,bullish,-1.0,cautious,3.0,bullish,medium,"Valuation is missing, so local allocation is still produced with reduced confidence."
2013-02-01,china,slowdown,tight,,unknown,low,-2.0,cautious,2.5,bullish,-1.0,cautious,3.0,bullish,medium,"Valuation is missing, so local allocation is still produced with reduced confidence."
2013-03-01,china,slowdown,tight,,unknown,low,-2.0,cautious,2.5,bullish,-1.0,cautious,3.0,bullish,medium,"Valuation is missing, so local allocation is still produced with reduced confidence."
2013-04-01,china,slowdown,tight,,unknown,low,-2.0,cautious,2.5,bullish,-1.0,cautious,3.0,bullish,medium,"Valuation is missing, so local allocation is still produced with reduced confidence."
2013-05-01,china,slowdown,tight,,unknown,low,-2.0,cautious,2.5,bullish,-1.0,cautious,3.0,bullish,medium,"Valuation is missing, so local allocation is still produced with reduced confidence."
2013-06-01,china,slowdown,tight,,unknown,low,-2.0,cautious,2.5,bullish,-1.0,cautious,3.0,bullish,medium,"Valuation is missing, so local allocation is still produced with reduced confidence."
2013-07-01,china,slowdown,tight,,unknown,low,-2.0,cautious,2.5,bullish,-1.0,cautious,3.0,bullish,medium,"Valuation is missing, so local allocation is still produced with reduced confidence."
2013-08-01,china,slowdown,tight,,unknown,low,-2.0,cautious,2.5,bullish,-1.0,cautious,3.0,bullish,medium,"Valuation is missing, so local allocation is still produced with reduced confidence."
2013-09-01,china,slowdown,tight,,unknown,low,-2.0,cautious,2.5,bullish,-1.0,cautious,3.0,bullish,medium,"Valuation is missing, so local allocation is still produced with reduced confidence."
2013-10-01,china,slowdown,tight,,unknown,low,-2.0,cautious,2.5,bullish,-1.0,cautious,3.0,bullish,medium,"Valuation is missing, so local allocation is still produced with reduced confidence."
2013-11-01,china,slowdown,tight,,unknown,low,-2.0,cautious,2.5,bullish,-1.0,cautious,3.0,bullish,medium,"Valuation is missing, so local allocation is still produced with reduced confidence."
2013-12-01,china,slowdown,tight,1.1837302006647377,cheap,low,-1.0,cautious,1.5,neutral,-1.5,cautious,2.0,bullish,medium,"Macro and valuation inputs are available, but valuation coverage is still partial."
2014-01-01,china,slowdown,tight,1.3689764707562126,cheap,low,-1.0,cautious,1.5,neutral,-1.5,cautious,2.0,bullish,medium,"Macro and valuation inputs are available, but valuation coverage is still partial."
2014-02-01,china,slowdown,tight,1.6694063497350171,cheap,low,-1.0,cautious,1.5,neutral,-1.5,cautious,2.0,bullish,medium,"Macro and valuation inputs are available, but valuation coverage is still partial."
2014-03-01,china,slowdown,tight,1.6749948423659058,cheap,low,-1.0,cautious,1.5,neutral,-1.5,cautious,2.0,bullish,medium,"Macro and valuation inputs are available, but valuation coverage is still partial."
2014-04-01,china,slowdown,tight,1.801355436515013,cheap,low,-1.0,cautious,1.5,neutral,-1.5,cautious,2.0,bullish,medium,"Macro and valuation inputs are available, but valuation coverage is still partial."
2014-05-01,china,slowdown,neutral,2.0037801911352275,cheap,low,0.0,neutral,1.0,neutral,-1.0,cautious,0.0,neutral,medium,"Macro and valuation inputs are available, but valuation coverage is still partial."
2014-06-01,china,slowdown,neutral,1.9616599930855252,cheap,low,0.0,neutral,1.0,neutral,-1.0,cautious,0.0,neutral,medium,"Macro and valuation inputs are available, but valuation coverage is still partial."
2014-07-01,china,slowdown,neutral,1.8097381754613464,cheap,low,0.0,neutral,1.0,neutral,-1.0,cautious,0.0,neutral,medium,"Macro and valuation inputs are available, but valuation coverage is still partial."
2014-08-01,china,slowdown,neutral,1.379946952699954,cheap,low,0.0,neutral,1.0,neutral,-1.0,cautious,0.0,neutral,medium,"Macro and valuation inputs are available, but valuation coverage is still partial."
2014-09-01,china,slowdown,neutral,1.5879601999510573,cheap,low,0.0,neutral,1.0,neutral,-1.0,cautious,0.0,neutral,medium,"Macro and valuation inputs are available, but valuation coverage is still partial."
2014-10-01,china,slowdown,neutral,1.38015345601799,cheap,low,0.0,neutral,1.0,neutral,-1.0,cautious,0.0,neutral,medium,"Macro and valuation inputs are available, but valuation coverage is still partial."
2014-11-01,china,slowdown,easy,1.4703953513843564,cheap,low,1.0,neutral,0.5,neutral,-0.5,neutral,-1.0,cautious,medium,"Macro and valuation inputs are available, but valuation coverage is still partial."
2014-12-01,china,slowdown,easy,0.7545584878574549,cheap,low,1.0,neutral,0.5,neutral,-0.5,neutral,-1.0,cautious,medium,"Macro and valuation inputs are available, but valuation coverage is still partial."
2015-01-01,china,slowdown,easy,-1.1404374177430736,expensive,low,-1.0,cautious,2.0,bullish,1.0,neutral,1.0,neutral,medium,"Macro and valuation inputs are available, but valuation coverage is still partial."
2015-02-01,china,slowdown,neutral,-0.8847154798113799,expensive,low,-2.0,cautious,2.5,bullish,0.5,neutral,2.0,bullish,medium,"Macro and valuation inputs are available, but valuation coverage is still partial."
2015-03-01,china,slowdown,easy,-1.1374366681095929,expensive,low,-1.0,cautious,2.0,bullish,1.0,neutral,1.0,neutral,medium,"Macro and valuation inputs are available, but valuation coverage is still partial."
2015-04-01,china,slowdown,easy,-2.1612601362894863,expensive,low,-1.0,cautious,2.0,bullish,1.0,neutral,1.0,neutral,medium,"Macro and valuation inputs are available, but valuation coverage is still partial."
2015-05-01,china,slowdown,easy,-3.207231071674899,expensive,low,-1.0,cautious,2.0,bullish,1.0,neutral,1.0,neutral,medium,"Macro and valuation inputs are available, but valuation coverage is still partial."
2015-06-01,china,slowdown,easy,-3.656169012008328,expensive,low,-1.0,cautious,2.0,bullish,1.0,neutral,1.0,neutral,medium,"Macro and valuation inputs are available, but valuation coverage is still partial."
2015-07-01,china,slowdown,easy,-2.382005595209593,expensive,low,-1.0,cautious,2.0,bullish,1.0,neutral,1.0,neutral,medium,"Macro and valuation inputs are available, but valuation coverage is still partial."
2015-08-01,china,slowdown,easy,-1.5629881213292856,expensive,low,-1.0,cautious,2.0,bullish,1.0,neutral,1.0,neutral,medium,"Macro and valuation inputs are available, but valuation coverage is still partial."
2015-09-01,china,slowdown,easy,-0.3277376496287346,fair,low,0.0,neutral,1.5,neutral,0.0,neutral,0.0,neutral,medium,"Macro and valuation inputs are available, but valuation coverage is still partial."
2015-10-01,china,slowdown,easy,0.0876693349193623,fair,low,0.0,neutral,1.5,neutral,0.0,neutral,0.0,neutral,medium,"Macro and valuation inputs are available, but valuation coverage is still partial."
2015-11-01,china,slowdown,easy,-0.6021932984963942,expensive,low,-1.0,cautious,2.0,bullish,1.0,neutral,1.0,neutral,medium,"Macro and valuation inputs are available, but valuation coverage is still partial."
2015-12-01,china,slowdown,neutral,-0.6441069932280602,expensive,low,-2.0,cautious,2.5,bullish,0.5,neutral,2.0,bullish,medium,"Macro and valuation inputs are available, but valuation coverage is still partial."
2016-01-01,china,slowdown,neutral,-0.9724793353613086,expensive,low,-2.0,cautious,2.5,bullish,0.5,neutral,2.0,bullish,medium,"Macro and valuation inputs are available, but valuation coverage is still partial."
2016-02-01,china,slowdown,neutral,0.7845659841922624,cheap,low,0.0,neutral,1.0,neutral,-1.0,cautious,0.0,neutral,medium,"Macro and valuation inputs are available, but valuation coverage is still partial."
2016-03-01,china,slowdown,neutral,0.6975313417774138,cheap,low,0.0,neutral,1.0,neutral,-1.0,cautious,0.0,neutral,medium,"Macro and valuation inputs are available, but valuation coverage is still partial."
2016-04-01,china,slowdown,neutral,0.2010912140814293,fair,low,-1.0,cautious,2.0,bullish,-0.5,neutral,1.0,neutral,medium,"Macro and valuation inputs are available, but valuation coverage is still partial."
2016-05-01,china,slowdown,neutral,0.3729857625497922,fair,low,-1.0,cautious,2.0,bullish,-0.5,neutral,1.0,neutral,medium,"Macro and valuation inputs are available, but valuation coverage is still partial."
2016-06-01,china,slowdown,neutral,0.3420425497618671,fair,low,-1.0,cautious,2.0,bullish,-0.5,neutral,1.0,neutral,medium,"Macro and valuation inputs are available, but valuation coverage is still partial."
2016-07-01,china,slowdown,neutral,0.3336598108155341,fair,low,-1.0,cautious,2.0,bullish,-0.5,neutral,1.0,neutral,medium,"Macro and valuation inputs are available, but valuation coverage is still partial."
2016-08-01,china,slowdown,neutral,0.1428250480931698,fair,low,-1.0,cautious,2.0,bullish,-0.5,neutral,1.0,neutral,medium,"Macro and valuation inputs are available, but valuation coverage is still partial."
2016-09-01,china,slowdown,neutral,-0.1623673102443779,fair,low,-1.0,cautious,2.0,bullish,-0.5,neutral,1.0,neutral,medium,"Macro and valuation inputs are available, but valuation coverage is still partial."
2016-10-01,china,slowdown,neutral,-0.0418017120441963,fair,low,-1.0,cautious,2.0,bullish,-0.5,neutral,1.0,neutral,medium,"Macro and valuation inputs are available, but valuation coverage is still partial."
2016-11-01,china,slowdown,neutral,-0.0162404885691239,fair,low,-1.0,cautious,2.0,bullish,-0.5,neutral,1.0,neutral,medium,"Macro and valuation inputs are available, but valuation coverage is still partial."
2016-12-01,china,slowdown,neutral,-0.4314409697991849,fair,low,-1.0,cautious,2.0,bullish,-0.5,neutral,1.0,neutral,medium,"Macro and valuation inputs are available, but valuation coverage is still partial."
2017-01-01,china,slowdown,neutral,-0.0501844509905293,fair,low,-1.0,cautious,2.0,bullish,-0.5,neutral,1.0,neutral,medium,"Macro and valuation inputs are available, but valuation coverage is still partial."
2017-02-01,china,slowdown,neutral,-0.3166703675479285,fair,low,-1.0,cautious,2.0,bullish,-0.5,neutral,1.0,neutral,medium,"Macro and valuation inputs are available, but valuation coverage is still partial."
2017-03-01,china,slowdown,neutral,-0.4374424690661466,fair,low,-1.0,cautious,2.0,bullish,-0.5,neutral,1.0,neutral,medium,"Macro and valuation inputs are available, but valuation coverage is still partial."
2017-04-01,china,slowdown,neutral,-0.3925280247009998,fair,low,-1.0,cautious,2.0,bullish,-0.5,neutral,1.0,neutral,medium,"Macro and valuation inputs are available, but valuation coverage is still partial."
2017-05-01,china,slowdown,neutral,-0.1625738135624139,fair,low,-1.0,cautious,2.0,bullish,-0.5,neutral,1.0,neutral,medium,"Macro and valuation inputs are available, but valuation coverage is still partial."
2017-06-01,china,slowdown,neutral,-0.2831394117625955,fair,low,-1.0,cautious,2.0,bullish,-0.5,neutral,1.0,neutral,medium,"Macro and valuation inputs are available, but valuation coverage is still partial."
2017-07-01,china,slowdown,neutral,-0.6117182572138808,expensive,low,-2.0,cautious,2.5,bullish,0.5,neutral,2.0,bullish,medium,"Macro and valuation inputs are available, but valuation coverage is still partial."
2017-08-01,china,slowdown,neutral,-0.9768288080839788,expensive,low,-2.0,cautious,2.5,bullish,0.5,neutral,2.0,bullish,medium,"Macro and valuation inputs are available, but valuation coverage is still partial."
2017-09-01,china,slowdown,neutral,-0.8953826583000184,expensive,low,-2.0,cautious,2.5,bullish,0.5,neutral,2.0,bullish,medium,"Macro and valuation inputs are available, but valuation coverage is still partial."
2017-10-01,china,slowdown,neutral,-0.903765397246352,expensive,low,-2.0,cautious,2.5,bullish,0.5,neutral,2.0,bullish,medium,"Macro and valuation inputs are available, but valuation coverage is still partial."
2017-11-01,china,slowdown,neutral,-0.8953826583000184,expensive,low,-2.0,cautious,2.5,bullish,0.5,neutral,2.0,bullish,medium,"Macro and valuation inputs are available, but valuation coverage is still partial."
2017-12-01,china,slowdown,neutral,-0.8223192474623914,expensive,low,-2.0,cautious,2.5,bullish,0.5,neutral,2.0,bullish,medium,"Macro and valuation inputs are available, but valuation coverage is still partial."
2018-01-01,china,slowdown,neutral,-0.9710338121350536,expensive,low,-2.0,cautious,2.5,bullish,0.5,neutral,2.0,bullish,medium,"Macro and valuation inputs are available, but valuation coverage is still partial."
2018-02-01,china,slowdown,neutral,-1.6163950078217366,expensive,low,-2.0,cautious,2.5,bullish,0.5,neutral,2.0,bullish,medium,"Macro and valuation inputs are available, but valuation coverage is still partial."
2018-03-01,china,slowdown,neutral,-0.7951546339716646,expensive,high,-2.0,cautious,2.5,bullish,0.5,neutral,2.0,bullish,high,Macro and valuation inputs are both available with strong coverage.
2018-04-01,china,slowdown,neutral,-0.5249995013658948,expensive,high,-2.0,cautious,2.5,bullish,0.5,neutral,2.0,bullish,high,Macro and valuation inputs are both available with strong coverage.
2018-05-01,china,goldilocks,neutral,-0.277712175005419,fair,high,2.0,bullish,0.0,neutral,-1.0,cautious,-1.0,cautious,high,Macro and valuation inputs are both available with strong coverage.
2018-06-01,china,goldilocks,neutral,-0.1811732011422704,fair,high,2.0,bullish,0.0,neutral,-1.0,cautious,-1.0,cautious,high,Macro and valuation inputs are both available with strong coverage.
2018-07-01,china,goldilocks,neutral,0.1394764219472938,fair,high,2.0,bullish,0.0,neutral,-1.0,cautious,-1.0,cautious,high,Macro and valuation inputs are both available with strong coverage.
2018-08-01,china,slowdown,neutral,0.181598444299165,fair,high,-1.0,cautious,2.0,bullish,-0.5,neutral,1.0,neutral,high,Macro and valuation inputs are both available with strong coverage.
2018-09-01,china,slowdown,tight,0.4867419358356679,fair,high,-2.0,cautious,2.5,bullish,-1.0,cautious,3.0,bullish,high,Macro and valuation inputs are both available with strong coverage.
2018-10-01,china,slowdown,neutral,0.2428743183630574,fair,high,-1.0,cautious,2.0,bullish,-0.5,neutral,1.0,neutral,high,Macro and valuation inputs are both available with strong coverage.
2018-11-01,china,slowdown,neutral,0.6684266607638699,cheap,high,0.0,neutral,1.0,neutral,-1.0,cautious,0.0,neutral,high,Macro and valuation inputs are both available with strong coverage.
2018-12-01,china,slowdown,neutral,0.6911268926119715,cheap,high,0.0,neutral,1.0,neutral,-1.0,cautious,0.0,neutral,high,Macro and valuation inputs are both available with strong coverage.
2019-01-01,china,slowdown,neutral,0.7899420238531094,cheap,high,0.0,neutral,1.0,neutral,-1.0,cautious,0.0,neutral,high,Macro and valuation inputs are both available with strong coverage.
2019-02-01,china,slowdown,neutral,0.4173870710649769,fair,high,-1.0,cautious,2.0,bullish,-0.5,neutral,1.0,neutral,high,Macro and valuation inputs are both available with strong coverage.
2019-03-01,china,slowdown,neutral,-0.1184188018563263,fair,high,-1.0,cautious,2.0,bullish,-0.5,neutral,1.0,neutral,high,Macro and valuation inputs are both available with strong coverage.
2019-04-01,china,slowdown,tight,-0.2325697363082213,fair,high,-2.0,cautious,2.5,bullish,-1.0,cautious,3.0,bullish,high,Macro and valuation inputs are both available with strong coverage.
2019-05-01,china,slowdown,neutral,-0.0026590103103275,fair,high,-1.0,cautious,2.0,bullish,-0.5,neutral,1.0,neutral,high,Macro and valuation inputs are both available with strong coverage.
2019-06-01,china,slowdown,neutral,0.3392107407372141,fair,high,-1.0,cautious,2.0,bullish,-0.5,neutral,1.0,neutral,high,Macro and valuation inputs are both available with strong coverage.
2019-07-01,china,slowdown,neutral,-0.1042559130819988,fair,high,-1.0,cautious,2.0,bullish,-0.5,neutral,1.0,neutral,high,Macro and valuation inputs are both available with strong coverage.
2019-08-01,china,slowdown,neutral,0.092694141114216,fair,high,-1.0,cautious,2.0,bullish,-0.5,neutral,1.0,neutral,high,Macro and valuation inputs are both available with strong coverage.
2019-09-01,china,slowdown,neutral,0.3108162507329148,fair,high,-1.0,cautious,2.0,bullish,-0.5,neutral,1.0,neutral,high,Macro and valuation inputs are both available with strong coverage.
2019-10-01,china,slowdown,neutral,0.4501664521017691,fair,high,-1.0,cautious,2.0,bullish,-0.5,neutral,1.0,neutral,high,Macro and valuation inputs are both available with strong coverage.
2019-11-01,china,slowdown,neutral,0.5701448109619723,cheap,high,0.0,neutral,1.0,neutral,-1.0,cautious,0.0,neutral,high,Macro and valuation inputs are both available with strong coverage.
2019-12-01,china,slowdown,neutral,0.7233816172304793,cheap,high,0.0,neutral,1.0,neutral,-1.0,cautious,0.0,neutral,high,Macro and valuation inputs are both available with strong coverage.
2020-01-01,china,slowdown,neutral,0.4846363985352702,fair,high,-1.0,cautious,2.0,bullish,-0.5,neutral,1.0,neutral,high,Macro and valuation inputs are both available with strong coverage.
2020-02-01,china,stagflation,easy,0.6320634997051023,cheap,high,0.0,neutral,-3.5,cautious,2.0,bullish,-1.0,cautious,high,Macro and valuation inputs are both available with strong coverage.
2020-03-01,china,stagflation,easy,0.6266939329681878,cheap,high,0.0,neutral,-3.5,cautious,2.0,bullish,-1.0,cautious,high,Macro and valuation inputs are both available with strong coverage.
2020-04-01,china,stagflation,easy,0.9252285157850972,cheap,high,0.0,neutral,-3.5,cautious,2.0,bullish,-1.0,cautious,high,Macro and valuation inputs are both available with strong coverage.
2020-05-01,china,stagflation,easy,0.4003403363952905,fair,high,-1.0,cautious,-2.5,cautious,2.5,bullish,0.0,neutral,high,Macro and valuation inputs are both available with strong coverage.
2020-06-01,china,stagflation,neutral,0.3855931699908038,fair,high,-2.0,cautious,-2.0,cautious,2.0,bullish,1.0,neutral,high,Macro and valuation inputs are both available with strong coverage.
2020-07-01,china,stagflation,neutral,0.1155542200107808,fair,high,-2.0,cautious,-2.0,cautious,2.0,bullish,1.0,neutral,high,Macro and valuation inputs are both available with strong coverage.
2020-08-01,china,stagflation,neutral,-0.4113776973826533,fair,high,-2.0,cautious,-2.0,cautious,2.0,bullish,1.0,neutral,high,Macro and valuation inputs are both available with strong coverage.
2020-09-01,china,stagflation,neutral,-0.8859022528756635,expensive,high,-3.0,cautious,-1.5,cautious,3.0,bullish,2.0,bullish,high,Macro and valuation inputs are both available with strong coverage.
2020-10-01,china,stagflation,neutral,-0.8282200827254491,expensive,high,-3.0,cautious,-1.5,cautious,3.0,bullish,2.0,bullish,high,Macro and valuation inputs are both available with strong coverage.
2020-11-01,china,goldilocks,neutral,-0.9242875089052148,expensive,high,1.0,neutral,0.5,neutral,0.0,neutral,0.0,neutral,high,Macro and valuation inputs are both available with strong coverage.
2020-12-01,china,goldilocks,neutral,-1.2341805713281422,expensive,high,1.0,neutral,0.5,neutral,0.0,neutral,0.0,neutral,high,Macro and valuation inputs are both available with strong coverage.
2021-01-01,china,goldilocks,neutral,-1.527898745841394,expensive,high,1.0,neutral,0.5,neutral,0.0,neutral,0.0,neutral,high,Macro and valuation inputs are both available with strong coverage.
2021-02-01,china,slowdown,neutral,-1.6754160818191068,expensive,high,-2.0,cautious,2.5,bullish,0.5,neutral,2.0,bullish,high,Macro and valuation inputs are both available with strong coverage.
2021-03-01,china,slowdown,neutral,-1.5606306436325077,expensive,high,-2.0,cautious,2.5,bullish,0.5,neutral,2.0,bullish,high,Macro and valuation inputs are both available with strong coverage.
2021-04-01,china,slowdown,neutral,-1.056076388282967,expensive,high,-2.0,cautious,2.5,bullish,0.5,neutral,2.0,bullish,high,Macro and valuation inputs are both available with strong coverage.
2021-05-01,china,slowdown,neutral,-0.6025981872900235,expensive,high,-2.0,cautious,2.5,bullish,0.5,neutral,2.0,bullish,high,Macro and valuation inputs are both available with strong coverage.
2021-06-01,china,slowdown,neutral,-0.8840437933028549,expensive,high,-2.0,cautious,2.5,bullish,0.5,neutral,2.0,bullish,high,Macro and valuation inputs are both available with strong coverage.
2021-07-01,china,slowdown,neutral,-1.00516822959568,expensive,high,-2.0,cautious,2.5,bullish,0.5,neutral,2.0,bullish,high,Macro and valuation inputs are both available with strong coverage.
2021-08-01,china,slowdown,neutral,-0.6029846209760514,expensive,high,-2.0,cautious,2.5,bullish,0.5,neutral,2.0,bullish,high,Macro and valuation inputs are both available with strong coverage.
2021-09-01,china,slowdown,neutral,-0.4857310500101878,fair,high,-1.0,cautious,2.0,bullish,-0.5,neutral,1.0,neutral,high,Macro and valuation inputs are both available with strong coverage.
2021-10-01,china,slowdown,neutral,-0.3648348919631284,fair,high,-1.0,cautious,2.0,bullish,-0.5,neutral,1.0,neutral,high,Macro and valuation inputs are both available with strong coverage.
2021-11-01,china,slowdown,neutral,-0.1865130454901397,fair,high,-1.0,cautious,2.0,bullish,-0.5,neutral,1.0,neutral,high,Macro and valuation inputs are both available with strong coverage.
2021-12-01,china,slowdown,neutral,-0.3507892815344143,fair,high,-1.0,cautious,2.0,bullish,-0.5,neutral,1.0,neutral,high,Macro and valuation inputs are both available with strong coverage.
2022-01-01,china,slowdown,easy,-0.7446124490011614,expensive,high,-1.0,cautious,2.0,bullish,1.0,neutral,1.0,neutral,high,Macro and valuation inputs are both available with strong coverage.
2022-02-01,china,slowdown,neutral,-0.4459585093515265,fair,high,-1.0,cautious,2.0,bullish,-0.5,neutral,1.0,neutral,high,Macro and valuation inputs are both available with strong coverage.
2022-03-01,china,slowdown,neutral,-0.4129022542882915,fair,high,-1.0,cautious,2.0,bullish,-0.5,neutral,1.0,neutral,high,Macro and valuation inputs are both available with strong coverage.
2022-04-01,china,slowdown,neutral,-0.011657539389008,fair,high,-1.0,cautious,2.0,bullish,-0.5,neutral,1.0,neutral,high,Macro and valuation inputs are both available with strong coverage.
2022-05-01,china,slowdown,neutral,0.2032350908426528,fair,high,-1.0,cautious,2.0,bullish,-0.5,neutral,1.0,neutral,high,Macro and valuation inputs are both available with strong coverage.
2022-06-01,china,slowdown,neutral,0.3387599680946075,fair,high,-1.0,cautious,2.0,bullish,-0.5,neutral,1.0,neutral,high,Macro and valuation inputs are both available with strong coverage.
2022-07-01,china,slowdown,neutral,0.0833694027308447,fair,high,-1.0,cautious,2.0,bullish,-0.5,neutral,1.0,neutral,high,Macro and valuation inputs are both available with strong coverage.
2022-08-01,china,slowdown,neutral,0.2944265091931292,fair,high,-1.0,cautious,2.0,bullish,-0.5,neutral,1.0,neutral,high,Macro and valuation inputs are both available with strong coverage.
2022-09-01,china,slowdown,neutral,0.5301367112944193,cheap,high,0.0,neutral,1.0,neutral,-1.0,cautious,0.0,neutral,high,Macro and valuation inputs are both available with strong coverage.
2022-10-01,china,slowdown,neutral,0.5733821620641255,cheap,high,0.0,neutral,1.0,neutral,-1.0,cautious,0.0,neutral,high,Macro and valuation inputs are both available with strong coverage.
2022-11-01,china,slowdown,neutral,0.753524852919766,cheap,high,0.0,neutral,1.0,neutral,-1.0,cautious,0.0,neutral,high,Macro and valuation inputs are both available with strong coverage.
2022-12-01,china,slowdown,neutral,0.6599126765751614,cheap,high,0.0,neutral,1.0,neutral,-1.0,cautious,0.0,neutral,high,Macro and valuation inputs are both available with strong coverage.
2023-01-01,china,slowdown,neutral,0.7203725866794665,cheap,high,0.0,neutral,1.0,neutral,-1.0,cautious,0.0,neutral,high,Macro and valuation inputs are both available with strong coverage.
2023-02-01,china,goldilocks,neutral,0.256781326492333,fair,high,2.0,bullish,0.0,neutral,-1.0,cautious,-1.0,cautious,high,Macro and valuation inputs are both available with strong coverage.
2023-03-01,china,goldilocks,neutral,0.2220489451753344,fair,high,2.0,bullish,0.0,neutral,-1.0,cautious,-1.0,cautious,high,Macro and valuation inputs are both available with strong coverage.
2023-04-01,china,goldilocks,neutral,0.1439165311230132,fair,high,2.0,bullish,0.0,neutral,-1.0,cautious,-1.0,cautious,high,Macro and valuation inputs are both available with strong coverage.
2023-05-01,china,slowdown,neutral,0.1099374882950762,fair,high,-1.0,cautious,2.0,bullish,-0.5,neutral,1.0,neutral,high,Macro and valuation inputs are both available with strong coverage.
2023-06-01,china,slowdown,easy,0.2462009984571914,fair,high,0.0,neutral,1.5,neutral,0.0,neutral,0.0,neutral,high,Macro and valuation inputs are both available with strong coverage.
2023-07-01,china,slowdown,neutral,0.1897774167135462,fair,high,-1.0,cautious,2.0,bullish,-0.5,neutral,1.0,neutral,high,Macro and valuation inputs are both available with strong coverage.
2023-08-01,china,slowdown,easy,0.1423739038118259,fair,high,0.0,neutral,1.5,neutral,0.0,neutral,0.0,neutral,high,Macro and valuation inputs are both available with strong coverage.
2023-09-01,china,slowdown,neutral,0.3060127294546787,fair,high,-1.0,cautious,2.0,bullish,-0.5,neutral,1.0,neutral,high,Macro and valuation inputs are both available with strong coverage.
2023-10-01,china,slowdown,neutral,0.3375379091211682,fair,high,-1.0,cautious,2.0,bullish,-0.5,neutral,1.0,neutral,high,Macro and valuation inputs are both available with strong coverage.
2023-11-01,china,slowdown,neutral,0.4386093370519398,fair,high,-1.0,cautious,2.0,bullish,-0.5,neutral,1.0,neutral,high,Macro and valuation inputs are both available with strong coverage.
2023-12-01,china,slowdown,neutral,0.6503285016707174,cheap,high,0.0,neutral,1.0,neutral,-1.0,cautious,0.0,neutral,high,Macro and valuation inputs are both available with strong coverage.
2024-01-01,china,slowdown,easy,0.5740855113308487,cheap,high,1.0,neutral,0.5,neutral,-0.5,neutral,-1.0,cautious,high,Macro and valuation inputs are both available with strong coverage.
2024-02-01,china,slowdown,easy,0.9373791517466352,cheap,high,1.0,neutral,0.5,neutral,-0.5,neutral,-1.0,cautious,high,Macro and valuation inputs are both available with strong coverage.
2024-03-01,china,slowdown,easy,0.5010170134645696,cheap,high,1.0,neutral,0.5,neutral,-0.5,neutral,-1.0,cautious,high,Macro and valuation inputs are both available with strong coverage.
2024-04-01,china,slowdown,neutral,0.4614835977161677,fair,high,-1.0,cautious,2.0,bullish,-0.5,neutral,1.0,neutral,high,Macro and valuation inputs are both available with strong coverage.
2024-05-01,china,slowdown,neutral,0.4076067184957762,fair,high,-1.0,cautious,2.0,bullish,-0.5,neutral,1.0,neutral,high,Macro and valuation inputs are both available with strong coverage.
2024-06-01,china,slowdown,neutral,0.40208640539632,fair,high,-1.0,cautious,2.0,bullish,-0.5,neutral,1.0,neutral,high,Macro and valuation inputs are both available with strong coverage.
2024-07-01,china,slowdown,easy,0.4887313978546262,fair,high,0.0,neutral,1.5,neutral,0.0,neutral,0.0,neutral,high,Macro and valuation inputs are both available with strong coverage.
2024-08-01,china,slowdown,easy,0.5818757653808628,cheap,high,1.0,neutral,0.5,neutral,-0.5,neutral,-1.0,cautious,high,Macro and valuation inputs are both available with strong coverage.
2024-09-01,china,slowdown,neutral,0.675564032489613,cheap,high,0.0,neutral,1.0,neutral,-1.0,cautious,0.0,neutral,high,Macro and valuation inputs are both available with strong coverage.
2024-10-01,china,slowdown,easy,0.1519851445524644,fair,high,0.0,neutral,1.5,neutral,0.0,neutral,0.0,neutral,high,Macro and valuation inputs are both available with strong coverage.
2024-11-01,china,slowdown,easy,0.38237785428987,fair,high,0.0,neutral,1.5,neutral,0.0,neutral,0.0,neutral,high,Macro and valuation inputs are both available with strong coverage.
2024-12-01,china,slowdown,easy,0.1253117657325721,fair,high,0.0,neutral,1.5,neutral,0.0,neutral,0.0,neutral,high,Macro and valuation inputs are both available with strong coverage.
2025-01-01,china,slowdown,easy,0.0518450283530752,fair,high,0.0,neutral,1.5,neutral,0.0,neutral,0.0,neutral,high,Macro and valuation inputs are both available with strong coverage.
2025-02-01,china,slowdown,easy,-0.0031253063618521,fair,high,0.0,neutral,1.5,neutral,0.0,neutral,0.0,neutral,high,Macro and valuation inputs are both available with strong coverage.
2025-03-01,china,slowdown,neutral,0.0733856376246987,fair,high,-1.0,cautious,2.0,bullish,-0.5,neutral,1.0,neutral,high,Macro and valuation inputs are both available with strong coverage.
2025-04-01,china,slowdown,neutral,0.1032372753973502,fair,high,-1.0,cautious,2.0,bullish,-0.5,neutral,1.0,neutral,high,Macro and valuation inputs are both available with strong coverage.
2025-05-01,china,slowdown,easy,0.254411030396442,fair,high,0.0,neutral,1.5,neutral,0.0,neutral,0.0,neutral,high,Macro and valuation inputs are both available with strong coverage.
2025-06-01,china,slowdown,easy,0.1572433777011955,fair,high,0.0,neutral,1.5,neutral,0.0,neutral,0.0,neutral,high,Macro and valuation inputs are both available with strong coverage.
2025-07-01,china,slowdown,neutral,-0.0611771599256497,fair,high,-1.0,cautious,2.0,bullish,-0.5,neutral,1.0,neutral,high,Macro and valuation inputs are both available with strong coverage.
2025-08-01,china,slowdown,neutral,-0.1277909352409998,fair,high,-1.0,cautious,2.0,bullish,-0.5,neutral,1.0,neutral,high,Macro and valuation inputs are both available with strong coverage.
2025-09-01,china,slowdown,neutral,-0.3959153089586325,fair,high,-1.0,cautious,2.0,bullish,-0.5,neutral,1.0,neutral,high,Macro and valuation inputs are both available with strong coverage.
2025-10-01,china,slowdown,neutral,-0.3397080004886977,fair,high,-1.0,cautious,2.0,bullish,-0.5,neutral,1.0,neutral,high,Macro and valuation inputs are both available with strong coverage.
2025-11-01,china,slowdown,neutral,-0.2204680356885463,fair,high,-1.0,cautious,2.0,bullish,-0.5,neutral,1.0,neutral,high,Macro and valuation inputs are both available with strong coverage.
2025-12-01,china,slowdown,neutral,-0.4297346060251076,fair,high,-1.0,cautious,2.0,bullish,-0.5,neutral,1.0,neutral,high,Macro and valuation inputs are both available with strong coverage.
2026-01-01,china,slowdown,neutral,-0.5843114947267904,expensive,high,-2.0,cautious,2.5,bullish,0.5,neutral,2.0,bullish,high,Macro and valuation inputs are both available with strong coverage.
2026-02-01,china,slowdown,neutral,-0.4009829461639603,fair,high,-1.0,cautious,2.0,bullish,-0.5,neutral,1.0,neutral,high,Macro and valuation inputs are both available with strong coverage.
2026-03-01,china,slowdown,neutral,-0.3878578639326536,fair,high,-1.0,cautious,2.0,bullish,-0.5,neutral,1.0,neutral,high,Macro and valuation inputs are both available with strong coverage.
2026-04-01,china,slowdown,neutral,-0.3099689863280905,fair,high,-1.0,cautious,2.0,bullish,-0.5,neutral,1.0,neutral,high,Macro and valuation inputs are both available with strong coverage.
2026-05-01,china,slowdown,neutral,-0.3099689863280905,fair,high,-1.0,cautious,2.0,bullish,-0.5,neutral,1.0,neutral,high,Macro and valuation inputs are both available with strong coverage.
2026-06-01,china,slowdown,neutral,-0.3099689863280905,fair,high,-1.0,cautious,2.0,bullish,-0.5,neutral,1.0,neutral,high,Macro and valuation inputs are both available with strong coverage.
2026-07-01,china,slowdown,neutral,-0.3099689863280905,fair,high,-1.0,cautious,2.0,bullish,-0.5,neutral,1.0,neutral,high,Macro and valuation inputs are both available with strong coverage.
2026-08-01,china,slowdown,neutral,-0.3099689863280905,fair,high,-1.0,cautious,2.0,bullish,-0.5,neutral,1.0,neutral,high,Macro and valuation inputs are both available with strong coverage.
