date,country,growth_score,inflation_score,liquidity_score,regime_raw,regime,regime_confidence,regime_note,liquidity_regime
1970-01-01,eurozone,,,,unknown,unknown,unknown,Growth or inflation score is unavailable.,unknown
1970-02-01,eurozone,,,,unknown,unknown,unknown,Growth or inflation score is unavailable.,unknown
1970-03-01,eurozone,,,,unknown,unknown,unknown,Growth or inflation score is unavailable.,unknown
1970-04-01,eurozone,,,,unknown,unknown,unknown,Growth or inflation score is unavailable.,unknown
1970-05-01,eurozone,,,,unknown,unknown,unknown,Growth or inflation score is unavailable.,unknown
1970-06-01,eurozone,,,-0.42547960987510397,unknown,unknown,unknown,Growth or inflation score is unavailable.,neutral
1970-07-01,eurozone,,,1.6552048525916019,unknown,unknown,unknown,Growth or inflation score is unavailable.,easy
1970-08-01,eurozone,,,1.901566218021009,unknown,unknown,unknown,Growth or inflation score is unavailable.,easy
1970-09-01,eurozone,,,1.9711079964173777,unknown,unknown,unknown,Growth or inflation score is unavailable.,easy
1970-10-01,eurozone,,,0.9663775413974665,unknown,unknown,unknown,Growth or inflation score is unavailable.,easy
1970-11-01,eurozone,,,1.3469206708251502,unknown,unknown,unknown,Growth or inflation score is unavailable.,easy
1970-12-01,eurozone,,,1.7944009297354664,unknown,unknown,unknown,Growth or inflation score is unavailable.,easy
1971-01-01,eurozone,,,2.261808061049416,unknown,unknown,unknown,Growth or inflation score is unavailable.,easy
1971-02-01,eurozone,,,1.8255462224515953,unknown,unknown,unknown,Growth or inflation score is unavailable.,easy
1971-03-01,eurozone,,,1.1561467701138652,unknown,unknown,unknown,Growth or inflation score is unavailable.,easy
1971-04-01,eurozone,,,0.10426199072177737,unknown,unknown,unknown,Growth or inflation score is unavailable.,neutral
1971-05-01,eurozone,,,-0.2691235530458348,unknown,unknown,unknown,Growth or inflation score is unavailable.,neutral
1971-06-01,eurozone,,,-0.6727506214175547,unknown,unknown,unknown,Growth or inflation score is unavailable.,tight
1971-07-01,eurozone,,,-0.7036488114091309,unknown,unknown,unknown,Growth or inflation score is unavailable.,tight
1971-08-01,eurozone,,,-0.3610483112381569,unknown,unknown,unknown,Growth or inflation score is unavailable.,neutral
1971-09-01,eurozone,,,0.23009941758760674,unknown,unknown,unknown,Growth or inflation score is unavailable.,neutral
1971-10-01,eurozone,,,0.6620442690212786,unknown,unknown,unknown,Growth or inflation score is unavailable.,easy
1971-11-01,eurozone,,,0.6544107194618453,unknown,unknown,unknown,Growth or inflation score is unavailable.,easy
1971-12-01,eurozone,,,0.7584995344318916,unknown,unknown,unknown,Growth or inflation score is unavailable.,easy
1972-01-01,eurozone,,,0.8002147534251298,unknown,unknown,unknown,Growth or inflation score is unavailable.,easy
1972-02-01,eurozone,,,1.0027014521694342,unknown,unknown,unknown,Growth or inflation score is unavailable.,easy
1972-03-01,eurozone,,,0.8701031307244077,unknown,unknown,unknown,Growth or inflation score is unavailable.,easy
1972-04-01,eurozone,,,0.20925555562332357,unknown,unknown,unknown,Growth or inflation score is unavailable.,neutral
1972-05-01,eurozone,,,0.019190618179741065,unknown,unknown,unknown,Growth or inflation score is unavailable.,neutral
1972-06-01,eurozone,,,-0.303140864239905,unknown,unknown,unknown,Growth or inflation score is unavailable.,neutral
1972-07-01,eurozone,,,-0.17028381665720543,unknown,unknown,unknown,Growth or inflation score is unavailable.,neutral
1972-08-01,eurozone,,,-0.4495964147106392,unknown,unknown,unknown,Growth or inflation score is unavailable.,neutral
1972-09-01,eurozone,,,-0.28311219564003903,unknown,unknown,unknown,Growth or inflation score is unavailable.,neutral
1972-10-01,eurozone,,,-0.634078554666873,unknown,unknown,unknown,Growth or inflation score is unavailable.,tight
1972-11-01,eurozone,,,-1.1173540036061955,unknown,unknown,unknown,Growth or inflation score is unavailable.,tight
1972-12-01,eurozone,,,-1.5344843862461386,unknown,unknown,unknown,Growth or inflation score is unavailable.,tight
1973-01-01,eurozone,,,-1.3085843366094427,unknown,unknown,unknown,Growth or inflation score is unavailable.,tight
1973-02-01,eurozone,,,-0.5223476786726298,unknown,unknown,unknown,Growth or inflation score is unavailable.,tight
1973-03-01,eurozone,,,-0.20029432726090646,unknown,unknown,unknown,Growth or inflation score is unavailable.,neutral
1973-04-01,eurozone,,,-0.25047890963639047,unknown,unknown,unknown,Growth or inflation score is unavailable.,neutral
1973-05-01,eurozone,,,-1.7433299381874616,unknown,unknown,unknown,Growth or inflation score is unavailable.,tight
1973-06-01,eurozone,,,-1.934358157489676,unknown,unknown,unknown,Growth or inflation score is unavailable.,tight
1973-07-01,eurozone,,,-1.7259454031369115,unknown,unknown,unknown,Growth or inflation score is unavailable.,tight
1973-08-01,eurozone,,,-0.7455531123713365,unknown,unknown,unknown,Growth or inflation score is unavailable.,tight
1973-09-01,eurozone,,,-0.5649063960468871,unknown,unknown,unknown,Growth or inflation score is unavailable.,tight
1973-10-01,eurozone,,,-0.09747936056031416,unknown,unknown,unknown,Growth or inflation score is unavailable.,neutral
1973-11-01,eurozone,,,-0.16633689398866727,unknown,unknown,unknown,Growth or inflation score is unavailable.,neutral
1973-12-01,eurozone,,,-0.5276212310275809,unknown,unknown,unknown,Growth or inflation score is unavailable.,tight
1974-01-01,eurozone,,,-1.465792193596476,unknown,unknown,unknown,Growth or inflation score is unavailable.,tight
1974-02-01,eurozone,,,-2.4932454340747205,unknown,unknown,unknown,Growth or inflation score is unavailable.,tight
1974-03-01,eurozone,,,-2.3908750871170135,unknown,unknown,unknown,Growth or inflation score is unavailable.,tight
1974-04-01,eurozone,,,-2.06192064345847,unknown,unknown,unknown,Growth or inflation score is unavailable.,tight
1974-05-01,eurozone,,,-1.7027861003341342,unknown,unknown,unknown,Growth or inflation score is unavailable.,tight
1974-06-01,eurozone,,,-2.5012960722551503,unknown,unknown,unknown,Growth or inflation score is unavailable.,tight
1974-07-01,eurozone,,,-2.415433563415264,unknown,unknown,unknown,Growth or inflation score is unavailable.,tight
1974-08-01,eurozone,,,-1.7370972111267453,unknown,unknown,unknown,Growth or inflation score is unavailable.,tight
1974-09-01,eurozone,,,-0.3351830475854692,unknown,unknown,unknown,Growth or inflation score is unavailable.,neutral
1974-10-01,eurozone,,,0.19237414080453877,unknown,unknown,unknown,Growth or inflation score is unavailable.,neutral
1974-11-01,eurozone,,,1.1675849499349031,unknown,unknown,unknown,Growth or inflation score is unavailable.,easy
1974-12-01,eurozone,,,1.0282580929104785,unknown,unknown,unknown,Growth or inflation score is unavailable.,easy
1975-01-01,eurozone,,,2.2595155315498623,unknown,unknown,unknown,Growth or inflation score is unavailable.,easy
1975-02-01,eurozone,,,2.089888220571235,unknown,unknown,unknown,Growth or inflation score is unavailable.,easy
1975-03-01,eurozone,,,2.537686576927277,unknown,unknown,unknown,Growth or inflation score is unavailable.,easy
1975-04-01,eurozone,,,1.2123943096483123,unknown,unknown,unknown,Growth or inflation score is unavailable.,easy
1975-05-01,eurozone,,,1.2169662938775516,unknown,unknown,unknown,Growth or inflation score is unavailable.,easy
1975-06-01,eurozone,,,0.9946243963801483,unknown,unknown,unknown,Growth or inflation score is unavailable.,easy
1975-07-01,eurozone,,,1.2756003204936581,unknown,unknown,unknown,Growth or inflation score is unavailable.,easy
1975-08-01,eurozone,,,0.42197333814176424,unknown,unknown,unknown,Growth or inflation score is unavailable.,neutral
1975-09-01,eurozone,,,-0.13042202046053544,unknown,unknown,unknown,Growth or inflation score is unavailable.,neutral
1975-10-01,eurozone,,,0.06530738238477853,unknown,unknown,unknown,Growth or inflation score is unavailable.,neutral
1975-11-01,eurozone,,,0.7119291802958742,unknown,unknown,unknown,Growth or inflation score is unavailable.,easy
1975-12-01,eurozone,,,1.0452198479786754,unknown,unknown,unknown,Growth or inflation score is unavailable.,easy
1976-01-01,eurozone,,,0.21217195954069495,unknown,unknown,unknown,Growth or inflation score is unavailable.,neutral
1976-02-01,eurozone,,,-0.24354801912267546,unknown,unknown,unknown,Growth or inflation score is unavailable.,neutral
1976-03-01,eurozone,,,-0.675499799863034,unknown,unknown,unknown,Growth or inflation score is unavailable.,tight
1976-04-01,eurozone,,,-1.1552597915137417,unknown,unknown,unknown,Growth or inflation score is unavailable.,tight
1976-05-01,eurozone,,,-1.7312048753332525,unknown,unknown,unknown,Growth or inflation score is unavailable.,tight
1976-06-01,eurozone,,,-2.05010025570481,unknown,unknown,unknown,Growth or inflation score is unavailable.,tight
1976-07-01,eurozone,,,-0.6343641188692143,unknown,unknown,unknown,Growth or inflation score is unavailable.,tight
1976-08-01,eurozone,,,-0.6510606739590175,unknown,unknown,unknown,Growth or inflation score is unavailable.,tight
1976-09-01,eurozone,,,0.2252370105412173,unknown,unknown,unknown,Growth or inflation score is unavailable.,neutral
1976-10-01,eurozone,,,-0.7799494121539106,unknown,unknown,unknown,Growth or inflation score is unavailable.,tight
1976-11-01,eurozone,,,0.37536468108824556,unknown,unknown,unknown,Growth or inflation score is unavailable.,neutral
1976-12-01,eurozone,,,0.28231847327276327,unknown,unknown,unknown,Growth or inflation score is unavailable.,neutral
1977-01-01,eurozone,,,0.8617044399322606,unknown,unknown,unknown,Growth or inflation score is unavailable.,easy
1977-02-01,eurozone,,,0.3432076142831545,unknown,unknown,unknown,Growth or inflation score is unavailable.,neutral
1977-03-01,eurozone,,,0.5811140879497889,unknown,unknown,unknown,Growth or inflation score is unavailable.,easy
1977-04-01,eurozone,,,0.36651894076255004,unknown,unknown,unknown,Growth or inflation score is unavailable.,neutral
1977-05-01,eurozone,,,0.728061255406785,unknown,unknown,unknown,Growth or inflation score is unavailable.,easy
1977-06-01,eurozone,,,0.35015411362796256,unknown,unknown,unknown,Growth or inflation score is unavailable.,neutral
1977-07-01,eurozone,,,0.5876606869704514,unknown,unknown,unknown,Growth or inflation score is unavailable.,easy
1977-08-01,eurozone,,,0.45507063827587135,unknown,unknown,unknown,Growth or inflation score is unavailable.,neutral
1977-09-01,eurozone,,,0.7978770974666741,unknown,unknown,unknown,Growth or inflation score is unavailable.,easy
1977-10-01,eurozone,,,0.5363635351849629,unknown,unknown,unknown,Growth or inflation score is unavailable.,easy
1977-11-01,eurozone,,,0.5332315719645848,unknown,unknown,unknown,Growth or inflation score is unavailable.,easy
1977-12-01,eurozone,,,0.43362492142137654,unknown,unknown,unknown,Growth or inflation score is unavailable.,neutral
1978-01-01,eurozone,,,0.9967296924314504,unknown,unknown,unknown,Growth or inflation score is unavailable.,easy
1978-02-01,eurozone,,,0.8310192490047436,unknown,unknown,unknown,Growth or inflation score is unavailable.,easy
1978-03-01,eurozone,,,1.0149801473759188,unknown,unknown,unknown,Growth or inflation score is unavailable.,easy
1978-04-01,eurozone,,,0.8559049709729298,unknown,unknown,unknown,Growth or inflation score is unavailable.,easy
1978-05-01,eurozone,,,0.47404245001131556,unknown,unknown,unknown,Growth or inflation score is unavailable.,neutral
1978-06-01,eurozone,,,0.3727728121686641,unknown,unknown,unknown,Growth or inflation score is unavailable.,neutral
1978-07-01,eurozone,,,-0.018875943287039468,unknown,unknown,unknown,Growth or inflation score is unavailable.,neutral
1978-08-01,eurozone,,,0.4740417217918226,unknown,unknown,unknown,Growth or inflation score is unavailable.,neutral
1978-09-01,eurozone,,,-0.027684872708409133,unknown,unknown,unknown,Growth or inflation score is unavailable.,neutral
1978-10-01,eurozone,,,-0.5422887643000812,unknown,unknown,unknown,Growth or inflation score is unavailable.,tight
1978-11-01,eurozone,,,-0.8152510019004974,unknown,unknown,unknown,Growth or inflation score is unavailable.,tight
1978-12-01,eurozone,,,0.07098232641785275,unknown,unknown,unknown,Growth or inflation score is unavailable.,neutral
1979-01-01,eurozone,,,0.7061709166402739,unknown,unknown,unknown,Growth or inflation score is unavailable.,easy
1979-02-01,eurozone,,,0.47754392230051035,unknown,unknown,unknown,Growth or inflation score is unavailable.,neutral
1979-03-01,eurozone,,,-0.35166276049986356,unknown,unknown,unknown,Growth or inflation score is unavailable.,neutral
1979-04-01,eurozone,,,-0.7698359092538747,unknown,unknown,unknown,Growth or inflation score is unavailable.,tight
1979-05-01,eurozone,,,-1.2315514498795657,unknown,unknown,unknown,Growth or inflation score is unavailable.,tight
1979-06-01,eurozone,,,-1.5632596884370198,unknown,unknown,unknown,Growth or inflation score is unavailable.,tight
1979-07-01,eurozone,,,-1.6158844526419942,unknown,unknown,unknown,Growth or inflation score is unavailable.,tight
1979-08-01,eurozone,,,-0.9928868577811617,unknown,unknown,unknown,Growth or inflation score is unavailable.,tight
1979-09-01,eurozone,,,-0.6067087170769292,unknown,unknown,unknown,Growth or inflation score is unavailable.,tight
1979-10-01,eurozone,,,-0.7418041838641941,unknown,unknown,unknown,Growth or inflation score is unavailable.,tight
1979-11-01,eurozone,,,-1.3923709652074094,unknown,unknown,unknown,Growth or inflation score is unavailable.,tight
1979-12-01,eurozone,,,-1.9862503742953141,unknown,unknown,unknown,Growth or inflation score is unavailable.,tight
1980-01-01,eurozone,,,-1.6783550511952423,unknown,unknown,unknown,Growth or inflation score is unavailable.,tight
1980-02-01,eurozone,,,-2.4649543312662847,unknown,unknown,unknown,Growth or inflation score is unavailable.,tight
1980-03-01,eurozone,,,-3.216810317227823,unknown,unknown,unknown,Growth or inflation score is unavailable.,tight
1980-04-01,eurozone,,,-2.5902050231118707,unknown,unknown,unknown,Growth or inflation score is unavailable.,tight
1980-05-01,eurozone,,,-0.17880741437223213,unknown,unknown,unknown,Growth or inflation score is unavailable.,neutral
1980-06-01,eurozone,,,1.8445819113569226,unknown,unknown,unknown,Growth or inflation score is unavailable.,easy
1980-07-01,eurozone,,,1.4744954654164615,unknown,unknown,unknown,Growth or inflation score is unavailable.,easy
1980-08-01,eurozone,,,0.5387710326527309,unknown,unknown,unknown,Growth or inflation score is unavailable.,easy
1980-09-01,eurozone,,,-0.6586736198772948,unknown,unknown,unknown,Growth or inflation score is unavailable.,tight
1980-10-01,eurozone,,,-1.4221326871680144,unknown,unknown,unknown,Growth or inflation score is unavailable.,tight
1980-11-01,eurozone,,,-1.6762938371240057,unknown,unknown,unknown,Growth or inflation score is unavailable.,tight
1980-12-01,eurozone,,,-0.7268529810723106,unknown,unknown,unknown,Growth or inflation score is unavailable.,tight
1981-01-01,eurozone,,,-0.14540537044646049,unknown,unknown,unknown,Growth or inflation score is unavailable.,neutral
1981-02-01,eurozone,,,-1.1334238665721825,unknown,unknown,unknown,Growth or inflation score is unavailable.,tight
1981-03-01,eurozone,,,-0.8518646572689066,unknown,unknown,unknown,Growth or inflation score is unavailable.,tight
1981-04-01,eurozone,,,-0.4034945596857715,unknown,unknown,unknown,Growth or inflation score is unavailable.,neutral
1981-05-01,eurozone,,,-0.6368138063318045,unknown,unknown,unknown,Growth or inflation score is unavailable.,tight
1981-06-01,eurozone,,,-0.7060540511004023,unknown,unknown,unknown,Growth or inflation score is unavailable.,tight
1981-07-01,eurozone,,,-1.0394314975545735,unknown,unknown,unknown,Growth or inflation score is unavailable.,tight
1981-08-01,eurozone,,,-0.5734373058810749,unknown,unknown,unknown,Growth or inflation score is unavailable.,tight
1981-09-01,eurozone,,,-0.004583359737963921,unknown,unknown,unknown,Growth or inflation score is unavailable.,neutral
1981-10-01,eurozone,,,-0.12183187882910468,unknown,unknown,unknown,Growth or inflation score is unavailable.,neutral
1981-11-01,eurozone,,,-0.6404208034412155,unknown,unknown,unknown,Growth or inflation score is unavailable.,tight
1981-12-01,eurozone,,,0.48631255262913636,unknown,unknown,unknown,Growth or inflation score is unavailable.,neutral
1982-01-01,eurozone,,,0.6730030264534314,unknown,unknown,unknown,Growth or inflation score is unavailable.,easy
1982-02-01,eurozone,,,0.3386629360046488,unknown,unknown,unknown,Growth or inflation score is unavailable.,neutral
1982-03-01,eurozone,,,0.6302412825792736,unknown,unknown,unknown,Growth or inflation score is unavailable.,easy
1982-04-01,eurozone,,,0.5938393599699183,unknown,unknown,unknown,Growth or inflation score is unavailable.,easy
1982-05-01,eurozone,,,-0.05339358049182885,unknown,unknown,unknown,Growth or inflation score is unavailable.,neutral
1982-06-01,eurozone,,,0.38849773130334375,unknown,unknown,unknown,Growth or inflation score is unavailable.,neutral
1982-07-01,eurozone,,,0.46797630496378334,unknown,unknown,unknown,Growth or inflation score is unavailable.,neutral
1982-08-01,eurozone,,,1.677329906425288,unknown,unknown,unknown,Growth or inflation score is unavailable.,easy
1982-09-01,eurozone,,,1.7419699169435887,unknown,unknown,unknown,Growth or inflation score is unavailable.,easy
1982-10-01,eurozone,,,1.6598826702434724,unknown,unknown,unknown,Growth or inflation score is unavailable.,easy
1982-11-01,eurozone,,,1.2411860425228842,unknown,unknown,unknown,Growth or inflation score is unavailable.,easy
1982-12-01,eurozone,,,1.7848235851681276,unknown,unknown,unknown,Growth or inflation score is unavailable.,easy
1983-01-01,eurozone,,,1.3194194853593983,unknown,unknown,unknown,Growth or inflation score is unavailable.,easy
1983-02-01,eurozone,,,1.091425621338585,unknown,unknown,unknown,Growth or inflation score is unavailable.,easy
1983-03-01,eurozone,,,0.052187022777109626,unknown,unknown,unknown,Growth or inflation score is unavailable.,neutral
1983-04-01,eurozone,,,-0.2775616460305127,unknown,unknown,unknown,Growth or inflation score is unavailable.,neutral
1983-05-01,eurozone,,,-0.3433520850474841,unknown,unknown,unknown,Growth or inflation score is unavailable.,neutral
1983-06-01,eurozone,,,-1.353857167905587,unknown,unknown,unknown,Growth or inflation score is unavailable.,tight
1983-07-01,eurozone,,,-1.2356910315394332,unknown,unknown,unknown,Growth or inflation score is unavailable.,tight
1983-08-01,eurozone,,,-1.3094042026291617,unknown,unknown,unknown,Growth or inflation score is unavailable.,tight
1983-09-01,eurozone,,,-1.3484644887932735,unknown,unknown,unknown,Growth or inflation score is unavailable.,tight
1983-10-01,eurozone,,,-1.0181006091836666,unknown,unknown,unknown,Growth or inflation score is unavailable.,tight
1983-11-01,eurozone,,,-0.8979932738511602,unknown,unknown,unknown,Growth or inflation score is unavailable.,tight
1983-12-01,eurozone,,,-0.7671087915646781,unknown,unknown,unknown,Growth or inflation score is unavailable.,tight
1984-01-01,eurozone,,,-0.6350311141837492,unknown,unknown,unknown,Growth or inflation score is unavailable.,tight
1984-02-01,eurozone,,,-0.38175153941303497,unknown,unknown,unknown,Growth or inflation score is unavailable.,neutral
1984-03-01,eurozone,,,-0.32773071316974356,unknown,unknown,unknown,Growth or inflation score is unavailable.,neutral
1984-04-01,eurozone,,,-0.5314944164337926,unknown,unknown,unknown,Growth or inflation score is unavailable.,tight
1984-05-01,eurozone,,,-0.7576227775666922,unknown,unknown,unknown,Growth or inflation score is unavailable.,tight
1984-06-01,eurozone,,,-0.81595470808847,unknown,unknown,unknown,Growth or inflation score is unavailable.,tight
1984-07-01,eurozone,,,-0.6042133220177922,unknown,unknown,unknown,Growth or inflation score is unavailable.,tight
1984-08-01,eurozone,,,-0.21759332777945906,unknown,unknown,unknown,Growth or inflation score is unavailable.,neutral
1984-09-01,eurozone,,,0.011491277569753766,unknown,unknown,unknown,Growth or inflation score is unavailable.,neutral
1984-10-01,eurozone,,,0.20431530420044353,unknown,unknown,unknown,Growth or inflation score is unavailable.,neutral
1984-11-01,eurozone,,,0.2112293523209693,unknown,unknown,unknown,Growth or inflation score is unavailable.,neutral
1984-12-01,eurozone,,,0.32976416895178584,unknown,unknown,unknown,Growth or inflation score is unavailable.,neutral
1985-01-01,eurozone,,,0.39209823373567076,unknown,unknown,unknown,Growth or inflation score is unavailable.,neutral
1985-02-01,eurozone,,,0.33192790758087903,unknown,unknown,unknown,Growth or inflation score is unavailable.,neutral
1985-03-01,eurozone,,,0.04378868688917706,unknown,unknown,unknown,Growth or inflation score is unavailable.,neutral
1985-04-01,eurozone,,,-0.22291614878354987,unknown,unknown,unknown,Growth or inflation score is unavailable.,neutral
1985-05-01,eurozone,,,-0.3836631180356489,unknown,unknown,unknown,Growth or inflation score is unavailable.,neutral
1985-06-01,eurozone,,,-0.3106341450270652,unknown,unknown,unknown,Growth or inflation score is unavailable.,neutral
1985-07-01,eurozone,,,-0.5476312168697488,unknown,unknown,unknown,Growth or inflation score is unavailable.,tight
1985-08-01,eurozone,,,-0.6353500280583946,unknown,unknown,unknown,Growth or inflation score is unavailable.,tight
1985-09-01,eurozone,,,-0.626061201829085,unknown,unknown,unknown,Growth or inflation score is unavailable.,tight
1985-10-01,eurozone,,,-0.4204651302923714,unknown,unknown,unknown,Growth or inflation score is unavailable.,neutral
1985-11-01,eurozone,,,-0.489280352880998,unknown,unknown,unknown,Growth or inflation score is unavailable.,neutral
1985-12-01,eurozone,,,-0.28755873950912536,unknown,unknown,unknown,Growth or inflation score is unavailable.,neutral
1986-01-01,eurozone,,,-0.3348526528289155,unknown,unknown,unknown,Growth or inflation score is unavailable.,neutral
1986-02-01,eurozone,,,-0.6626108417786816,unknown,unknown,unknown,Growth or inflation score is unavailable.,tight
1986-03-01,eurozone,,,0.06837504930962424,unknown,unknown,unknown,Growth or inflation score is unavailable.,neutral
1986-04-01,eurozone,,,0.2777832348888163,unknown,unknown,unknown,Growth or inflation score is unavailable.,neutral
1986-05-01,eurozone,,,0.6426659676934046,unknown,unknown,unknown,Growth or inflation score is unavailable.,easy
1986-06-01,eurozone,,,-0.012338875465559451,unknown,unknown,unknown,Growth or inflation score is unavailable.,neutral
1986-07-01,eurozone,,,-0.6198525932328673,unknown,unknown,unknown,Growth or inflation score is unavailable.,tight
1986-08-01,eurozone,,,-0.6576109467858864,unknown,unknown,unknown,Growth or inflation score is unavailable.,tight
1986-09-01,eurozone,,,-0.43857796288886863,unknown,unknown,unknown,Growth or inflation score is unavailable.,neutral
1986-10-01,eurozone,,,-0.37372562462880576,unknown,unknown,unknown,Growth or inflation score is unavailable.,neutral
1986-11-01,eurozone,,,-0.6664440141000554,unknown,unknown,unknown,Growth or inflation score is unavailable.,tight
1986-12-01,eurozone,,,-0.9815240170649003,unknown,unknown,unknown,Growth or inflation score is unavailable.,tight
1987-01-01,eurozone,,,-0.759503143990602,unknown,unknown,unknown,Growth or inflation score is unavailable.,tight
1987-02-01,eurozone,,,-0.6226497495259087,unknown,unknown,unknown,Growth or inflation score is unavailable.,tight
1987-03-01,eurozone,,,-0.7219185946193769,unknown,unknown,unknown,Growth or inflation score is unavailable.,tight
1987-04-01,eurozone,,,-0.45268821894032296,unknown,unknown,unknown,Growth or inflation score is unavailable.,neutral
1987-05-01,eurozone,,,-0.5451128065529773,unknown,unknown,unknown,Growth or inflation score is unavailable.,tight
1987-06-01,eurozone,,,-0.8096308939196304,unknown,unknown,unknown,Growth or inflation score is unavailable.,tight
1987-07-01,eurozone,,,-1.083409860647177,unknown,unknown,unknown,Growth or inflation score is unavailable.,tight
1987-08-01,eurozone,,,-1.1935733120469498,unknown,unknown,unknown,Growth or inflation score is unavailable.,tight
1987-09-01,eurozone,,,-1.2257357093136345,unknown,unknown,unknown,Growth or inflation score is unavailable.,tight
1987-10-01,eurozone,,,-1.2512147066325652,unknown,unknown,unknown,Growth or inflation score is unavailable.,tight
1987-11-01,eurozone,,,-0.27467581745943065,unknown,unknown,unknown,Growth or inflation score is unavailable.,neutral
1987-12-01,eurozone,,,0.0930113400292994,unknown,unknown,unknown,Growth or inflation score is unavailable.,neutral
1988-01-01,eurozone,,,0.48247529788725535,unknown,unknown,unknown,Growth or inflation score is unavailable.,neutral
1988-02-01,eurozone,,,0.22564591075995155,unknown,unknown,unknown,Growth or inflation score is unavailable.,neutral
1988-03-01,eurozone,,,0.09648970931437884,unknown,unknown,unknown,Growth or inflation score is unavailable.,neutral
1988-04-01,eurozone,,,0.06929287891910607,unknown,unknown,unknown,Growth or inflation score is unavailable.,neutral
1988-05-01,eurozone,,,-0.3626598047732313,unknown,unknown,unknown,Growth or inflation score is unavailable.,neutral
1988-06-01,eurozone,,,-0.3712118457906951,unknown,unknown,unknown,Growth or inflation score is unavailable.,neutral
1988-07-01,eurozone,,,-0.4565925838565881,unknown,unknown,unknown,Growth or inflation score is unavailable.,neutral
1988-08-01,eurozone,,,-0.3478083050320048,unknown,unknown,unknown,Growth or inflation score is unavailable.,neutral
1988-09-01,eurozone,,,-0.4298230010223228,unknown,unknown,unknown,Growth or inflation score is unavailable.,neutral
1988-10-01,eurozone,,,-0.16348611323738726,unknown,unknown,unknown,Growth or inflation score is unavailable.,neutral
1988-11-01,eurozone,,,-0.0193758470300556,unknown,unknown,unknown,Growth or inflation score is unavailable.,neutral
1988-12-01,eurozone,,,-0.20516197065432148,unknown,unknown,unknown,Growth or inflation score is unavailable.,neutral
1989-01-01,eurozone,,,-0.36814726953312027,unknown,unknown,unknown,Growth or inflation score is unavailable.,neutral
1989-02-01,eurozone,,,-0.532084423247627,unknown,unknown,unknown,Growth or inflation score is unavailable.,tight
1989-03-01,eurozone,,,-0.3490662056740543,unknown,unknown,unknown,Growth or inflation score is unavailable.,neutral
1989-04-01,eurozone,,,-0.5199799212198168,unknown,unknown,unknown,Growth or inflation score is unavailable.,tight
1989-05-01,eurozone,,,-0.31874699473289825,unknown,unknown,unknown,Growth or inflation score is unavailable.,neutral
1989-06-01,eurozone,,,0.32827023759835117,unknown,unknown,unknown,Growth or inflation score is unavailable.,neutral
1989-07-01,eurozone,,,0.3237698810484929,unknown,unknown,unknown,Growth or inflation score is unavailable.,neutral
1989-08-01,eurozone,,,0.3902705774693508,unknown,unknown,unknown,Growth or inflation score is unavailable.,neutral
1989-09-01,eurozone,,,0.10871598205347828,unknown,unknown,unknown,Growth or inflation score is unavailable.,neutral
1989-10-01,eurozone,,,-0.2191560887386605,unknown,unknown,unknown,Growth or inflation score is unavailable.,neutral
1989-11-01,eurozone,,,-0.5416318323549512,unknown,unknown,unknown,Growth or inflation score is unavailable.,tight
1989-12-01,eurozone,,,-0.19652231518955932,unknown,unknown,unknown,Growth or inflation score is unavailable.,neutral
1990-01-01,eurozone,,,-0.09358859312271561,unknown,unknown,unknown,Growth or inflation score is unavailable.,neutral
1990-02-01,eurozone,,,-0.38202574678811546,unknown,unknown,unknown,Growth or inflation score is unavailable.,neutral
1990-03-01,eurozone,,,-0.8331694112579852,unknown,unknown,unknown,Growth or inflation score is unavailable.,tight
1990-04-01,eurozone,,,-0.34838504274783166,unknown,unknown,unknown,Growth or inflation score is unavailable.,neutral
1990-05-01,eurozone,,,0.13227207243425418,unknown,unknown,unknown,Growth or inflation score is unavailable.,neutral
1990-06-01,eurozone,,,1.6802767233927696,unknown,unknown,unknown,Growth or inflation score is unavailable.,easy
1990-07-01,eurozone,,,1.4927566028594996,unknown,unknown,unknown,Growth or inflation score is unavailable.,easy
1990-08-01,eurozone,,,0.9523197657366074,unknown,unknown,unknown,Growth or inflation score is unavailable.,easy
1990-09-01,eurozone,,,0.7141999182189116,unknown,unknown,unknown,Growth or inflation score is unavailable.,easy
1990-10-01,eurozone,,,0.6149837885521632,unknown,unknown,unknown,Growth or inflation score is unavailable.,easy
1990-11-01,eurozone,,,1.0977550767539435,unknown,unknown,unknown,Growth or inflation score is unavailable.,easy
1990-12-01,eurozone,,,1.3387572473161142,unknown,unknown,unknown,Growth or inflation score is unavailable.,easy
1991-01-01,eurozone,,,1.0891490081279782,unknown,unknown,unknown,Growth or inflation score is unavailable.,easy
1991-02-01,eurozone,,,1.521269586873932,unknown,unknown,unknown,Growth or inflation score is unavailable.,easy
1991-03-01,eurozone,,,1.4108604513313736,unknown,unknown,unknown,Growth or inflation score is unavailable.,easy
1991-04-01,eurozone,,,1.6891967260390555,unknown,unknown,unknown,Growth or inflation score is unavailable.,easy
1991-05-01,eurozone,-1.1184137772414235,,1.3871763770322438,unknown,unknown,unknown,Growth or inflation score is unavailable.,easy
1991-06-01,eurozone,0.4827830956547692,,-0.11004916322816188,unknown,unknown,unknown,Growth or inflation score is unavailable.,neutral
1991-07-01,eurozone,0.030133698836806333,,-0.5526695848834886,unknown,unknown,unknown,Growth or inflation score is unavailable.,tight
1991-08-01,eurozone,0.05711777480016625,,-0.6306537699514535,unknown,unknown,unknown,Growth or inflation score is unavailable.,tight
1991-09-01,eurozone,-1.023305527320605,,-0.44609482111210647,unknown,unknown,unknown,Growth or inflation score is unavailable.,neutral
1991-10-01,eurozone,0.08735149534792014,,-0.10629587137481927,unknown,unknown,unknown,Growth or inflation score is unavailable.,neutral
1991-11-01,eurozone,0.8558859265881968,,-0.13140431906248679,unknown,unknown,unknown,Growth or inflation score is unavailable.,neutral
1991-12-01,eurozone,0.7521066302531902,,-0.33471645563203434,unknown,unknown,unknown,Growth or inflation score is unavailable.,neutral
1992-01-01,eurozone,1.2806807839771046,,-0.3016470162180835,unknown,unknown,unknown,Growth or inflation score is unavailable.,neutral
1992-02-01,eurozone,1.248832772891118,,-0.29163582107260666,unknown,unknown,unknown,Growth or inflation score is unavailable.,neutral
1992-03-01,eurozone,0.8367275570660664,,-0.19020056009056757,unknown,unknown,unknown,Growth or inflation score is unavailable.,neutral
1992-04-01,eurozone,0.5657123433319692,,-0.3820020228532656,unknown,unknown,unknown,Growth or inflation score is unavailable.,neutral
1992-05-01,eurozone,-0.36884576667210983,,-0.3241688728708042,unknown,unknown,unknown,Growth or inflation score is unavailable.,neutral
1992-06-01,eurozone,-1.14346213376954,,-0.5753097497564916,unknown,unknown,unknown,Growth or inflation score is unavailable.,tight
1992-07-01,eurozone,-1.6001996778582868,,-0.7806405196925058,unknown,unknown,unknown,Growth or inflation score is unavailable.,tight
1992-08-01,eurozone,-1.503085842357511,,-1.037610203473468,unknown,unknown,unknown,Growth or inflation score is unavailable.,tight
1992-09-01,eurozone,-1.730196317552499,,-0.32546325657012876,unknown,unknown,unknown,Growth or inflation score is unavailable.,neutral
1992-10-01,eurozone,-1.2436920216854574,,-0.4935394833525781,unknown,unknown,unknown,Growth or inflation score is unavailable.,neutral
1992-11-01,eurozone,-1.6363023653424034,,-0.05610133512223009,unknown,unknown,unknown,Growth or inflation score is unavailable.,neutral
1992-12-01,eurozone,-1.8593979282783428,,-0.4395342038659545,unknown,unknown,unknown,Growth or inflation score is unavailable.,neutral
1993-01-01,eurozone,-1.6950583846425655,,0.14547372570786454,unknown,unknown,unknown,Growth or inflation score is unavailable.,neutral
1993-02-01,eurozone,-1.7269059541377623,,0.11807908658672628,unknown,unknown,unknown,Growth or inflation score is unavailable.,neutral
1993-03-01,eurozone,-1.1323970103943832,,0.6797007790506175,unknown,unknown,unknown,Growth or inflation score is unavailable.,easy
1993-04-01,eurozone,-1.3507398756968956,,0.14814189474716916,unknown,unknown,unknown,Growth or inflation score is unavailable.,neutral
1993-05-01,eurozone,-1.035927626883204,,-0.15674455703781653,unknown,unknown,unknown,Growth or inflation score is unavailable.,neutral
1993-06-01,eurozone,-1.0823352834293039,,-0.229355911404092,unknown,unknown,unknown,Growth or inflation score is unavailable.,neutral
1993-07-01,eurozone,-1.0036025175531682,,0.05455926227882024,unknown,unknown,unknown,Growth or inflation score is unavailable.,neutral
1993-08-01,eurozone,-0.4050539390291537,,0.4793511640305911,unknown,unknown,unknown,Growth or inflation score is unavailable.,neutral
1993-09-01,eurozone,0.001501731785395884,,0.15623042999206982,unknown,unknown,unknown,Growth or inflation score is unavailable.,neutral
1993-10-01,eurozone,0.18876056116334408,,0.2204269376150335,unknown,unknown,unknown,Growth or inflation score is unavailable.,neutral
1993-11-01,eurozone,-0.06958576958070417,,-0.3654028080504952,unknown,unknown,unknown,Growth or inflation score is unavailable.,neutral
1993-12-01,eurozone,0.23776585012344062,,-0.27086735190995004,unknown,unknown,unknown,Growth or inflation score is unavailable.,neutral
1994-01-01,eurozone,0.13239793299262345,,-0.036233715974918757,unknown,unknown,unknown,Growth or inflation score is unavailable.,neutral
1994-02-01,eurozone,0.7578292948969145,,-0.32778439714011864,unknown,unknown,unknown,Growth or inflation score is unavailable.,neutral
1994-03-01,eurozone,0.7907023673008657,,-1.3155148016085183,unknown,unknown,unknown,Growth or inflation score is unavailable.,tight
1994-04-01,eurozone,1.309290897769795,,-1.9527906115498,unknown,unknown,unknown,Growth or inflation score is unavailable.,tight
1994-05-01,eurozone,1.0278616448403513,,-2.2080319061790035,unknown,unknown,unknown,Growth or inflation score is unavailable.,tight
1994-06-01,eurozone,1.1926861792071963,,-2.337144193355603,unknown,unknown,unknown,Growth or inflation score is unavailable.,tight
1994-07-01,eurozone,0.9774273230880963,,-2.154467407185705,unknown,unknown,unknown,Growth or inflation score is unavailable.,tight
1994-08-01,eurozone,0.871908732608539,,-2.260593364262825,unknown,unknown,unknown,Growth or inflation score is unavailable.,tight
1994-09-01,eurozone,0.9763961155215872,,-2.1312170032210767,unknown,unknown,unknown,Growth or inflation score is unavailable.,tight
1994-10-01,eurozone,1.2418711195547703,,-2.207775929062874,unknown,unknown,unknown,Growth or inflation score is unavailable.,tight
1994-11-01,eurozone,1.4453107900447861,,-1.9292438846792535,unknown,unknown,unknown,Growth or inflation score is unavailable.,tight
1994-12-01,eurozone,1.6171658912000588,,-1.6602647225551017,unknown,unknown,unknown,Growth or inflation score is unavailable.,tight
1995-01-01,eurozone,1.2207018706203565,,-1.7945440666269687,unknown,unknown,unknown,Growth or inflation score is unavailable.,tight
1995-02-01,eurozone,0.9735272086743999,,-1.5379635259867572,unknown,unknown,unknown,Growth or inflation score is unavailable.,tight
1995-03-01,eurozone,0.6633282211740847,,-1.8539892445582113,unknown,unknown,unknown,Growth or inflation score is unavailable.,tight
1995-04-01,eurozone,0.7968527550148446,,-1.4068259702076404,unknown,unknown,unknown,Growth or inflation score is unavailable.,tight
1995-05-01,eurozone,0.9158458797695568,,-0.8820585667700053,unknown,unknown,unknown,Growth or inflation score is unavailable.,tight
1995-06-01,eurozone,0.7634800984948878,,-0.49520048571767905,unknown,unknown,unknown,Growth or inflation score is unavailable.,neutral
1995-07-01,eurozone,0.604118851530859,,-0.6623498650332167,unknown,unknown,unknown,Growth or inflation score is unavailable.,tight
1995-08-01,eurozone,0.4375366042065032,,-0.7581202220209422,unknown,unknown,unknown,Growth or inflation score is unavailable.,tight
1995-09-01,eurozone,0.6565446981717705,,-0.5202072304524801,unknown,unknown,unknown,Growth or inflation score is unavailable.,tight
1995-10-01,eurozone,0.19350150845129335,,-0.6752409305067282,unknown,unknown,unknown,Growth or inflation score is unavailable.,tight
1995-11-01,eurozone,0.23211997295278644,,-0.504386829224911,unknown,unknown,unknown,Growth or inflation score is unavailable.,tight
1995-12-01,eurozone,0.3902935636279961,,-0.005011637080406861,unknown,unknown,unknown,Growth or inflation score is unavailable.,neutral
1996-01-01,eurozone,0.4762182214918593,,0.5689139687655761,unknown,unknown,unknown,Growth or inflation score is unavailable.,easy
1996-02-01,eurozone,0.3808893174184078,,-0.055371274611716315,unknown,unknown,unknown,Growth or inflation score is unavailable.,neutral
1996-03-01,eurozone,-0.0015166868421584434,,-0.5084955505151079,unknown,unknown,unknown,Growth or inflation score is unavailable.,tight
1996-04-01,eurozone,-0.14158371540319234,,-0.6721680012046682,unknown,unknown,unknown,Growth or inflation score is unavailable.,tight
1996-05-01,eurozone,0.17565256102457705,,-0.37015106930066355,unknown,unknown,unknown,Growth or inflation score is unavailable.,neutral
1996-06-01,eurozone,0.28211719667697316,,-0.3019251491484843,unknown,unknown,unknown,Growth or inflation score is unavailable.,neutral
1996-07-01,eurozone,0.18360109008441117,,-0.3469941381288163,unknown,unknown,unknown,Growth or inflation score is unavailable.,neutral
1996-08-01,eurozone,0.4125069906137407,,-0.43871601590489906,unknown,unknown,unknown,Growth or inflation score is unavailable.,neutral
1996-09-01,eurozone,0.2954241202955486,,-0.23198952581074578,unknown,unknown,unknown,Growth or inflation score is unavailable.,neutral
1996-10-01,eurozone,0.5971671349676956,,0.055891965116607656,unknown,unknown,unknown,Growth or inflation score is unavailable.,neutral
1996-11-01,eurozone,0.44504690464577495,,0.1683305647298452,unknown,unknown,unknown,Growth or inflation score is unavailable.,neutral
1996-12-01,eurozone,0.3344594393978624,,0.01660684743015617,unknown,unknown,unknown,Growth or inflation score is unavailable.,neutral
1997-01-01,eurozone,0.532091955576362,,-0.4378239864072393,unknown,unknown,unknown,Growth or inflation score is unavailable.,neutral
1997-02-01,eurozone,0.5662548985772479,,-0.5221902863338728,unknown,unknown,unknown,Growth or inflation score is unavailable.,tight
1997-03-01,eurozone,1.1841414834760933,,-0.9515051898967007,unknown,unknown,unknown,Growth or inflation score is unavailable.,tight
1997-04-01,eurozone,1.5970309257890734,,-1.139646198435544,unknown,unknown,unknown,Growth or inflation score is unavailable.,tight
1997-05-01,eurozone,1.0336229762481202,,-0.9756992797303943,unknown,unknown,unknown,Growth or inflation score is unavailable.,tight
1997-06-01,eurozone,1.356768775252947,,-0.5113046352897317,unknown,unknown,unknown,Growth or inflation score is unavailable.,tight
1997-07-01,eurozone,1.5055737467114063,,-0.11925363409931511,unknown,unknown,unknown,Growth or inflation score is unavailable.,neutral
1997-08-01,eurozone,1.6635934699394717,,-0.5492192480993879,unknown,unknown,unknown,Growth or inflation score is unavailable.,tight
1997-09-01,eurozone,1.1309287884253063,,-0.32689191148702934,unknown,unknown,unknown,Growth or inflation score is unavailable.,neutral
1997-10-01,eurozone,1.512953892306771,,-0.6057136985427649,unknown,unknown,unknown,Growth or inflation score is unavailable.,tight
1997-11-01,eurozone,1.407748914873519,,-0.3098399271703972,unknown,unknown,unknown,Growth or inflation score is unavailable.,neutral
1997-12-01,eurozone,1.7600229188532046,,-0.47715675599427854,unknown,unknown,unknown,Growth or inflation score is unavailable.,neutral
1998-01-01,eurozone,1.4170142329839788,,-0.02307036678257346,unknown,unknown,unknown,Growth or inflation score is unavailable.,neutral
1998-02-01,eurozone,1.601337521897322,,-0.1002908355894972,unknown,unknown,unknown,Growth or inflation score is unavailable.,neutral
1998-03-01,eurozone,1.2409392909941583,,-0.09734379769837886,unknown,unknown,unknown,Growth or inflation score is unavailable.,neutral
1998-04-01,eurozone,1.2176245276406783,,-0.23006702304799462,unknown,unknown,unknown,Growth or inflation score is unavailable.,neutral
1998-05-01,eurozone,1.3403068792489006,,-0.46301346636954827,unknown,unknown,unknown,Growth or inflation score is unavailable.,neutral
1998-06-01,eurozone,0.9427465231961346,,-0.4203414724887401,unknown,unknown,unknown,Growth or inflation score is unavailable.,neutral
1998-07-01,eurozone,1.198469372250529,,-0.3387585760394663,unknown,unknown,unknown,Growth or inflation score is unavailable.,neutral
1998-08-01,eurozone,0.541072973197429,,-0.008042508161088147,unknown,unknown,unknown,Growth or inflation score is unavailable.,neutral
1998-09-01,eurozone,0.7699658156439261,,0.07462291991776526,unknown,unknown,unknown,Growth or inflation score is unavailable.,neutral
1998-10-01,eurozone,0.3632800769037685,,0.0698456606986062,unknown,unknown,unknown,Growth or inflation score is unavailable.,neutral
1998-11-01,eurozone,0.5810982468261917,,-0.1806794043672269,unknown,unknown,unknown,Growth or inflation score is unavailable.,neutral
1998-12-01,eurozone,0.16102086857895095,,-0.2865810912109873,unknown,unknown,unknown,Growth or inflation score is unavailable.,neutral
1999-01-01,eurozone,0.6617735003524619,,-0.16321075767308257,unknown,unknown,unknown,Growth or inflation score is unavailable.,neutral
1999-02-01,eurozone,0.2230545201644137,,-0.43937329536630043,unknown,unknown,unknown,Growth or inflation score is unavailable.,neutral
1999-03-01,eurozone,0.5457538350164998,,-0.6389778588038156,unknown,unknown,unknown,Growth or inflation score is unavailable.,tight
1999-04-01,eurozone,0.20969235298379818,,-0.04037700230566207,unknown,unknown,unknown,Growth or inflation score is unavailable.,neutral
1999-05-01,eurozone,0.7468943204812571,,-0.21944183130615033,unknown,unknown,unknown,Growth or inflation score is unavailable.,neutral
1999-06-01,eurozone,0.8902323710276964,,-0.2678538554468301,unknown,unknown,unknown,Growth or inflation score is unavailable.,neutral
1999-07-01,eurozone,1.024458439282509,,-0.9720073608638933,unknown,unknown,unknown,Growth or inflation score is unavailable.,tight
1999-08-01,eurozone,1.0353827228357149,,-0.8844688673407546,unknown,unknown,unknown,Growth or inflation score is unavailable.,tight
1999-09-01,eurozone,1.1587028346356316,,-0.718017038114747,unknown,unknown,unknown,Growth or inflation score is unavailable.,tight
1999-10-01,eurozone,1.2802195008382913,,-0.6871173741343475,unknown,unknown,unknown,Growth or inflation score is unavailable.,tight
1999-11-01,eurozone,1.4266846105453226,,-1.1205104318496266,unknown,unknown,unknown,Growth or inflation score is unavailable.,tight
1999-12-01,eurozone,1.3039787929804363,,-0.9255588798803354,unknown,unknown,unknown,Growth or inflation score is unavailable.,tight
2000-01-01,eurozone,0.7130729110165209,,-0.884286480007489,unknown,unknown,unknown,Growth or inflation score is unavailable.,tight
2000-02-01,eurozone,1.2919854213658413,,-0.9407496387338674,unknown,unknown,unknown,Growth or inflation score is unavailable.,tight
2000-03-01,eurozone,1.3469095755757248,,-0.9791405898022885,unknown,unknown,unknown,Growth or inflation score is unavailable.,tight
2000-04-01,eurozone,1.8453711732939027,,-0.8630333490489188,unknown,unknown,unknown,Growth or inflation score is unavailable.,tight
2000-05-01,eurozone,1.7772176131827033,,-0.7418561136475151,unknown,unknown,unknown,Growth or inflation score is unavailable.,tight
2000-06-01,eurozone,0.9125598429091639,,-1.075457928586044,unknown,unknown,unknown,Growth or inflation score is unavailable.,tight
2000-07-01,eurozone,0.9547626908253448,,-0.963205373356699,unknown,unknown,unknown,Growth or inflation score is unavailable.,tight
2000-08-01,eurozone,0.5152621863800169,,-0.7667039528079431,unknown,unknown,unknown,Growth or inflation score is unavailable.,tight
2000-09-01,eurozone,1.073889045439547,,-0.8253229265271146,unknown,unknown,unknown,Growth or inflation score is unavailable.,tight
2000-10-01,eurozone,0.8580556006496382,,-0.9198745912414477,unknown,unknown,unknown,Growth or inflation score is unavailable.,tight
2000-11-01,eurozone,1.0635046642007346,,-0.9071406803345179,unknown,unknown,unknown,Growth or inflation score is unavailable.,tight
2000-12-01,eurozone,1.206230564517476,,-0.5526259327697485,unknown,unknown,unknown,Growth or inflation score is unavailable.,tight
2001-01-01,eurozone,1.0300071573714003,,-0.10557129754889966,unknown,unknown,unknown,Growth or inflation score is unavailable.,neutral
2001-02-01,eurozone,1.224643237566435,,-0.13546464064021568,unknown,unknown,unknown,Growth or inflation score is unavailable.,neutral
2001-03-01,eurozone,0.5841342188664875,,-0.22459253211246696,unknown,unknown,unknown,Growth or inflation score is unavailable.,neutral
2001-04-01,eurozone,0.06522099338222956,,-0.3492994576599513,unknown,unknown,unknown,Growth or inflation score is unavailable.,neutral
2001-05-01,eurozone,-0.151451728431714,,-0.11165911534189576,unknown,unknown,unknown,Growth or inflation score is unavailable.,neutral
2001-06-01,eurozone,0.055700328785740716,,-0.010726000219780485,unknown,unknown,unknown,Growth or inflation score is unavailable.,neutral
2001-07-01,eurozone,-0.2894764941261479,,0.0652587797845465,unknown,unknown,unknown,Growth or inflation score is unavailable.,neutral
2001-08-01,eurozone,0.22550535425589305,,0.3387035639100126,unknown,unknown,unknown,Growth or inflation score is unavailable.,neutral
2001-09-01,eurozone,-0.07893291133318425,,0.8348882351351851,unknown,unknown,unknown,Growth or inflation score is unavailable.,easy
2001-10-01,eurozone,-0.06719010507482281,,0.9724173383766833,unknown,unknown,unknown,Growth or inflation score is unavailable.,easy
2001-11-01,eurozone,-0.8554863176375507,,1.2419722983163073,unknown,unknown,unknown,Growth or inflation score is unavailable.,easy
2001-12-01,eurozone,-0.46708293200065104,,0.8262733948407714,unknown,unknown,unknown,Growth or inflation score is unavailable.,easy
2002-01-01,eurozone,-0.18687120391718212,,0.32671241147092683,unknown,unknown,unknown,Growth or inflation score is unavailable.,neutral
2002-02-01,eurozone,0.10792188408120848,0.5799100931120873,-0.09598807778400034,reflation,reflation,low,Regime sits near the neutral boundary and should be read with caution.,neutral
2002-03-01,eurozone,0.18670447142513696,0.036861455514330406,-0.09474015566952176,reflation,reflation,low,Regime sits near the neutral boundary and should be read with caution.,neutral
2002-04-01,eurozone,0.21605956459306724,-1.0282090579264156,-0.060755361034926986,goldilocks,goldilocks,medium,Regime is based on growth and inflation scores with sufficient distance from neutral.,neutral
2002-05-01,eurozone,0.0917654623209554,-1.4396164162246128,-0.025201823491282062,goldilocks,goldilocks,low,Regime sits near the neutral boundary and should be read with caution.,neutral
2002-06-01,eurozone,0.03381229959168981,-1.2362653377452757,0.11302218971269994,goldilocks,goldilocks,low,Regime sits near the neutral boundary and should be read with caution.,neutral
2002-07-01,eurozone,-0.15717269102232892,-0.6560699162690639,0.18840032414185048,slowdown,goldilocks,low,Regime change was held back because one score remained near neutral.,neutral
2002-08-01,eurozone,-0.1658613586302467,0.02803746050574403,0.35623480054286305,stagflation,goldilocks,low,Regime change was held back because one score remained near neutral.,neutral
2002-09-01,eurozone,-0.21672355589866288,0.009640902486900476,0.3995859014980866,stagflation,goldilocks,low,Regime change was held back because one score remained near neutral.,neutral
2002-10-01,eurozone,-0.0008729432439861018,0.4361430380621715,0.2263118072747613,stagflation,goldilocks,low,Regime change was held back because one score remained near neutral.,neutral
2002-11-01,eurozone,0.031011982319986097,1.1229047546921045,0.1018610853632112,reflation,goldilocks,low,Regime change was held back because one score remained near neutral.,neutral
2002-12-01,eurozone,-0.47516249016834494,0.779044770720871,0.5511124256565338,stagflation,stagflation,medium,Regime is based on growth and inflation scores with sufficient distance from neutral.,easy
2003-01-01,eurozone,-0.2164186129917387,-0.5356324989239406,0.7038823028883121,slowdown,slowdown,medium,Regime is based on growth and inflation scores with sufficient distance from neutral.,easy
2003-02-01,eurozone,-0.240900536648084,-0.39632555888748233,0.8687220192416103,slowdown,slowdown,medium,Regime is based on growth and inflation scores with sufficient distance from neutral.,easy
2003-03-01,eurozone,-0.2414290441341383,-0.40790357405915056,0.644018510433335,slowdown,slowdown,medium,Regime is based on growth and inflation scores with sufficient distance from neutral.,easy
2003-04-01,eurozone,-0.25885003773440773,-0.08023910909773113,0.5884837747485454,slowdown,slowdown,low,Regime sits near the neutral boundary and should be read with caution.,easy
2003-05-01,eurozone,-0.7455019036929681,-0.5982682575466646,0.6003642866184251,slowdown,slowdown,medium,Regime is based on growth and inflation scores with sufficient distance from neutral.,easy
2003-06-01,eurozone,-0.5009169453500704,-0.08712424579899747,1.0196472437893138,slowdown,slowdown,low,Regime sits near the neutral boundary and should be read with caution.,easy
2003-07-01,eurozone,-0.1464979019368936,-0.2727265332595637,0.876161406479132,slowdown,slowdown,low,Regime sits near the neutral boundary and should be read with caution.,easy
2003-08-01,eurozone,-0.14442242505153485,-0.3778088875231813,0.5717092490924918,slowdown,slowdown,low,Regime sits near the neutral boundary and should be read with caution.,easy
2003-09-01,eurozone,-0.24183826523801327,0.19648981974337842,0.021457088728864163,stagflation,slowdown,low,Regime change was held back because one score remained near neutral.,neutral
2003-10-01,eurozone,0.1788884990487451,-0.034184988684244855,0.21598723416228408,goldilocks,slowdown,low,Regime change was held back because one score remained near neutral.,neutral
2003-11-01,eurozone,0.3422657310321774,-0.18518064730160386,0.15210918591735778,goldilocks,slowdown,low,Regime change was held back because one score remained near neutral.,neutral
2003-12-01,eurozone,0.3414716709747498,-0.5541976666674828,0.16238661406887833,goldilocks,goldilocks,medium,Regime is based on growth and inflation scores with sufficient distance from neutral.,neutral
2004-01-01,eurozone,-0.4860141826793972,0.4031139370095297,0.2006063657738946,stagflation,stagflation,medium,Regime is based on growth and inflation scores with sufficient distance from neutral.,neutral
2004-02-01,eurozone,-0.28715419996660857,0.2135140051665797,0.2795825890127063,stagflation,stagflation,medium,Regime is based on growth and inflation scores with sufficient distance from neutral.,neutral
2004-03-01,eurozone,-0.23791844873879947,0.1269073216686858,0.33018042608131337,stagflation,stagflation,low,Regime sits near the neutral boundary and should be read with caution.,neutral
2004-04-01,eurozone,0.18347126656577165,0.7972176078059735,0.04605553611924712,reflation,stagflation,low,Regime change was held back because one score remained near neutral.,neutral
2004-05-01,eurozone,0.19413315429984995,2.3197380513831787,-0.123568018562904,reflation,stagflation,low,Regime change was held back because one score remained near neutral.,neutral
2004-06-01,eurozone,0.279950076899992,1.7530484632270709,-0.17755727410559172,reflation,reflation,medium,Regime is based on growth and inflation scores with sufficient distance from neutral.,neutral
2004-07-01,eurozone,0.2266595387215448,1.6571457026896315,-0.0010324574918737228,reflation,reflation,medium,Regime is based on growth and inflation scores with sufficient distance from neutral.,neutral
2004-08-01,eurozone,-0.20342957592310076,1.492659458295127,0.1608556267269783,stagflation,stagflation,medium,Regime is based on growth and inflation scores with sufficient distance from neutral.,neutral
2004-09-01,eurozone,0.14969799447072907,0.7874250600898138,0.28786325203576485,reflation,stagflation,low,Regime change was held back because one score remained near neutral.,neutral
2004-10-01,eurozone,-0.07003575353115882,1.1688210943362471,0.2787154906937431,stagflation,stagflation,low,Regime sits near the neutral boundary and should be read with caution.,neutral
2004-11-01,eurozone,0.01656784181145675,1.0186747860803227,0.23618238050055598,reflation,stagflation,low,Regime change was held back because one score remained near neutral.,neutral
2004-12-01,eurozone,-0.16421805440878245,1.4647225167119182,0.3729546827132517,stagflation,stagflation,low,Regime sits near the neutral boundary and should be read with caution.,neutral
2005-01-01,eurozone,0.1835291963255296,0.3864663794109102,0.3506805556744865,reflation,stagflation,low,Regime change was held back because one score remained near neutral.,neutral
2005-02-01,eurozone,0.2676151126809472,0.5675968738853931,0.2866306596607886,reflation,reflation,medium,Regime is based on growth and inflation scores with sufficient distance from neutral.,neutral
2005-03-01,eurozone,0.31113417156427775,0.8782585757404708,0.07664622596938037,reflation,reflation,medium,Regime is based on growth and inflation scores with sufficient distance from neutral.,neutral
2005-04-01,eurozone,0.12203445293347585,-0.3536783923978302,0.1901004127476895,goldilocks,reflation,low,Regime change was held back because one score remained near neutral.,neutral
2005-05-01,eurozone,0.008280464331453649,-0.7190688457487466,0.3455897525640562,goldilocks,reflation,low,Regime change was held back because one score remained near neutral.,neutral
2005-06-01,eurozone,0.2114991182200674,-0.9515787359062216,0.5510619433643483,goldilocks,goldilocks,medium,Regime is based on growth and inflation scores with sufficient distance from neutral.,easy
2005-07-01,eurozone,0.38954835997678855,-0.8599900776530467,0.4483344973766482,goldilocks,goldilocks,medium,Regime is based on growth and inflation scores with sufficient distance from neutral.,neutral
2005-08-01,eurozone,0.285445145712799,-0.8206622685496866,0.37246838766788265,goldilocks,goldilocks,medium,Regime is based on growth and inflation scores with sufficient distance from neutral.,neutral
2005-09-01,eurozone,0.4655952783653735,-0.004456655507099394,0.39973019485894334,goldilocks,goldilocks,low,Regime sits near the neutral boundary and should be read with caution.,neutral
2005-10-01,eurozone,0.2176886623172587,-0.24758962469593335,0.28706203071321623,goldilocks,goldilocks,medium,Regime is based on growth and inflation scores with sufficient distance from neutral.,neutral
2005-11-01,eurozone,1.1331525035982035,-0.366044664666726,0.18351069183352758,goldilocks,goldilocks,medium,Regime is based on growth and inflation scores with sufficient distance from neutral.,neutral
2005-12-01,eurozone,0.5904082491806231,-0.3573537588595857,-0.09318572385675494,goldilocks,goldilocks,medium,Regime is based on growth and inflation scores with sufficient distance from neutral.,neutral
2006-01-01,eurozone,0.9001633993582591,0.6314376358156837,0.007831804643083418,reflation,reflation,medium,Regime is based on growth and inflation scores with sufficient distance from neutral.,neutral
2006-02-01,eurozone,0.6112499718312924,0.49160498108560724,0.05566094860266303,reflation,reflation,medium,Regime is based on growth and inflation scores with sufficient distance from neutral.,neutral
2006-03-01,eurozone,1.2168703096650382,-0.12649442454020599,-0.1347905983681731,goldilocks,reflation,low,Regime change was held back because one score remained near neutral.,neutral
2006-04-01,eurozone,1.0681415765062596,1.3117993159114465,-0.26494616292804446,reflation,reflation,high,Regime is based on growth and inflation scores with sufficient distance from neutral.,neutral
2006-05-01,eurozone,1.6171604182279382,0.800525192499653,-0.21578496403552067,reflation,reflation,high,Regime is based on growth and inflation scores with sufficient distance from neutral.,neutral
2006-06-01,eurozone,1.4870315065326034,1.4308648143080842,-0.2611201996305488,reflation,reflation,high,Regime is based on growth and inflation scores with sufficient distance from neutral.,neutral
2006-07-01,eurozone,1.4058912474632252,1.470724121118855,-0.20046440199836132,reflation,reflation,high,Regime is based on growth and inflation scores with sufficient distance from neutral.,neutral
2006-08-01,eurozone,1.131622474092914,0.761137710890976,-0.29674252931823586,reflation,reflation,high,Regime is based on growth and inflation scores with sufficient distance from neutral.,neutral
2006-09-01,eurozone,1.0841852815516018,-0.05508526719616591,0.026671784844140012,goldilocks,reflation,low,Regime change was held back because one score remained near neutral.,neutral
2006-10-01,eurozone,1.0778260336799885,-0.43881798346876877,-0.23070043098921775,goldilocks,goldilocks,medium,Regime is based on growth and inflation scores with sufficient distance from neutral.,neutral
2006-11-01,eurozone,1.2157883450422577,0.08715342703195311,-0.04421008693503148,reflation,goldilocks,low,Regime change was held back because one score remained near neutral.,neutral
2006-12-01,eurozone,1.8098619966224192,0.2925433870308894,-0.37469325041188645,reflation,reflation,medium,Regime is based on growth and inflation scores with sufficient distance from neutral.,neutral
2007-01-01,eurozone,1.5755024302061633,0.8070057161313191,-0.199250504875503,reflation,reflation,high,Regime is based on growth and inflation scores with sufficient distance from neutral.,neutral
2007-02-01,eurozone,1.708363547345345,0.8827902800815661,-0.2576266869423315,reflation,reflation,high,Regime is based on growth and inflation scores with sufficient distance from neutral.,neutral
2007-03-01,eurozone,1.4154391168061211,1.1022873241929112,-0.11845356477870828,reflation,reflation,high,Regime is based on growth and inflation scores with sufficient distance from neutral.,neutral
2007-04-01,eurozone,1.2379385245797454,0.17836685390372442,-0.23016647980731247,reflation,reflation,low,Regime sits near the neutral boundary and should be read with caution.,neutral
2007-05-01,eurozone,1.35428112550763,0.5133564208490576,-0.2159432872916327,reflation,reflation,medium,Regime is based on growth and inflation scores with sufficient distance from neutral.,neutral
2007-06-01,eurozone,1.2874294079993527,0.12539870760188154,-0.45561045596225114,reflation,reflation,low,Regime sits near the neutral boundary and should be read with caution.,neutral
2007-07-01,eurozone,1.4784610406184477,0.008492842282004642,-0.21264393049727526,reflation,reflation,low,Regime sits near the neutral boundary and should be read with caution.,neutral
2007-08-01,eurozone,1.2604751170916417,0.3638865075823644,-0.05939344653354156,reflation,reflation,medium,Regime is based on growth and inflation scores with sufficient distance from neutral.,neutral
2007-09-01,eurozone,1.1250053287515964,1.3582170903877242,0.28295650955774443,reflation,reflation,high,Regime is based on growth and inflation scores with sufficient distance from neutral.,neutral
2007-10-01,eurozone,1.3171180415956882,2.302438259089016,0.38087110692601434,reflation,reflation,high,Regime is based on growth and inflation scores with sufficient distance from neutral.,neutral
2007-11-01,eurozone,1.1406130382409774,2.178873879027635,0.38929720704011894,reflation,reflation,high,Regime is based on growth and inflation scores with sufficient distance from neutral.,neutral
2007-12-01,eurozone,1.039389471795467,1.8970332895860338,0.14514913907477328,reflation,reflation,high,Regime is based on growth and inflation scores with sufficient distance from neutral.,neutral
2008-01-01,eurozone,1.1843943892443436,1.7275140567615872,0.3176546874568008,reflation,reflation,high,Regime is based on growth and inflation scores with sufficient distance from neutral.,neutral
2008-02-01,eurozone,1.1178728084762741,1.3806392571854877,0.2751702477525566,reflation,reflation,high,Regime is based on growth and inflation scores with sufficient distance from neutral.,neutral
2008-03-01,eurozone,0.9201483738638064,1.7202737470030518,0.24595027810581424,reflation,reflation,high,Regime is based on growth and inflation scores with sufficient distance from neutral.,neutral
2008-04-01,eurozone,0.8825153978238603,1.0848785319160532,0.09889816540572915,reflation,reflation,high,Regime is based on growth and inflation scores with sufficient distance from neutral.,neutral
2008-05-01,eurozone,-0.1109168209974503,1.4453873225343743,-0.07653950382374702,stagflation,reflation,low,Regime change was held back because one score remained near neutral.,neutral
2008-06-01,eurozone,-0.23966429777804682,1.6616976669122356,-0.4150205455363027,stagflation,stagflation,medium,Regime is based on growth and inflation scores with sufficient distance from neutral.,neutral
2008-07-01,eurozone,-0.4785622249576251,1.63306976530665,-0.5978933319447162,stagflation,stagflation,medium,Regime is based on growth and inflation scores with sufficient distance from neutral.,tight
2008-08-01,eurozone,-0.18610678554031607,1.5345206199633759,-0.3559926738725297,stagflation,stagflation,low,Regime sits near the neutral boundary and should be read with caution.,neutral
2008-09-01,eurozone,-0.29656928684720196,0.8461311416503255,-0.13192990628034712,stagflation,stagflation,medium,Regime is based on growth and inflation scores with sufficient distance from neutral.,neutral
2008-10-01,eurozone,-1.024190114702797,0.34892301938067205,0.14034875321551604,stagflation,stagflation,medium,Regime is based on growth and inflation scores with sufficient distance from neutral.,neutral
2008-11-01,eurozone,-1.8435202935925894,-0.4858391107661947,0.5224366606129238,slowdown,slowdown,medium,Regime is based on growth and inflation scores with sufficient distance from neutral.,easy
2008-12-01,eurozone,-2.7705059210478273,-0.6935547609928054,1.4452103989430962,slowdown,slowdown,medium,Regime is based on growth and inflation scores with sufficient distance from neutral.,easy
2009-01-01,eurozone,-3.255529818565101,-1.1813507534348588,1.8411436332625835,slowdown,slowdown,high,Regime is based on growth and inflation scores with sufficient distance from neutral.,easy
2009-02-01,eurozone,-3.137268331440686,-0.9836792900444763,1.2191329705187874,slowdown,slowdown,high,Regime is based on growth and inflation scores with sufficient distance from neutral.,easy
2009-03-01,eurozone,-2.812299844302737,-1.7073227182113992,0.9364484233959504,slowdown,slowdown,high,Regime is based on growth and inflation scores with sufficient distance from neutral.,easy
2009-04-01,eurozone,-2.339241638428541,-0.8642833750896401,0.6796018084165585,slowdown,slowdown,high,Regime is based on growth and inflation scores with sufficient distance from neutral.,easy
2009-05-01,eurozone,-1.5521329841127578,-1.4562281490268787,0.5616577407113146,slowdown,slowdown,high,Regime is based on growth and inflation scores with sufficient distance from neutral.,easy
2009-06-01,eurozone,-1.1694909358130794,-1.7297599941571893,0.10782165642869934,slowdown,slowdown,high,Regime is based on growth and inflation scores with sufficient distance from neutral.,neutral
2009-07-01,eurozone,-0.9838544662347702,-1.8328917134992173,-0.0037532098533413216,slowdown,slowdown,high,Regime is based on growth and inflation scores with sufficient distance from neutral.,neutral
2009-08-01,eurozone,-1.1611500614756223,-1.8407772207823014,0.03729879901036681,slowdown,slowdown,high,Regime is based on growth and inflation scores with sufficient distance from neutral.,neutral
2009-09-01,eurozone,-0.893872460610638,-1.969742881237792,0.09667548637346546,slowdown,slowdown,high,Regime is based on growth and inflation scores with sufficient distance from neutral.,neutral
2009-10-01,eurozone,-0.8852223056005771,-1.936354183082833,-0.19984408209248694,slowdown,slowdown,high,Regime is based on growth and inflation scores with sufficient distance from neutral.,neutral
2009-11-01,eurozone,-0.704913127940448,-1.7895718194057728,-0.37829827983817166,slowdown,slowdown,medium,Regime is based on growth and inflation scores with sufficient distance from neutral.,neutral
2009-12-01,eurozone,-0.648157696352277,-1.3219394267308324,-0.42928019196887107,slowdown,slowdown,medium,Regime is based on growth and inflation scores with sufficient distance from neutral.,neutral
2010-01-01,eurozone,-0.293264896234333,-1.238156877595525,-0.6205259752149002,slowdown,slowdown,medium,Regime is based on growth and inflation scores with sufficient distance from neutral.,tight
2010-02-01,eurozone,-0.23677475763220798,-1.533473848978629,-0.6307351901328471,slowdown,slowdown,medium,Regime is based on growth and inflation scores with sufficient distance from neutral.,tight
2010-03-01,eurozone,0.05266829629090286,1.2509830858156428,-0.48802928090478503,reflation,slowdown,low,Regime change was held back because one score remained near neutral.,neutral
2010-04-01,eurozone,0.05725683231592253,0.21391072172118974,-0.4536305720216392,reflation,slowdown,low,Regime change was held back because one score remained near neutral.,neutral
2010-05-01,eurozone,0.35595538361293466,4.006466896792341,-0.12111025485886462,reflation,reflation,medium,Regime is based on growth and inflation scores with sufficient distance from neutral.,neutral
2010-06-01,eurozone,0.23049889172510651,-3.9455697084090113,-0.33831424327257875,goldilocks,goldilocks,medium,Regime is based on growth and inflation scores with sufficient distance from neutral.,neutral
2010-07-01,eurozone,0.2442065622238927,-1.148822054860516,-0.184750332466466,goldilocks,goldilocks,medium,Regime is based on growth and inflation scores with sufficient distance from neutral.,neutral
2010-08-01,eurozone,0.28061770847378115,-3.297067526024289,-0.28796603765299367,goldilocks,goldilocks,medium,Regime is based on growth and inflation scores with sufficient distance from neutral.,neutral
2010-09-01,eurozone,0.10460637600607044,-1.0459141642131677,-0.32653755072093266,goldilocks,goldilocks,low,Regime sits near the neutral boundary and should be read with caution.,neutral
2010-10-01,eurozone,0.2213308330212716,-2.8390195507566425,-0.2462066017910094,goldilocks,goldilocks,medium,Regime is based on growth and inflation scores with sufficient distance from neutral.,neutral
2010-11-01,eurozone,0.245743843831603,0.8577541076256456,-0.52957529603598,reflation,reflation,medium,Regime is based on growth and inflation scores with sufficient distance from neutral.,tight
2010-12-01,eurozone,0.3943859231813681,0.2419901542363044,-0.6751304874121793,reflation,reflation,medium,Regime is based on growth and inflation scores with sufficient distance from neutral.,tight
2011-01-01,eurozone,0.35118358572624275,0.9950569583019396,-0.6544420957279315,reflation,reflation,medium,Regime is based on growth and inflation scores with sufficient distance from neutral.,tight
2011-02-01,eurozone,0.3474135176006463,1.416685850876232,-0.7326954245672681,reflation,reflation,medium,Regime is based on growth and inflation scores with sufficient distance from neutral.,tight
2011-03-01,eurozone,0.20008996343241686,0.6884136059299222,-0.5316488065820302,reflation,reflation,medium,Regime is based on growth and inflation scores with sufficient distance from neutral.,tight
2011-04-01,eurozone,0.21520433186410415,2.2352352339926393,-0.9454609284591365,reflation,reflation,medium,Regime is based on growth and inflation scores with sufficient distance from neutral.,tight
2011-05-01,eurozone,0.039606086175747714,1.4971446499788028,-0.442865514120101,reflation,reflation,low,Regime sits near the neutral boundary and should be read with caution.,neutral
2011-06-01,eurozone,-0.18125658779132628,1.1850080147505773,-0.28886398507325695,stagflation,reflation,low,Regime change was held back because one score remained near neutral.,neutral
2011-07-01,eurozone,-0.14134927319798168,0.5798265595363803,-0.36495581731918664,stagflation,reflation,low,Regime change was held back because one score remained near neutral.,neutral
2011-08-01,eurozone,-0.2666529937418596,0.5895223552325184,-0.2691749390457859,stagflation,stagflation,medium,Regime is based on growth and inflation scores with sufficient distance from neutral.,neutral
2011-09-01,eurozone,-0.41995303959549946,0.8218759277173033,-0.1417950282239312,stagflation,stagflation,medium,Regime is based on growth and inflation scores with sufficient distance from neutral.,neutral
2011-10-01,eurozone,-0.6718413739724748,1.0288807516428913,0.08648762755552603,stagflation,stagflation,medium,Regime is based on growth and inflation scores with sufficient distance from neutral.,neutral
2011-11-01,eurozone,-0.7075584047542074,1.011132085882252,-0.11889753654300556,stagflation,stagflation,medium,Regime is based on growth and inflation scores with sufficient distance from neutral.,neutral
2011-12-01,eurozone,-0.658892172917646,1.1980407227240064,0.1805060657693538,stagflation,stagflation,medium,Regime is based on growth and inflation scores with sufficient distance from neutral.,neutral
2012-01-01,eurozone,-0.7065905207366319,0.9784006569921806,0.30465178314722646,stagflation,stagflation,medium,Regime is based on growth and inflation scores with sufficient distance from neutral.,neutral
2012-02-01,eurozone,-0.6734173851288852,0.9597240131134186,0.4436395050406123,stagflation,stagflation,medium,Regime is based on growth and inflation scores with sufficient distance from neutral.,neutral
2012-03-01,eurozone,-0.7650793263941503,0.4652339175984857,0.4305111442100353,stagflation,stagflation,medium,Regime is based on growth and inflation scores with sufficient distance from neutral.,neutral
2012-04-01,eurozone,-0.7950123401266405,0.04906198384699242,0.22402489758408778,stagflation,stagflation,low,Regime sits near the neutral boundary and should be read with caution.,neutral
2012-05-01,eurozone,-0.806497220706477,0.1596967071698924,0.07185865150923254,stagflation,stagflation,low,Regime sits near the neutral boundary and should be read with caution.,neutral
2012-06-01,eurozone,-0.7548624802549802,0.1589688370450252,-0.12000689306510948,stagflation,stagflation,low,Regime sits near the neutral boundary and should be read with caution.,neutral
2012-07-01,eurozone,-0.6166413449657197,0.7755750110906776,0.2791247678334425,stagflation,stagflation,medium,Regime is based on growth and inflation scores with sufficient distance from neutral.,neutral
2012-08-01,eurozone,-0.5875275679991212,0.48939459746069264,0.4332638422360459,stagflation,stagflation,medium,Regime is based on growth and inflation scores with sufficient distance from neutral.,neutral
2012-09-01,eurozone,-0.7629930144916972,-0.08394837578471274,0.6903599598930605,slowdown,stagflation,low,Regime change was held back because one score remained near neutral.,easy
2012-10-01,eurozone,-1.068202881228452,-0.08880427176490224,0.5876344945619068,slowdown,stagflation,low,Regime change was held back because one score remained near neutral.,easy
2012-11-01,eurozone,-1.2966171214432456,-0.2150218453427614,0.4644718893871033,slowdown,slowdown,medium,Regime is based on growth and inflation scores with sufficient distance from neutral.,neutral
2012-12-01,eurozone,-0.9201821938494149,-0.09444768934812366,0.18645593968009488,slowdown,slowdown,low,Regime sits near the neutral boundary and should be read with caution.,neutral
2013-01-01,eurozone,-0.8852568821801295,-0.2232075764704788,-0.07766035543741223,slowdown,slowdown,medium,Regime is based on growth and inflation scores with sufficient distance from neutral.,neutral
2013-02-01,eurozone,-0.7145974163775826,-0.23255559817170274,-0.3932011578776217,slowdown,slowdown,medium,Regime is based on growth and inflation scores with sufficient distance from neutral.,neutral
2013-03-01,eurozone,-0.5778973356354078,-0.11590065532336695,-0.6261235974525072,slowdown,slowdown,low,Regime sits near the neutral boundary and should be read with caution.,tight
2013-04-01,eurozone,-0.3028534630966672,-0.7027724193775788,-0.3093688538124192,slowdown,slowdown,medium,Regime is based on growth and inflation scores with sufficient distance from neutral.,neutral
2013-05-01,eurozone,-0.33367294929009644,-0.45375517184211317,0.027849946914087986,slowdown,slowdown,medium,Regime is based on growth and inflation scores with sufficient distance from neutral.,neutral
2013-06-01,eurozone,-0.38654338582811965,-0.4372411662461291,-0.1411925053287445,slowdown,slowdown,medium,Regime is based on growth and inflation scores with sufficient distance from neutral.,neutral
2013-07-01,eurozone,-0.45521577843854255,-0.617917697327492,-0.2873096733586645,slowdown,slowdown,medium,Regime is based on growth and inflation scores with sufficient distance from neutral.,neutral
2013-08-01,eurozone,-0.3919041051851721,-0.48573676175650876,-0.34333089166502095,slowdown,slowdown,medium,Regime is based on growth and inflation scores with sufficient distance from neutral.,neutral
2013-09-01,eurozone,-0.27908205314039003,-0.613949066842196,-0.31839937098092397,slowdown,slowdown,medium,Regime is based on growth and inflation scores with sufficient distance from neutral.,neutral
2013-10-01,eurozone,-0.2971501104787963,-0.8676022561731517,-0.19993320097877465,slowdown,slowdown,medium,Regime is based on growth and inflation scores with sufficient distance from neutral.,neutral
2013-11-01,eurozone,-0.13431788718481052,-0.5172908614572914,-0.20408977143486756,slowdown,slowdown,low,Regime sits near the neutral boundary and should be read with caution.,neutral
2013-12-01,eurozone,-0.108098795424782,-0.9556362503796703,-0.15327754858686804,slowdown,slowdown,low,Regime sits near the neutral boundary and should be read with caution.,neutral
2014-01-01,eurozone,-0.15249922261269483,-0.6780043484295719,-0.18907368754168613,slowdown,slowdown,low,Regime sits near the neutral boundary and should be read with caution.,neutral
2014-02-01,eurozone,-0.09713849511293067,-0.4072591092244899,-0.10837755294277063,slowdown,slowdown,low,Regime sits near the neutral boundary and should be read with caution.,neutral
2014-03-01,eurozone,-0.20574583319477968,-0.9457245698316867,0.07496935186577508,slowdown,slowdown,medium,Regime is based on growth and inflation scores with sufficient distance from neutral.,neutral
2014-04-01,eurozone,0.26548911819430343,0.04659154117087138,0.15270136148960367,reflation,slowdown,low,Regime change was held back because one score remained near neutral.,neutral
2014-05-01,eurozone,-0.003688232629754662,-0.7246383316480591,0.14888610148065912,slowdown,slowdown,low,Regime sits near the neutral boundary and should be read with caution.,neutral
2014-06-01,eurozone,0.06805924967457697,-0.5805434709453815,0.32152308225708975,goldilocks,slowdown,low,Regime change was held back because one score remained near neutral.,neutral
2014-07-01,eurozone,-0.10413669336412931,-0.4811832192913096,0.2428106540788731,slowdown,slowdown,low,Regime sits near the neutral boundary and should be read with caution.,neutral
2014-08-01,eurozone,-0.133666168577451,-0.3089000835209515,0.3056572477246508,slowdown,slowdown,low,Regime sits near the neutral boundary and should be read with caution.,neutral
2014-09-01,eurozone,-0.17440709352866027,-0.3456994804216226,0.2867503828649653,slowdown,slowdown,low,Regime sits near the neutral boundary and should be read with caution.,neutral
2014-10-01,eurozone,-0.17798468889134766,-0.16021917582005957,0.3224494113988597,slowdown,slowdown,low,Regime sits near the neutral boundary and should be read with caution.,neutral
2014-11-01,eurozone,-0.23977868722026158,-0.5110075687317044,0.30613661527519004,slowdown,slowdown,medium,Regime is based on growth and inflation scores with sufficient distance from neutral.,neutral
2014-12-01,eurozone,0.023260813412429027,-0.07475596760079879,0.4056139776435739,goldilocks,slowdown,low,Regime change was held back because one score remained near neutral.,neutral
2015-01-01,eurozone,0.048804805620890714,-0.6071940160430036,0.4424349484520007,goldilocks,slowdown,low,Regime change was held back because one score remained near neutral.,neutral
2015-02-01,eurozone,0.5527397332460328,-0.6378632793135527,0.4378757582514777,goldilocks,goldilocks,medium,Regime is based on growth and inflation scores with sufficient distance from neutral.,neutral
2015-03-01,eurozone,0.405029632072477,-0.05815526337120856,0.5197764638637845,goldilocks,goldilocks,low,Regime sits near the neutral boundary and should be read with caution.,easy
2015-04-01,eurozone,0.31928660208190346,-0.15339082424522177,0.5346982613312253,goldilocks,goldilocks,low,Regime sits near the neutral boundary and should be read with caution.,easy
2015-05-01,eurozone,0.11749450308002243,1.6779433787973197,0.179370273626181,reflation,goldilocks,low,Regime change was held back because one score remained near neutral.,neutral
2015-06-01,eurozone,0.26176297058889536,1.0013990671177018,-0.17600012479865218,reflation,reflation,medium,Regime is based on growth and inflation scores with sufficient distance from neutral.,neutral
2015-07-01,eurozone,0.5874161782462158,1.4423707408884023,-0.13050727429664025,reflation,reflation,medium,Regime is based on growth and inflation scores with sufficient distance from neutral.,neutral
2015-08-01,eurozone,0.38055345396111423,1.0504162814146945,0.20121009058966316,reflation,reflation,medium,Regime is based on growth and inflation scores with sufficient distance from neutral.,neutral
2015-09-01,eurozone,0.3940827512994302,1.087607498025328,0.32252685366596456,reflation,reflation,medium,Regime is based on growth and inflation scores with sufficient distance from neutral.,neutral
2015-10-01,eurozone,0.12161159863912459,1.704484521075167,0.451858767321989,reflation,reflation,low,Regime sits near the neutral boundary and should be read with caution.,neutral
2015-11-01,eurozone,0.30283002298529355,0.4319275373035897,0.3889458272918404,reflation,reflation,medium,Regime is based on growth and inflation scores with sufficient distance from neutral.,neutral
2015-12-01,eurozone,0.10707356045374845,0.10302256577685459,0.4001404419065421,reflation,reflation,low,Regime sits near the neutral boundary and should be read with caution.,neutral
2016-01-01,eurozone,0.5088027031242272,0.8764713363750775,0.26851460302519664,reflation,reflation,medium,Regime is based on growth and inflation scores with sufficient distance from neutral.,neutral
2016-02-01,eurozone,0.1767439460491222,0.41672027719714505,0.3047097666450406,reflation,reflation,low,Regime sits near the neutral boundary and should be read with caution.,neutral
2016-03-01,eurozone,0.17881711580816786,0.5781771618945364,0.38942166342378604,reflation,reflation,low,Regime sits near the neutral boundary and should be read with caution.,neutral
2016-04-01,eurozone,0.22795728449563563,-0.7224901876989349,0.30896331257056475,goldilocks,goldilocks,medium,Regime is based on growth and inflation scores with sufficient distance from neutral.,neutral
2016-05-01,eurozone,0.18231751001921262,-0.7351268299919216,0.2771189433032588,goldilocks,goldilocks,low,Regime sits near the neutral boundary and should be read with caution.,neutral
2016-06-01,eurozone,0.30851304656638606,-0.6199650134764485,0.20085348263608027,goldilocks,goldilocks,medium,Regime is based on growth and inflation scores with sufficient distance from neutral.,neutral
2016-07-01,eurozone,0.17389541821810175,-0.5814344060502943,0.3565942763677816,goldilocks,goldilocks,low,Regime sits near the neutral boundary and should be read with caution.,neutral
2016-08-01,eurozone,0.37279301553175126,-0.6712306503324285,0.3779863144522849,goldilocks,goldilocks,medium,Regime is based on growth and inflation scores with sufficient distance from neutral.,neutral
2016-09-01,eurozone,0.3889869204651969,-0.32451690176368897,0.2574205869749541,goldilocks,goldilocks,medium,Regime is based on growth and inflation scores with sufficient distance from neutral.,neutral
2016-10-01,eurozone,0.36607516915278127,-0.6373055691347439,0.0312180974849931,goldilocks,goldilocks,medium,Regime is based on growth and inflation scores with sufficient distance from neutral.,neutral
2016-11-01,eurozone,0.4575145915922551,0.8346506843621301,-0.23509660036688065,reflation,reflation,medium,Regime is based on growth and inflation scores with sufficient distance from neutral.,neutral
2016-12-01,eurozone,0.364049828688998,0.5821532021268496,-0.16985510558043004,reflation,reflation,medium,Regime is based on growth and inflation scores with sufficient distance from neutral.,neutral
2017-01-01,eurozone,0.27459516525348987,0.7772891362705603,-0.17449779933982718,reflation,reflation,medium,Regime is based on growth and inflation scores with sufficient distance from neutral.,neutral
2017-02-01,eurozone,0.5852072091043385,-3.403368409501919,0.0050239833757331764,goldilocks,goldilocks,medium,Regime is based on growth and inflation scores with sufficient distance from neutral.,neutral
2017-03-01,eurozone,0.5555616620130364,inf,0.0840730107086715,reflation,reflation,medium,Regime is based on growth and inflation scores with sufficient distance from neutral.,neutral
2017-04-01,eurozone,0.748408402383388,0.07896386014319168,0.16734360959938374,reflation,reflation,low,Regime sits near the neutral boundary and should be read with caution.,neutral
2017-05-01,eurozone,0.6689631579583738,-1.928629567270097,0.28293877006240964,goldilocks,goldilocks,medium,Regime is based on growth and inflation scores with sufficient distance from neutral.,neutral
2017-06-01,eurozone,0.8276256556615318,inf,0.35557375887435305,reflation,reflation,high,Regime is based on growth and inflation scores with sufficient distance from neutral.,neutral
2017-07-01,eurozone,0.7762949009749646,1.4384339982926175,0.12941744039508363,reflation,reflation,high,Regime is based on growth and inflation scores with sufficient distance from neutral.,neutral
2017-08-01,eurozone,0.9530147119686955,1.8257128371469182,0.20345851918734897,reflation,reflation,high,Regime is based on growth and inflation scores with sufficient distance from neutral.,neutral
2017-09-01,eurozone,0.8209406268300745,1.3002261294846962,0.09554322799314713,reflation,reflation,high,Regime is based on growth and inflation scores with sufficient distance from neutral.,neutral
2017-10-01,eurozone,0.75162752607196,0.7867265815974478,0.1588977097304509,reflation,reflation,high,Regime is based on growth and inflation scores with sufficient distance from neutral.,neutral
2017-11-01,eurozone,1.0281587734275939,0.4907224208999757,0.15739122635724237,reflation,reflation,medium,Regime is based on growth and inflation scores with sufficient distance from neutral.,neutral
2017-12-01,eurozone,1.1228545823017104,0.10094308735017898,0.21339051326574415,reflation,reflation,low,Regime sits near the neutral boundary and should be read with caution.,neutral
2018-01-01,eurozone,0.7006621855094255,0.21240983069749061,0.13683305778813368,reflation,reflation,medium,Regime is based on growth and inflation scores with sufficient distance from neutral.,neutral
2018-02-01,eurozone,0.25574425064183837,0.39654710972900314,-0.1564775474622104,reflation,reflation,medium,Regime is based on growth and inflation scores with sufficient distance from neutral.,neutral
2018-03-01,eurozone,0.33796597242171644,0.9474598968088618,-0.18351942623419737,reflation,reflation,medium,Regime is based on growth and inflation scores with sufficient distance from neutral.,neutral
2018-04-01,eurozone,0.49430236726041243,-0.6343371933255288,-0.0318536625263178,goldilocks,goldilocks,medium,Regime is based on growth and inflation scores with sufficient distance from neutral.,neutral
2018-05-01,eurozone,0.9043407399130452,0.6493765026510054,0.07261882762095048,reflation,reflation,medium,Regime is based on growth and inflation scores with sufficient distance from neutral.,neutral
2018-06-01,eurozone,0.8490380274180567,-0.11208298324551536,0.0023166074807451364,goldilocks,reflation,low,Regime change was held back because one score remained near neutral.,neutral
2018-07-01,eurozone,0.7146323427256588,0.040899184940602504,0.00878030845297037,reflation,reflation,low,Regime sits near the neutral boundary and should be read with caution.,neutral
2018-08-01,eurozone,0.663506632082898,-0.1328919485876428,-0.05879899296940905,goldilocks,reflation,low,Regime change was held back because one score remained near neutral.,neutral
2018-09-01,eurozone,0.47793107818838954,-0.2753539890754804,-0.0034397960098043467,goldilocks,goldilocks,medium,Regime is based on growth and inflation scores with sufficient distance from neutral.,neutral
2018-10-01,eurozone,0.6433539964018714,0.6862312975221114,-0.17518930783577982,reflation,reflation,medium,Regime is based on growth and inflation scores with sufficient distance from neutral.,neutral
2018-11-01,eurozone,0.10967193341443467,0.10624594529444828,0.009993452016127308,reflation,reflation,low,Regime sits near the neutral boundary and should be read with caution.,neutral
2018-12-01,eurozone,0.23766843975791696,0.08887866698441649,0.1347376624299197,reflation,reflation,low,Regime sits near the neutral boundary and should be read with caution.,neutral
2019-01-01,eurozone,0.4424452598145659,0.2341411423802598,0.2658576753479626,reflation,reflation,medium,Regime is based on growth and inflation scores with sufficient distance from neutral.,neutral
2019-02-01,eurozone,0.5736085014516794,0.11961724943602983,0.25469005549626506,reflation,reflation,low,Regime sits near the neutral boundary and should be read with caution.,neutral
2019-03-01,eurozone,0.6561891203059596,-0.36629623293427194,0.2479843305830728,goldilocks,goldilocks,medium,Regime is based on growth and inflation scores with sufficient distance from neutral.,neutral
2019-04-01,eurozone,0.5188600651109603,1.4595292927319117,0.2780882025170089,reflation,reflation,medium,Regime is based on growth and inflation scores with sufficient distance from neutral.,neutral
2019-05-01,eurozone,0.6316763302593859,-0.5201571649986906,0.27067957745059024,goldilocks,goldilocks,medium,Regime is based on growth and inflation scores with sufficient distance from neutral.,neutral
2019-06-01,eurozone,0.42815643516214735,0.1628774333085057,0.34239664390817465,reflation,goldilocks,low,Regime change was held back because one score remained near neutral.,neutral
2019-07-01,eurozone,0.462822475057261,-0.306820407419539,0.5029063128011715,goldilocks,goldilocks,medium,Regime is based on growth and inflation scores with sufficient distance from neutral.,easy
2019-08-01,eurozone,0.339969247384991,-0.17489666570238172,0.6587828262274926,goldilocks,goldilocks,low,Regime sits near the neutral boundary and should be read with caution.,easy
2019-09-01,eurozone,0.39059474912257974,0.1411989840727495,0.6043468541709465,reflation,goldilocks,low,Regime change was held back because one score remained near neutral.,easy
2019-10-01,eurozone,0.6401493933637948,-0.17606588806605106,0.4113120191762729,goldilocks,goldilocks,low,Regime sits near the neutral boundary and should be read with caution.,neutral
2019-11-01,eurozone,0.296123606962845,0.6853547322685711,0.14481136981508347,reflation,reflation,medium,Regime is based on growth and inflation scores with sufficient distance from neutral.,neutral
2019-12-01,eurozone,-0.011949036100073598,0.7334056529311324,-0.06647869309591778,stagflation,reflation,low,Regime change was held back because one score remained near neutral.,neutral
2020-01-01,eurozone,0.18611961115213366,0.05691584185059758,0.03762813896269865,reflation,reflation,low,Regime sits near the neutral boundary and should be read with caution.,neutral
2020-02-01,eurozone,0.5443293285315892,0.3389144891838325,0.2679773279060548,reflation,reflation,medium,Regime is based on growth and inflation scores with sufficient distance from neutral.,neutral
2020-03-01,eurozone,-1.0579423120157507,0.3689702938372205,0.33070551547157545,stagflation,stagflation,medium,Regime is based on growth and inflation scores with sufficient distance from neutral.,neutral
2020-04-01,eurozone,-3.434612975829617,-0.5587665094520632,0.24190473488315462,slowdown,slowdown,medium,Regime is based on growth and inflation scores with sufficient distance from neutral.,neutral
2020-05-01,eurozone,-2.5309329859998906,0.10835175310788075,0.22692855827255964,stagflation,slowdown,low,Regime change was held back because one score remained near neutral.,neutral
2020-06-01,eurozone,-1.0694225440646146,-0.49466889688090876,0.48892868985788485,slowdown,slowdown,medium,Regime is based on growth and inflation scores with sufficient distance from neutral.,neutral
2020-07-01,eurozone,0.5872824835265382,0.4876930298022988,0.6792579539297232,reflation,reflation,medium,Regime is based on growth and inflation scores with sufficient distance from neutral.,easy
2020-08-01,eurozone,0.11199433125382399,-1.0038471259123734,0.6250781522894594,goldilocks,reflation,low,Regime change was held back because one score remained near neutral.,easy
2020-09-01,eurozone,-0.04411728022928933,-1.3947687187453055,0.6190986746747734,slowdown,reflation,low,Regime change was held back because one score remained near neutral.,easy
2020-10-01,eurozone,0.42841455539171236,-1.4099074472404218,0.6378733737608189,goldilocks,goldilocks,medium,Regime is based on growth and inflation scores with sufficient distance from neutral.,easy
2020-11-01,eurozone,1.0315286633827634,-1.2967247137540179,0.6732724557691923,goldilocks,goldilocks,high,Regime is based on growth and inflation scores with sufficient distance from neutral.,easy
2020-12-01,eurozone,1.0316937333833227,-1.380936864944603,0.7663422083824423,goldilocks,goldilocks,high,Regime is based on growth and inflation scores with sufficient distance from neutral.,easy
2021-01-01,eurozone,0.6989287813640115,0.4367838512762454,0.6869425862895735,reflation,reflation,medium,Regime is based on growth and inflation scores with sufficient distance from neutral.,easy
2021-02-01,eurozone,0.30690233729699845,-0.08036899222428331,0.5642369989396077,goldilocks,reflation,low,Regime change was held back because one score remained near neutral.,easy
2021-03-01,eurozone,1.0157747758253435,0.07315674716570036,0.3156878819981648,reflation,reflation,low,Regime sits near the neutral boundary and should be read with caution.,neutral
2021-04-01,eurozone,1.9142475742654987,0.44679674649556433,0.2274903160557687,reflation,reflation,medium,Regime is based on growth and inflation scores with sufficient distance from neutral.,neutral
2021-05-01,eurozone,1.2849934701674997,3.0759760583170483,0.15645532685058997,reflation,reflation,high,Regime is based on growth and inflation scores with sufficient distance from neutral.,neutral
2021-06-01,eurozone,1.0384566887999518,1.0452170559362333,0.22958328917627877,reflation,reflation,high,Regime is based on growth and inflation scores with sufficient distance from neutral.,neutral
2021-07-01,eurozone,1.2155587377218702,0.09882958998300073,0.3657340084767444,reflation,reflation,low,Regime sits near the neutral boundary and should be read with caution.,neutral
2021-08-01,eurozone,0.9656705402733419,1.655835218507335,0.5566910939902046,reflation,reflation,high,Regime is based on growth and inflation scores with sufficient distance from neutral.,easy
2021-09-01,eurozone,0.9408172807605084,4.526394302278993,0.38819379178776586,reflation,reflation,high,Regime is based on growth and inflation scores with sufficient distance from neutral.,neutral
2021-10-01,eurozone,0.6812962194546732,3.161131209375963,0.20586762419656257,reflation,reflation,medium,Regime is based on growth and inflation scores with sufficient distance from neutral.,neutral
2021-11-01,eurozone,0.8464160007798671,1.4054250525860135,0.13708793301737415,reflation,reflation,high,Regime is based on growth and inflation scores with sufficient distance from neutral.,neutral
2021-12-01,eurozone,1.0422821511813996,2.3798419752816526,0.20821249854843799,reflation,reflation,high,Regime is based on growth and inflation scores with sufficient distance from neutral.,neutral
2022-01-01,eurozone,0.9113785353622891,0.8330004393127672,0.14303975123315607,reflation,reflation,high,Regime is based on growth and inflation scores with sufficient distance from neutral.,neutral
2022-02-01,eurozone,0.9974977852771245,1.2471458935155448,-0.14372551576538287,reflation,reflation,high,Regime is based on growth and inflation scores with sufficient distance from neutral.,neutral
2022-03-01,eurozone,0.5324970594915756,1.4655771328201201,-0.25186729808897795,reflation,reflation,medium,Regime is based on growth and inflation scores with sufficient distance from neutral.,neutral
2022-04-01,eurozone,0.5816404367752566,1.9446394740945077,-0.39652693282397206,reflation,reflation,medium,Regime is based on growth and inflation scores with sufficient distance from neutral.,neutral
2022-05-01,eurozone,0.741880291478019,1.403670600941052,-0.3602800239189992,reflation,reflation,medium,Regime is based on growth and inflation scores with sufficient distance from neutral.,neutral
2022-06-01,eurozone,0.8643333305195826,1.6105762595604558,-0.6281664426819304,reflation,reflation,high,Regime is based on growth and inflation scores with sufficient distance from neutral.,tight
2022-07-01,eurozone,0.6066519158025516,2.1023840588118192,-0.6581033382344891,reflation,reflation,medium,Regime is based on growth and inflation scores with sufficient distance from neutral.,tight
2022-08-01,eurozone,0.6878412033473703,0.8311708831029452,-0.4226890481595128,reflation,reflation,medium,Regime is based on growth and inflation scores with sufficient distance from neutral.,neutral
2022-09-01,eurozone,0.9108427461757934,0.751001301876878,-1.2703338392667476,reflation,reflation,high,Regime is based on growth and inflation scores with sufficient distance from neutral.,tight
2022-10-01,eurozone,0.8502239089628393,0.6556474569741058,-1.3736299781917356,reflation,reflation,medium,Regime is based on growth and inflation scores with sufficient distance from neutral.,tight
2022-11-01,eurozone,0.7840479435226488,0.4233945411692199,-1.9756779606582489,reflation,reflation,medium,Regime is based on growth and inflation scores with sufficient distance from neutral.,tight
2022-12-01,eurozone,0.29336719721847304,0.4225233015837698,-1.5295360301961134,reflation,reflation,medium,Regime is based on growth and inflation scores with sufficient distance from neutral.,tight
2023-01-01,eurozone,0.5593426694275861,0.5146615936717815,-1.3583508850519677,reflation,reflation,medium,Regime is based on growth and inflation scores with sufficient distance from neutral.,tight
2023-02-01,eurozone,0.7171884138772231,0.3966400851731281,-1.5503600455791884,reflation,reflation,medium,Regime is based on growth and inflation scores with sufficient distance from neutral.,tight
2023-03-01,eurozone,0.6183138532203405,0.26867111917479997,-1.6525650747835414,reflation,reflation,medium,Regime is based on growth and inflation scores with sufficient distance from neutral.,tight
2023-04-01,eurozone,0.5003216686163261,0.15912009728614968,-1.6517985968578701,reflation,reflation,low,Regime sits near the neutral boundary and should be read with caution.,tight
2023-05-01,eurozone,0.37127763663429875,0.0708558090372698,-1.4342435831650162,reflation,reflation,low,Regime sits near the neutral boundary and should be read with caution.,tight
2023-06-01,eurozone,0.6853570204190241,0.06503912609415045,-1.3202814498071795,reflation,reflation,low,Regime sits near the neutral boundary and should be read with caution.,tight
2023-07-01,eurozone,0.3429325870191495,0.02151720966620463,-1.4370669359463402,reflation,reflation,low,Regime sits near the neutral boundary and should be read with caution.,tight
2023-08-01,eurozone,0.09303204477852607,-0.022293526709268256,-1.5891592021540935,goldilocks,reflation,low,Regime change was held back because one score remained near neutral.,tight
2023-09-01,eurozone,-0.059888998240336465,-0.1472578031837141,-1.7543298868771833,slowdown,reflation,low,Regime change was held back because one score remained near neutral.,tight
2023-10-01,eurozone,0.18421453484728792,-0.20329298683332228,-1.787764967870912,goldilocks,reflation,low,Regime change was held back because one score remained near neutral.,tight
2023-11-01,eurozone,0.3825619887600819,-0.25165795129230073,-1.3653892193717834,goldilocks,goldilocks,medium,Regime is based on growth and inflation scores with sufficient distance from neutral.,tight
2023-12-01,eurozone,0.4627415132881758,-0.265580816154171,-0.6673960029443634,goldilocks,goldilocks,medium,Regime is based on growth and inflation scores with sufficient distance from neutral.,tight
2024-01-01,eurozone,0.23931231851152535,-0.27564792143013944,-0.5701696405154861,goldilocks,goldilocks,medium,Regime is based on growth and inflation scores with sufficient distance from neutral.,tight
2024-02-01,eurozone,0.06466790069779078,-0.30260228603686395,-0.798686190854304,goldilocks,goldilocks,low,Regime sits near the neutral boundary and should be read with caution.,tight
2024-03-01,eurozone,0.18200230204802337,-0.3130702286905602,-1.037328216887224,goldilocks,goldilocks,low,Regime sits near the neutral boundary and should be read with caution.,tight
2024-04-01,eurozone,0.48763290819294614,-0.3228091291935372,-1.0322728683328979,goldilocks,goldilocks,medium,Regime is based on growth and inflation scores with sufficient distance from neutral.,tight
2024-05-01,eurozone,0.2766779235928204,-0.29085685358763586,-0.9769676661641059,goldilocks,goldilocks,medium,Regime is based on growth and inflation scores with sufficient distance from neutral.,tight
2024-06-01,eurozone,0.4007796093214874,-0.29011995309538646,-0.7510412251231389,goldilocks,goldilocks,medium,Regime is based on growth and inflation scores with sufficient distance from neutral.,tight
2024-07-01,eurozone,0.29938363698894954,-0.28474585498156385,-0.6325257375977351,goldilocks,goldilocks,medium,Regime is based on growth and inflation scores with sufficient distance from neutral.,tight
2024-08-01,eurozone,0.5806275309863231,-0.29242845495861525,-0.42411330332980146,goldilocks,goldilocks,medium,Regime is based on growth and inflation scores with sufficient distance from neutral.,neutral
2024-09-01,eurozone,0.35476747340740605,-0.26855247181310027,-0.288855060505341,goldilocks,goldilocks,medium,Regime is based on growth and inflation scores with sufficient distance from neutral.,neutral
2024-10-01,eurozone,0.5468816303021897,-0.21356164556183888,-0.09706344926381119,goldilocks,goldilocks,medium,Regime is based on growth and inflation scores with sufficient distance from neutral.,neutral
2024-11-01,eurozone,0.38186306804513626,-0.14328384710299505,-0.21496605732691854,goldilocks,goldilocks,low,Regime sits near the neutral boundary and should be read with caution.,neutral
2024-12-01,eurozone,0.3359629310269988,-0.138044965353271,-0.15704363346367087,goldilocks,goldilocks,low,Regime sits near the neutral boundary and should be read with caution.,neutral
2025-01-01,eurozone,0.4605735970942697,-0.12014604199366014,-0.4732586171585894,goldilocks,goldilocks,low,Regime sits near the neutral boundary and should be read with caution.,neutral
2025-02-01,eurozone,0.5597113098227862,-0.11323519521333775,-0.13885120252762262,goldilocks,goldilocks,low,Regime sits near the neutral boundary and should be read with caution.,neutral
2025-03-01,eurozone,0.9245046069171454,-0.11298280400734287,-0.3850243073151509,goldilocks,goldilocks,low,Regime sits near the neutral boundary and should be read with caution.,neutral
2025-04-01,eurozone,0.4690297288976651,-0.047531805055079375,0.12893261613853665,goldilocks,goldilocks,low,Regime sits near the neutral boundary and should be read with caution.,neutral
2025-05-01,eurozone,0.48637355641807456,-0.15035777796585328,-0.08833418447430992,goldilocks,goldilocks,low,Regime sits near the neutral boundary and should be read with caution.,neutral
2025-06-01,eurozone,0.26024812401179875,-0.14089498819516555,0.0852302576987704,goldilocks,goldilocks,low,Regime sits near the neutral boundary and should be read with caution.,neutral
2025-07-01,eurozone,0.45503930155329836,-0.14467560185917216,-0.2742392898762429,goldilocks,goldilocks,low,Regime sits near the neutral boundary and should be read with caution.,neutral
2025-08-01,eurozone,0.40841372239765816,-0.11504032403693337,-0.35466232175108986,goldilocks,goldilocks,low,Regime sits near the neutral boundary and should be read with caution.,neutral
2025-09-01,eurozone,0.44103874325202597,-0.05203873644272057,-0.5466863611997848,goldilocks,goldilocks,low,Regime sits near the neutral boundary and should be read with caution.,tight
2025-10-01,eurozone,0.4558246268090481,-0.07026432257889542,-0.399629491297236,goldilocks,goldilocks,low,Regime sits near the neutral boundary and should be read with caution.,neutral
2025-11-01,eurozone,0.6143285050765878,-0.08284751801136951,-0.39602700005269975,goldilocks,goldilocks,low,Regime sits near the neutral boundary and should be read with caution.,neutral
2025-12-01,eurozone,0.6036507374089083,-0.11307053593340138,-0.4679045233287723,goldilocks,goldilocks,low,Regime sits near the neutral boundary and should be read with caution.,neutral
2026-01-01,eurozone,0.46899847054239185,-0.11730564530591805,-0.4686768823669407,goldilocks,goldilocks,low,Regime sits near the neutral boundary and should be read with caution.,neutral
2026-02-01,eurozone,0.3541981875968837,-0.0951468228983961,-0.42166072878529404,goldilocks,goldilocks,low,Regime sits near the neutral boundary and should be read with caution.,neutral
2026-03-01,eurozone,0.32515374457974106,-0.061246545343131405,-0.4627678319249242,goldilocks,goldilocks,low,Regime sits near the neutral boundary and should be read with caution.,neutral
2026-04-01,eurozone,0.502991943585989,-0.03219791311134518,-0.5452628102520034,goldilocks,goldilocks,low,Regime sits near the neutral boundary and should be read with caution.,tight
2026-05-01,eurozone,0.48564877190894534,0.015850935635897588,-0.597164659337155,reflation,goldilocks,low,Regime change was held back because one score remained near neutral.,tight
2026-06-01,eurozone,0.2912773644119747,0.04990619286827796,-0.5711995431902346,reflation,goldilocks,low,Regime change was held back because one score remained near neutral.,tight
2026-07-01,eurozone,0.2719912409346235,0.04982040199311063,-0.6175300322025983,reflation,goldilocks,low,Regime change was held back because one score remained near neutral.,tight
2026-08-01,eurozone,0.10985350150945503,0.04973505203676917,-0.6665352651980112,reflation,goldilocks,low,Regime change was held back because one score remained near neutral.,tight
2026-09-01,eurozone,0.12858236062462441,0.03731817775041333,-0.7889558481900804,reflation,goldilocks,low,Regime change was held back because one score remained near neutral.,tight
