date,country,regime,liquidity_regime,valuation_score,valuation_regime,valuation_confidence,equities_score,equities,duration_score,duration,gold_score,gold,dollar_score,dollar,allocation_confidence,allocation_note
1970-01-01,eurozone,unknown,unknown,0.0,fair,low,0.0,neutral,0.0,neutral,0.0,neutral,0.0,neutral,medium,"Macro and valuation inputs are available, but valuation coverage is still partial."
1970-02-01,eurozone,unknown,unknown,0.0,fair,low,0.0,neutral,0.0,neutral,0.0,neutral,0.0,neutral,medium,"Macro and valuation inputs are available, but valuation coverage is still partial."
1970-03-01,eurozone,unknown,unknown,0.0,fair,low,0.0,neutral,0.0,neutral,0.0,neutral,0.0,neutral,medium,"Macro and valuation inputs are available, but valuation coverage is still partial."
1970-04-01,eurozone,unknown,unknown,0.0,fair,low,0.0,neutral,0.0,neutral,0.0,neutral,0.0,neutral,medium,"Macro and valuation inputs are available, but valuation coverage is still partial."
1970-05-01,eurozone,unknown,unknown,0.0,fair,low,0.0,neutral,0.0,neutral,0.0,neutral,0.0,neutral,medium,"Macro and valuation inputs are available, but valuation coverage is still partial."
1970-06-01,eurozone,unknown,neutral,0.0,fair,low,0.0,neutral,0.0,neutral,0.0,neutral,0.0,neutral,medium,"Macro and valuation inputs are available, but valuation coverage is still partial."
1970-07-01,eurozone,unknown,easy,0.0,fair,low,1.0,neutral,-0.5,neutral,0.5,neutral,-1.0,cautious,medium,"Macro and valuation inputs are available, but valuation coverage is still partial."
1970-08-01,eurozone,unknown,easy,0.0,fair,low,1.0,neutral,-0.5,neutral,0.5,neutral,-1.0,cautious,medium,"Macro and valuation inputs are available, but valuation coverage is still partial."
1970-09-01,eurozone,unknown,easy,0.0,fair,low,1.0,neutral,-0.5,neutral,0.5,neutral,-1.0,cautious,medium,"Macro and valuation inputs are available, but valuation coverage is still partial."
1970-10-01,eurozone,unknown,easy,0.0,fair,low,1.0,neutral,-0.5,neutral,0.5,neutral,-1.0,cautious,medium,"Macro and valuation inputs are available, but valuation coverage is still partial."
1970-11-01,eurozone,unknown,easy,0.0,fair,low,1.0,neutral,-0.5,neutral,0.5,neutral,-1.0,cautious,medium,"Macro and valuation inputs are available, but valuation coverage is still partial."
1970-12-01,eurozone,unknown,easy,0.0,fair,low,1.0,neutral,-0.5,neutral,0.5,neutral,-1.0,cautious,medium,"Macro and valuation inputs are available, but valuation coverage is still partial."
1971-01-01,eurozone,unknown,easy,0.0,fair,low,1.0,neutral,-0.5,neutral,0.5,neutral,-1.0,cautious,medium,"Macro and valuation inputs are available, but valuation coverage is still partial."
1971-02-01,eurozone,unknown,easy,0.0,fair,low,1.0,neutral,-0.5,neutral,0.5,neutral,-1.0,cautious,medium,"Macro and valuation inputs are available, but valuation coverage is still partial."
1971-03-01,eurozone,unknown,easy,0.0,fair,low,1.0,neutral,-0.5,neutral,0.5,neutral,-1.0,cautious,medium,"Macro and valuation inputs are available, but valuation coverage is still partial."
1971-04-01,eurozone,unknown,neutral,0.0,fair,low,0.0,neutral,0.0,neutral,0.0,neutral,0.0,neutral,medium,"Macro and valuation inputs are available, but valuation coverage is still partial."
1971-05-01,eurozone,unknown,neutral,0.0,fair,low,0.0,neutral,0.0,neutral,0.0,neutral,0.0,neutral,medium,"Macro and valuation inputs are available, but valuation coverage is still partial."
1971-06-01,eurozone,unknown,tight,0.0,fair,low,-1.0,cautious,0.5,neutral,-0.5,neutral,2.0,bullish,medium,"Macro and valuation inputs are available, but valuation coverage is still partial."
1971-07-01,eurozone,unknown,tight,0.0,fair,low,-1.0,cautious,0.5,neutral,-0.5,neutral,2.0,bullish,medium,"Macro and valuation inputs are available, but valuation coverage is still partial."
1971-08-01,eurozone,unknown,neutral,0.0,fair,low,0.0,neutral,0.0,neutral,0.0,neutral,0.0,neutral,medium,"Macro and valuation inputs are available, but valuation coverage is still partial."
1971-09-01,eurozone,unknown,neutral,0.0,fair,low,0.0,neutral,0.0,neutral,0.0,neutral,0.0,neutral,medium,"Macro and valuation inputs are available, but valuation coverage is still partial."
1971-10-01,eurozone,unknown,easy,0.0,fair,low,1.0,neutral,-0.5,neutral,0.5,neutral,-1.0,cautious,medium,"Macro and valuation inputs are available, but valuation coverage is still partial."
1971-11-01,eurozone,unknown,easy,0.0,fair,low,1.0,neutral,-0.5,neutral,0.5,neutral,-1.0,cautious,medium,"Macro and valuation inputs are available, but valuation coverage is still partial."
1971-12-01,eurozone,unknown,easy,0.0,fair,low,1.0,neutral,-0.5,neutral,0.5,neutral,-1.0,cautious,medium,"Macro and valuation inputs are available, but valuation coverage is still partial."
1972-01-01,eurozone,unknown,easy,0.0,fair,low,1.0,neutral,-0.5,neutral,0.5,neutral,-1.0,cautious,medium,"Macro and valuation inputs are available, but valuation coverage is still partial."
1972-02-01,eurozone,unknown,easy,0.0,fair,low,1.0,neutral,-0.5,neutral,0.5,neutral,-1.0,cautious,medium,"Macro and valuation inputs are available, but valuation coverage is still partial."
1972-03-01,eurozone,unknown,easy,0.0,fair,low,1.0,neutral,-0.5,neutral,0.5,neutral,-1.0,cautious,medium,"Macro and valuation inputs are available, but valuation coverage is still partial."
1972-04-01,eurozone,unknown,neutral,0.0,fair,low,0.0,neutral,0.0,neutral,0.0,neutral,0.0,neutral,medium,"Macro and valuation inputs are available, but valuation coverage is still partial."
1972-05-01,eurozone,unknown,neutral,0.0,fair,low,0.0,neutral,0.0,neutral,0.0,neutral,0.0,neutral,medium,"Macro and valuation inputs are available, but valuation coverage is still partial."
1972-06-01,eurozone,unknown,neutral,0.0,fair,low,0.0,neutral,0.0,neutral,0.0,neutral,0.0,neutral,medium,"Macro and valuation inputs are available, but valuation coverage is still partial."
1972-07-01,eurozone,unknown,neutral,0.0,fair,low,0.0,neutral,0.0,neutral,0.0,neutral,0.0,neutral,medium,"Macro and valuation inputs are available, but valuation coverage is still partial."
1972-08-01,eurozone,unknown,neutral,0.0,fair,low,0.0,neutral,0.0,neutral,0.0,neutral,0.0,neutral,medium,"Macro and valuation inputs are available, but valuation coverage is still partial."
1972-09-01,eurozone,unknown,neutral,0.0,fair,low,0.0,neutral,0.0,neutral,0.0,neutral,0.0,neutral,medium,"Macro and valuation inputs are available, but valuation coverage is still partial."
1972-10-01,eurozone,unknown,tight,0.0,fair,low,-1.0,cautious,0.5,neutral,-0.5,neutral,2.0,bullish,medium,"Macro and valuation inputs are available, but valuation coverage is still partial."
1972-11-01,eurozone,unknown,tight,0.0,fair,low,-1.0,cautious,0.5,neutral,-0.5,neutral,2.0,bullish,medium,"Macro and valuation inputs are available, but valuation coverage is still partial."
1972-12-01,eurozone,unknown,tight,0.0,fair,low,-1.0,cautious,0.5,neutral,-0.5,neutral,2.0,bullish,medium,"Macro and valuation inputs are available, but valuation coverage is still partial."
1973-01-01,eurozone,unknown,tight,0.0,fair,low,-1.0,cautious,0.5,neutral,-0.5,neutral,2.0,bullish,medium,"Macro and valuation inputs are available, but valuation coverage is still partial."
1973-02-01,eurozone,unknown,tight,0.0,fair,low,-1.0,cautious,0.5,neutral,-0.5,neutral,2.0,bullish,medium,"Macro and valuation inputs are available, but valuation coverage is still partial."
1973-03-01,eurozone,unknown,neutral,0.0,fair,low,0.0,neutral,0.0,neutral,0.0,neutral,0.0,neutral,medium,"Macro and valuation inputs are available, but valuation coverage is still partial."
1973-04-01,eurozone,unknown,neutral,0.0,fair,low,0.0,neutral,0.0,neutral,0.0,neutral,0.0,neutral,medium,"Macro and valuation inputs are available, but valuation coverage is still partial."
1973-05-01,eurozone,unknown,tight,0.0,fair,low,-1.0,cautious,0.5,neutral,-0.5,neutral,2.0,bullish,medium,"Macro and valuation inputs are available, but valuation coverage is still partial."
1973-06-01,eurozone,unknown,tight,0.0,fair,low,-1.0,cautious,0.5,neutral,-0.5,neutral,2.0,bullish,medium,"Macro and valuation inputs are available, but valuation coverage is still partial."
1973-07-01,eurozone,unknown,tight,0.0,fair,low,-1.0,cautious,0.5,neutral,-0.5,neutral,2.0,bullish,medium,"Macro and valuation inputs are available, but valuation coverage is still partial."
1973-08-01,eurozone,unknown,tight,0.0,fair,low,-1.0,cautious,0.5,neutral,-0.5,neutral,2.0,bullish,medium,"Macro and valuation inputs are available, but valuation coverage is still partial."
1973-09-01,eurozone,unknown,tight,0.0,fair,low,-1.0,cautious,0.5,neutral,-0.5,neutral,2.0,bullish,medium,"Macro and valuation inputs are available, but valuation coverage is still partial."
1973-10-01,eurozone,unknown,neutral,0.0,fair,low,0.0,neutral,0.0,neutral,0.0,neutral,0.0,neutral,medium,"Macro and valuation inputs are available, but valuation coverage is still partial."
1973-11-01,eurozone,unknown,neutral,0.0,fair,low,0.0,neutral,0.0,neutral,0.0,neutral,0.0,neutral,medium,"Macro and valuation inputs are available, but valuation coverage is still partial."
1973-12-01,eurozone,unknown,tight,0.0,fair,low,-1.0,cautious,0.5,neutral,-0.5,neutral,2.0,bullish,medium,"Macro and valuation inputs are available, but valuation coverage is still partial."
1974-01-01,eurozone,unknown,tight,0.0,fair,low,-1.0,cautious,0.5,neutral,-0.5,neutral,2.0,bullish,medium,"Macro and valuation inputs are available, but valuation coverage is still partial."
1974-02-01,eurozone,unknown,tight,0.0,fair,low,-1.0,cautious,0.5,neutral,-0.5,neutral,2.0,bullish,medium,"Macro and valuation inputs are available, but valuation coverage is still partial."
1974-03-01,eurozone,unknown,tight,0.0,fair,low,-1.0,cautious,0.5,neutral,-0.5,neutral,2.0,bullish,medium,"Macro and valuation inputs are available, but valuation coverage is still partial."
1974-04-01,eurozone,unknown,tight,0.0,fair,low,-1.0,cautious,0.5,neutral,-0.5,neutral,2.0,bullish,medium,"Macro and valuation inputs are available, but valuation coverage is still partial."
1974-05-01,eurozone,unknown,tight,0.0,fair,low,-1.0,cautious,0.5,neutral,-0.5,neutral,2.0,bullish,medium,"Macro and valuation inputs are available, but valuation coverage is still partial."
1974-06-01,eurozone,unknown,tight,0.0,fair,low,-1.0,cautious,0.5,neutral,-0.5,neutral,2.0,bullish,medium,"Macro and valuation inputs are available, but valuation coverage is still partial."
1974-07-01,eurozone,unknown,tight,0.0,fair,low,-1.0,cautious,0.5,neutral,-0.5,neutral,2.0,bullish,medium,"Macro and valuation inputs are available, but valuation coverage is still partial."
1974-08-01,eurozone,unknown,tight,0.0,fair,low,-1.0,cautious,0.5,neutral,-0.5,neutral,2.0,bullish,medium,"Macro and valuation inputs are available, but valuation coverage is still partial."
1974-09-01,eurozone,unknown,neutral,0.0,fair,low,0.0,neutral,0.0,neutral,0.0,neutral,0.0,neutral,medium,"Macro and valuation inputs are available, but valuation coverage is still partial."
1974-10-01,eurozone,unknown,neutral,0.0,fair,low,0.0,neutral,0.0,neutral,0.0,neutral,0.0,neutral,medium,"Macro and valuation inputs are available, but valuation coverage is still partial."
1974-11-01,eurozone,unknown,easy,0.0,fair,low,1.0,neutral,-0.5,neutral,0.5,neutral,-1.0,cautious,medium,"Macro and valuation inputs are available, but valuation coverage is still partial."
1974-12-01,eurozone,unknown,easy,0.0,fair,low,1.0,neutral,-0.5,neutral,0.5,neutral,-1.0,cautious,medium,"Macro and valuation inputs are available, but valuation coverage is still partial."
1975-01-01,eurozone,unknown,easy,0.0,fair,low,1.0,neutral,-0.5,neutral,0.5,neutral,-1.0,cautious,medium,"Macro and valuation inputs are available, but valuation coverage is still partial."
1975-02-01,eurozone,unknown,easy,0.0,fair,low,1.0,neutral,-0.5,neutral,0.5,neutral,-1.0,cautious,medium,"Macro and valuation inputs are available, but valuation coverage is still partial."
1975-03-01,eurozone,unknown,easy,0.0,fair,low,1.0,neutral,-0.5,neutral,0.5,neutral,-1.0,cautious,medium,"Macro and valuation inputs are available, but valuation coverage is still partial."
1975-04-01,eurozone,unknown,easy,0.0,fair,low,1.0,neutral,-0.5,neutral,0.5,neutral,-1.0,cautious,medium,"Macro and valuation inputs are available, but valuation coverage is still partial."
1975-05-01,eurozone,unknown,easy,0.0,fair,low,1.0,neutral,-0.5,neutral,0.5,neutral,-1.0,cautious,medium,"Macro and valuation inputs are available, but valuation coverage is still partial."
1975-06-01,eurozone,unknown,easy,0.0,fair,low,1.0,neutral,-0.5,neutral,0.5,neutral,-1.0,cautious,medium,"Macro and valuation inputs are available, but valuation coverage is still partial."
1975-07-01,eurozone,unknown,easy,0.0,fair,low,1.0,neutral,-0.5,neutral,0.5,neutral,-1.0,cautious,medium,"Macro and valuation inputs are available, but valuation coverage is still partial."
1975-08-01,eurozone,unknown,neutral,0.0,fair,low,0.0,neutral,0.0,neutral,0.0,neutral,0.0,neutral,medium,"Macro and valuation inputs are available, but valuation coverage is still partial."
1975-09-01,eurozone,unknown,neutral,0.0,fair,low,0.0,neutral,0.0,neutral,0.0,neutral,0.0,neutral,medium,"Macro and valuation inputs are available, but valuation coverage is still partial."
1975-10-01,eurozone,unknown,neutral,0.0,fair,low,0.0,neutral,0.0,neutral,0.0,neutral,0.0,neutral,medium,"Macro and valuation inputs are available, but valuation coverage is still partial."
1975-11-01,eurozone,unknown,easy,0.0,fair,low,1.0,neutral,-0.5,neutral,0.5,neutral,-1.0,cautious,medium,"Macro and valuation inputs are available, but valuation coverage is still partial."
1975-12-01,eurozone,unknown,easy,0.0,fair,low,1.0,neutral,-0.5,neutral,0.5,neutral,-1.0,cautious,medium,"Macro and valuation inputs are available, but valuation coverage is still partial."
1976-01-01,eurozone,unknown,neutral,0.0,fair,low,0.0,neutral,0.0,neutral,0.0,neutral,0.0,neutral,medium,"Macro and valuation inputs are available, but valuation coverage is still partial."
1976-02-01,eurozone,unknown,neutral,0.0,fair,low,0.0,neutral,0.0,neutral,0.0,neutral,0.0,neutral,medium,"Macro and valuation inputs are available, but valuation coverage is still partial."
1976-03-01,eurozone,unknown,tight,0.0,fair,low,-1.0,cautious,0.5,neutral,-0.5,neutral,2.0,bullish,medium,"Macro and valuation inputs are available, but valuation coverage is still partial."
1976-04-01,eurozone,unknown,tight,0.0,fair,low,-1.0,cautious,0.5,neutral,-0.5,neutral,2.0,bullish,medium,"Macro and valuation inputs are available, but valuation coverage is still partial."
1976-05-01,eurozone,unknown,tight,0.0,fair,low,-1.0,cautious,0.5,neutral,-0.5,neutral,2.0,bullish,medium,"Macro and valuation inputs are available, but valuation coverage is still partial."
1976-06-01,eurozone,unknown,tight,0.0,fair,low,-1.0,cautious,0.5,neutral,-0.5,neutral,2.0,bullish,medium,"Macro and valuation inputs are available, but valuation coverage is still partial."
1976-07-01,eurozone,unknown,tight,0.0,fair,low,-1.0,cautious,0.5,neutral,-0.5,neutral,2.0,bullish,medium,"Macro and valuation inputs are available, but valuation coverage is still partial."
1976-08-01,eurozone,unknown,tight,0.0,fair,low,-1.0,cautious,0.5,neutral,-0.5,neutral,2.0,bullish,medium,"Macro and valuation inputs are available, but valuation coverage is still partial."
1976-09-01,eurozone,unknown,neutral,0.0,fair,low,0.0,neutral,0.0,neutral,0.0,neutral,0.0,neutral,medium,"Macro and valuation inputs are available, but valuation coverage is still partial."
1976-10-01,eurozone,unknown,tight,0.0,fair,low,-1.0,cautious,0.5,neutral,-0.5,neutral,2.0,bullish,medium,"Macro and valuation inputs are available, but valuation coverage is still partial."
1976-11-01,eurozone,unknown,neutral,0.0,fair,low,0.0,neutral,0.0,neutral,0.0,neutral,0.0,neutral,medium,"Macro and valuation inputs are available, but valuation coverage is still partial."
1976-12-01,eurozone,unknown,neutral,0.0,fair,low,0.0,neutral,0.0,neutral,0.0,neutral,0.0,neutral,medium,"Macro and valuation inputs are available, but valuation coverage is still partial."
1977-01-01,eurozone,unknown,easy,0.0,fair,low,1.0,neutral,-0.5,neutral,0.5,neutral,-1.0,cautious,medium,"Macro and valuation inputs are available, but valuation coverage is still partial."
1977-02-01,eurozone,unknown,neutral,0.0,fair,low,0.0,neutral,0.0,neutral,0.0,neutral,0.0,neutral,medium,"Macro and valuation inputs are available, but valuation coverage is still partial."
1977-03-01,eurozone,unknown,easy,0.0,fair,low,1.0,neutral,-0.5,neutral,0.5,neutral,-1.0,cautious,medium,"Macro and valuation inputs are available, but valuation coverage is still partial."
1977-04-01,eurozone,unknown,neutral,0.0,fair,low,0.0,neutral,0.0,neutral,0.0,neutral,0.0,neutral,medium,"Macro and valuation inputs are available, but valuation coverage is still partial."
1977-05-01,eurozone,unknown,easy,0.0,fair,low,1.0,neutral,-0.5,neutral,0.5,neutral,-1.0,cautious,medium,"Macro and valuation inputs are available, but valuation coverage is still partial."
1977-06-01,eurozone,unknown,neutral,0.0,fair,low,0.0,neutral,0.0,neutral,0.0,neutral,0.0,neutral,medium,"Macro and valuation inputs are available, but valuation coverage is still partial."
1977-07-01,eurozone,unknown,easy,0.0,fair,low,1.0,neutral,-0.5,neutral,0.5,neutral,-1.0,cautious,medium,"Macro and valuation inputs are available, but valuation coverage is still partial."
1977-08-01,eurozone,unknown,neutral,0.0,fair,low,0.0,neutral,0.0,neutral,0.0,neutral,0.0,neutral,medium,"Macro and valuation inputs are available, but valuation coverage is still partial."
1977-09-01,eurozone,unknown,easy,0.0,fair,low,1.0,neutral,-0.5,neutral,0.5,neutral,-1.0,cautious,medium,"Macro and valuation inputs are available, but valuation coverage is still partial."
1977-10-01,eurozone,unknown,easy,0.0,fair,low,1.0,neutral,-0.5,neutral,0.5,neutral,-1.0,cautious,medium,"Macro and valuation inputs are available, but valuation coverage is still partial."
1977-11-01,eurozone,unknown,easy,0.0,fair,low,1.0,neutral,-0.5,neutral,0.5,neutral,-1.0,cautious,medium,"Macro and valuation inputs are available, but valuation coverage is still partial."
1977-12-01,eurozone,unknown,neutral,0.0,fair,low,0.0,neutral,0.0,neutral,0.0,neutral,0.0,neutral,medium,"Macro and valuation inputs are available, but valuation coverage is still partial."
1978-01-01,eurozone,unknown,easy,0.0,fair,low,1.0,neutral,-0.5,neutral,0.5,neutral,-1.0,cautious,medium,"Macro and valuation inputs are available, but valuation coverage is still partial."
1978-02-01,eurozone,unknown,easy,0.0,fair,low,1.0,neutral,-0.5,neutral,0.5,neutral,-1.0,cautious,medium,"Macro and valuation inputs are available, but valuation coverage is still partial."
1978-03-01,eurozone,unknown,easy,0.0,fair,low,1.0,neutral,-0.5,neutral,0.5,neutral,-1.0,cautious,medium,"Macro and valuation inputs are available, but valuation coverage is still partial."
1978-04-01,eurozone,unknown,easy,0.0,fair,low,1.0,neutral,-0.5,neutral,0.5,neutral,-1.0,cautious,medium,"Macro and valuation inputs are available, but valuation coverage is still partial."
1978-05-01,eurozone,unknown,neutral,0.0,fair,low,0.0,neutral,0.0,neutral,0.0,neutral,0.0,neutral,medium,"Macro and valuation inputs are available, but valuation coverage is still partial."
1978-06-01,eurozone,unknown,neutral,0.0,fair,low,0.0,neutral,0.0,neutral,0.0,neutral,0.0,neutral,medium,"Macro and valuation inputs are available, but valuation coverage is still partial."
1978-07-01,eurozone,unknown,neutral,0.0,fair,low,0.0,neutral,0.0,neutral,0.0,neutral,0.0,neutral,medium,"Macro and valuation inputs are available, but valuation coverage is still partial."
1978-08-01,eurozone,unknown,neutral,0.0,fair,low,0.0,neutral,0.0,neutral,0.0,neutral,0.0,neutral,medium,"Macro and valuation inputs are available, but valuation coverage is still partial."
1978-09-01,eurozone,unknown,neutral,0.0,fair,low,0.0,neutral,0.0,neutral,0.0,neutral,0.0,neutral,medium,"Macro and valuation inputs are available, but valuation coverage is still partial."
1978-10-01,eurozone,unknown,tight,0.0,fair,low,-1.0,cautious,0.5,neutral,-0.5,neutral,2.0,bullish,medium,"Macro and valuation inputs are available, but valuation coverage is still partial."
1978-11-01,eurozone,unknown,tight,0.0,fair,low,-1.0,cautious,0.5,neutral,-0.5,neutral,2.0,bullish,medium,"Macro and valuation inputs are available, but valuation coverage is still partial."
1978-12-01,eurozone,unknown,neutral,0.0,fair,low,0.0,neutral,0.0,neutral,0.0,neutral,0.0,neutral,medium,"Macro and valuation inputs are available, but valuation coverage is still partial."
1979-01-01,eurozone,unknown,easy,0.0,fair,low,1.0,neutral,-0.5,neutral,0.5,neutral,-1.0,cautious,medium,"Macro and valuation inputs are available, but valuation coverage is still partial."
1979-02-01,eurozone,unknown,neutral,0.0,fair,low,0.0,neutral,0.0,neutral,0.0,neutral,0.0,neutral,medium,"Macro and valuation inputs are available, but valuation coverage is still partial."
1979-03-01,eurozone,unknown,neutral,0.0,fair,low,0.0,neutral,0.0,neutral,0.0,neutral,0.0,neutral,medium,"Macro and valuation inputs are available, but valuation coverage is still partial."
1979-04-01,eurozone,unknown,tight,0.0,fair,low,-1.0,cautious,0.5,neutral,-0.5,neutral,2.0,bullish,medium,"Macro and valuation inputs are available, but valuation coverage is still partial."
1979-05-01,eurozone,unknown,tight,0.0,fair,low,-1.0,cautious,0.5,neutral,-0.5,neutral,2.0,bullish,medium,"Macro and valuation inputs are available, but valuation coverage is still partial."
1979-06-01,eurozone,unknown,tight,0.0,fair,low,-1.0,cautious,0.5,neutral,-0.5,neutral,2.0,bullish,medium,"Macro and valuation inputs are available, but valuation coverage is still partial."
1979-07-01,eurozone,unknown,tight,0.0,fair,low,-1.0,cautious,0.5,neutral,-0.5,neutral,2.0,bullish,medium,"Macro and valuation inputs are available, but valuation coverage is still partial."
1979-08-01,eurozone,unknown,tight,0.0,fair,low,-1.0,cautious,0.5,neutral,-0.5,neutral,2.0,bullish,medium,"Macro and valuation inputs are available, but valuation coverage is still partial."
1979-09-01,eurozone,unknown,tight,0.0,fair,low,-1.0,cautious,0.5,neutral,-0.5,neutral,2.0,bullish,medium,"Macro and valuation inputs are available, but valuation coverage is still partial."
1979-10-01,eurozone,unknown,tight,0.0,fair,low,-1.0,cautious,0.5,neutral,-0.5,neutral,2.0,bullish,medium,"Macro and valuation inputs are available, but valuation coverage is still partial."
1979-11-01,eurozone,unknown,tight,0.0,fair,low,-1.0,cautious,0.5,neutral,-0.5,neutral,2.0,bullish,medium,"Macro and valuation inputs are available, but valuation coverage is still partial."
1979-12-01,eurozone,unknown,tight,0.0,fair,low,-1.0,cautious,0.5,neutral,-0.5,neutral,2.0,bullish,medium,"Macro and valuation inputs are available, but valuation coverage is still partial."
1980-01-01,eurozone,unknown,tight,0.0,fair,low,-1.0,cautious,0.5,neutral,-0.5,neutral,2.0,bullish,medium,"Macro and valuation inputs are available, but valuation coverage is still partial."
1980-02-01,eurozone,unknown,tight,0.0,fair,low,-1.0,cautious,0.5,neutral,-0.5,neutral,2.0,bullish,medium,"Macro and valuation inputs are available, but valuation coverage is still partial."
1980-03-01,eurozone,unknown,tight,0.0,fair,low,-1.0,cautious,0.5,neutral,-0.5,neutral,2.0,bullish,medium,"Macro and valuation inputs are available, but valuation coverage is still partial."
1980-04-01,eurozone,unknown,tight,0.0,fair,low,-1.0,cautious,0.5,neutral,-0.5,neutral,2.0,bullish,medium,"Macro and valuation inputs are available, but valuation coverage is still partial."
1980-05-01,eurozone,unknown,neutral,0.0,fair,low,0.0,neutral,0.0,neutral,0.0,neutral,0.0,neutral,medium,"Macro and valuation inputs are available, but valuation coverage is still partial."
1980-06-01,eurozone,unknown,easy,0.0,fair,low,1.0,neutral,-0.5,neutral,0.5,neutral,-1.0,cautious,medium,"Macro and valuation inputs are available, but valuation coverage is still partial."
1980-07-01,eurozone,unknown,easy,0.0,fair,low,1.0,neutral,-0.5,neutral,0.5,neutral,-1.0,cautious,medium,"Macro and valuation inputs are available, but valuation coverage is still partial."
1980-08-01,eurozone,unknown,easy,0.0,fair,low,1.0,neutral,-0.5,neutral,0.5,neutral,-1.0,cautious,medium,"Macro and valuation inputs are available, but valuation coverage is still partial."
1980-09-01,eurozone,unknown,tight,0.0,fair,low,-1.0,cautious,0.5,neutral,-0.5,neutral,2.0,bullish,medium,"Macro and valuation inputs are available, but valuation coverage is still partial."
1980-10-01,eurozone,unknown,tight,0.0,fair,low,-1.0,cautious,0.5,neutral,-0.5,neutral,2.0,bullish,medium,"Macro and valuation inputs are available, but valuation coverage is still partial."
1980-11-01,eurozone,unknown,tight,0.0,fair,low,-1.0,cautious,0.5,neutral,-0.5,neutral,2.0,bullish,medium,"Macro and valuation inputs are available, but valuation coverage is still partial."
1980-12-01,eurozone,unknown,tight,0.0,fair,low,-1.0,cautious,0.5,neutral,-0.5,neutral,2.0,bullish,medium,"Macro and valuation inputs are available, but valuation coverage is still partial."
1981-01-01,eurozone,unknown,neutral,0.0,fair,low,0.0,neutral,0.0,neutral,0.0,neutral,0.0,neutral,medium,"Macro and valuation inputs are available, but valuation coverage is still partial."
1981-02-01,eurozone,unknown,tight,0.0,fair,low,-1.0,cautious,0.5,neutral,-0.5,neutral,2.0,bullish,medium,"Macro and valuation inputs are available, but valuation coverage is still partial."
1981-03-01,eurozone,unknown,tight,0.0,fair,low,-1.0,cautious,0.5,neutral,-0.5,neutral,2.0,bullish,medium,"Macro and valuation inputs are available, but valuation coverage is still partial."
1981-04-01,eurozone,unknown,neutral,0.0,fair,low,0.0,neutral,0.0,neutral,0.0,neutral,0.0,neutral,medium,"Macro and valuation inputs are available, but valuation coverage is still partial."
1981-05-01,eurozone,unknown,tight,0.0,fair,low,-1.0,cautious,0.5,neutral,-0.5,neutral,2.0,bullish,medium,"Macro and valuation inputs are available, but valuation coverage is still partial."
1981-06-01,eurozone,unknown,tight,0.0,fair,low,-1.0,cautious,0.5,neutral,-0.5,neutral,2.0,bullish,medium,"Macro and valuation inputs are available, but valuation coverage is still partial."
1981-07-01,eurozone,unknown,tight,0.0,fair,low,-1.0,cautious,0.5,neutral,-0.5,neutral,2.0,bullish,medium,"Macro and valuation inputs are available, but valuation coverage is still partial."
1981-08-01,eurozone,unknown,tight,0.0,fair,low,-1.0,cautious,0.5,neutral,-0.5,neutral,2.0,bullish,medium,"Macro and valuation inputs are available, but valuation coverage is still partial."
1981-09-01,eurozone,unknown,neutral,0.0,fair,low,0.0,neutral,0.0,neutral,0.0,neutral,0.0,neutral,medium,"Macro and valuation inputs are available, but valuation coverage is still partial."
1981-10-01,eurozone,unknown,neutral,0.0,fair,low,0.0,neutral,0.0,neutral,0.0,neutral,0.0,neutral,medium,"Macro and valuation inputs are available, but valuation coverage is still partial."
1981-11-01,eurozone,unknown,tight,0.0,fair,low,-1.0,cautious,0.5,neutral,-0.5,neutral,2.0,bullish,medium,"Macro and valuation inputs are available, but valuation coverage is still partial."
1981-12-01,eurozone,unknown,neutral,0.0,fair,low,0.0,neutral,0.0,neutral,0.0,neutral,0.0,neutral,medium,"Macro and valuation inputs are available, but valuation coverage is still partial."
1982-01-01,eurozone,unknown,easy,0.0,fair,low,1.0,neutral,-0.5,neutral,0.5,neutral,-1.0,cautious,medium,"Macro and valuation inputs are available, but valuation coverage is still partial."
1982-02-01,eurozone,unknown,neutral,0.0,fair,low,0.0,neutral,0.0,neutral,0.0,neutral,0.0,neutral,medium,"Macro and valuation inputs are available, but valuation coverage is still partial."
1982-03-01,eurozone,unknown,easy,0.0,fair,low,1.0,neutral,-0.5,neutral,0.5,neutral,-1.0,cautious,medium,"Macro and valuation inputs are available, but valuation coverage is still partial."
1982-04-01,eurozone,unknown,easy,0.0,fair,low,1.0,neutral,-0.5,neutral,0.5,neutral,-1.0,cautious,medium,"Macro and valuation inputs are available, but valuation coverage is still partial."
1982-05-01,eurozone,unknown,neutral,0.0,fair,low,0.0,neutral,0.0,neutral,0.0,neutral,0.0,neutral,medium,"Macro and valuation inputs are available, but valuation coverage is still partial."
1982-06-01,eurozone,unknown,neutral,0.0,fair,low,0.0,neutral,0.0,neutral,0.0,neutral,0.0,neutral,medium,"Macro and valuation inputs are available, but valuation coverage is still partial."
1982-07-01,eurozone,unknown,neutral,0.0,fair,low,0.0,neutral,0.0,neutral,0.0,neutral,0.0,neutral,medium,"Macro and valuation inputs are available, but valuation coverage is still partial."
1982-08-01,eurozone,unknown,easy,0.0,fair,low,1.0,neutral,-0.5,neutral,0.5,neutral,-1.0,cautious,medium,"Macro and valuation inputs are available, but valuation coverage is still partial."
1982-09-01,eurozone,unknown,easy,0.0,fair,low,1.0,neutral,-0.5,neutral,0.5,neutral,-1.0,cautious,medium,"Macro and valuation inputs are available, but valuation coverage is still partial."
1982-10-01,eurozone,unknown,easy,0.0,fair,low,1.0,neutral,-0.5,neutral,0.5,neutral,-1.0,cautious,medium,"Macro and valuation inputs are available, but valuation coverage is still partial."
1982-11-01,eurozone,unknown,easy,0.0,fair,low,1.0,neutral,-0.5,neutral,0.5,neutral,-1.0,cautious,medium,"Macro and valuation inputs are available, but valuation coverage is still partial."
1982-12-01,eurozone,unknown,easy,0.0,fair,low,1.0,neutral,-0.5,neutral,0.5,neutral,-1.0,cautious,medium,"Macro and valuation inputs are available, but valuation coverage is still partial."
1983-01-01,eurozone,unknown,easy,0.0,fair,low,1.0,neutral,-0.5,neutral,0.5,neutral,-1.0,cautious,medium,"Macro and valuation inputs are available, but valuation coverage is still partial."
1983-02-01,eurozone,unknown,easy,0.0,fair,low,1.0,neutral,-0.5,neutral,0.5,neutral,-1.0,cautious,medium,"Macro and valuation inputs are available, but valuation coverage is still partial."
1983-03-01,eurozone,unknown,neutral,0.0,fair,low,0.0,neutral,0.0,neutral,0.0,neutral,0.0,neutral,medium,"Macro and valuation inputs are available, but valuation coverage is still partial."
1983-04-01,eurozone,unknown,neutral,0.0,fair,low,0.0,neutral,0.0,neutral,0.0,neutral,0.0,neutral,medium,"Macro and valuation inputs are available, but valuation coverage is still partial."
1983-05-01,eurozone,unknown,neutral,0.0,fair,low,0.0,neutral,0.0,neutral,0.0,neutral,0.0,neutral,medium,"Macro and valuation inputs are available, but valuation coverage is still partial."
1983-06-01,eurozone,unknown,tight,0.0,fair,low,-1.0,cautious,0.5,neutral,-0.5,neutral,2.0,bullish,medium,"Macro and valuation inputs are available, but valuation coverage is still partial."
1983-07-01,eurozone,unknown,tight,0.0,fair,low,-1.0,cautious,0.5,neutral,-0.5,neutral,2.0,bullish,medium,"Macro and valuation inputs are available, but valuation coverage is still partial."
1983-08-01,eurozone,unknown,tight,0.0,fair,low,-1.0,cautious,0.5,neutral,-0.5,neutral,2.0,bullish,medium,"Macro and valuation inputs are available, but valuation coverage is still partial."
1983-09-01,eurozone,unknown,tight,0.0,fair,low,-1.0,cautious,0.5,neutral,-0.5,neutral,2.0,bullish,medium,"Macro and valuation inputs are available, but valuation coverage is still partial."
1983-10-01,eurozone,unknown,tight,0.0,fair,low,-1.0,cautious,0.5,neutral,-0.5,neutral,2.0,bullish,medium,"Macro and valuation inputs are available, but valuation coverage is still partial."
1983-11-01,eurozone,unknown,tight,0.0,fair,low,-1.0,cautious,0.5,neutral,-0.5,neutral,2.0,bullish,medium,"Macro and valuation inputs are available, but valuation coverage is still partial."
1983-12-01,eurozone,unknown,tight,0.0,fair,low,-1.0,cautious,0.5,neutral,-0.5,neutral,2.0,bullish,medium,"Macro and valuation inputs are available, but valuation coverage is still partial."
1984-01-01,eurozone,unknown,tight,0.0,fair,low,-1.0,cautious,0.5,neutral,-0.5,neutral,2.0,bullish,medium,"Macro and valuation inputs are available, but valuation coverage is still partial."
1984-02-01,eurozone,unknown,neutral,0.0,fair,low,0.0,neutral,0.0,neutral,0.0,neutral,0.0,neutral,medium,"Macro and valuation inputs are available, but valuation coverage is still partial."
1984-03-01,eurozone,unknown,neutral,0.0,fair,low,0.0,neutral,0.0,neutral,0.0,neutral,0.0,neutral,medium,"Macro and valuation inputs are available, but valuation coverage is still partial."
1984-04-01,eurozone,unknown,tight,0.0,fair,low,-1.0,cautious,0.5,neutral,-0.5,neutral,2.0,bullish,medium,"Macro and valuation inputs are available, but valuation coverage is still partial."
1984-05-01,eurozone,unknown,tight,0.0,fair,low,-1.0,cautious,0.5,neutral,-0.5,neutral,2.0,bullish,medium,"Macro and valuation inputs are available, but valuation coverage is still partial."
1984-06-01,eurozone,unknown,tight,0.0,fair,low,-1.0,cautious,0.5,neutral,-0.5,neutral,2.0,bullish,medium,"Macro and valuation inputs are available, but valuation coverage is still partial."
1984-07-01,eurozone,unknown,tight,0.0,fair,low,-1.0,cautious,0.5,neutral,-0.5,neutral,2.0,bullish,medium,"Macro and valuation inputs are available, but valuation coverage is still partial."
1984-08-01,eurozone,unknown,neutral,0.0,fair,low,0.0,neutral,0.0,neutral,0.0,neutral,0.0,neutral,medium,"Macro and valuation inputs are available, but valuation coverage is still partial."
1984-09-01,eurozone,unknown,neutral,0.0,fair,low,0.0,neutral,0.0,neutral,0.0,neutral,0.0,neutral,medium,"Macro and valuation inputs are available, but valuation coverage is still partial."
1984-10-01,eurozone,unknown,neutral,0.0,fair,low,0.0,neutral,0.0,neutral,0.0,neutral,0.0,neutral,medium,"Macro and valuation inputs are available, but valuation coverage is still partial."
1984-11-01,eurozone,unknown,neutral,0.0,fair,low,0.0,neutral,0.0,neutral,0.0,neutral,0.0,neutral,medium,"Macro and valuation inputs are available, but valuation coverage is still partial."
1984-12-01,eurozone,unknown,neutral,0.0,fair,low,0.0,neutral,0.0,neutral,0.0,neutral,0.0,neutral,medium,"Macro and valuation inputs are available, but valuation coverage is still partial."
1985-01-01,eurozone,unknown,neutral,0.0,fair,low,0.0,neutral,0.0,neutral,0.0,neutral,0.0,neutral,medium,"Macro and valuation inputs are available, but valuation coverage is still partial."
1985-02-01,eurozone,unknown,neutral,0.0,fair,low,0.0,neutral,0.0,neutral,0.0,neutral,0.0,neutral,medium,"Macro and valuation inputs are available, but valuation coverage is still partial."
1985-03-01,eurozone,unknown,neutral,0.0,fair,low,0.0,neutral,0.0,neutral,0.0,neutral,0.0,neutral,medium,"Macro and valuation inputs are available, but valuation coverage is still partial."
1985-04-01,eurozone,unknown,neutral,0.0,fair,low,0.0,neutral,0.0,neutral,0.0,neutral,0.0,neutral,medium,"Macro and valuation inputs are available, but valuation coverage is still partial."
1985-05-01,eurozone,unknown,neutral,0.0,fair,low,0.0,neutral,0.0,neutral,0.0,neutral,0.0,neutral,medium,"Macro and valuation inputs are available, but valuation coverage is still partial."
1985-06-01,eurozone,unknown,neutral,0.0,fair,low,0.0,neutral,0.0,neutral,0.0,neutral,0.0,neutral,medium,"Macro and valuation inputs are available, but valuation coverage is still partial."
1985-07-01,eurozone,unknown,tight,0.0,fair,low,-1.0,cautious,0.5,neutral,-0.5,neutral,2.0,bullish,medium,"Macro and valuation inputs are available, but valuation coverage is still partial."
1985-08-01,eurozone,unknown,tight,0.0,fair,low,-1.0,cautious,0.5,neutral,-0.5,neutral,2.0,bullish,medium,"Macro and valuation inputs are available, but valuation coverage is still partial."
1985-09-01,eurozone,unknown,tight,0.0,fair,low,-1.0,cautious,0.5,neutral,-0.5,neutral,2.0,bullish,medium,"Macro and valuation inputs are available, but valuation coverage is still partial."
1985-10-01,eurozone,unknown,neutral,0.0,fair,low,0.0,neutral,0.0,neutral,0.0,neutral,0.0,neutral,medium,"Macro and valuation inputs are available, but valuation coverage is still partial."
1985-11-01,eurozone,unknown,neutral,0.0,fair,low,0.0,neutral,0.0,neutral,0.0,neutral,0.0,neutral,medium,"Macro and valuation inputs are available, but valuation coverage is still partial."
1985-12-01,eurozone,unknown,neutral,0.0,fair,low,0.0,neutral,0.0,neutral,0.0,neutral,0.0,neutral,medium,"Macro and valuation inputs are available, but valuation coverage is still partial."
1986-01-01,eurozone,unknown,neutral,0.0,fair,low,0.0,neutral,0.0,neutral,0.0,neutral,0.0,neutral,medium,"Macro and valuation inputs are available, but valuation coverage is still partial."
1986-02-01,eurozone,unknown,tight,0.0,fair,low,-1.0,cautious,0.5,neutral,-0.5,neutral,2.0,bullish,medium,"Macro and valuation inputs are available, but valuation coverage is still partial."
1986-03-01,eurozone,unknown,neutral,0.0,fair,low,0.0,neutral,0.0,neutral,0.0,neutral,0.0,neutral,medium,"Macro and valuation inputs are available, but valuation coverage is still partial."
1986-04-01,eurozone,unknown,neutral,0.0,fair,low,0.0,neutral,0.0,neutral,0.0,neutral,0.0,neutral,medium,"Macro and valuation inputs are available, but valuation coverage is still partial."
1986-05-01,eurozone,unknown,easy,0.0,fair,low,1.0,neutral,-0.5,neutral,0.5,neutral,-1.0,cautious,medium,"Macro and valuation inputs are available, but valuation coverage is still partial."
1986-06-01,eurozone,unknown,neutral,0.0,fair,low,0.0,neutral,0.0,neutral,0.0,neutral,0.0,neutral,medium,"Macro and valuation inputs are available, but valuation coverage is still partial."
1986-07-01,eurozone,unknown,tight,0.0,fair,low,-1.0,cautious,0.5,neutral,-0.5,neutral,2.0,bullish,medium,"Macro and valuation inputs are available, but valuation coverage is still partial."
1986-08-01,eurozone,unknown,tight,0.0,fair,low,-1.0,cautious,0.5,neutral,-0.5,neutral,2.0,bullish,medium,"Macro and valuation inputs are available, but valuation coverage is still partial."
1986-09-01,eurozone,unknown,neutral,0.0,fair,low,0.0,neutral,0.0,neutral,0.0,neutral,0.0,neutral,medium,"Macro and valuation inputs are available, but valuation coverage is still partial."
1986-10-01,eurozone,unknown,neutral,0.0,fair,low,0.0,neutral,0.0,neutral,0.0,neutral,0.0,neutral,medium,"Macro and valuation inputs are available, but valuation coverage is still partial."
1986-11-01,eurozone,unknown,tight,0.0,fair,low,-1.0,cautious,0.5,neutral,-0.5,neutral,2.0,bullish,medium,"Macro and valuation inputs are available, but valuation coverage is still partial."
1986-12-01,eurozone,unknown,tight,0.0,fair,low,-1.0,cautious,0.5,neutral,-0.5,neutral,2.0,bullish,medium,"Macro and valuation inputs are available, but valuation coverage is still partial."
1987-01-01,eurozone,unknown,tight,0.0,fair,low,-1.0,cautious,0.5,neutral,-0.5,neutral,2.0,bullish,medium,"Macro and valuation inputs are available, but valuation coverage is still partial."
1987-02-01,eurozone,unknown,tight,0.0,fair,low,-1.0,cautious,0.5,neutral,-0.5,neutral,2.0,bullish,medium,"Macro and valuation inputs are available, but valuation coverage is still partial."
1987-03-01,eurozone,unknown,tight,0.0,fair,low,-1.0,cautious,0.5,neutral,-0.5,neutral,2.0,bullish,medium,"Macro and valuation inputs are available, but valuation coverage is still partial."
1987-04-01,eurozone,unknown,neutral,0.0,fair,low,0.0,neutral,0.0,neutral,0.0,neutral,0.0,neutral,medium,"Macro and valuation inputs are available, but valuation coverage is still partial."
1987-05-01,eurozone,unknown,tight,0.0,fair,low,-1.0,cautious,0.5,neutral,-0.5,neutral,2.0,bullish,medium,"Macro and valuation inputs are available, but valuation coverage is still partial."
1987-06-01,eurozone,unknown,tight,0.0,fair,low,-1.0,cautious,0.5,neutral,-0.5,neutral,2.0,bullish,medium,"Macro and valuation inputs are available, but valuation coverage is still partial."
1987-07-01,eurozone,unknown,tight,0.0,fair,low,-1.0,cautious,0.5,neutral,-0.5,neutral,2.0,bullish,medium,"Macro and valuation inputs are available, but valuation coverage is still partial."
1987-08-01,eurozone,unknown,tight,0.0,fair,low,-1.0,cautious,0.5,neutral,-0.5,neutral,2.0,bullish,medium,"Macro and valuation inputs are available, but valuation coverage is still partial."
1987-09-01,eurozone,unknown,tight,0.0,fair,low,-1.0,cautious,0.5,neutral,-0.5,neutral,2.0,bullish,medium,"Macro and valuation inputs are available, but valuation coverage is still partial."
1987-10-01,eurozone,unknown,tight,0.0,fair,low,-1.0,cautious,0.5,neutral,-0.5,neutral,2.0,bullish,medium,"Macro and valuation inputs are available, but valuation coverage is still partial."
1987-11-01,eurozone,unknown,neutral,0.0,fair,low,0.0,neutral,0.0,neutral,0.0,neutral,0.0,neutral,medium,"Macro and valuation inputs are available, but valuation coverage is still partial."
1987-12-01,eurozone,unknown,neutral,0.0,fair,low,0.0,neutral,0.0,neutral,0.0,neutral,0.0,neutral,medium,"Macro and valuation inputs are available, but valuation coverage is still partial."
1988-01-01,eurozone,unknown,neutral,0.0,fair,low,0.0,neutral,0.0,neutral,0.0,neutral,0.0,neutral,medium,"Macro and valuation inputs are available, but valuation coverage is still partial."
1988-02-01,eurozone,unknown,neutral,0.0,fair,low,0.0,neutral,0.0,neutral,0.0,neutral,0.0,neutral,medium,"Macro and valuation inputs are available, but valuation coverage is still partial."
1988-03-01,eurozone,unknown,neutral,0.0,fair,low,0.0,neutral,0.0,neutral,0.0,neutral,0.0,neutral,medium,"Macro and valuation inputs are available, but valuation coverage is still partial."
1988-04-01,eurozone,unknown,neutral,0.0,fair,low,0.0,neutral,0.0,neutral,0.0,neutral,0.0,neutral,medium,"Macro and valuation inputs are available, but valuation coverage is still partial."
1988-05-01,eurozone,unknown,neutral,0.0,fair,low,0.0,neutral,0.0,neutral,0.0,neutral,0.0,neutral,medium,"Macro and valuation inputs are available, but valuation coverage is still partial."
1988-06-01,eurozone,unknown,neutral,0.0,fair,low,0.0,neutral,0.0,neutral,0.0,neutral,0.0,neutral,medium,"Macro and valuation inputs are available, but valuation coverage is still partial."
1988-07-01,eurozone,unknown,neutral,0.0,fair,low,0.0,neutral,0.0,neutral,0.0,neutral,0.0,neutral,medium,"Macro and valuation inputs are available, but valuation coverage is still partial."
1988-08-01,eurozone,unknown,neutral,0.0,fair,low,0.0,neutral,0.0,neutral,0.0,neutral,0.0,neutral,medium,"Macro and valuation inputs are available, but valuation coverage is still partial."
1988-09-01,eurozone,unknown,neutral,0.0,fair,low,0.0,neutral,0.0,neutral,0.0,neutral,0.0,neutral,medium,"Macro and valuation inputs are available, but valuation coverage is still partial."
1988-10-01,eurozone,unknown,neutral,0.0,fair,low,0.0,neutral,0.0,neutral,0.0,neutral,0.0,neutral,medium,"Macro and valuation inputs are available, but valuation coverage is still partial."
1988-11-01,eurozone,unknown,neutral,0.0,fair,low,0.0,neutral,0.0,neutral,0.0,neutral,0.0,neutral,medium,"Macro and valuation inputs are available, but valuation coverage is still partial."
1988-12-01,eurozone,unknown,neutral,0.0,fair,low,0.0,neutral,0.0,neutral,0.0,neutral,0.0,neutral,medium,"Macro and valuation inputs are available, but valuation coverage is still partial."
1989-01-01,eurozone,unknown,neutral,0.0,fair,low,0.0,neutral,0.0,neutral,0.0,neutral,0.0,neutral,medium,"Macro and valuation inputs are available, but valuation coverage is still partial."
1989-02-01,eurozone,unknown,tight,0.0,fair,low,-1.0,cautious,0.5,neutral,-0.5,neutral,2.0,bullish,medium,"Macro and valuation inputs are available, but valuation coverage is still partial."
1989-03-01,eurozone,unknown,neutral,0.0,fair,low,0.0,neutral,0.0,neutral,0.0,neutral,0.0,neutral,medium,"Macro and valuation inputs are available, but valuation coverage is still partial."
1989-04-01,eurozone,unknown,tight,0.0,fair,low,-1.0,cautious,0.5,neutral,-0.5,neutral,2.0,bullish,medium,"Macro and valuation inputs are available, but valuation coverage is still partial."
1989-05-01,eurozone,unknown,neutral,0.0,fair,low,0.0,neutral,0.0,neutral,0.0,neutral,0.0,neutral,medium,"Macro and valuation inputs are available, but valuation coverage is still partial."
1989-06-01,eurozone,unknown,neutral,0.0,fair,low,0.0,neutral,0.0,neutral,0.0,neutral,0.0,neutral,medium,"Macro and valuation inputs are available, but valuation coverage is still partial."
1989-07-01,eurozone,unknown,neutral,0.0,fair,low,0.0,neutral,0.0,neutral,0.0,neutral,0.0,neutral,medium,"Macro and valuation inputs are available, but valuation coverage is still partial."
1989-08-01,eurozone,unknown,neutral,0.0,fair,low,0.0,neutral,0.0,neutral,0.0,neutral,0.0,neutral,medium,"Macro and valuation inputs are available, but valuation coverage is still partial."
1989-09-01,eurozone,unknown,neutral,0.0,fair,low,0.0,neutral,0.0,neutral,0.0,neutral,0.0,neutral,medium,"Macro and valuation inputs are available, but valuation coverage is still partial."
1989-10-01,eurozone,unknown,neutral,0.0,fair,low,0.0,neutral,0.0,neutral,0.0,neutral,0.0,neutral,medium,"Macro and valuation inputs are available, but valuation coverage is still partial."
1989-11-01,eurozone,unknown,tight,0.0,fair,low,-1.0,cautious,0.5,neutral,-0.5,neutral,2.0,bullish,medium,"Macro and valuation inputs are available, but valuation coverage is still partial."
1989-12-01,eurozone,unknown,neutral,0.0,fair,low,0.0,neutral,0.0,neutral,0.0,neutral,0.0,neutral,medium,"Macro and valuation inputs are available, but valuation coverage is still partial."
1990-01-01,eurozone,unknown,neutral,0.0,fair,low,0.0,neutral,0.0,neutral,0.0,neutral,0.0,neutral,medium,"Macro and valuation inputs are available, but valuation coverage is still partial."
1990-02-01,eurozone,unknown,neutral,0.0,fair,low,0.0,neutral,0.0,neutral,0.0,neutral,0.0,neutral,medium,"Macro and valuation inputs are available, but valuation coverage is still partial."
1990-03-01,eurozone,unknown,tight,0.0,fair,low,-1.0,cautious,0.5,neutral,-0.5,neutral,2.0,bullish,medium,"Macro and valuation inputs are available, but valuation coverage is still partial."
1990-04-01,eurozone,unknown,neutral,0.0,fair,low,0.0,neutral,0.0,neutral,0.0,neutral,0.0,neutral,medium,"Macro and valuation inputs are available, but valuation coverage is still partial."
1990-05-01,eurozone,unknown,neutral,0.0,fair,low,0.0,neutral,0.0,neutral,0.0,neutral,0.0,neutral,medium,"Macro and valuation inputs are available, but valuation coverage is still partial."
1990-06-01,eurozone,unknown,easy,0.0,fair,low,1.0,neutral,-0.5,neutral,0.5,neutral,-1.0,cautious,medium,"Macro and valuation inputs are available, but valuation coverage is still partial."
1990-07-01,eurozone,unknown,easy,0.0,fair,low,1.0,neutral,-0.5,neutral,0.5,neutral,-1.0,cautious,medium,"Macro and valuation inputs are available, but valuation coverage is still partial."
1990-08-01,eurozone,unknown,easy,0.0,fair,low,1.0,neutral,-0.5,neutral,0.5,neutral,-1.0,cautious,medium,"Macro and valuation inputs are available, but valuation coverage is still partial."
1990-09-01,eurozone,unknown,easy,0.0,fair,low,1.0,neutral,-0.5,neutral,0.5,neutral,-1.0,cautious,medium,"Macro and valuation inputs are available, but valuation coverage is still partial."
1990-10-01,eurozone,unknown,easy,0.0,fair,low,1.0,neutral,-0.5,neutral,0.5,neutral,-1.0,cautious,medium,"Macro and valuation inputs are available, but valuation coverage is still partial."
1990-11-01,eurozone,unknown,easy,0.0,fair,low,1.0,neutral,-0.5,neutral,0.5,neutral,-1.0,cautious,medium,"Macro and valuation inputs are available, but valuation coverage is still partial."
1990-12-01,eurozone,unknown,easy,0.0,fair,low,1.0,neutral,-0.5,neutral,0.5,neutral,-1.0,cautious,medium,"Macro and valuation inputs are available, but valuation coverage is still partial."
1991-01-01,eurozone,unknown,easy,0.0,fair,low,1.0,neutral,-0.5,neutral,0.5,neutral,-1.0,cautious,medium,"Macro and valuation inputs are available, but valuation coverage is still partial."
1991-02-01,eurozone,unknown,easy,0.0,fair,low,1.0,neutral,-0.5,neutral,0.5,neutral,-1.0,cautious,medium,"Macro and valuation inputs are available, but valuation coverage is still partial."
1991-03-01,eurozone,unknown,easy,0.0,fair,low,1.0,neutral,-0.5,neutral,0.5,neutral,-1.0,cautious,medium,"Macro and valuation inputs are available, but valuation coverage is still partial."
1991-04-01,eurozone,unknown,easy,0.0,fair,low,1.0,neutral,-0.5,neutral,0.5,neutral,-1.0,cautious,medium,"Macro and valuation inputs are available, but valuation coverage is still partial."
1991-05-01,eurozone,unknown,easy,0.0,fair,low,1.0,neutral,-0.5,neutral,0.5,neutral,-1.0,cautious,medium,"Macro and valuation inputs are available, but valuation coverage is still partial."
1991-06-01,eurozone,unknown,neutral,0.0,fair,low,0.0,neutral,0.0,neutral,0.0,neutral,0.0,neutral,medium,"Macro and valuation inputs are available, but valuation coverage is still partial."
1991-07-01,eurozone,unknown,tight,0.0,fair,low,-1.0,cautious,0.5,neutral,-0.5,neutral,2.0,bullish,medium,"Macro and valuation inputs are available, but valuation coverage is still partial."
1991-08-01,eurozone,unknown,tight,0.0,fair,low,-1.0,cautious,0.5,neutral,-0.5,neutral,2.0,bullish,medium,"Macro and valuation inputs are available, but valuation coverage is still partial."
1991-09-01,eurozone,unknown,neutral,0.0,fair,low,0.0,neutral,0.0,neutral,0.0,neutral,0.0,neutral,medium,"Macro and valuation inputs are available, but valuation coverage is still partial."
1991-10-01,eurozone,unknown,neutral,0.0,fair,low,0.0,neutral,0.0,neutral,0.0,neutral,0.0,neutral,medium,"Macro and valuation inputs are available, but valuation coverage is still partial."
1991-11-01,eurozone,unknown,neutral,0.0,fair,low,0.0,neutral,0.0,neutral,0.0,neutral,0.0,neutral,medium,"Macro and valuation inputs are available, but valuation coverage is still partial."
1991-12-01,eurozone,unknown,neutral,0.0,fair,low,0.0,neutral,0.0,neutral,0.0,neutral,0.0,neutral,medium,"Macro and valuation inputs are available, but valuation coverage is still partial."
1992-01-01,eurozone,unknown,neutral,0.0,fair,low,0.0,neutral,0.0,neutral,0.0,neutral,0.0,neutral,medium,"Macro and valuation inputs are available, but valuation coverage is still partial."
1992-02-01,eurozone,unknown,neutral,0.0,fair,low,0.0,neutral,0.0,neutral,0.0,neutral,0.0,neutral,medium,"Macro and valuation inputs are available, but valuation coverage is still partial."
1992-03-01,eurozone,unknown,neutral,0.0,fair,low,0.0,neutral,0.0,neutral,0.0,neutral,0.0,neutral,medium,"Macro and valuation inputs are available, but valuation coverage is still partial."
1992-04-01,eurozone,unknown,neutral,0.0,fair,low,0.0,neutral,0.0,neutral,0.0,neutral,0.0,neutral,medium,"Macro and valuation inputs are available, but valuation coverage is still partial."
1992-05-01,eurozone,unknown,neutral,0.0,fair,low,0.0,neutral,0.0,neutral,0.0,neutral,0.0,neutral,medium,"Macro and valuation inputs are available, but valuation coverage is still partial."
1992-06-01,eurozone,unknown,tight,0.0,fair,low,-1.0,cautious,0.5,neutral,-0.5,neutral,2.0,bullish,medium,"Macro and valuation inputs are available, but valuation coverage is still partial."
1992-07-01,eurozone,unknown,tight,0.0,fair,low,-1.0,cautious,0.5,neutral,-0.5,neutral,2.0,bullish,medium,"Macro and valuation inputs are available, but valuation coverage is still partial."
1992-08-01,eurozone,unknown,tight,0.0,fair,low,-1.0,cautious,0.5,neutral,-0.5,neutral,2.0,bullish,medium,"Macro and valuation inputs are available, but valuation coverage is still partial."
1992-09-01,eurozone,unknown,neutral,0.0,fair,low,0.0,neutral,0.0,neutral,0.0,neutral,0.0,neutral,medium,"Macro and valuation inputs are available, but valuation coverage is still partial."
1992-10-01,eurozone,unknown,neutral,0.0,fair,low,0.0,neutral,0.0,neutral,0.0,neutral,0.0,neutral,medium,"Macro and valuation inputs are available, but valuation coverage is still partial."
1992-11-01,eurozone,unknown,neutral,0.0,fair,low,0.0,neutral,0.0,neutral,0.0,neutral,0.0,neutral,medium,"Macro and valuation inputs are available, but valuation coverage is still partial."
1992-12-01,eurozone,unknown,neutral,0.0,fair,low,0.0,neutral,0.0,neutral,0.0,neutral,0.0,neutral,medium,"Macro and valuation inputs are available, but valuation coverage is still partial."
1993-01-01,eurozone,unknown,neutral,0.0,fair,low,0.0,neutral,0.0,neutral,0.0,neutral,0.0,neutral,medium,"Macro and valuation inputs are available, but valuation coverage is still partial."
1993-02-01,eurozone,unknown,neutral,0.0,fair,low,0.0,neutral,0.0,neutral,0.0,neutral,0.0,neutral,medium,"Macro and valuation inputs are available, but valuation coverage is still partial."
1993-03-01,eurozone,unknown,easy,0.0,fair,low,1.0,neutral,-0.5,neutral,0.5,neutral,-1.0,cautious,medium,"Macro and valuation inputs are available, but valuation coverage is still partial."
1993-04-01,eurozone,unknown,neutral,0.0,fair,low,0.0,neutral,0.0,neutral,0.0,neutral,0.0,neutral,medium,"Macro and valuation inputs are available, but valuation coverage is still partial."
1993-05-01,eurozone,unknown,neutral,0.0,fair,low,0.0,neutral,0.0,neutral,0.0,neutral,0.0,neutral,medium,"Macro and valuation inputs are available, but valuation coverage is still partial."
1993-06-01,eurozone,unknown,neutral,0.0,fair,low,0.0,neutral,0.0,neutral,0.0,neutral,0.0,neutral,medium,"Macro and valuation inputs are available, but valuation coverage is still partial."
1993-07-01,eurozone,unknown,neutral,0.0,fair,low,0.0,neutral,0.0,neutral,0.0,neutral,0.0,neutral,medium,"Macro and valuation inputs are available, but valuation coverage is still partial."
1993-08-01,eurozone,unknown,neutral,0.0,fair,low,0.0,neutral,0.0,neutral,0.0,neutral,0.0,neutral,medium,"Macro and valuation inputs are available, but valuation coverage is still partial."
1993-09-01,eurozone,unknown,neutral,0.0,fair,low,0.0,neutral,0.0,neutral,0.0,neutral,0.0,neutral,medium,"Macro and valuation inputs are available, but valuation coverage is still partial."
1993-10-01,eurozone,unknown,neutral,0.0,fair,low,0.0,neutral,0.0,neutral,0.0,neutral,0.0,neutral,medium,"Macro and valuation inputs are available, but valuation coverage is still partial."
1993-11-01,eurozone,unknown,neutral,0.0,fair,low,0.0,neutral,0.0,neutral,0.0,neutral,0.0,neutral,medium,"Macro and valuation inputs are available, but valuation coverage is still partial."
1993-12-01,eurozone,unknown,neutral,0.0,fair,low,0.0,neutral,0.0,neutral,0.0,neutral,0.0,neutral,medium,"Macro and valuation inputs are available, but valuation coverage is still partial."
1994-01-01,eurozone,unknown,neutral,0.0,fair,low,0.0,neutral,0.0,neutral,0.0,neutral,0.0,neutral,medium,"Macro and valuation inputs are available, but valuation coverage is still partial."
1994-02-01,eurozone,unknown,neutral,0.0,fair,low,0.0,neutral,0.0,neutral,0.0,neutral,0.0,neutral,medium,"Macro and valuation inputs are available, but valuation coverage is still partial."
1994-03-01,eurozone,unknown,tight,0.0,fair,low,-1.0,cautious,0.5,neutral,-0.5,neutral,2.0,bullish,medium,"Macro and valuation inputs are available, but valuation coverage is still partial."
1994-04-01,eurozone,unknown,tight,0.0,fair,low,-1.0,cautious,0.5,neutral,-0.5,neutral,2.0,bullish,medium,"Macro and valuation inputs are available, but valuation coverage is still partial."
1994-05-01,eurozone,unknown,tight,0.0,fair,low,-1.0,cautious,0.5,neutral,-0.5,neutral,2.0,bullish,medium,"Macro and valuation inputs are available, but valuation coverage is still partial."
1994-06-01,eurozone,unknown,tight,0.0,fair,low,-1.0,cautious,0.5,neutral,-0.5,neutral,2.0,bullish,medium,"Macro and valuation inputs are available, but valuation coverage is still partial."
1994-07-01,eurozone,unknown,tight,0.0,fair,low,-1.0,cautious,0.5,neutral,-0.5,neutral,2.0,bullish,medium,"Macro and valuation inputs are available, but valuation coverage is still partial."
1994-08-01,eurozone,unknown,tight,0.0,fair,low,-1.0,cautious,0.5,neutral,-0.5,neutral,2.0,bullish,medium,"Macro and valuation inputs are available, but valuation coverage is still partial."
1994-09-01,eurozone,unknown,tight,0.0,fair,low,-1.0,cautious,0.5,neutral,-0.5,neutral,2.0,bullish,medium,"Macro and valuation inputs are available, but valuation coverage is still partial."
1994-10-01,eurozone,unknown,tight,0.0,fair,low,-1.0,cautious,0.5,neutral,-0.5,neutral,2.0,bullish,medium,"Macro and valuation inputs are available, but valuation coverage is still partial."
1994-11-01,eurozone,unknown,tight,0.0,fair,low,-1.0,cautious,0.5,neutral,-0.5,neutral,2.0,bullish,medium,"Macro and valuation inputs are available, but valuation coverage is still partial."
1994-12-01,eurozone,unknown,tight,0.0,fair,low,-1.0,cautious,0.5,neutral,-0.5,neutral,2.0,bullish,medium,"Macro and valuation inputs are available, but valuation coverage is still partial."
1995-01-01,eurozone,unknown,tight,0.0,fair,low,-1.0,cautious,0.5,neutral,-0.5,neutral,2.0,bullish,medium,"Macro and valuation inputs are available, but valuation coverage is still partial."
1995-02-01,eurozone,unknown,tight,0.0,fair,low,-1.0,cautious,0.5,neutral,-0.5,neutral,2.0,bullish,medium,"Macro and valuation inputs are available, but valuation coverage is still partial."
1995-03-01,eurozone,unknown,tight,0.0,fair,low,-1.0,cautious,0.5,neutral,-0.5,neutral,2.0,bullish,medium,"Macro and valuation inputs are available, but valuation coverage is still partial."
1995-04-01,eurozone,unknown,tight,0.0,fair,low,-1.0,cautious,0.5,neutral,-0.5,neutral,2.0,bullish,medium,"Macro and valuation inputs are available, but valuation coverage is still partial."
1995-05-01,eurozone,unknown,tight,0.0,fair,low,-1.0,cautious,0.5,neutral,-0.5,neutral,2.0,bullish,medium,"Macro and valuation inputs are available, but valuation coverage is still partial."
1995-06-01,eurozone,unknown,neutral,0.0,fair,low,0.0,neutral,0.0,neutral,0.0,neutral,0.0,neutral,medium,"Macro and valuation inputs are available, but valuation coverage is still partial."
1995-07-01,eurozone,unknown,tight,0.0,fair,low,-1.0,cautious,0.5,neutral,-0.5,neutral,2.0,bullish,medium,"Macro and valuation inputs are available, but valuation coverage is still partial."
1995-08-01,eurozone,unknown,tight,0.0,fair,low,-1.0,cautious,0.5,neutral,-0.5,neutral,2.0,bullish,medium,"Macro and valuation inputs are available, but valuation coverage is still partial."
1995-09-01,eurozone,unknown,tight,0.0,fair,low,-1.0,cautious,0.5,neutral,-0.5,neutral,2.0,bullish,medium,"Macro and valuation inputs are available, but valuation coverage is still partial."
1995-10-01,eurozone,unknown,tight,0.0,fair,low,-1.0,cautious,0.5,neutral,-0.5,neutral,2.0,bullish,medium,"Macro and valuation inputs are available, but valuation coverage is still partial."
1995-11-01,eurozone,unknown,tight,0.0,fair,low,-1.0,cautious,0.5,neutral,-0.5,neutral,2.0,bullish,medium,"Macro and valuation inputs are available, but valuation coverage is still partial."
1995-12-01,eurozone,unknown,neutral,0.0,fair,low,0.0,neutral,0.0,neutral,0.0,neutral,0.0,neutral,medium,"Macro and valuation inputs are available, but valuation coverage is still partial."
1996-01-01,eurozone,unknown,easy,0.0,fair,low,1.0,neutral,-0.5,neutral,0.5,neutral,-1.0,cautious,medium,"Macro and valuation inputs are available, but valuation coverage is still partial."
1996-02-01,eurozone,unknown,neutral,0.0,fair,low,0.0,neutral,0.0,neutral,0.0,neutral,0.0,neutral,medium,"Macro and valuation inputs are available, but valuation coverage is still partial."
1996-03-01,eurozone,unknown,tight,0.0,fair,low,-1.0,cautious,0.5,neutral,-0.5,neutral,2.0,bullish,medium,"Macro and valuation inputs are available, but valuation coverage is still partial."
1996-04-01,eurozone,unknown,tight,0.0,fair,low,-1.0,cautious,0.5,neutral,-0.5,neutral,2.0,bullish,medium,"Macro and valuation inputs are available, but valuation coverage is still partial."
1996-05-01,eurozone,unknown,neutral,0.0,fair,low,0.0,neutral,0.0,neutral,0.0,neutral,0.0,neutral,medium,"Macro and valuation inputs are available, but valuation coverage is still partial."
1996-06-01,eurozone,unknown,neutral,0.0,fair,low,0.0,neutral,0.0,neutral,0.0,neutral,0.0,neutral,medium,"Macro and valuation inputs are available, but valuation coverage is still partial."
1996-07-01,eurozone,unknown,neutral,0.0,fair,low,0.0,neutral,0.0,neutral,0.0,neutral,0.0,neutral,medium,"Macro and valuation inputs are available, but valuation coverage is still partial."
1996-08-01,eurozone,unknown,neutral,0.0,fair,low,0.0,neutral,0.0,neutral,0.0,neutral,0.0,neutral,medium,"Macro and valuation inputs are available, but valuation coverage is still partial."
1996-09-01,eurozone,unknown,neutral,0.0,fair,low,0.0,neutral,0.0,neutral,0.0,neutral,0.0,neutral,medium,"Macro and valuation inputs are available, but valuation coverage is still partial."
1996-10-01,eurozone,unknown,neutral,0.0,fair,low,0.0,neutral,0.0,neutral,0.0,neutral,0.0,neutral,medium,"Macro and valuation inputs are available, but valuation coverage is still partial."
1996-11-01,eurozone,unknown,neutral,0.0,fair,low,0.0,neutral,0.0,neutral,0.0,neutral,0.0,neutral,medium,"Macro and valuation inputs are available, but valuation coverage is still partial."
1996-12-01,eurozone,unknown,neutral,0.0,fair,low,0.0,neutral,0.0,neutral,0.0,neutral,0.0,neutral,medium,"Macro and valuation inputs are available, but valuation coverage is still partial."
1997-01-01,eurozone,unknown,neutral,0.0,fair,low,0.0,neutral,0.0,neutral,0.0,neutral,0.0,neutral,medium,"Macro and valuation inputs are available, but valuation coverage is still partial."
1997-02-01,eurozone,unknown,tight,0.0,fair,low,-1.0,cautious,0.5,neutral,-0.5,neutral,2.0,bullish,medium,"Macro and valuation inputs are available, but valuation coverage is still partial."
1997-03-01,eurozone,unknown,tight,0.0,fair,low,-1.0,cautious,0.5,neutral,-0.5,neutral,2.0,bullish,medium,"Macro and valuation inputs are available, but valuation coverage is still partial."
1997-04-01,eurozone,unknown,tight,0.0,fair,low,-1.0,cautious,0.5,neutral,-0.5,neutral,2.0,bullish,medium,"Macro and valuation inputs are available, but valuation coverage is still partial."
1997-05-01,eurozone,unknown,tight,0.0,fair,low,-1.0,cautious,0.5,neutral,-0.5,neutral,2.0,bullish,medium,"Macro and valuation inputs are available, but valuation coverage is still partial."
1997-06-01,eurozone,unknown,tight,0.0,fair,low,-1.0,cautious,0.5,neutral,-0.5,neutral,2.0,bullish,medium,"Macro and valuation inputs are available, but valuation coverage is still partial."
1997-07-01,eurozone,unknown,neutral,0.0,fair,low,0.0,neutral,0.0,neutral,0.0,neutral,0.0,neutral,medium,"Macro and valuation inputs are available, but valuation coverage is still partial."
1997-08-01,eurozone,unknown,tight,0.0,fair,low,-1.0,cautious,0.5,neutral,-0.5,neutral,2.0,bullish,medium,"Macro and valuation inputs are available, but valuation coverage is still partial."
1997-09-01,eurozone,unknown,neutral,0.0,fair,low,0.0,neutral,0.0,neutral,0.0,neutral,0.0,neutral,medium,"Macro and valuation inputs are available, but valuation coverage is still partial."
1997-10-01,eurozone,unknown,tight,0.0,fair,low,-1.0,cautious,0.5,neutral,-0.5,neutral,2.0,bullish,medium,"Macro and valuation inputs are available, but valuation coverage is still partial."
1997-11-01,eurozone,unknown,neutral,0.0,fair,low,0.0,neutral,0.0,neutral,0.0,neutral,0.0,neutral,medium,"Macro and valuation inputs are available, but valuation coverage is still partial."
1997-12-01,eurozone,unknown,neutral,0.0,fair,low,0.0,neutral,0.0,neutral,0.0,neutral,0.0,neutral,medium,"Macro and valuation inputs are available, but valuation coverage is still partial."
1998-01-01,eurozone,unknown,neutral,0.0,fair,low,0.0,neutral,0.0,neutral,0.0,neutral,0.0,neutral,medium,"Macro and valuation inputs are available, but valuation coverage is still partial."
1998-02-01,eurozone,unknown,neutral,0.0,fair,low,0.0,neutral,0.0,neutral,0.0,neutral,0.0,neutral,medium,"Macro and valuation inputs are available, but valuation coverage is still partial."
1998-03-01,eurozone,unknown,neutral,0.0,fair,low,0.0,neutral,0.0,neutral,0.0,neutral,0.0,neutral,medium,"Macro and valuation inputs are available, but valuation coverage is still partial."
1998-04-01,eurozone,unknown,neutral,0.0,fair,low,0.0,neutral,0.0,neutral,0.0,neutral,0.0,neutral,medium,"Macro and valuation inputs are available, but valuation coverage is still partial."
1998-05-01,eurozone,unknown,neutral,0.0,fair,low,0.0,neutral,0.0,neutral,0.0,neutral,0.0,neutral,medium,"Macro and valuation inputs are available, but valuation coverage is still partial."
1998-06-01,eurozone,unknown,neutral,0.0,fair,low,0.0,neutral,0.0,neutral,0.0,neutral,0.0,neutral,medium,"Macro and valuation inputs are available, but valuation coverage is still partial."
1998-07-01,eurozone,unknown,neutral,0.0,fair,low,0.0,neutral,0.0,neutral,0.0,neutral,0.0,neutral,medium,"Macro and valuation inputs are available, but valuation coverage is still partial."
1998-08-01,eurozone,unknown,neutral,0.0,fair,low,0.0,neutral,0.0,neutral,0.0,neutral,0.0,neutral,medium,"Macro and valuation inputs are available, but valuation coverage is still partial."
1998-09-01,eurozone,unknown,neutral,0.0,fair,low,0.0,neutral,0.0,neutral,0.0,neutral,0.0,neutral,medium,"Macro and valuation inputs are available, but valuation coverage is still partial."
1998-10-01,eurozone,unknown,neutral,0.0,fair,low,0.0,neutral,0.0,neutral,0.0,neutral,0.0,neutral,medium,"Macro and valuation inputs are available, but valuation coverage is still partial."
1998-11-01,eurozone,unknown,neutral,0.0,fair,low,0.0,neutral,0.0,neutral,0.0,neutral,0.0,neutral,medium,"Macro and valuation inputs are available, but valuation coverage is still partial."
1998-12-01,eurozone,unknown,neutral,0.0,fair,low,0.0,neutral,0.0,neutral,0.0,neutral,0.0,neutral,medium,"Macro and valuation inputs are available, but valuation coverage is still partial."
1999-01-01,eurozone,unknown,neutral,-0.0173709450443292,fair,low,0.0,neutral,0.0,neutral,0.0,neutral,0.0,neutral,medium,"Macro and valuation inputs are available, but valuation coverage is still partial."
1999-02-01,eurozone,unknown,neutral,0.0045581493511752,fair,low,0.0,neutral,0.0,neutral,0.0,neutral,0.0,neutral,medium,"Macro and valuation inputs are available, but valuation coverage is still partial."
1999-03-01,eurozone,unknown,tight,0.0343378837175193,fair,low,-1.0,cautious,0.5,neutral,-0.5,neutral,2.0,bullish,medium,"Macro and valuation inputs are available, but valuation coverage is still partial."
1999-04-01,eurozone,unknown,neutral,0.0861508510820398,fair,low,0.0,neutral,0.0,neutral,0.0,neutral,0.0,neutral,medium,"Macro and valuation inputs are available, but valuation coverage is still partial."
1999-05-01,eurozone,unknown,neutral,0.1097966793918147,fair,low,0.0,neutral,0.0,neutral,0.0,neutral,0.0,neutral,medium,"Macro and valuation inputs are available, but valuation coverage is still partial."
1999-06-01,eurozone,unknown,neutral,0.1561489735939569,fair,low,0.0,neutral,0.0,neutral,0.0,neutral,0.0,neutral,medium,"Macro and valuation inputs are available, but valuation coverage is still partial."
1999-07-01,eurozone,unknown,tight,0.2036119721662362,fair,low,-1.0,cautious,0.5,neutral,-0.5,neutral,2.0,bullish,medium,"Macro and valuation inputs are available, but valuation coverage is still partial."
1999-08-01,eurozone,unknown,tight,0.2330557681090539,fair,low,-1.0,cautious,0.5,neutral,-0.5,neutral,2.0,bullish,medium,"Macro and valuation inputs are available, but valuation coverage is still partial."
1999-09-01,eurozone,unknown,tight,0.2582288208905219,fair,low,-1.0,cautious,0.5,neutral,-0.5,neutral,2.0,bullish,medium,"Macro and valuation inputs are available, but valuation coverage is still partial."
1999-10-01,eurozone,unknown,tight,0.2922658609527395,fair,low,-1.0,cautious,0.5,neutral,-0.5,neutral,2.0,bullish,medium,"Macro and valuation inputs are available, but valuation coverage is still partial."
1999-11-01,eurozone,unknown,tight,0.1788434662766327,fair,low,-1.0,cautious,0.5,neutral,-0.5,neutral,2.0,bullish,medium,"Macro and valuation inputs are available, but valuation coverage is still partial."
1999-12-01,eurozone,unknown,tight,0.1961500008936393,fair,low,-1.0,cautious,0.5,neutral,-0.5,neutral,2.0,bullish,medium,"Macro and valuation inputs are available, but valuation coverage is still partial."
2000-01-01,eurozone,unknown,tight,0.2529286414067934,fair,low,-1.0,cautious,0.5,neutral,-0.5,neutral,2.0,bullish,medium,"Macro and valuation inputs are available, but valuation coverage is still partial."
2000-02-01,eurozone,unknown,tight,0.2118854980996982,fair,low,-1.0,cautious,0.5,neutral,-0.5,neutral,2.0,bullish,medium,"Macro and valuation inputs are available, but valuation coverage is still partial."
2000-03-01,eurozone,unknown,tight,0.150960210017575,fair,low,-1.0,cautious,0.5,neutral,-0.5,neutral,2.0,bullish,medium,"Macro and valuation inputs are available, but valuation coverage is still partial."
2000-04-01,eurozone,unknown,tight,0.1038831100965143,fair,low,-1.0,cautious,0.5,neutral,-0.5,neutral,2.0,bullish,medium,"Macro and valuation inputs are available, but valuation coverage is still partial."
2000-05-01,eurozone,unknown,tight,0.1185319759336768,fair,low,-1.0,cautious,0.5,neutral,-0.5,neutral,2.0,bullish,medium,"Macro and valuation inputs are available, but valuation coverage is still partial."
2000-06-01,eurozone,unknown,tight,0.0220065983064083,fair,low,-1.0,cautious,0.5,neutral,-0.5,neutral,2.0,bullish,medium,"Macro and valuation inputs are available, but valuation coverage is still partial."
2000-07-01,eurozone,unknown,tight,0.0376149830208152,fair,low,-1.0,cautious,0.5,neutral,-0.5,neutral,2.0,bullish,medium,"Macro and valuation inputs are available, but valuation coverage is still partial."
2000-08-01,eurozone,unknown,tight,0.0296124293874148,fair,low,-1.0,cautious,0.5,neutral,-0.5,neutral,2.0,bullish,medium,"Macro and valuation inputs are available, but valuation coverage is still partial."
2000-09-01,eurozone,unknown,tight,0.0035418602696418,fair,low,-1.0,cautious,0.5,neutral,-0.5,neutral,2.0,bullish,medium,"Macro and valuation inputs are available, but valuation coverage is still partial."
2000-10-01,eurozone,unknown,tight,-0.0398039018347832,fair,low,-1.0,cautious,0.5,neutral,-0.5,neutral,2.0,bullish,medium,"Macro and valuation inputs are available, but valuation coverage is still partial."
2000-11-01,eurozone,unknown,tight,-0.051407532093145,fair,low,-1.0,cautious,0.5,neutral,-0.5,neutral,2.0,bullish,medium,"Macro and valuation inputs are available, but valuation coverage is still partial."
2000-12-01,eurozone,unknown,tight,-0.0899638110950027,fair,low,-1.0,cautious,0.5,neutral,-0.5,neutral,2.0,bullish,medium,"Macro and valuation inputs are available, but valuation coverage is still partial."
2001-01-01,eurozone,unknown,neutral,-0.0985804064677273,fair,low,0.0,neutral,0.0,neutral,0.0,neutral,0.0,neutral,medium,"Macro and valuation inputs are available, but valuation coverage is still partial."
2001-02-01,eurozone,unknown,neutral,-0.0967276905368186,fair,low,0.0,neutral,0.0,neutral,0.0,neutral,0.0,neutral,medium,"Macro and valuation inputs are available, but valuation coverage is still partial."
2001-03-01,eurozone,unknown,neutral,-0.1086753781449887,fair,low,0.0,neutral,0.0,neutral,0.0,neutral,0.0,neutral,medium,"Macro and valuation inputs are available, but valuation coverage is still partial."
2001-04-01,eurozone,unknown,neutral,-0.085159830628234,fair,low,0.0,neutral,0.0,neutral,0.0,neutral,0.0,neutral,medium,"Macro and valuation inputs are available, but valuation coverage is still partial."
2001-05-01,eurozone,unknown,neutral,-0.0259385869096081,fair,low,0.0,neutral,0.0,neutral,0.0,neutral,0.0,neutral,medium,"Macro and valuation inputs are available, but valuation coverage is still partial."
2001-06-01,eurozone,unknown,neutral,-0.033750025902022,fair,low,0.0,neutral,0.0,neutral,0.0,neutral,0.0,neutral,medium,"Macro and valuation inputs are available, but valuation coverage is still partial."
2001-07-01,eurozone,unknown,neutral,-0.0277381473982384,fair,low,0.0,neutral,0.0,neutral,0.0,neutral,0.0,neutral,medium,"Macro and valuation inputs are available, but valuation coverage is still partial."
2001-08-01,eurozone,unknown,neutral,-0.0193565575909162,fair,low,0.0,neutral,0.0,neutral,0.0,neutral,0.0,neutral,medium,"Macro and valuation inputs are available, but valuation coverage is still partial."
2001-09-01,eurozone,unknown,easy,0.0496702386457273,fair,low,1.0,neutral,-0.5,neutral,0.5,neutral,-1.0,cautious,medium,"Macro and valuation inputs are available, but valuation coverage is still partial."
2001-10-01,eurozone,unknown,easy,0.0179005964055481,fair,low,1.0,neutral,-0.5,neutral,0.5,neutral,-1.0,cautious,medium,"Macro and valuation inputs are available, but valuation coverage is still partial."
2001-11-01,eurozone,unknown,easy,0.0682850001924182,fair,low,1.0,neutral,-0.5,neutral,0.5,neutral,-1.0,cautious,medium,"Macro and valuation inputs are available, but valuation coverage is still partial."
2001-12-01,eurozone,unknown,easy,0.1103604986873222,fair,low,1.0,neutral,-0.5,neutral,0.5,neutral,-1.0,cautious,medium,"Macro and valuation inputs are available, but valuation coverage is still partial."
2002-01-01,eurozone,unknown,neutral,0.1195964859094741,fair,low,0.0,neutral,0.0,neutral,0.0,neutral,0.0,neutral,medium,"Macro and valuation inputs are available, but valuation coverage is still partial."
2002-02-01,eurozone,reflation,neutral,0.1258229959384617,fair,low,1.0,neutral,-1.0,cautious,0.0,neutral,0.0,neutral,medium,"Macro and valuation inputs are available, but valuation coverage is still partial."
2002-03-01,eurozone,reflation,neutral,0.161883197595831,fair,low,1.0,neutral,-1.0,cautious,0.0,neutral,0.0,neutral,medium,"Macro and valuation inputs are available, but valuation coverage is still partial."
2002-04-01,eurozone,goldilocks,neutral,0.1591149240464947,fair,low,2.0,bullish,0.0,neutral,-1.0,cautious,-1.0,cautious,medium,"Macro and valuation inputs are available, but valuation coverage is still partial."
2002-05-01,eurozone,goldilocks,neutral,0.1599648908658118,fair,low,2.0,bullish,0.0,neutral,-1.0,cautious,-1.0,cautious,medium,"Macro and valuation inputs are available, but valuation coverage is still partial."
2002-06-01,eurozone,goldilocks,neutral,0.1400474540477359,fair,low,2.0,bullish,0.0,neutral,-1.0,cautious,-1.0,cautious,medium,"Macro and valuation inputs are available, but valuation coverage is still partial."
2002-07-01,eurozone,goldilocks,neutral,0.1202475281036771,fair,low,2.0,bullish,0.0,neutral,-1.0,cautious,-1.0,cautious,medium,"Macro and valuation inputs are available, but valuation coverage is still partial."
2002-08-01,eurozone,goldilocks,neutral,0.0775604103165605,fair,low,2.0,bullish,0.0,neutral,-1.0,cautious,-1.0,cautious,medium,"Macro and valuation inputs are available, but valuation coverage is still partial."
2002-09-01,eurozone,goldilocks,neutral,0.0476337432417886,fair,low,2.0,bullish,0.0,neutral,-1.0,cautious,-1.0,cautious,medium,"Macro and valuation inputs are available, but valuation coverage is still partial."
2002-10-01,eurozone,goldilocks,neutral,0.062063096357723,fair,low,2.0,bullish,0.0,neutral,-1.0,cautious,-1.0,cautious,medium,"Macro and valuation inputs are available, but valuation coverage is still partial."
2002-11-01,eurozone,goldilocks,neutral,0.0575837751252799,fair,low,2.0,bullish,0.0,neutral,-1.0,cautious,-1.0,cautious,medium,"Macro and valuation inputs are available, but valuation coverage is still partial."
2002-12-01,eurozone,stagflation,easy,0.1028312541315119,fair,low,-1.0,cautious,-2.5,cautious,2.5,bullish,0.0,neutral,medium,"Macro and valuation inputs are available, but valuation coverage is still partial."
2003-01-01,eurozone,slowdown,easy,0.0832168698553709,fair,low,0.0,neutral,1.5,neutral,0.0,neutral,0.0,neutral,medium,"Macro and valuation inputs are available, but valuation coverage is still partial."
2003-02-01,eurozone,slowdown,easy,0.053035413659444,fair,low,0.0,neutral,1.5,neutral,0.0,neutral,0.0,neutral,medium,"Macro and valuation inputs are available, but valuation coverage is still partial."
2003-03-01,eurozone,slowdown,easy,0.0986062450582063,fair,low,0.0,neutral,1.5,neutral,0.0,neutral,0.0,neutral,medium,"Macro and valuation inputs are available, but valuation coverage is still partial."
2003-04-01,eurozone,slowdown,easy,0.1132551851120833,fair,low,0.0,neutral,1.5,neutral,0.0,neutral,0.0,neutral,medium,"Macro and valuation inputs are available, but valuation coverage is still partial."
2003-05-01,eurozone,slowdown,easy,0.0685799970325788,fair,low,0.0,neutral,1.5,neutral,0.0,neutral,0.0,neutral,medium,"Macro and valuation inputs are available, but valuation coverage is still partial."
2003-06-01,eurozone,slowdown,easy,0.1124552108342128,fair,low,0.0,neutral,1.5,neutral,0.0,neutral,0.0,neutral,medium,"Macro and valuation inputs are available, but valuation coverage is still partial."
2003-07-01,eurozone,slowdown,easy,0.1613304724723388,fair,low,0.0,neutral,1.5,neutral,0.0,neutral,0.0,neutral,medium,"Macro and valuation inputs are available, but valuation coverage is still partial."
2003-08-01,eurozone,slowdown,easy,0.1817947640995363,fair,low,0.0,neutral,1.5,neutral,0.0,neutral,0.0,neutral,medium,"Macro and valuation inputs are available, but valuation coverage is still partial."
2003-09-01,eurozone,slowdown,neutral,0.1857062545383394,fair,low,-1.0,cautious,2.0,bullish,-0.5,neutral,1.0,neutral,medium,"Macro and valuation inputs are available, but valuation coverage is still partial."
2003-10-01,eurozone,slowdown,neutral,0.196684651353077,fair,low,-1.0,cautious,2.0,bullish,-0.5,neutral,1.0,neutral,medium,"Macro and valuation inputs are available, but valuation coverage is still partial."
2003-11-01,eurozone,slowdown,neutral,0.215376704902617,fair,low,-1.0,cautious,2.0,bullish,-0.5,neutral,1.0,neutral,medium,"Macro and valuation inputs are available, but valuation coverage is still partial."
2003-12-01,eurozone,goldilocks,neutral,0.2035894900324613,fair,low,2.0,bullish,0.0,neutral,-1.0,cautious,-1.0,cautious,medium,"Macro and valuation inputs are available, but valuation coverage is still partial."
2004-01-01,eurozone,stagflation,neutral,0.1892859655064651,fair,low,-2.0,cautious,-2.0,cautious,2.0,bullish,1.0,neutral,medium,"Macro and valuation inputs are available, but valuation coverage is still partial."
2004-02-01,eurozone,stagflation,neutral,0.1787099876704249,fair,low,-2.0,cautious,-2.0,cautious,2.0,bullish,1.0,neutral,medium,"Macro and valuation inputs are available, but valuation coverage is still partial."
2004-03-01,eurozone,stagflation,neutral,0.1551059790233132,fair,low,-2.0,cautious,-2.0,cautious,2.0,bullish,1.0,neutral,medium,"Macro and valuation inputs are available, but valuation coverage is still partial."
2004-04-01,eurozone,stagflation,neutral,0.1872294860694674,fair,low,-2.0,cautious,-2.0,cautious,2.0,bullish,1.0,neutral,medium,"Macro and valuation inputs are available, but valuation coverage is still partial."
2004-05-01,eurozone,stagflation,neutral,0.2079398742078582,fair,low,-2.0,cautious,-2.0,cautious,2.0,bullish,1.0,neutral,medium,"Macro and valuation inputs are available, but valuation coverage is still partial."
2004-06-01,eurozone,reflation,neutral,0.2160629850382553,fair,low,1.0,neutral,-1.0,cautious,0.0,neutral,0.0,neutral,medium,"Macro and valuation inputs are available, but valuation coverage is still partial."
2004-07-01,eurozone,reflation,neutral,0.2012222725325247,fair,low,1.0,neutral,-1.0,cautious,0.0,neutral,0.0,neutral,medium,"Macro and valuation inputs are available, but valuation coverage is still partial."
2004-08-01,eurozone,stagflation,neutral,0.1764925661651777,fair,low,-2.0,cautious,-2.0,cautious,2.0,bullish,1.0,neutral,medium,"Macro and valuation inputs are available, but valuation coverage is still partial."
2004-09-01,eurozone,stagflation,neutral,0.1687266447106692,fair,low,-2.0,cautious,-2.0,cautious,2.0,bullish,1.0,neutral,medium,"Macro and valuation inputs are available, but valuation coverage is still partial."
2004-10-01,eurozone,stagflation,neutral,0.1493454957923488,fair,low,-2.0,cautious,-2.0,cautious,2.0,bullish,1.0,neutral,medium,"Macro and valuation inputs are available, but valuation coverage is still partial."
2004-11-01,eurozone,stagflation,neutral,0.1333955941574543,fair,low,-2.0,cautious,-2.0,cautious,2.0,bullish,1.0,neutral,medium,"Macro and valuation inputs are available, but valuation coverage is still partial."
2004-12-01,eurozone,stagflation,neutral,0.1075631148890648,fair,low,-2.0,cautious,-2.0,cautious,2.0,bullish,1.0,neutral,medium,"Macro and valuation inputs are available, but valuation coverage is still partial."
2005-01-01,eurozone,stagflation,neutral,0.099533295675039,fair,low,-2.0,cautious,-2.0,cautious,2.0,bullish,1.0,neutral,medium,"Macro and valuation inputs are available, but valuation coverage is still partial."
2005-02-01,eurozone,reflation,neutral,0.0968943641552311,fair,low,1.0,neutral,-1.0,cautious,0.0,neutral,0.0,neutral,medium,"Macro and valuation inputs are available, but valuation coverage is still partial."
2005-03-01,eurozone,reflation,neutral,0.1180940398976983,fair,low,1.0,neutral,-1.0,cautious,0.0,neutral,0.0,neutral,medium,"Macro and valuation inputs are available, but valuation coverage is still partial."
2005-04-01,eurozone,reflation,neutral,0.0905079205770645,fair,low,1.0,neutral,-1.0,cautious,0.0,neutral,0.0,neutral,medium,"Macro and valuation inputs are available, but valuation coverage is still partial."
2005-05-01,eurozone,reflation,neutral,0.066955596041797,fair,low,1.0,neutral,-1.0,cautious,0.0,neutral,0.0,neutral,medium,"Macro and valuation inputs are available, but valuation coverage is still partial."
2005-06-01,eurozone,goldilocks,easy,0.0448715967532768,fair,low,3.0,bullish,-0.5,neutral,-0.5,neutral,-2.0,cautious,medium,"Macro and valuation inputs are available, but valuation coverage is still partial."
2005-07-01,eurozone,goldilocks,neutral,0.0537847030955789,fair,low,2.0,bullish,0.0,neutral,-1.0,cautious,-1.0,cautious,medium,"Macro and valuation inputs are available, but valuation coverage is still partial."
2005-08-01,eurozone,goldilocks,neutral,0.0537199789904472,fair,low,2.0,bullish,0.0,neutral,-1.0,cautious,-1.0,cautious,medium,"Macro and valuation inputs are available, but valuation coverage is still partial."
2005-09-01,eurozone,goldilocks,neutral,0.0306724971370254,fair,low,2.0,bullish,0.0,neutral,-1.0,cautious,-1.0,cautious,medium,"Macro and valuation inputs are available, but valuation coverage is still partial."
2005-10-01,eurozone,goldilocks,neutral,0.0548458562798868,fair,low,2.0,bullish,0.0,neutral,-1.0,cautious,-1.0,cautious,medium,"Macro and valuation inputs are available, but valuation coverage is still partial."
2005-11-01,eurozone,goldilocks,neutral,0.0842151241912751,fair,low,2.0,bullish,0.0,neutral,-1.0,cautious,-1.0,cautious,medium,"Macro and valuation inputs are available, but valuation coverage is still partial."
2005-12-01,eurozone,goldilocks,neutral,0.0311686019970363,fair,low,2.0,bullish,0.0,neutral,-1.0,cautious,-1.0,cautious,medium,"Macro and valuation inputs are available, but valuation coverage is still partial."
2006-01-01,eurozone,reflation,neutral,0.0288235421106662,fair,low,1.0,neutral,-1.0,cautious,0.0,neutral,0.0,neutral,medium,"Macro and valuation inputs are available, but valuation coverage is still partial."
2006-02-01,eurozone,reflation,neutral,0.0516257234369836,fair,low,1.0,neutral,-1.0,cautious,0.0,neutral,0.0,neutral,medium,"Macro and valuation inputs are available, but valuation coverage is still partial."
2006-03-01,eurozone,reflation,neutral,0.0415684626874793,fair,low,1.0,neutral,-1.0,cautious,0.0,neutral,0.0,neutral,medium,"Macro and valuation inputs are available, but valuation coverage is still partial."
2006-04-01,eurozone,reflation,neutral,0.0819656082921452,fair,low,1.0,neutral,-1.0,cautious,0.0,neutral,0.0,neutral,medium,"Macro and valuation inputs are available, but valuation coverage is still partial."
2006-05-01,eurozone,reflation,neutral,0.0889743810017596,fair,low,1.0,neutral,-1.0,cautious,0.0,neutral,0.0,neutral,medium,"Macro and valuation inputs are available, but valuation coverage is still partial."
2006-06-01,eurozone,reflation,neutral,0.0550948518382757,fair,low,1.0,neutral,-1.0,cautious,0.0,neutral,0.0,neutral,medium,"Macro and valuation inputs are available, but valuation coverage is still partial."
2006-07-01,eurozone,reflation,neutral,0.0581484312328809,fair,low,1.0,neutral,-1.0,cautious,0.0,neutral,0.0,neutral,medium,"Macro and valuation inputs are available, but valuation coverage is still partial."
2006-08-01,eurozone,reflation,neutral,0.003685705465153,fair,low,1.0,neutral,-1.0,cautious,0.0,neutral,0.0,neutral,medium,"Macro and valuation inputs are available, but valuation coverage is still partial."
2006-09-01,eurozone,reflation,neutral,-0.0147998536065435,fair,low,1.0,neutral,-1.0,cautious,0.0,neutral,0.0,neutral,medium,"Macro and valuation inputs are available, but valuation coverage is still partial."
2006-10-01,eurozone,goldilocks,neutral,-0.0448414036953339,fair,low,2.0,bullish,0.0,neutral,-1.0,cautious,-1.0,cautious,medium,"Macro and valuation inputs are available, but valuation coverage is still partial."
2006-11-01,eurozone,goldilocks,neutral,-0.0559647867452045,fair,low,2.0,bullish,0.0,neutral,-1.0,cautious,-1.0,cautious,medium,"Macro and valuation inputs are available, but valuation coverage is still partial."
2006-12-01,eurozone,reflation,neutral,-0.0777812742929971,fair,low,1.0,neutral,-1.0,cautious,0.0,neutral,0.0,neutral,medium,"Macro and valuation inputs are available, but valuation coverage is still partial."
2007-01-01,eurozone,reflation,neutral,-0.0489432614161985,fair,low,1.0,neutral,-1.0,cautious,0.0,neutral,0.0,neutral,medium,"Macro and valuation inputs are available, but valuation coverage is still partial."
2007-02-01,eurozone,reflation,neutral,-0.0468245385477515,fair,low,1.0,neutral,-1.0,cautious,0.0,neutral,0.0,neutral,medium,"Macro and valuation inputs are available, but valuation coverage is still partial."
2007-03-01,eurozone,reflation,neutral,-0.0964902722924442,fair,low,1.0,neutral,-1.0,cautious,0.0,neutral,0.0,neutral,medium,"Macro and valuation inputs are available, but valuation coverage is still partial."
2007-04-01,eurozone,reflation,neutral,-0.0643452890031616,fair,low,1.0,neutral,-1.0,cautious,0.0,neutral,0.0,neutral,medium,"Macro and valuation inputs are available, but valuation coverage is still partial."
2007-05-01,eurozone,reflation,neutral,-0.0460211681618329,fair,low,1.0,neutral,-1.0,cautious,0.0,neutral,0.0,neutral,medium,"Macro and valuation inputs are available, but valuation coverage is still partial."
2007-06-01,eurozone,reflation,neutral,-0.0405966578289058,fair,low,1.0,neutral,-1.0,cautious,0.0,neutral,0.0,neutral,medium,"Macro and valuation inputs are available, but valuation coverage is still partial."
2007-07-01,eurozone,reflation,neutral,-0.0452535847827687,fair,low,1.0,neutral,-1.0,cautious,0.0,neutral,0.0,neutral,medium,"Macro and valuation inputs are available, but valuation coverage is still partial."
2007-08-01,eurozone,reflation,neutral,-0.0743660971174502,fair,low,1.0,neutral,-1.0,cautious,0.0,neutral,0.0,neutral,medium,"Macro and valuation inputs are available, but valuation coverage is still partial."
2007-09-01,eurozone,reflation,neutral,-0.082563218479344,fair,low,1.0,neutral,-1.0,cautious,0.0,neutral,0.0,neutral,medium,"Macro and valuation inputs are available, but valuation coverage is still partial."
2007-10-01,eurozone,reflation,neutral,-0.0781252714615224,fair,low,1.0,neutral,-1.0,cautious,0.0,neutral,0.0,neutral,medium,"Macro and valuation inputs are available, but valuation coverage is still partial."
2007-11-01,eurozone,reflation,neutral,-0.0995405655471605,fair,low,1.0,neutral,-1.0,cautious,0.0,neutral,0.0,neutral,medium,"Macro and valuation inputs are available, but valuation coverage is still partial."
2007-12-01,eurozone,reflation,neutral,-0.0807832759449154,fair,low,1.0,neutral,-1.0,cautious,0.0,neutral,0.0,neutral,medium,"Macro and valuation inputs are available, but valuation coverage is still partial."
2008-01-01,eurozone,reflation,neutral,-0.1023918741120573,fair,low,1.0,neutral,-1.0,cautious,0.0,neutral,0.0,neutral,medium,"Macro and valuation inputs are available, but valuation coverage is still partial."
2008-02-01,eurozone,reflation,neutral,-0.1156976074822248,fair,low,1.0,neutral,-1.0,cautious,0.0,neutral,0.0,neutral,medium,"Macro and valuation inputs are available, but valuation coverage is still partial."
2008-03-01,eurozone,reflation,neutral,-0.1256161148707996,fair,low,1.0,neutral,-1.0,cautious,0.0,neutral,0.0,neutral,medium,"Macro and valuation inputs are available, but valuation coverage is still partial."
2008-04-01,eurozone,reflation,neutral,-0.0950455891697724,fair,low,1.0,neutral,-1.0,cautious,0.0,neutral,0.0,neutral,medium,"Macro and valuation inputs are available, but valuation coverage is still partial."
2008-05-01,eurozone,reflation,neutral,-0.0748042660109116,fair,low,1.0,neutral,-1.0,cautious,0.0,neutral,0.0,neutral,medium,"Macro and valuation inputs are available, but valuation coverage is still partial."
2008-06-01,eurozone,stagflation,neutral,-0.0192070273815309,fair,low,-2.0,cautious,-2.0,cautious,2.0,bullish,1.0,neutral,medium,"Macro and valuation inputs are available, but valuation coverage is still partial."
2008-07-01,eurozone,stagflation,tight,-0.0544600856026466,fair,low,-3.0,cautious,-1.5,cautious,1.5,neutral,3.0,bullish,medium,"Macro and valuation inputs are available, but valuation coverage is still partial."
2008-08-01,eurozone,stagflation,neutral,-0.1003324067846956,fair,low,-2.0,cautious,-2.0,cautious,2.0,bullish,1.0,neutral,medium,"Macro and valuation inputs are available, but valuation coverage is still partial."
2008-09-01,eurozone,stagflation,neutral,-0.0991432927473022,fair,low,-2.0,cautious,-2.0,cautious,2.0,bullish,1.0,neutral,medium,"Macro and valuation inputs are available, but valuation coverage is still partial."
2008-10-01,eurozone,stagflation,neutral,-0.1118870535913705,fair,low,-2.0,cautious,-2.0,cautious,2.0,bullish,1.0,neutral,medium,"Macro and valuation inputs are available, but valuation coverage is still partial."
2008-11-01,eurozone,slowdown,easy,-0.0714689245954255,fair,low,0.0,neutral,1.5,neutral,0.0,neutral,0.0,neutral,medium,"Macro and valuation inputs are available, but valuation coverage is still partial."
2008-12-01,eurozone,slowdown,easy,-0.007843658343503,fair,low,0.0,neutral,1.5,neutral,0.0,neutral,0.0,neutral,medium,"Macro and valuation inputs are available, but valuation coverage is still partial."
2009-01-01,eurozone,slowdown,easy,0.1666990650596859,fair,low,0.0,neutral,1.5,neutral,0.0,neutral,0.0,neutral,medium,"Macro and valuation inputs are available, but valuation coverage is still partial."
2009-02-01,eurozone,slowdown,easy,0.1806125020614979,fair,low,0.0,neutral,1.5,neutral,0.0,neutral,0.0,neutral,medium,"Macro and valuation inputs are available, but valuation coverage is still partial."
2009-03-01,eurozone,slowdown,easy,0.2447805244408167,fair,low,0.0,neutral,1.5,neutral,0.0,neutral,0.0,neutral,medium,"Macro and valuation inputs are available, but valuation coverage is still partial."
2009-04-01,eurozone,slowdown,easy,0.2732102401110031,fair,low,0.0,neutral,1.5,neutral,0.0,neutral,0.0,neutral,medium,"Macro and valuation inputs are available, but valuation coverage is still partial."
2009-05-01,eurozone,slowdown,easy,0.2795182008054634,fair,low,0.0,neutral,1.5,neutral,0.0,neutral,0.0,neutral,medium,"Macro and valuation inputs are available, but valuation coverage is still partial."
2009-06-01,eurozone,slowdown,neutral,0.3071479739034556,fair,low,-1.0,cautious,2.0,bullish,-0.5,neutral,1.0,neutral,medium,"Macro and valuation inputs are available, but valuation coverage is still partial."
2009-07-01,eurozone,slowdown,neutral,0.2731143225212981,fair,low,-1.0,cautious,2.0,bullish,-0.5,neutral,1.0,neutral,medium,"Macro and valuation inputs are available, but valuation coverage is still partial."
2009-08-01,eurozone,slowdown,neutral,0.2447115243094557,fair,low,-1.0,cautious,2.0,bullish,-0.5,neutral,1.0,neutral,medium,"Macro and valuation inputs are available, but valuation coverage is still partial."
2009-09-01,eurozone,slowdown,neutral,0.2411808188736433,fair,low,-1.0,cautious,2.0,bullish,-0.5,neutral,1.0,neutral,medium,"Macro and valuation inputs are available, but valuation coverage is still partial."
2009-10-01,eurozone,slowdown,neutral,0.2320893551831043,fair,low,-1.0,cautious,2.0,bullish,-0.5,neutral,1.0,neutral,medium,"Macro and valuation inputs are available, but valuation coverage is still partial."
2009-11-01,eurozone,slowdown,neutral,0.2365702979782194,fair,low,-1.0,cautious,2.0,bullish,-0.5,neutral,1.0,neutral,medium,"Macro and valuation inputs are available, but valuation coverage is still partial."
2009-12-01,eurozone,slowdown,neutral,0.2418495022232396,fair,low,-1.0,cautious,2.0,bullish,-0.5,neutral,1.0,neutral,medium,"Macro and valuation inputs are available, but valuation coverage is still partial."
2010-01-01,eurozone,slowdown,tight,0.2749858176072672,fair,low,-2.0,cautious,2.5,bullish,-1.0,cautious,3.0,bullish,medium,"Macro and valuation inputs are available, but valuation coverage is still partial."
2010-02-01,eurozone,slowdown,tight,0.2756087080686292,fair,low,-2.0,cautious,2.5,bullish,-1.0,cautious,3.0,bullish,medium,"Macro and valuation inputs are available, but valuation coverage is still partial."
2010-03-01,eurozone,slowdown,neutral,0.2584203843684129,fair,low,-1.0,cautious,2.0,bullish,-0.5,neutral,1.0,neutral,medium,"Macro and valuation inputs are available, but valuation coverage is still partial."
2010-04-01,eurozone,slowdown,neutral,0.2844045714121492,fair,low,-1.0,cautious,2.0,bullish,-0.5,neutral,1.0,neutral,medium,"Macro and valuation inputs are available, but valuation coverage is still partial."
2010-05-01,eurozone,reflation,neutral,0.214849058748872,fair,low,1.0,neutral,-1.0,cautious,0.0,neutral,0.0,neutral,medium,"Macro and valuation inputs are available, but valuation coverage is still partial."
2010-06-01,eurozone,goldilocks,neutral,0.2156636556909097,fair,low,2.0,bullish,0.0,neutral,-1.0,cautious,-1.0,cautious,medium,"Macro and valuation inputs are available, but valuation coverage is still partial."
2010-07-01,eurozone,goldilocks,neutral,0.2042204374720814,fair,low,2.0,bullish,0.0,neutral,-1.0,cautious,-1.0,cautious,medium,"Macro and valuation inputs are available, but valuation coverage is still partial."
2010-08-01,eurozone,goldilocks,neutral,0.1793728198605838,fair,low,2.0,bullish,0.0,neutral,-1.0,cautious,-1.0,cautious,medium,"Macro and valuation inputs are available, but valuation coverage is still partial."
2010-09-01,eurozone,goldilocks,neutral,0.1871848841421138,fair,low,2.0,bullish,0.0,neutral,-1.0,cautious,-1.0,cautious,medium,"Macro and valuation inputs are available, but valuation coverage is still partial."
2010-10-01,eurozone,goldilocks,neutral,0.1637360538108703,fair,low,2.0,bullish,0.0,neutral,-1.0,cautious,-1.0,cautious,medium,"Macro and valuation inputs are available, but valuation coverage is still partial."
2010-11-01,eurozone,reflation,tight,0.219758128968736,fair,low,0.0,neutral,-0.5,neutral,-0.5,neutral,2.0,bullish,medium,"Macro and valuation inputs are available, but valuation coverage is still partial."
2010-12-01,eurozone,reflation,tight,0.2680472405528205,fair,low,0.0,neutral,-0.5,neutral,-0.5,neutral,2.0,bullish,medium,"Macro and valuation inputs are available, but valuation coverage is still partial."
2011-01-01,eurozone,reflation,tight,0.2506370439553652,fair,low,0.0,neutral,-0.5,neutral,-0.5,neutral,2.0,bullish,medium,"Macro and valuation inputs are available, but valuation coverage is still partial."
2011-02-01,eurozone,reflation,tight,0.3287302083106297,fair,low,0.0,neutral,-0.5,neutral,-0.5,neutral,2.0,bullish,medium,"Macro and valuation inputs are available, but valuation coverage is still partial."
2011-03-01,eurozone,reflation,tight,0.3306239166852154,fair,low,0.0,neutral,-0.5,neutral,-0.5,neutral,2.0,bullish,medium,"Macro and valuation inputs are available, but valuation coverage is still partial."
2011-04-01,eurozone,reflation,tight,0.3194573621805065,fair,low,0.0,neutral,-0.5,neutral,-0.5,neutral,2.0,bullish,medium,"Macro and valuation inputs are available, but valuation coverage is still partial."
2011-05-01,eurozone,reflation,neutral,0.2772630029352653,fair,low,1.0,neutral,-1.0,cautious,0.0,neutral,0.0,neutral,medium,"Macro and valuation inputs are available, but valuation coverage is still partial."
2011-06-01,eurozone,reflation,neutral,0.278257539597243,fair,low,1.0,neutral,-1.0,cautious,0.0,neutral,0.0,neutral,medium,"Macro and valuation inputs are available, but valuation coverage is still partial."
2011-07-01,eurozone,reflation,neutral,0.2742675340506382,fair,low,1.0,neutral,-1.0,cautious,0.0,neutral,0.0,neutral,medium,"Macro and valuation inputs are available, but valuation coverage is still partial."
2011-08-01,eurozone,stagflation,neutral,0.2177758422557899,fair,low,-2.0,cautious,-2.0,cautious,2.0,bullish,1.0,neutral,medium,"Macro and valuation inputs are available, but valuation coverage is still partial."
2011-09-01,eurozone,stagflation,neutral,0.1932894190205006,fair,low,-2.0,cautious,-2.0,cautious,2.0,bullish,1.0,neutral,medium,"Macro and valuation inputs are available, but valuation coverage is still partial."
2011-10-01,eurozone,stagflation,neutral,0.1995209436618055,fair,low,-2.0,cautious,-2.0,cautious,2.0,bullish,1.0,neutral,medium,"Macro and valuation inputs are available, but valuation coverage is still partial."
2011-11-01,eurozone,stagflation,neutral,0.2807586016927747,fair,low,-2.0,cautious,-2.0,cautious,2.0,bullish,1.0,neutral,medium,"Macro and valuation inputs are available, but valuation coverage is still partial."
2011-12-01,eurozone,stagflation,neutral,0.2736826595522988,fair,low,-2.0,cautious,-2.0,cautious,2.0,bullish,1.0,neutral,medium,"Macro and valuation inputs are available, but valuation coverage is still partial."
2012-01-01,eurozone,stagflation,neutral,0.2465618401248738,fair,low,-2.0,cautious,-2.0,cautious,2.0,bullish,1.0,neutral,medium,"Macro and valuation inputs are available, but valuation coverage is still partial."
2012-02-01,eurozone,stagflation,neutral,0.2234790873529067,fair,low,-2.0,cautious,-2.0,cautious,2.0,bullish,1.0,neutral,medium,"Macro and valuation inputs are available, but valuation coverage is still partial."
2012-03-01,eurozone,stagflation,neutral,0.1570295433387156,fair,low,-2.0,cautious,-2.0,cautious,2.0,bullish,1.0,neutral,medium,"Macro and valuation inputs are available, but valuation coverage is still partial."
2012-04-01,eurozone,stagflation,neutral,0.1713058475164413,fair,low,-2.0,cautious,-2.0,cautious,2.0,bullish,1.0,neutral,medium,"Macro and valuation inputs are available, but valuation coverage is still partial."
2012-05-01,eurozone,stagflation,neutral,0.1919999083108751,fair,low,-2.0,cautious,-2.0,cautious,2.0,bullish,1.0,neutral,medium,"Macro and valuation inputs are available, but valuation coverage is still partial."
2012-06-01,eurozone,stagflation,neutral,0.1747796736583808,fair,low,-2.0,cautious,-2.0,cautious,2.0,bullish,1.0,neutral,medium,"Macro and valuation inputs are available, but valuation coverage is still partial."
2012-07-01,eurozone,stagflation,neutral,0.1881755904367417,fair,low,-2.0,cautious,-2.0,cautious,2.0,bullish,1.0,neutral,medium,"Macro and valuation inputs are available, but valuation coverage is still partial."
2012-08-01,eurozone,stagflation,neutral,0.1534675713543757,fair,low,-2.0,cautious,-2.0,cautious,2.0,bullish,1.0,neutral,medium,"Macro and valuation inputs are available, but valuation coverage is still partial."
2012-09-01,eurozone,stagflation,easy,0.0685749459968677,fair,low,-1.0,cautious,-2.5,cautious,2.5,bullish,0.0,neutral,medium,"Macro and valuation inputs are available, but valuation coverage is still partial."
2012-10-01,eurozone,stagflation,easy,0.0523138743047115,fair,low,-1.0,cautious,-2.5,cautious,2.5,bullish,0.0,neutral,medium,"Macro and valuation inputs are available, but valuation coverage is still partial."
2012-11-01,eurozone,slowdown,neutral,0.0437966153671985,fair,low,-1.0,cautious,2.0,bullish,-0.5,neutral,1.0,neutral,medium,"Macro and valuation inputs are available, but valuation coverage is still partial."
2012-12-01,eurozone,slowdown,neutral,0.0225384317584244,fair,low,-1.0,cautious,2.0,bullish,-0.5,neutral,1.0,neutral,medium,"Macro and valuation inputs are available, but valuation coverage is still partial."
2013-01-01,eurozone,slowdown,neutral,0.0650523588428427,fair,low,-1.0,cautious,2.0,bullish,-0.5,neutral,1.0,neutral,medium,"Macro and valuation inputs are available, but valuation coverage is still partial."
2013-02-01,eurozone,slowdown,neutral,0.131845119500804,fair,low,-1.0,cautious,2.0,bullish,-0.5,neutral,1.0,neutral,medium,"Macro and valuation inputs are available, but valuation coverage is still partial."
2013-03-01,eurozone,slowdown,tight,0.1561713800017894,fair,low,-2.0,cautious,2.5,bullish,-1.0,cautious,3.0,bullish,medium,"Macro and valuation inputs are available, but valuation coverage is still partial."
2013-04-01,eurozone,slowdown,neutral,0.131529911655499,fair,low,-1.0,cautious,2.0,bullish,-0.5,neutral,1.0,neutral,medium,"Macro and valuation inputs are available, but valuation coverage is still partial."
2013-05-01,eurozone,slowdown,neutral,0.1068738385755256,fair,low,-1.0,cautious,2.0,bullish,-0.5,neutral,1.0,neutral,medium,"Macro and valuation inputs are available, but valuation coverage is still partial."
2013-06-01,eurozone,slowdown,neutral,0.1623408191623532,fair,low,-1.0,cautious,2.0,bullish,-0.5,neutral,1.0,neutral,medium,"Macro and valuation inputs are available, but valuation coverage is still partial."
2013-07-01,eurozone,slowdown,neutral,0.1669178426559967,fair,low,-1.0,cautious,2.0,bullish,-0.5,neutral,1.0,neutral,medium,"Macro and valuation inputs are available, but valuation coverage is still partial."
2013-08-01,eurozone,slowdown,neutral,0.1662588795472296,fair,low,-1.0,cautious,2.0,bullish,-0.5,neutral,1.0,neutral,medium,"Macro and valuation inputs are available, but valuation coverage is still partial."
2013-09-01,eurozone,slowdown,neutral,0.2109482536650254,fair,low,-1.0,cautious,2.0,bullish,-0.5,neutral,1.0,neutral,medium,"Macro and valuation inputs are available, but valuation coverage is still partial."
2013-10-01,eurozone,slowdown,neutral,0.1757864580613586,fair,low,-1.0,cautious,2.0,bullish,-0.5,neutral,1.0,neutral,medium,"Macro and valuation inputs are available, but valuation coverage is still partial."
2013-11-01,eurozone,slowdown,neutral,0.1769673344576214,fair,low,-1.0,cautious,2.0,bullish,-0.5,neutral,1.0,neutral,medium,"Macro and valuation inputs are available, but valuation coverage is still partial."
2013-12-01,eurozone,slowdown,neutral,0.1973830141952048,fair,low,-1.0,cautious,2.0,bullish,-0.5,neutral,1.0,neutral,medium,"Macro and valuation inputs are available, but valuation coverage is still partial."
2014-01-01,eurozone,slowdown,neutral,0.182808573138137,fair,low,-1.0,cautious,2.0,bullish,-0.5,neutral,1.0,neutral,medium,"Macro and valuation inputs are available, but valuation coverage is still partial."
2014-02-01,eurozone,slowdown,neutral,0.1650948436166718,fair,low,-1.0,cautious,2.0,bullish,-0.5,neutral,1.0,neutral,medium,"Macro and valuation inputs are available, but valuation coverage is still partial."
2014-03-01,eurozone,slowdown,neutral,0.1359045633781109,fair,low,-1.0,cautious,2.0,bullish,-0.5,neutral,1.0,neutral,medium,"Macro and valuation inputs are available, but valuation coverage is still partial."
2014-04-01,eurozone,slowdown,neutral,0.0961367967526288,fair,low,-1.0,cautious,2.0,bullish,-0.5,neutral,1.0,neutral,medium,"Macro and valuation inputs are available, but valuation coverage is still partial."
2014-05-01,eurozone,slowdown,neutral,0.088193975602869,fair,low,-1.0,cautious,2.0,bullish,-0.5,neutral,1.0,neutral,medium,"Macro and valuation inputs are available, but valuation coverage is still partial."
2014-06-01,eurozone,slowdown,neutral,0.0622975980673768,fair,low,-1.0,cautious,2.0,bullish,-0.5,neutral,1.0,neutral,medium,"Macro and valuation inputs are available, but valuation coverage is still partial."
2014-07-01,eurozone,slowdown,neutral,0.0452807527257927,fair,low,-1.0,cautious,2.0,bullish,-0.5,neutral,1.0,neutral,medium,"Macro and valuation inputs are available, but valuation coverage is still partial."
2014-08-01,eurozone,slowdown,neutral,0.0213423945854532,fair,low,-1.0,cautious,2.0,bullish,-0.5,neutral,1.0,neutral,medium,"Macro and valuation inputs are available, but valuation coverage is still partial."
2014-09-01,eurozone,slowdown,neutral,0.0153647950823,fair,low,-1.0,cautious,2.0,bullish,-0.5,neutral,1.0,neutral,medium,"Macro and valuation inputs are available, but valuation coverage is still partial."
2014-10-01,eurozone,slowdown,neutral,-0.0076648329580421,fair,low,-1.0,cautious,2.0,bullish,-0.5,neutral,1.0,neutral,medium,"Macro and valuation inputs are available, but valuation coverage is still partial."
2014-11-01,eurozone,slowdown,neutral,-0.018124709014131,fair,low,-1.0,cautious,2.0,bullish,-0.5,neutral,1.0,neutral,medium,"Macro and valuation inputs are available, but valuation coverage is still partial."
2014-12-01,eurozone,slowdown,neutral,-0.0426534870447355,fair,low,-1.0,cautious,2.0,bullish,-0.5,neutral,1.0,neutral,medium,"Macro and valuation inputs are available, but valuation coverage is still partial."
2015-01-01,eurozone,slowdown,neutral,-0.0686905408932784,fair,low,-1.0,cautious,2.0,bullish,-0.5,neutral,1.0,neutral,medium,"Macro and valuation inputs are available, but valuation coverage is still partial."
2015-02-01,eurozone,goldilocks,neutral,-0.0768771364769125,fair,low,2.0,bullish,0.0,neutral,-1.0,cautious,-1.0,cautious,medium,"Macro and valuation inputs are available, but valuation coverage is still partial."
2015-03-01,eurozone,goldilocks,easy,-0.1140817681929,fair,low,3.0,bullish,-0.5,neutral,-0.5,neutral,-2.0,cautious,medium,"Macro and valuation inputs are available, but valuation coverage is still partial."
2015-04-01,eurozone,goldilocks,easy,-0.1285975068403204,fair,low,3.0,bullish,-0.5,neutral,-0.5,neutral,-2.0,cautious,medium,"Macro and valuation inputs are available, but valuation coverage is still partial."
2015-05-01,eurozone,goldilocks,neutral,-0.0594146028287779,fair,low,2.0,bullish,0.0,neutral,-1.0,cautious,-1.0,cautious,medium,"Macro and valuation inputs are available, but valuation coverage is still partial."
2015-06-01,eurozone,reflation,neutral,-0.0119757130901489,fair,low,1.0,neutral,-1.0,cautious,0.0,neutral,0.0,neutral,medium,"Macro and valuation inputs are available, but valuation coverage is still partial."
2015-07-01,eurozone,reflation,neutral,-0.0306714496869273,fair,low,1.0,neutral,-1.0,cautious,0.0,neutral,0.0,neutral,medium,"Macro and valuation inputs are available, but valuation coverage is still partial."
2015-08-01,eurozone,reflation,neutral,-0.0511244116974618,fair,low,1.0,neutral,-1.0,cautious,0.0,neutral,0.0,neutral,medium,"Macro and valuation inputs are available, but valuation coverage is still partial."
2015-09-01,eurozone,reflation,neutral,-0.0378393092269124,fair,low,1.0,neutral,-1.0,cautious,0.0,neutral,0.0,neutral,medium,"Macro and valuation inputs are available, but valuation coverage is still partial."
2015-10-01,eurozone,reflation,neutral,-0.0778103248019283,fair,low,1.0,neutral,-1.0,cautious,0.0,neutral,0.0,neutral,medium,"Macro and valuation inputs are available, but valuation coverage is still partial."
2015-11-01,eurozone,reflation,neutral,-0.0848225831908949,fair,low,1.0,neutral,-1.0,cautious,0.0,neutral,0.0,neutral,medium,"Macro and valuation inputs are available, but valuation coverage is still partial."
2015-12-01,eurozone,reflation,neutral,-0.0649347907607939,fair,low,1.0,neutral,-1.0,cautious,0.0,neutral,0.0,neutral,medium,"Macro and valuation inputs are available, but valuation coverage is still partial."
2016-01-01,eurozone,reflation,neutral,-0.0760675419263018,fair,low,1.0,neutral,-1.0,cautious,0.0,neutral,0.0,neutral,medium,"Macro and valuation inputs are available, but valuation coverage is still partial."
2016-02-01,eurozone,reflation,neutral,-0.0865349797900393,fair,low,1.0,neutral,-1.0,cautious,0.0,neutral,0.0,neutral,medium,"Macro and valuation inputs are available, but valuation coverage is still partial."
2016-03-01,eurozone,reflation,neutral,-0.0881389754833673,fair,low,1.0,neutral,-1.0,cautious,0.0,neutral,0.0,neutral,medium,"Macro and valuation inputs are available, but valuation coverage is still partial."
2016-04-01,eurozone,goldilocks,neutral,-0.0838960109701379,fair,low,2.0,bullish,0.0,neutral,-1.0,cautious,-1.0,cautious,medium,"Macro and valuation inputs are available, but valuation coverage is still partial."
2016-05-01,eurozone,goldilocks,neutral,-0.0821416528163756,fair,low,2.0,bullish,0.0,neutral,-1.0,cautious,-1.0,cautious,medium,"Macro and valuation inputs are available, but valuation coverage is still partial."
2016-06-01,eurozone,goldilocks,neutral,-0.0950122195844635,fair,low,2.0,bullish,0.0,neutral,-1.0,cautious,-1.0,cautious,medium,"Macro and valuation inputs are available, but valuation coverage is still partial."
2016-07-01,eurozone,goldilocks,neutral,-0.1327352243559921,fair,low,2.0,bullish,0.0,neutral,-1.0,cautious,-1.0,cautious,medium,"Macro and valuation inputs are available, but valuation coverage is still partial."
2016-08-01,eurozone,goldilocks,neutral,-0.1341666113504138,fair,low,2.0,bullish,0.0,neutral,-1.0,cautious,-1.0,cautious,medium,"Macro and valuation inputs are available, but valuation coverage is still partial."
2016-09-01,eurozone,goldilocks,neutral,-0.1166811839540622,fair,low,2.0,bullish,0.0,neutral,-1.0,cautious,-1.0,cautious,medium,"Macro and valuation inputs are available, but valuation coverage is still partial."
2016-10-01,eurozone,goldilocks,neutral,-0.1118017478460075,fair,low,2.0,bullish,0.0,neutral,-1.0,cautious,-1.0,cautious,medium,"Macro and valuation inputs are available, but valuation coverage is still partial."
2016-11-01,eurozone,reflation,neutral,-0.045619031141714,fair,low,1.0,neutral,-1.0,cautious,0.0,neutral,0.0,neutral,medium,"Macro and valuation inputs are available, but valuation coverage is still partial."
2016-12-01,eurozone,reflation,neutral,-0.037362352650988,fair,low,1.0,neutral,-1.0,cautious,0.0,neutral,0.0,neutral,medium,"Macro and valuation inputs are available, but valuation coverage is still partial."
2017-01-01,eurozone,reflation,neutral,-0.0338797621164236,fair,low,1.0,neutral,-1.0,cautious,0.0,neutral,0.0,neutral,medium,"Macro and valuation inputs are available, but valuation coverage is still partial."
2017-02-01,eurozone,goldilocks,neutral,-0.0151897667616001,fair,low,2.0,bullish,0.0,neutral,-1.0,cautious,-1.0,cautious,medium,"Macro and valuation inputs are available, but valuation coverage is still partial."
2017-03-01,eurozone,reflation,neutral,-0.0128857670852053,fair,low,1.0,neutral,-1.0,cautious,0.0,neutral,0.0,neutral,medium,"Macro and valuation inputs are available, but valuation coverage is still partial."
2017-04-01,eurozone,reflation,neutral,-0.0403345435010945,fair,low,1.0,neutral,-1.0,cautious,0.0,neutral,0.0,neutral,medium,"Macro and valuation inputs are available, but valuation coverage is still partial."
2017-05-01,eurozone,goldilocks,neutral,-0.0533275808580428,fair,low,2.0,bullish,0.0,neutral,-1.0,cautious,-1.0,cautious,medium,"Macro and valuation inputs are available, but valuation coverage is still partial."
2017-06-01,eurozone,reflation,neutral,-0.0677693580799618,fair,low,1.0,neutral,-1.0,cautious,0.0,neutral,0.0,neutral,medium,"Macro and valuation inputs are available, but valuation coverage is still partial."
2017-07-01,eurozone,reflation,neutral,-0.0484159805973665,fair,low,1.0,neutral,-1.0,cautious,0.0,neutral,0.0,neutral,medium,"Macro and valuation inputs are available, but valuation coverage is still partial."
2017-08-01,eurozone,reflation,neutral,-0.0717418117752266,fair,low,1.0,neutral,-1.0,cautious,0.0,neutral,0.0,neutral,medium,"Macro and valuation inputs are available, but valuation coverage is still partial."
2017-09-01,eurozone,reflation,neutral,-0.0614587895853436,fair,low,1.0,neutral,-1.0,cautious,0.0,neutral,0.0,neutral,medium,"Macro and valuation inputs are available, but valuation coverage is still partial."
2017-10-01,eurozone,reflation,neutral,-0.0566358401148529,fair,low,1.0,neutral,-1.0,cautious,0.0,neutral,0.0,neutral,medium,"Macro and valuation inputs are available, but valuation coverage is still partial."
2017-11-01,eurozone,reflation,neutral,-0.0855409968621064,fair,low,1.0,neutral,-1.0,cautious,0.0,neutral,0.0,neutral,medium,"Macro and valuation inputs are available, but valuation coverage is still partial."
2017-12-01,eurozone,reflation,neutral,-0.095581452262666,fair,low,1.0,neutral,-1.0,cautious,0.0,neutral,0.0,neutral,medium,"Macro and valuation inputs are available, but valuation coverage is still partial."
2018-01-01,eurozone,reflation,neutral,-0.0737010656839696,fair,low,1.0,neutral,-1.0,cautious,0.0,neutral,0.0,neutral,medium,"Macro and valuation inputs are available, but valuation coverage is still partial."
2018-02-01,eurozone,reflation,neutral,-0.0393135306317835,fair,low,1.0,neutral,-1.0,cautious,0.0,neutral,0.0,neutral,medium,"Macro and valuation inputs are available, but valuation coverage is still partial."
2018-03-01,eurozone,reflation,neutral,-0.0538999759322435,fair,low,1.0,neutral,-1.0,cautious,0.0,neutral,0.0,neutral,medium,"Macro and valuation inputs are available, but valuation coverage is still partial."
2018-04-01,eurozone,goldilocks,neutral,-0.0600744465305652,fair,low,2.0,bullish,0.0,neutral,-1.0,cautious,-1.0,cautious,medium,"Macro and valuation inputs are available, but valuation coverage is still partial."
2018-05-01,eurozone,reflation,neutral,-0.0441314212007547,fair,low,1.0,neutral,-1.0,cautious,0.0,neutral,0.0,neutral,medium,"Macro and valuation inputs are available, but valuation coverage is still partial."
2018-06-01,eurozone,reflation,neutral,-0.0367687226201628,fair,low,1.0,neutral,-1.0,cautious,0.0,neutral,0.0,neutral,medium,"Macro and valuation inputs are available, but valuation coverage is still partial."
2018-07-01,eurozone,reflation,neutral,-0.0499409400672869,fair,low,1.0,neutral,-1.0,cautious,0.0,neutral,0.0,neutral,medium,"Macro and valuation inputs are available, but valuation coverage is still partial."
2018-08-01,eurozone,reflation,neutral,-0.0254675454844477,fair,low,1.0,neutral,-1.0,cautious,0.0,neutral,0.0,neutral,medium,"Macro and valuation inputs are available, but valuation coverage is still partial."
2018-09-01,eurozone,goldilocks,neutral,-0.0321837440975958,fair,low,2.0,bullish,0.0,neutral,-1.0,cautious,-1.0,cautious,medium,"Macro and valuation inputs are available, but valuation coverage is still partial."
2018-10-01,eurozone,reflation,neutral,0.0016418959808687,fair,low,1.0,neutral,-1.0,cautious,0.0,neutral,0.0,neutral,medium,"Macro and valuation inputs are available, but valuation coverage is still partial."
2018-11-01,eurozone,reflation,neutral,-0.0197935995577851,fair,low,1.0,neutral,-1.0,cautious,0.0,neutral,0.0,neutral,medium,"Macro and valuation inputs are available, but valuation coverage is still partial."
2018-12-01,eurozone,reflation,neutral,-0.0478270282067725,fair,low,1.0,neutral,-1.0,cautious,0.0,neutral,0.0,neutral,medium,"Macro and valuation inputs are available, but valuation coverage is still partial."
2019-01-01,eurozone,reflation,neutral,-0.0489992667386758,fair,low,1.0,neutral,-1.0,cautious,0.0,neutral,0.0,neutral,medium,"Macro and valuation inputs are available, but valuation coverage is still partial."
2019-02-01,eurozone,reflation,neutral,-0.0608713892311246,fair,low,1.0,neutral,-1.0,cautious,0.0,neutral,0.0,neutral,medium,"Macro and valuation inputs are available, but valuation coverage is still partial."
2019-03-01,eurozone,goldilocks,neutral,-0.0793124851868999,fair,low,2.0,bullish,0.0,neutral,-1.0,cautious,-1.0,cautious,medium,"Macro and valuation inputs are available, but valuation coverage is still partial."
2019-04-01,eurozone,reflation,neutral,-0.0850646901168693,fair,low,1.0,neutral,-1.0,cautious,0.0,neutral,0.0,neutral,medium,"Macro and valuation inputs are available, but valuation coverage is still partial."
2019-05-01,eurozone,goldilocks,neutral,-0.0966678280644838,fair,low,2.0,bullish,0.0,neutral,-1.0,cautious,-1.0,cautious,medium,"Macro and valuation inputs are available, but valuation coverage is still partial."
2019-06-01,eurozone,goldilocks,neutral,-0.1395213756616597,fair,low,2.0,bullish,0.0,neutral,-1.0,cautious,-1.0,cautious,medium,"Macro and valuation inputs are available, but valuation coverage is still partial."
2019-07-01,eurozone,goldilocks,easy,-0.1706903357009016,fair,low,3.0,bullish,-0.5,neutral,-0.5,neutral,-2.0,cautious,medium,"Macro and valuation inputs are available, but valuation coverage is still partial."
2019-08-01,eurozone,goldilocks,easy,-0.2078650610792512,fair,low,3.0,bullish,-0.5,neutral,-0.5,neutral,-2.0,cautious,medium,"Macro and valuation inputs are available, but valuation coverage is still partial."
2019-09-01,eurozone,goldilocks,easy,-0.2009482401422225,fair,low,3.0,bullish,-0.5,neutral,-0.5,neutral,-2.0,cautious,medium,"Macro and valuation inputs are available, but valuation coverage is still partial."
2019-10-01,eurozone,goldilocks,neutral,-0.1888422947621229,fair,low,2.0,bullish,0.0,neutral,-1.0,cautious,-1.0,cautious,medium,"Macro and valuation inputs are available, but valuation coverage is still partial."
2019-11-01,eurozone,reflation,neutral,-0.1643984901736104,fair,low,1.0,neutral,-1.0,cautious,0.0,neutral,0.0,neutral,medium,"Macro and valuation inputs are available, but valuation coverage is still partial."
2019-12-01,eurozone,reflation,neutral,-0.1550690973461483,fair,low,1.0,neutral,-1.0,cautious,0.0,neutral,0.0,neutral,medium,"Macro and valuation inputs are available, but valuation coverage is still partial."
2020-01-01,eurozone,reflation,neutral,-0.1622955105442937,fair,low,1.0,neutral,-1.0,cautious,0.0,neutral,0.0,neutral,medium,"Macro and valuation inputs are available, but valuation coverage is still partial."
2020-02-01,eurozone,reflation,neutral,-0.1887421987562038,fair,low,1.0,neutral,-1.0,cautious,0.0,neutral,0.0,neutral,medium,"Macro and valuation inputs are available, but valuation coverage is still partial."
2020-03-01,eurozone,stagflation,neutral,-0.1541187314332816,fair,low,-2.0,cautious,-2.0,cautious,2.0,bullish,1.0,neutral,medium,"Macro and valuation inputs are available, but valuation coverage is still partial."
2020-04-01,eurozone,slowdown,neutral,-0.1280268050507787,fair,low,-1.0,cautious,2.0,bullish,-0.5,neutral,1.0,neutral,medium,"Macro and valuation inputs are available, but valuation coverage is still partial."
2020-05-01,eurozone,slowdown,neutral,-0.1387781155493796,fair,low,-1.0,cautious,2.0,bullish,-0.5,neutral,1.0,neutral,medium,"Macro and valuation inputs are available, but valuation coverage is still partial."
2020-06-01,eurozone,slowdown,neutral,-0.1571688136346274,fair,low,-1.0,cautious,2.0,bullish,-0.5,neutral,1.0,neutral,medium,"Macro and valuation inputs are available, but valuation coverage is still partial."
2020-07-01,eurozone,reflation,easy,-0.1759768760857159,fair,low,2.0,bullish,-1.5,cautious,0.5,neutral,-1.0,cautious,medium,"Macro and valuation inputs are available, but valuation coverage is still partial."
2020-08-01,eurozone,reflation,easy,-0.1847365186329083,fair,low,2.0,bullish,-1.5,cautious,0.5,neutral,-1.0,cautious,medium,"Macro and valuation inputs are available, but valuation coverage is still partial."
2020-09-01,eurozone,reflation,easy,-0.1900096280052845,fair,low,2.0,bullish,-1.5,cautious,0.5,neutral,-1.0,cautious,medium,"Macro and valuation inputs are available, but valuation coverage is still partial."
2020-10-01,eurozone,goldilocks,easy,-0.207741571276622,fair,low,3.0,bullish,-0.5,neutral,-0.5,neutral,-2.0,cautious,medium,"Macro and valuation inputs are available, but valuation coverage is still partial."
2020-11-01,eurozone,goldilocks,easy,-0.2157218846004037,fair,low,3.0,bullish,-0.5,neutral,-0.5,neutral,-2.0,cautious,medium,"Macro and valuation inputs are available, but valuation coverage is still partial."
2020-12-01,eurozone,goldilocks,easy,-0.2210282989980028,fair,low,3.0,bullish,-0.5,neutral,-0.5,neutral,-2.0,cautious,medium,"Macro and valuation inputs are available, but valuation coverage is still partial."
2021-01-01,eurozone,reflation,easy,-0.216977125705717,fair,low,2.0,bullish,-1.5,cautious,0.5,neutral,-1.0,cautious,medium,"Macro and valuation inputs are available, but valuation coverage is still partial."
2021-02-01,eurozone,reflation,easy,-0.1986887435404319,fair,low,2.0,bullish,-1.5,cautious,0.5,neutral,-1.0,cautious,medium,"Macro and valuation inputs are available, but valuation coverage is still partial."
2021-03-01,eurozone,reflation,neutral,-0.1864960877438514,fair,low,1.0,neutral,-1.0,cautious,0.0,neutral,0.0,neutral,medium,"Macro and valuation inputs are available, but valuation coverage is still partial."
2021-04-01,eurozone,reflation,neutral,-0.1782766590027596,fair,low,1.0,neutral,-1.0,cautious,0.0,neutral,0.0,neutral,medium,"Macro and valuation inputs are available, but valuation coverage is still partial."
2021-05-01,eurozone,reflation,neutral,-0.1534681393512649,fair,low,1.0,neutral,-1.0,cautious,0.0,neutral,0.0,neutral,medium,"Macro and valuation inputs are available, but valuation coverage is still partial."
2021-06-01,eurozone,reflation,neutral,-0.1640087639718183,fair,low,1.0,neutral,-1.0,cautious,0.0,neutral,0.0,neutral,medium,"Macro and valuation inputs are available, but valuation coverage is still partial."
2021-07-01,eurozone,reflation,neutral,-0.1842622508663145,fair,low,1.0,neutral,-1.0,cautious,0.0,neutral,0.0,neutral,medium,"Macro and valuation inputs are available, but valuation coverage is still partial."
2021-08-01,eurozone,reflation,easy,-0.1992274569226554,fair,low,2.0,bullish,-1.5,cautious,0.5,neutral,-1.0,cautious,medium,"Macro and valuation inputs are available, but valuation coverage is still partial."
2021-09-01,eurozone,reflation,neutral,-0.1794056543140433,fair,low,1.0,neutral,-1.0,cautious,0.0,neutral,0.0,neutral,medium,"Macro and valuation inputs are available, but valuation coverage is still partial."
2021-10-01,eurozone,reflation,neutral,-0.1570192156839015,fair,low,1.0,neutral,-1.0,cautious,0.0,neutral,0.0,neutral,medium,"Macro and valuation inputs are available, but valuation coverage is still partial."
2021-11-01,eurozone,reflation,neutral,-0.162822886830949,fair,low,1.0,neutral,-1.0,cautious,0.0,neutral,0.0,neutral,medium,"Macro and valuation inputs are available, but valuation coverage is still partial."
2021-12-01,eurozone,reflation,neutral,-0.7575130755347994,expensive,high,0.0,neutral,-0.5,neutral,1.0,neutral,1.0,neutral,high,Macro and valuation inputs are both available with strong coverage.
2022-01-01,eurozone,reflation,neutral,-0.7531501976205484,expensive,high,0.0,neutral,-0.5,neutral,1.0,neutral,1.0,neutral,high,Macro and valuation inputs are both available with strong coverage.
2022-02-01,eurozone,reflation,neutral,-0.746172706062985,expensive,high,0.0,neutral,-0.5,neutral,1.0,neutral,1.0,neutral,high,Macro and valuation inputs are both available with strong coverage.
2022-03-01,eurozone,reflation,neutral,-0.7443099417834628,expensive,high,0.0,neutral,-0.5,neutral,1.0,neutral,1.0,neutral,high,Macro and valuation inputs are both available with strong coverage.
2022-04-01,eurozone,reflation,neutral,-0.7355472531209861,expensive,high,0.0,neutral,-0.5,neutral,1.0,neutral,1.0,neutral,high,Macro and valuation inputs are both available with strong coverage.
2022-05-01,eurozone,reflation,neutral,-0.730330184338327,expensive,high,0.0,neutral,-0.5,neutral,1.0,neutral,1.0,neutral,high,Macro and valuation inputs are both available with strong coverage.
2022-06-01,eurozone,reflation,tight,0.6736278954742153,cheap,high,1.0,neutral,-1.5,cautious,-1.0,cautious,1.0,neutral,high,Macro and valuation inputs are both available with strong coverage.
2022-07-01,eurozone,reflation,tight,0.6029187089791554,cheap,high,1.0,neutral,-1.5,cautious,-1.0,cautious,1.0,neutral,high,Macro and valuation inputs are both available with strong coverage.
2022-08-01,eurozone,reflation,neutral,0.6022986197352965,cheap,high,2.0,bullish,-2.0,cautious,-0.5,neutral,-1.0,cautious,high,Macro and valuation inputs are both available with strong coverage.
2022-09-01,eurozone,reflation,tight,0.5179704309322799,cheap,high,1.0,neutral,-1.5,cautious,-1.0,cautious,1.0,neutral,high,Macro and valuation inputs are both available with strong coverage.
2022-10-01,eurozone,reflation,tight,0.5242794784456694,cheap,high,1.0,neutral,-1.5,cautious,-1.0,cautious,1.0,neutral,high,Macro and valuation inputs are both available with strong coverage.
2022-11-01,eurozone,reflation,tight,0.422848865233206,fair,high,0.0,neutral,-0.5,neutral,-0.5,neutral,2.0,bullish,high,Macro and valuation inputs are both available with strong coverage.
2022-12-01,eurozone,reflation,tight,0.4177233483537532,fair,high,0.0,neutral,-0.5,neutral,-0.5,neutral,2.0,bullish,high,Macro and valuation inputs are both available with strong coverage.
2023-01-01,eurozone,reflation,tight,0.4184816518239629,fair,high,0.0,neutral,-0.5,neutral,-0.5,neutral,2.0,bullish,high,Macro and valuation inputs are both available with strong coverage.
2023-02-01,eurozone,reflation,tight,0.3566776882385214,fair,high,0.0,neutral,-0.5,neutral,-0.5,neutral,2.0,bullish,high,Macro and valuation inputs are both available with strong coverage.
2023-03-01,eurozone,reflation,tight,0.2920649718131913,fair,high,0.0,neutral,-0.5,neutral,-0.5,neutral,2.0,bullish,high,Macro and valuation inputs are both available with strong coverage.
2023-04-01,eurozone,reflation,tight,0.2913838516722781,fair,high,0.0,neutral,-0.5,neutral,-0.5,neutral,2.0,bullish,high,Macro and valuation inputs are both available with strong coverage.
2023-05-01,eurozone,reflation,tight,0.259181754320117,fair,high,0.0,neutral,-0.5,neutral,-0.5,neutral,2.0,bullish,high,Macro and valuation inputs are both available with strong coverage.
2023-06-01,eurozone,reflation,tight,0.0205213752598389,fair,high,0.0,neutral,-0.5,neutral,-0.5,neutral,2.0,bullish,high,Macro and valuation inputs are both available with strong coverage.
2023-07-01,eurozone,reflation,tight,0.0223046490450292,fair,high,0.0,neutral,-0.5,neutral,-0.5,neutral,2.0,bullish,high,Macro and valuation inputs are both available with strong coverage.
2023-08-01,eurozone,reflation,tight,-0.0088518715806941,fair,high,0.0,neutral,-0.5,neutral,-0.5,neutral,2.0,bullish,high,Macro and valuation inputs are both available with strong coverage.
2023-09-01,eurozone,reflation,tight,-0.0385036981841381,fair,high,0.0,neutral,-0.5,neutral,-0.5,neutral,2.0,bullish,high,Macro and valuation inputs are both available with strong coverage.
2023-10-01,eurozone,reflation,tight,-0.0347941808573431,fair,high,0.0,neutral,-0.5,neutral,-0.5,neutral,2.0,bullish,high,Macro and valuation inputs are both available with strong coverage.
2023-11-01,eurozone,goldilocks,tight,-0.03996229192013,fair,high,1.0,neutral,0.5,neutral,-1.5,cautious,1.0,neutral,high,Macro and valuation inputs are both available with strong coverage.
2023-12-01,eurozone,goldilocks,tight,-0.0809913421950908,fair,high,1.0,neutral,0.5,neutral,-1.5,cautious,1.0,neutral,high,Macro and valuation inputs are both available with strong coverage.
2024-01-01,eurozone,goldilocks,tight,-0.0803075279777716,fair,high,1.0,neutral,0.5,neutral,-1.5,cautious,1.0,neutral,high,Macro and valuation inputs are both available with strong coverage.
2024-02-01,eurozone,goldilocks,tight,-0.0782468170829037,fair,high,1.0,neutral,0.5,neutral,-1.5,cautious,1.0,neutral,high,Macro and valuation inputs are both available with strong coverage.
2024-03-01,eurozone,goldilocks,tight,-0.0794748279455658,fair,high,1.0,neutral,0.5,neutral,-1.5,cautious,1.0,neutral,high,Macro and valuation inputs are both available with strong coverage.
2024-04-01,eurozone,goldilocks,tight,-0.0774261343119423,fair,high,1.0,neutral,0.5,neutral,-1.5,cautious,1.0,neutral,high,Macro and valuation inputs are both available with strong coverage.
2024-05-01,eurozone,goldilocks,tight,-0.0766096251157862,fair,high,1.0,neutral,0.5,neutral,-1.5,cautious,1.0,neutral,high,Macro and valuation inputs are both available with strong coverage.
2024-06-01,eurozone,goldilocks,tight,-0.2728807343365552,fair,high,1.0,neutral,0.5,neutral,-1.5,cautious,1.0,neutral,high,Macro and valuation inputs are both available with strong coverage.
2024-07-01,eurozone,goldilocks,tight,-0.2737669676825973,fair,high,1.0,neutral,0.5,neutral,-1.5,cautious,1.0,neutral,high,Macro and valuation inputs are both available with strong coverage.
2024-08-01,eurozone,goldilocks,neutral,-0.277294661772112,fair,high,2.0,bullish,0.0,neutral,-1.0,cautious,-1.0,cautious,high,Macro and valuation inputs are both available with strong coverage.
2024-09-01,eurozone,goldilocks,neutral,-0.2461075685200782,fair,high,2.0,bullish,0.0,neutral,-1.0,cautious,-1.0,cautious,high,Macro and valuation inputs are both available with strong coverage.
2024-10-01,eurozone,goldilocks,neutral,-0.2131570581229852,fair,high,2.0,bullish,0.0,neutral,-1.0,cautious,-1.0,cautious,high,Macro and valuation inputs are both available with strong coverage.
2024-11-01,eurozone,goldilocks,neutral,-0.2120804810108528,fair,high,2.0,bullish,0.0,neutral,-1.0,cautious,-1.0,cautious,high,Macro and valuation inputs are both available with strong coverage.
2024-12-01,eurozone,goldilocks,neutral,-0.1898036709375969,fair,high,2.0,bullish,0.0,neutral,-1.0,cautious,-1.0,cautious,high,Macro and valuation inputs are both available with strong coverage.
2025-01-01,eurozone,goldilocks,neutral,-0.1851085668821767,fair,high,2.0,bullish,0.0,neutral,-1.0,cautious,-1.0,cautious,high,Macro and valuation inputs are both available with strong coverage.
2025-02-01,eurozone,goldilocks,neutral,-0.1543908576531348,fair,high,2.0,bullish,0.0,neutral,-1.0,cautious,-1.0,cautious,high,Macro and valuation inputs are both available with strong coverage.
2025-03-01,eurozone,goldilocks,neutral,-0.1164431289614948,fair,high,2.0,bullish,0.0,neutral,-1.0,cautious,-1.0,cautious,high,Macro and valuation inputs are both available with strong coverage.
2025-04-01,eurozone,goldilocks,neutral,-0.0877227846390152,fair,high,2.0,bullish,0.0,neutral,-1.0,cautious,-1.0,cautious,high,Macro and valuation inputs are both available with strong coverage.
2025-05-01,eurozone,goldilocks,neutral,-0.0881695534281876,fair,high,2.0,bullish,0.0,neutral,-1.0,cautious,-1.0,cautious,high,Macro and valuation inputs are both available with strong coverage.
2025-06-01,eurozone,goldilocks,neutral,-0.2192177090594944,fair,high,2.0,bullish,0.0,neutral,-1.0,cautious,-1.0,cautious,high,Macro and valuation inputs are both available with strong coverage.
2025-07-01,eurozone,goldilocks,neutral,-0.2177049563454,fair,high,2.0,bullish,0.0,neutral,-1.0,cautious,-1.0,cautious,high,Macro and valuation inputs are both available with strong coverage.
2025-08-01,eurozone,goldilocks,neutral,-0.2171686458248965,fair,high,2.0,bullish,0.0,neutral,-1.0,cautious,-1.0,cautious,high,Macro and valuation inputs are both available with strong coverage.
2025-09-01,eurozone,goldilocks,tight,-0.2166916547369118,fair,high,1.0,neutral,0.5,neutral,-1.5,cautious,1.0,neutral,high,Macro and valuation inputs are both available with strong coverage.
2025-10-01,eurozone,goldilocks,neutral,-0.2185481350317397,fair,high,2.0,bullish,0.0,neutral,-1.0,cautious,-1.0,cautious,high,Macro and valuation inputs are both available with strong coverage.
2025-11-01,eurozone,goldilocks,neutral,-0.2183400512560789,fair,high,2.0,bullish,0.0,neutral,-1.0,cautious,-1.0,cautious,high,Macro and valuation inputs are both available with strong coverage.
2025-12-01,eurozone,goldilocks,neutral,-0.5739516631256321,expensive,high,1.0,neutral,0.5,neutral,0.0,neutral,0.0,neutral,high,Macro and valuation inputs are both available with strong coverage.
2026-01-01,eurozone,goldilocks,neutral,-0.5743565687707655,expensive,high,1.0,neutral,0.5,neutral,0.0,neutral,0.0,neutral,high,Macro and valuation inputs are both available with strong coverage.
2026-02-01,eurozone,goldilocks,neutral,-0.5759257248604767,expensive,high,1.0,neutral,0.5,neutral,0.0,neutral,0.0,neutral,high,Macro and valuation inputs are both available with strong coverage.
2026-03-01,eurozone,goldilocks,neutral,-0.5715497954575149,expensive,high,1.0,neutral,0.5,neutral,0.0,neutral,0.0,neutral,high,Macro and valuation inputs are both available with strong coverage.
2026-04-01,eurozone,goldilocks,tight,-0.570221699694666,expensive,high,0.0,neutral,1.0,neutral,-0.5,neutral,2.0,bullish,high,Macro and valuation inputs are both available with strong coverage.
2026-05-01,eurozone,goldilocks,tight,-0.5697653872210584,expensive,high,0.0,neutral,1.0,neutral,-0.5,neutral,2.0,bullish,high,Macro and valuation inputs are both available with strong coverage.
2026-06-01,eurozone,goldilocks,tight,-0.6378273680802593,expensive,high,0.0,neutral,1.0,neutral,-0.5,neutral,2.0,bullish,high,Macro and valuation inputs are both available with strong coverage.
2026-07-01,eurozone,goldilocks,tight,-0.6351576626078373,expensive,high,0.0,neutral,1.0,neutral,-0.5,neutral,2.0,bullish,high,Macro and valuation inputs are both available with strong coverage.
2026-08-01,eurozone,goldilocks,tight,-0.6333572345610958,expensive,high,0.0,neutral,1.0,neutral,-0.5,neutral,2.0,bullish,high,Macro and valuation inputs are both available with strong coverage.
2026-09-01,eurozone,goldilocks,tight,-0.6595344386326741,expensive,high,0.0,neutral,1.0,neutral,-0.5,neutral,2.0,bullish,high,Macro and valuation inputs are both available with strong coverage.
2026-10-01,eurozone,goldilocks,tight,-0.6595344386326741,expensive,high,0.0,neutral,1.0,neutral,-0.5,neutral,2.0,bullish,high,Macro and valuation inputs are both available with strong coverage.
