date,country,buffett_indicator,real_yield,term_spread,equity_risk_proxy,credit_spread_proxy,earnings_yield_proxy,hs300_pe_proxy,hs300_pb_proxy,equity_pe_proxy,shiller_pe_proxy,equity_pb_proxy,real_yield_proxy,valuation_method,valuation_score,valuation_regime,valuation_confidence,valuation_inputs_used,valuation_inputs_missing
1970-01-01,eurozone,,,,,,,,,,,,,research_proxy_eurozone,0.0,fair,low,,"equity_pe_proxy,shiller_pe_proxy,real_yield_proxy,term_spread,equity_risk_proxy"
1970-02-01,eurozone,,,,,,,,,,,,,research_proxy_eurozone,0.0,fair,low,,"equity_pe_proxy,shiller_pe_proxy,real_yield_proxy,term_spread,equity_risk_proxy"
1970-03-01,eurozone,,,,,,,,,,,,,research_proxy_eurozone,0.0,fair,low,,"equity_pe_proxy,shiller_pe_proxy,real_yield_proxy,term_spread,equity_risk_proxy"
1970-04-01,eurozone,,,,,,,,,,,,,research_proxy_eurozone,0.0,fair,low,,"equity_pe_proxy,shiller_pe_proxy,real_yield_proxy,term_spread,equity_risk_proxy"
1970-05-01,eurozone,,,,,,,,,,,,,research_proxy_eurozone,0.0,fair,low,,"equity_pe_proxy,shiller_pe_proxy,real_yield_proxy,term_spread,equity_risk_proxy"
1970-06-01,eurozone,,,,,,,,,,,,,research_proxy_eurozone,0.0,fair,low,,"equity_pe_proxy,shiller_pe_proxy,real_yield_proxy,term_spread,equity_risk_proxy"
1970-07-01,eurozone,,,,,,,,,,,,,research_proxy_eurozone,0.0,fair,low,,"equity_pe_proxy,shiller_pe_proxy,real_yield_proxy,term_spread,equity_risk_proxy"
1970-08-01,eurozone,,,,,,,,,,,,,research_proxy_eurozone,0.0,fair,low,,"equity_pe_proxy,shiller_pe_proxy,real_yield_proxy,term_spread,equity_risk_proxy"
1970-09-01,eurozone,,,,,,,,,,,,,research_proxy_eurozone,0.0,fair,low,,"equity_pe_proxy,shiller_pe_proxy,real_yield_proxy,term_spread,equity_risk_proxy"
1970-10-01,eurozone,,,,,,,,,,,,,research_proxy_eurozone,0.0,fair,low,,"equity_pe_proxy,shiller_pe_proxy,real_yield_proxy,term_spread,equity_risk_proxy"
1970-11-01,eurozone,,,,,,,,,,,,,research_proxy_eurozone,0.0,fair,low,,"equity_pe_proxy,shiller_pe_proxy,real_yield_proxy,term_spread,equity_risk_proxy"
1970-12-01,eurozone,,,,,,,,,,,,,research_proxy_eurozone,0.0,fair,low,,"equity_pe_proxy,shiller_pe_proxy,real_yield_proxy,term_spread,equity_risk_proxy"
1971-01-01,eurozone,,,,,,,,,,,,,research_proxy_eurozone,0.0,fair,low,,"equity_pe_proxy,shiller_pe_proxy,real_yield_proxy,term_spread,equity_risk_proxy"
1971-02-01,eurozone,,,,,,,,,,,,,research_proxy_eurozone,0.0,fair,low,,"equity_pe_proxy,shiller_pe_proxy,real_yield_proxy,term_spread,equity_risk_proxy"
1971-03-01,eurozone,,,,,,,,,,,,,research_proxy_eurozone,0.0,fair,low,,"equity_pe_proxy,shiller_pe_proxy,real_yield_proxy,term_spread,equity_risk_proxy"
1971-04-01,eurozone,,,,,,,,,,,,,research_proxy_eurozone,0.0,fair,low,,"equity_pe_proxy,shiller_pe_proxy,real_yield_proxy,term_spread,equity_risk_proxy"
1971-05-01,eurozone,,,,,,,,,,,,,research_proxy_eurozone,0.0,fair,low,,"equity_pe_proxy,shiller_pe_proxy,real_yield_proxy,term_spread,equity_risk_proxy"
1971-06-01,eurozone,,,,,,,,,,,,,research_proxy_eurozone,0.0,fair,low,,"equity_pe_proxy,shiller_pe_proxy,real_yield_proxy,term_spread,equity_risk_proxy"
1971-07-01,eurozone,,,,,,,,,,,,,research_proxy_eurozone,0.0,fair,low,,"equity_pe_proxy,shiller_pe_proxy,real_yield_proxy,term_spread,equity_risk_proxy"
1971-08-01,eurozone,,,,,,,,,,,,,research_proxy_eurozone,0.0,fair,low,,"equity_pe_proxy,shiller_pe_proxy,real_yield_proxy,term_spread,equity_risk_proxy"
1971-09-01,eurozone,,,,,,,,,,,,,research_proxy_eurozone,0.0,fair,low,,"equity_pe_proxy,shiller_pe_proxy,real_yield_proxy,term_spread,equity_risk_proxy"
1971-10-01,eurozone,,,,,,,,,,,,,research_proxy_eurozone,0.0,fair,low,,"equity_pe_proxy,shiller_pe_proxy,real_yield_proxy,term_spread,equity_risk_proxy"
1971-11-01,eurozone,,,,,,,,,,,,,research_proxy_eurozone,0.0,fair,low,,"equity_pe_proxy,shiller_pe_proxy,real_yield_proxy,term_spread,equity_risk_proxy"
1971-12-01,eurozone,,,,,,,,,,,,,research_proxy_eurozone,0.0,fair,low,,"equity_pe_proxy,shiller_pe_proxy,real_yield_proxy,term_spread,equity_risk_proxy"
1972-01-01,eurozone,,,,,,,,,,,,,research_proxy_eurozone,0.0,fair,low,,"equity_pe_proxy,shiller_pe_proxy,real_yield_proxy,term_spread,equity_risk_proxy"
1972-02-01,eurozone,,,,,,,,,,,,,research_proxy_eurozone,0.0,fair,low,,"equity_pe_proxy,shiller_pe_proxy,real_yield_proxy,term_spread,equity_risk_proxy"
1972-03-01,eurozone,,,,,,,,,,,,,research_proxy_eurozone,0.0,fair,low,,"equity_pe_proxy,shiller_pe_proxy,real_yield_proxy,term_spread,equity_risk_proxy"
1972-04-01,eurozone,,,,,,,,,,,,,research_proxy_eurozone,0.0,fair,low,,"equity_pe_proxy,shiller_pe_proxy,real_yield_proxy,term_spread,equity_risk_proxy"
1972-05-01,eurozone,,,,,,,,,,,,,research_proxy_eurozone,0.0,fair,low,,"equity_pe_proxy,shiller_pe_proxy,real_yield_proxy,term_spread,equity_risk_proxy"
1972-06-01,eurozone,,,,,,,,,,,,,research_proxy_eurozone,0.0,fair,low,,"equity_pe_proxy,shiller_pe_proxy,real_yield_proxy,term_spread,equity_risk_proxy"
1972-07-01,eurozone,,,,,,,,,,,,,research_proxy_eurozone,0.0,fair,low,,"equity_pe_proxy,shiller_pe_proxy,real_yield_proxy,term_spread,equity_risk_proxy"
1972-08-01,eurozone,,,,,,,,,,,,,research_proxy_eurozone,0.0,fair,low,,"equity_pe_proxy,shiller_pe_proxy,real_yield_proxy,term_spread,equity_risk_proxy"
1972-09-01,eurozone,,,,,,,,,,,,,research_proxy_eurozone,0.0,fair,low,,"equity_pe_proxy,shiller_pe_proxy,real_yield_proxy,term_spread,equity_risk_proxy"
1972-10-01,eurozone,,,,,,,,,,,,,research_proxy_eurozone,0.0,fair,low,,"equity_pe_proxy,shiller_pe_proxy,real_yield_proxy,term_spread,equity_risk_proxy"
1972-11-01,eurozone,,,,,,,,,,,,,research_proxy_eurozone,0.0,fair,low,,"equity_pe_proxy,shiller_pe_proxy,real_yield_proxy,term_spread,equity_risk_proxy"
1972-12-01,eurozone,,,,,,,,,,,,,research_proxy_eurozone,0.0,fair,low,,"equity_pe_proxy,shiller_pe_proxy,real_yield_proxy,term_spread,equity_risk_proxy"
1973-01-01,eurozone,,,,,,,,,,,,,research_proxy_eurozone,0.0,fair,low,,"equity_pe_proxy,shiller_pe_proxy,real_yield_proxy,term_spread,equity_risk_proxy"
1973-02-01,eurozone,,,,,,,,,,,,,research_proxy_eurozone,0.0,fair,low,,"equity_pe_proxy,shiller_pe_proxy,real_yield_proxy,term_spread,equity_risk_proxy"
1973-03-01,eurozone,,,,,,,,,,,,,research_proxy_eurozone,0.0,fair,low,,"equity_pe_proxy,shiller_pe_proxy,real_yield_proxy,term_spread,equity_risk_proxy"
1973-04-01,eurozone,,,,,,,,,,,,,research_proxy_eurozone,0.0,fair,low,,"equity_pe_proxy,shiller_pe_proxy,real_yield_proxy,term_spread,equity_risk_proxy"
1973-05-01,eurozone,,,,,,,,,,,,,research_proxy_eurozone,0.0,fair,low,,"equity_pe_proxy,shiller_pe_proxy,real_yield_proxy,term_spread,equity_risk_proxy"
1973-06-01,eurozone,,,,,,,,,,,,,research_proxy_eurozone,0.0,fair,low,,"equity_pe_proxy,shiller_pe_proxy,real_yield_proxy,term_spread,equity_risk_proxy"
1973-07-01,eurozone,,,,,,,,,,,,,research_proxy_eurozone,0.0,fair,low,,"equity_pe_proxy,shiller_pe_proxy,real_yield_proxy,term_spread,equity_risk_proxy"
1973-08-01,eurozone,,,,,,,,,,,,,research_proxy_eurozone,0.0,fair,low,,"equity_pe_proxy,shiller_pe_proxy,real_yield_proxy,term_spread,equity_risk_proxy"
1973-09-01,eurozone,,,,,,,,,,,,,research_proxy_eurozone,0.0,fair,low,,"equity_pe_proxy,shiller_pe_proxy,real_yield_proxy,term_spread,equity_risk_proxy"
1973-10-01,eurozone,,,,,,,,,,,,,research_proxy_eurozone,0.0,fair,low,,"equity_pe_proxy,shiller_pe_proxy,real_yield_proxy,term_spread,equity_risk_proxy"
1973-11-01,eurozone,,,,,,,,,,,,,research_proxy_eurozone,0.0,fair,low,,"equity_pe_proxy,shiller_pe_proxy,real_yield_proxy,term_spread,equity_risk_proxy"
1973-12-01,eurozone,,,,,,,,,,,,,research_proxy_eurozone,0.0,fair,low,,"equity_pe_proxy,shiller_pe_proxy,real_yield_proxy,term_spread,equity_risk_proxy"
1974-01-01,eurozone,,,,,,,,,,,,,research_proxy_eurozone,0.0,fair,low,,"equity_pe_proxy,shiller_pe_proxy,real_yield_proxy,term_spread,equity_risk_proxy"
1974-02-01,eurozone,,,,,,,,,,,,,research_proxy_eurozone,0.0,fair,low,,"equity_pe_proxy,shiller_pe_proxy,real_yield_proxy,term_spread,equity_risk_proxy"
1974-03-01,eurozone,,,,,,,,,,,,,research_proxy_eurozone,0.0,fair,low,,"equity_pe_proxy,shiller_pe_proxy,real_yield_proxy,term_spread,equity_risk_proxy"
1974-04-01,eurozone,,,,,,,,,,,,,research_proxy_eurozone,0.0,fair,low,,"equity_pe_proxy,shiller_pe_proxy,real_yield_proxy,term_spread,equity_risk_proxy"
1974-05-01,eurozone,,,,,,,,,,,,,research_proxy_eurozone,0.0,fair,low,,"equity_pe_proxy,shiller_pe_proxy,real_yield_proxy,term_spread,equity_risk_proxy"
1974-06-01,eurozone,,,,,,,,,,,,,research_proxy_eurozone,0.0,fair,low,,"equity_pe_proxy,shiller_pe_proxy,real_yield_proxy,term_spread,equity_risk_proxy"
1974-07-01,eurozone,,,,,,,,,,,,,research_proxy_eurozone,0.0,fair,low,,"equity_pe_proxy,shiller_pe_proxy,real_yield_proxy,term_spread,equity_risk_proxy"
1974-08-01,eurozone,,,,,,,,,,,,,research_proxy_eurozone,0.0,fair,low,,"equity_pe_proxy,shiller_pe_proxy,real_yield_proxy,term_spread,equity_risk_proxy"
1974-09-01,eurozone,,,,,,,,,,,,,research_proxy_eurozone,0.0,fair,low,,"equity_pe_proxy,shiller_pe_proxy,real_yield_proxy,term_spread,equity_risk_proxy"
1974-10-01,eurozone,,,,,,,,,,,,,research_proxy_eurozone,0.0,fair,low,,"equity_pe_proxy,shiller_pe_proxy,real_yield_proxy,term_spread,equity_risk_proxy"
1974-11-01,eurozone,,,,,,,,,,,,,research_proxy_eurozone,0.0,fair,low,,"equity_pe_proxy,shiller_pe_proxy,real_yield_proxy,term_spread,equity_risk_proxy"
1974-12-01,eurozone,,,,,,,,,,,,,research_proxy_eurozone,0.0,fair,low,,"equity_pe_proxy,shiller_pe_proxy,real_yield_proxy,term_spread,equity_risk_proxy"
1975-01-01,eurozone,,,,,,,,,,,,,research_proxy_eurozone,0.0,fair,low,,"equity_pe_proxy,shiller_pe_proxy,real_yield_proxy,term_spread,equity_risk_proxy"
1975-02-01,eurozone,,,,,,,,,,,,,research_proxy_eurozone,0.0,fair,low,,"equity_pe_proxy,shiller_pe_proxy,real_yield_proxy,term_spread,equity_risk_proxy"
1975-03-01,eurozone,,,,,,,,,,,,,research_proxy_eurozone,0.0,fair,low,,"equity_pe_proxy,shiller_pe_proxy,real_yield_proxy,term_spread,equity_risk_proxy"
1975-04-01,eurozone,,,,,,,,,,,,,research_proxy_eurozone,0.0,fair,low,,"equity_pe_proxy,shiller_pe_proxy,real_yield_proxy,term_spread,equity_risk_proxy"
1975-05-01,eurozone,,,,,,,,,,,,,research_proxy_eurozone,0.0,fair,low,,"equity_pe_proxy,shiller_pe_proxy,real_yield_proxy,term_spread,equity_risk_proxy"
1975-06-01,eurozone,,,,,,,,,,,,,research_proxy_eurozone,0.0,fair,low,,"equity_pe_proxy,shiller_pe_proxy,real_yield_proxy,term_spread,equity_risk_proxy"
1975-07-01,eurozone,,,,,,,,,,,,,research_proxy_eurozone,0.0,fair,low,,"equity_pe_proxy,shiller_pe_proxy,real_yield_proxy,term_spread,equity_risk_proxy"
1975-08-01,eurozone,,,,,,,,,,,,,research_proxy_eurozone,0.0,fair,low,,"equity_pe_proxy,shiller_pe_proxy,real_yield_proxy,term_spread,equity_risk_proxy"
1975-09-01,eurozone,,,,,,,,,,,,,research_proxy_eurozone,0.0,fair,low,,"equity_pe_proxy,shiller_pe_proxy,real_yield_proxy,term_spread,equity_risk_proxy"
1975-10-01,eurozone,,,,,,,,,,,,,research_proxy_eurozone,0.0,fair,low,,"equity_pe_proxy,shiller_pe_proxy,real_yield_proxy,term_spread,equity_risk_proxy"
1975-11-01,eurozone,,,,,,,,,,,,,research_proxy_eurozone,0.0,fair,low,,"equity_pe_proxy,shiller_pe_proxy,real_yield_proxy,term_spread,equity_risk_proxy"
1975-12-01,eurozone,,,,,,,,,,,,,research_proxy_eurozone,0.0,fair,low,,"equity_pe_proxy,shiller_pe_proxy,real_yield_proxy,term_spread,equity_risk_proxy"
1976-01-01,eurozone,,,,,,,,,,,,,research_proxy_eurozone,0.0,fair,low,,"equity_pe_proxy,shiller_pe_proxy,real_yield_proxy,term_spread,equity_risk_proxy"
1976-02-01,eurozone,,,,,,,,,,,,,research_proxy_eurozone,0.0,fair,low,,"equity_pe_proxy,shiller_pe_proxy,real_yield_proxy,term_spread,equity_risk_proxy"
1976-03-01,eurozone,,,,,,,,,,,,,research_proxy_eurozone,0.0,fair,low,,"equity_pe_proxy,shiller_pe_proxy,real_yield_proxy,term_spread,equity_risk_proxy"
1976-04-01,eurozone,,,,,,,,,,,,,research_proxy_eurozone,0.0,fair,low,,"equity_pe_proxy,shiller_pe_proxy,real_yield_proxy,term_spread,equity_risk_proxy"
1976-05-01,eurozone,,,,,,,,,,,,,research_proxy_eurozone,0.0,fair,low,,"equity_pe_proxy,shiller_pe_proxy,real_yield_proxy,term_spread,equity_risk_proxy"
1976-06-01,eurozone,,,,,,,,,,,,,research_proxy_eurozone,0.0,fair,low,,"equity_pe_proxy,shiller_pe_proxy,real_yield_proxy,term_spread,equity_risk_proxy"
1976-07-01,eurozone,,,,,,,,,,,,,research_proxy_eurozone,0.0,fair,low,,"equity_pe_proxy,shiller_pe_proxy,real_yield_proxy,term_spread,equity_risk_proxy"
1976-08-01,eurozone,,,,,,,,,,,,,research_proxy_eurozone,0.0,fair,low,,"equity_pe_proxy,shiller_pe_proxy,real_yield_proxy,term_spread,equity_risk_proxy"
1976-09-01,eurozone,,,,,,,,,,,,,research_proxy_eurozone,0.0,fair,low,,"equity_pe_proxy,shiller_pe_proxy,real_yield_proxy,term_spread,equity_risk_proxy"
1976-10-01,eurozone,,,,,,,,,,,,,research_proxy_eurozone,0.0,fair,low,,"equity_pe_proxy,shiller_pe_proxy,real_yield_proxy,term_spread,equity_risk_proxy"
1976-11-01,eurozone,,,,,,,,,,,,,research_proxy_eurozone,0.0,fair,low,,"equity_pe_proxy,shiller_pe_proxy,real_yield_proxy,term_spread,equity_risk_proxy"
1976-12-01,eurozone,,,,,,,,,,,,,research_proxy_eurozone,0.0,fair,low,,"equity_pe_proxy,shiller_pe_proxy,real_yield_proxy,term_spread,equity_risk_proxy"
1977-01-01,eurozone,,,,,,,,,,,,,research_proxy_eurozone,0.0,fair,low,,"equity_pe_proxy,shiller_pe_proxy,real_yield_proxy,term_spread,equity_risk_proxy"
1977-02-01,eurozone,,,,,,,,,,,,,research_proxy_eurozone,0.0,fair,low,,"equity_pe_proxy,shiller_pe_proxy,real_yield_proxy,term_spread,equity_risk_proxy"
1977-03-01,eurozone,,,,,,,,,,,,,research_proxy_eurozone,0.0,fair,low,,"equity_pe_proxy,shiller_pe_proxy,real_yield_proxy,term_spread,equity_risk_proxy"
1977-04-01,eurozone,,,,,,,,,,,,,research_proxy_eurozone,0.0,fair,low,,"equity_pe_proxy,shiller_pe_proxy,real_yield_proxy,term_spread,equity_risk_proxy"
1977-05-01,eurozone,,,,,,,,,,,,,research_proxy_eurozone,0.0,fair,low,,"equity_pe_proxy,shiller_pe_proxy,real_yield_proxy,term_spread,equity_risk_proxy"
1977-06-01,eurozone,,,,,,,,,,,,,research_proxy_eurozone,0.0,fair,low,,"equity_pe_proxy,shiller_pe_proxy,real_yield_proxy,term_spread,equity_risk_proxy"
1977-07-01,eurozone,,,,,,,,,,,,,research_proxy_eurozone,0.0,fair,low,,"equity_pe_proxy,shiller_pe_proxy,real_yield_proxy,term_spread,equity_risk_proxy"
1977-08-01,eurozone,,,,,,,,,,,,,research_proxy_eurozone,0.0,fair,low,,"equity_pe_proxy,shiller_pe_proxy,real_yield_proxy,term_spread,equity_risk_proxy"
1977-09-01,eurozone,,,,,,,,,,,,,research_proxy_eurozone,0.0,fair,low,,"equity_pe_proxy,shiller_pe_proxy,real_yield_proxy,term_spread,equity_risk_proxy"
1977-10-01,eurozone,,,,,,,,,,,,,research_proxy_eurozone,0.0,fair,low,,"equity_pe_proxy,shiller_pe_proxy,real_yield_proxy,term_spread,equity_risk_proxy"
1977-11-01,eurozone,,,,,,,,,,,,,research_proxy_eurozone,0.0,fair,low,,"equity_pe_proxy,shiller_pe_proxy,real_yield_proxy,term_spread,equity_risk_proxy"
1977-12-01,eurozone,,,,,,,,,,,,,research_proxy_eurozone,0.0,fair,low,,"equity_pe_proxy,shiller_pe_proxy,real_yield_proxy,term_spread,equity_risk_proxy"
1978-01-01,eurozone,,,,,,,,,,,,,research_proxy_eurozone,0.0,fair,low,,"equity_pe_proxy,shiller_pe_proxy,real_yield_proxy,term_spread,equity_risk_proxy"
1978-02-01,eurozone,,,,,,,,,,,,,research_proxy_eurozone,0.0,fair,low,,"equity_pe_proxy,shiller_pe_proxy,real_yield_proxy,term_spread,equity_risk_proxy"
1978-03-01,eurozone,,,,,,,,,,,,,research_proxy_eurozone,0.0,fair,low,,"equity_pe_proxy,shiller_pe_proxy,real_yield_proxy,term_spread,equity_risk_proxy"
1978-04-01,eurozone,,,,,,,,,,,,,research_proxy_eurozone,0.0,fair,low,,"equity_pe_proxy,shiller_pe_proxy,real_yield_proxy,term_spread,equity_risk_proxy"
1978-05-01,eurozone,,,,,,,,,,,,,research_proxy_eurozone,0.0,fair,low,,"equity_pe_proxy,shiller_pe_proxy,real_yield_proxy,term_spread,equity_risk_proxy"
1978-06-01,eurozone,,,,,,,,,,,,,research_proxy_eurozone,0.0,fair,low,,"equity_pe_proxy,shiller_pe_proxy,real_yield_proxy,term_spread,equity_risk_proxy"
1978-07-01,eurozone,,,,,,,,,,,,,research_proxy_eurozone,0.0,fair,low,,"equity_pe_proxy,shiller_pe_proxy,real_yield_proxy,term_spread,equity_risk_proxy"
1978-08-01,eurozone,,,,,,,,,,,,,research_proxy_eurozone,0.0,fair,low,,"equity_pe_proxy,shiller_pe_proxy,real_yield_proxy,term_spread,equity_risk_proxy"
1978-09-01,eurozone,,,,,,,,,,,,,research_proxy_eurozone,0.0,fair,low,,"equity_pe_proxy,shiller_pe_proxy,real_yield_proxy,term_spread,equity_risk_proxy"
1978-10-01,eurozone,,,,,,,,,,,,,research_proxy_eurozone,0.0,fair,low,,"equity_pe_proxy,shiller_pe_proxy,real_yield_proxy,term_spread,equity_risk_proxy"
1978-11-01,eurozone,,,,,,,,,,,,,research_proxy_eurozone,0.0,fair,low,,"equity_pe_proxy,shiller_pe_proxy,real_yield_proxy,term_spread,equity_risk_proxy"
1978-12-01,eurozone,,,,,,,,,,,,,research_proxy_eurozone,0.0,fair,low,,"equity_pe_proxy,shiller_pe_proxy,real_yield_proxy,term_spread,equity_risk_proxy"
1979-01-01,eurozone,,,,,,,,,,,,,research_proxy_eurozone,0.0,fair,low,,"equity_pe_proxy,shiller_pe_proxy,real_yield_proxy,term_spread,equity_risk_proxy"
1979-02-01,eurozone,,,,,,,,,,,,,research_proxy_eurozone,0.0,fair,low,,"equity_pe_proxy,shiller_pe_proxy,real_yield_proxy,term_spread,equity_risk_proxy"
1979-03-01,eurozone,,,,,,,,,,,,,research_proxy_eurozone,0.0,fair,low,,"equity_pe_proxy,shiller_pe_proxy,real_yield_proxy,term_spread,equity_risk_proxy"
1979-04-01,eurozone,,,,,,,,,,,,,research_proxy_eurozone,0.0,fair,low,,"equity_pe_proxy,shiller_pe_proxy,real_yield_proxy,term_spread,equity_risk_proxy"
1979-05-01,eurozone,,,,,,,,,,,,,research_proxy_eurozone,0.0,fair,low,,"equity_pe_proxy,shiller_pe_proxy,real_yield_proxy,term_spread,equity_risk_proxy"
1979-06-01,eurozone,,,,,,,,,,,,,research_proxy_eurozone,0.0,fair,low,,"equity_pe_proxy,shiller_pe_proxy,real_yield_proxy,term_spread,equity_risk_proxy"
1979-07-01,eurozone,,,,,,,,,,,,,research_proxy_eurozone,0.0,fair,low,,"equity_pe_proxy,shiller_pe_proxy,real_yield_proxy,term_spread,equity_risk_proxy"
1979-08-01,eurozone,,,,,,,,,,,,,research_proxy_eurozone,0.0,fair,low,,"equity_pe_proxy,shiller_pe_proxy,real_yield_proxy,term_spread,equity_risk_proxy"
1979-09-01,eurozone,,,,,,,,,,,,,research_proxy_eurozone,0.0,fair,low,,"equity_pe_proxy,shiller_pe_proxy,real_yield_proxy,term_spread,equity_risk_proxy"
1979-10-01,eurozone,,,,,,,,,,,,,research_proxy_eurozone,0.0,fair,low,,"equity_pe_proxy,shiller_pe_proxy,real_yield_proxy,term_spread,equity_risk_proxy"
1979-11-01,eurozone,,,,,,,,,,,,,research_proxy_eurozone,0.0,fair,low,,"equity_pe_proxy,shiller_pe_proxy,real_yield_proxy,term_spread,equity_risk_proxy"
1979-12-01,eurozone,,,,,,,,,,,,,research_proxy_eurozone,0.0,fair,low,,"equity_pe_proxy,shiller_pe_proxy,real_yield_proxy,term_spread,equity_risk_proxy"
1980-01-01,eurozone,,,,,,,,,,,,,research_proxy_eurozone,0.0,fair,low,,"equity_pe_proxy,shiller_pe_proxy,real_yield_proxy,term_spread,equity_risk_proxy"
1980-02-01,eurozone,,,,,,,,,,,,,research_proxy_eurozone,0.0,fair,low,,"equity_pe_proxy,shiller_pe_proxy,real_yield_proxy,term_spread,equity_risk_proxy"
1980-03-01,eurozone,,,,,,,,,,,,,research_proxy_eurozone,0.0,fair,low,,"equity_pe_proxy,shiller_pe_proxy,real_yield_proxy,term_spread,equity_risk_proxy"
1980-04-01,eurozone,,,,,,,,,,,,,research_proxy_eurozone,0.0,fair,low,,"equity_pe_proxy,shiller_pe_proxy,real_yield_proxy,term_spread,equity_risk_proxy"
1980-05-01,eurozone,,,,,,,,,,,,,research_proxy_eurozone,0.0,fair,low,,"equity_pe_proxy,shiller_pe_proxy,real_yield_proxy,term_spread,equity_risk_proxy"
1980-06-01,eurozone,,,,,,,,,,,,,research_proxy_eurozone,0.0,fair,low,,"equity_pe_proxy,shiller_pe_proxy,real_yield_proxy,term_spread,equity_risk_proxy"
1980-07-01,eurozone,,,,,,,,,,,,,research_proxy_eurozone,0.0,fair,low,,"equity_pe_proxy,shiller_pe_proxy,real_yield_proxy,term_spread,equity_risk_proxy"
1980-08-01,eurozone,,,,,,,,,,,,,research_proxy_eurozone,0.0,fair,low,,"equity_pe_proxy,shiller_pe_proxy,real_yield_proxy,term_spread,equity_risk_proxy"
1980-09-01,eurozone,,,,,,,,,,,,,research_proxy_eurozone,0.0,fair,low,,"equity_pe_proxy,shiller_pe_proxy,real_yield_proxy,term_spread,equity_risk_proxy"
1980-10-01,eurozone,,,,,,,,,,,,,research_proxy_eurozone,0.0,fair,low,,"equity_pe_proxy,shiller_pe_proxy,real_yield_proxy,term_spread,equity_risk_proxy"
1980-11-01,eurozone,,,,,,,,,,,,,research_proxy_eurozone,0.0,fair,low,,"equity_pe_proxy,shiller_pe_proxy,real_yield_proxy,term_spread,equity_risk_proxy"
1980-12-01,eurozone,,,,,,,,,,,,,research_proxy_eurozone,0.0,fair,low,,"equity_pe_proxy,shiller_pe_proxy,real_yield_proxy,term_spread,equity_risk_proxy"
1981-01-01,eurozone,,,,,,,,,,,,,research_proxy_eurozone,0.0,fair,low,,"equity_pe_proxy,shiller_pe_proxy,real_yield_proxy,term_spread,equity_risk_proxy"
1981-02-01,eurozone,,,,,,,,,,,,,research_proxy_eurozone,0.0,fair,low,,"equity_pe_proxy,shiller_pe_proxy,real_yield_proxy,term_spread,equity_risk_proxy"
1981-03-01,eurozone,,,,,,,,,,,,,research_proxy_eurozone,0.0,fair,low,,"equity_pe_proxy,shiller_pe_proxy,real_yield_proxy,term_spread,equity_risk_proxy"
1981-04-01,eurozone,,,,,,,,,,,,,research_proxy_eurozone,0.0,fair,low,,"equity_pe_proxy,shiller_pe_proxy,real_yield_proxy,term_spread,equity_risk_proxy"
1981-05-01,eurozone,,,,,,,,,,,,,research_proxy_eurozone,0.0,fair,low,,"equity_pe_proxy,shiller_pe_proxy,real_yield_proxy,term_spread,equity_risk_proxy"
1981-06-01,eurozone,,,,,,,,,,,,,research_proxy_eurozone,0.0,fair,low,,"equity_pe_proxy,shiller_pe_proxy,real_yield_proxy,term_spread,equity_risk_proxy"
1981-07-01,eurozone,,,,,,,,,,,,,research_proxy_eurozone,0.0,fair,low,,"equity_pe_proxy,shiller_pe_proxy,real_yield_proxy,term_spread,equity_risk_proxy"
1981-08-01,eurozone,,,,,,,,,,,,,research_proxy_eurozone,0.0,fair,low,,"equity_pe_proxy,shiller_pe_proxy,real_yield_proxy,term_spread,equity_risk_proxy"
1981-09-01,eurozone,,,,,,,,,,,,,research_proxy_eurozone,0.0,fair,low,,"equity_pe_proxy,shiller_pe_proxy,real_yield_proxy,term_spread,equity_risk_proxy"
1981-10-01,eurozone,,,,,,,,,,,,,research_proxy_eurozone,0.0,fair,low,,"equity_pe_proxy,shiller_pe_proxy,real_yield_proxy,term_spread,equity_risk_proxy"
1981-11-01,eurozone,,,,,,,,,,,,,research_proxy_eurozone,0.0,fair,low,,"equity_pe_proxy,shiller_pe_proxy,real_yield_proxy,term_spread,equity_risk_proxy"
1981-12-01,eurozone,,,,,,,,,,,,,research_proxy_eurozone,0.0,fair,low,,"equity_pe_proxy,shiller_pe_proxy,real_yield_proxy,term_spread,equity_risk_proxy"
1982-01-01,eurozone,,,,,,,,,,,,,research_proxy_eurozone,0.0,fair,low,,"equity_pe_proxy,shiller_pe_proxy,real_yield_proxy,term_spread,equity_risk_proxy"
1982-02-01,eurozone,,,,,,,,,,,,,research_proxy_eurozone,0.0,fair,low,,"equity_pe_proxy,shiller_pe_proxy,real_yield_proxy,term_spread,equity_risk_proxy"
1982-03-01,eurozone,,,,,,,,,,,,,research_proxy_eurozone,0.0,fair,low,,"equity_pe_proxy,shiller_pe_proxy,real_yield_proxy,term_spread,equity_risk_proxy"
1982-04-01,eurozone,,,,,,,,,,,,,research_proxy_eurozone,0.0,fair,low,,"equity_pe_proxy,shiller_pe_proxy,real_yield_proxy,term_spread,equity_risk_proxy"
1982-05-01,eurozone,,,,,,,,,,,,,research_proxy_eurozone,0.0,fair,low,,"equity_pe_proxy,shiller_pe_proxy,real_yield_proxy,term_spread,equity_risk_proxy"
1982-06-01,eurozone,,,,,,,,,,,,,research_proxy_eurozone,0.0,fair,low,,"equity_pe_proxy,shiller_pe_proxy,real_yield_proxy,term_spread,equity_risk_proxy"
1982-07-01,eurozone,,,,,,,,,,,,,research_proxy_eurozone,0.0,fair,low,,"equity_pe_proxy,shiller_pe_proxy,real_yield_proxy,term_spread,equity_risk_proxy"
1982-08-01,eurozone,,,,,,,,,,,,,research_proxy_eurozone,0.0,fair,low,,"equity_pe_proxy,shiller_pe_proxy,real_yield_proxy,term_spread,equity_risk_proxy"
1982-09-01,eurozone,,,,,,,,,,,,,research_proxy_eurozone,0.0,fair,low,,"equity_pe_proxy,shiller_pe_proxy,real_yield_proxy,term_spread,equity_risk_proxy"
1982-10-01,eurozone,,,,,,,,,,,,,research_proxy_eurozone,0.0,fair,low,,"equity_pe_proxy,shiller_pe_proxy,real_yield_proxy,term_spread,equity_risk_proxy"
1982-11-01,eurozone,,,,,,,,,,,,,research_proxy_eurozone,0.0,fair,low,,"equity_pe_proxy,shiller_pe_proxy,real_yield_proxy,term_spread,equity_risk_proxy"
1982-12-01,eurozone,,,,,,,,,,,,,research_proxy_eurozone,0.0,fair,low,,"equity_pe_proxy,shiller_pe_proxy,real_yield_proxy,term_spread,equity_risk_proxy"
1983-01-01,eurozone,,,,,,,,,,,,,research_proxy_eurozone,0.0,fair,low,,"equity_pe_proxy,shiller_pe_proxy,real_yield_proxy,term_spread,equity_risk_proxy"
1983-02-01,eurozone,,,,,,,,,,,,,research_proxy_eurozone,0.0,fair,low,,"equity_pe_proxy,shiller_pe_proxy,real_yield_proxy,term_spread,equity_risk_proxy"
1983-03-01,eurozone,,,,,,,,,,,,,research_proxy_eurozone,0.0,fair,low,,"equity_pe_proxy,shiller_pe_proxy,real_yield_proxy,term_spread,equity_risk_proxy"
1983-04-01,eurozone,,,,,,,,,,,,,research_proxy_eurozone,0.0,fair,low,,"equity_pe_proxy,shiller_pe_proxy,real_yield_proxy,term_spread,equity_risk_proxy"
1983-05-01,eurozone,,,,,,,,,,,,,research_proxy_eurozone,0.0,fair,low,,"equity_pe_proxy,shiller_pe_proxy,real_yield_proxy,term_spread,equity_risk_proxy"
1983-06-01,eurozone,,,,,,,,,,,,,research_proxy_eurozone,0.0,fair,low,,"equity_pe_proxy,shiller_pe_proxy,real_yield_proxy,term_spread,equity_risk_proxy"
1983-07-01,eurozone,,,,,,,,,,,,,research_proxy_eurozone,0.0,fair,low,,"equity_pe_proxy,shiller_pe_proxy,real_yield_proxy,term_spread,equity_risk_proxy"
1983-08-01,eurozone,,,,,,,,,,,,,research_proxy_eurozone,0.0,fair,low,,"equity_pe_proxy,shiller_pe_proxy,real_yield_proxy,term_spread,equity_risk_proxy"
1983-09-01,eurozone,,,,,,,,,,,,,research_proxy_eurozone,0.0,fair,low,,"equity_pe_proxy,shiller_pe_proxy,real_yield_proxy,term_spread,equity_risk_proxy"
1983-10-01,eurozone,,,,,,,,,,,,,research_proxy_eurozone,0.0,fair,low,,"equity_pe_proxy,shiller_pe_proxy,real_yield_proxy,term_spread,equity_risk_proxy"
1983-11-01,eurozone,,,,,,,,,,,,,research_proxy_eurozone,0.0,fair,low,,"equity_pe_proxy,shiller_pe_proxy,real_yield_proxy,term_spread,equity_risk_proxy"
1983-12-01,eurozone,,,,,,,,,,,,,research_proxy_eurozone,0.0,fair,low,,"equity_pe_proxy,shiller_pe_proxy,real_yield_proxy,term_spread,equity_risk_proxy"
1984-01-01,eurozone,,,,,,,,,,,,,research_proxy_eurozone,0.0,fair,low,,"equity_pe_proxy,shiller_pe_proxy,real_yield_proxy,term_spread,equity_risk_proxy"
1984-02-01,eurozone,,,,,,,,,,,,,research_proxy_eurozone,0.0,fair,low,,"equity_pe_proxy,shiller_pe_proxy,real_yield_proxy,term_spread,equity_risk_proxy"
1984-03-01,eurozone,,,,,,,,,,,,,research_proxy_eurozone,0.0,fair,low,,"equity_pe_proxy,shiller_pe_proxy,real_yield_proxy,term_spread,equity_risk_proxy"
1984-04-01,eurozone,,,,,,,,,,,,,research_proxy_eurozone,0.0,fair,low,,"equity_pe_proxy,shiller_pe_proxy,real_yield_proxy,term_spread,equity_risk_proxy"
1984-05-01,eurozone,,,,,,,,,,,,,research_proxy_eurozone,0.0,fair,low,,"equity_pe_proxy,shiller_pe_proxy,real_yield_proxy,term_spread,equity_risk_proxy"
1984-06-01,eurozone,,,,,,,,,,,,,research_proxy_eurozone,0.0,fair,low,,"equity_pe_proxy,shiller_pe_proxy,real_yield_proxy,term_spread,equity_risk_proxy"
1984-07-01,eurozone,,,,,,,,,,,,,research_proxy_eurozone,0.0,fair,low,,"equity_pe_proxy,shiller_pe_proxy,real_yield_proxy,term_spread,equity_risk_proxy"
1984-08-01,eurozone,,,,,,,,,,,,,research_proxy_eurozone,0.0,fair,low,,"equity_pe_proxy,shiller_pe_proxy,real_yield_proxy,term_spread,equity_risk_proxy"
1984-09-01,eurozone,,,,,,,,,,,,,research_proxy_eurozone,0.0,fair,low,,"equity_pe_proxy,shiller_pe_proxy,real_yield_proxy,term_spread,equity_risk_proxy"
1984-10-01,eurozone,,,,,,,,,,,,,research_proxy_eurozone,0.0,fair,low,,"equity_pe_proxy,shiller_pe_proxy,real_yield_proxy,term_spread,equity_risk_proxy"
1984-11-01,eurozone,,,,,,,,,,,,,research_proxy_eurozone,0.0,fair,low,,"equity_pe_proxy,shiller_pe_proxy,real_yield_proxy,term_spread,equity_risk_proxy"
1984-12-01,eurozone,,,,,,,,,,,,,research_proxy_eurozone,0.0,fair,low,,"equity_pe_proxy,shiller_pe_proxy,real_yield_proxy,term_spread,equity_risk_proxy"
1985-01-01,eurozone,,,,,,,,,,,,,research_proxy_eurozone,0.0,fair,low,,"equity_pe_proxy,shiller_pe_proxy,real_yield_proxy,term_spread,equity_risk_proxy"
1985-02-01,eurozone,,,,,,,,,,,,,research_proxy_eurozone,0.0,fair,low,,"equity_pe_proxy,shiller_pe_proxy,real_yield_proxy,term_spread,equity_risk_proxy"
1985-03-01,eurozone,,,,,,,,,,,,,research_proxy_eurozone,0.0,fair,low,,"equity_pe_proxy,shiller_pe_proxy,real_yield_proxy,term_spread,equity_risk_proxy"
1985-04-01,eurozone,,,,,,,,,,,,,research_proxy_eurozone,0.0,fair,low,,"equity_pe_proxy,shiller_pe_proxy,real_yield_proxy,term_spread,equity_risk_proxy"
1985-05-01,eurozone,,,,,,,,,,,,,research_proxy_eurozone,0.0,fair,low,,"equity_pe_proxy,shiller_pe_proxy,real_yield_proxy,term_spread,equity_risk_proxy"
1985-06-01,eurozone,,,,,,,,,,,,,research_proxy_eurozone,0.0,fair,low,,"equity_pe_proxy,shiller_pe_proxy,real_yield_proxy,term_spread,equity_risk_proxy"
1985-07-01,eurozone,,,,,,,,,,,,,research_proxy_eurozone,0.0,fair,low,,"equity_pe_proxy,shiller_pe_proxy,real_yield_proxy,term_spread,equity_risk_proxy"
1985-08-01,eurozone,,,,,,,,,,,,,research_proxy_eurozone,0.0,fair,low,,"equity_pe_proxy,shiller_pe_proxy,real_yield_proxy,term_spread,equity_risk_proxy"
1985-09-01,eurozone,,,,,,,,,,,,,research_proxy_eurozone,0.0,fair,low,,"equity_pe_proxy,shiller_pe_proxy,real_yield_proxy,term_spread,equity_risk_proxy"
1985-10-01,eurozone,,,,,,,,,,,,,research_proxy_eurozone,0.0,fair,low,,"equity_pe_proxy,shiller_pe_proxy,real_yield_proxy,term_spread,equity_risk_proxy"
1985-11-01,eurozone,,,,,,,,,,,,,research_proxy_eurozone,0.0,fair,low,,"equity_pe_proxy,shiller_pe_proxy,real_yield_proxy,term_spread,equity_risk_proxy"
1985-12-01,eurozone,,,,,,,,,,,,,research_proxy_eurozone,0.0,fair,low,,"equity_pe_proxy,shiller_pe_proxy,real_yield_proxy,term_spread,equity_risk_proxy"
1986-01-01,eurozone,,,,,,,,,,,,,research_proxy_eurozone,0.0,fair,low,,"equity_pe_proxy,shiller_pe_proxy,real_yield_proxy,term_spread,equity_risk_proxy"
1986-02-01,eurozone,,,,,,,,,,,,,research_proxy_eurozone,0.0,fair,low,,"equity_pe_proxy,shiller_pe_proxy,real_yield_proxy,term_spread,equity_risk_proxy"
1986-03-01,eurozone,,,,,,,,,,,,,research_proxy_eurozone,0.0,fair,low,,"equity_pe_proxy,shiller_pe_proxy,real_yield_proxy,term_spread,equity_risk_proxy"
1986-04-01,eurozone,,,,,,,,,,,,,research_proxy_eurozone,0.0,fair,low,,"equity_pe_proxy,shiller_pe_proxy,real_yield_proxy,term_spread,equity_risk_proxy"
1986-05-01,eurozone,,,,,,,,,,,,,research_proxy_eurozone,0.0,fair,low,,"equity_pe_proxy,shiller_pe_proxy,real_yield_proxy,term_spread,equity_risk_proxy"
1986-06-01,eurozone,,,,,,,,,,,,,research_proxy_eurozone,0.0,fair,low,,"equity_pe_proxy,shiller_pe_proxy,real_yield_proxy,term_spread,equity_risk_proxy"
1986-07-01,eurozone,,,,,,,,,,,,,research_proxy_eurozone,0.0,fair,low,,"equity_pe_proxy,shiller_pe_proxy,real_yield_proxy,term_spread,equity_risk_proxy"
1986-08-01,eurozone,,,,,,,,,,,,,research_proxy_eurozone,0.0,fair,low,,"equity_pe_proxy,shiller_pe_proxy,real_yield_proxy,term_spread,equity_risk_proxy"
1986-09-01,eurozone,,,,,,,,,,,,,research_proxy_eurozone,0.0,fair,low,,"equity_pe_proxy,shiller_pe_proxy,real_yield_proxy,term_spread,equity_risk_proxy"
1986-10-01,eurozone,,,,,,,,,,,,,research_proxy_eurozone,0.0,fair,low,,"equity_pe_proxy,shiller_pe_proxy,real_yield_proxy,term_spread,equity_risk_proxy"
1986-11-01,eurozone,,,,,,,,,,,,,research_proxy_eurozone,0.0,fair,low,,"equity_pe_proxy,shiller_pe_proxy,real_yield_proxy,term_spread,equity_risk_proxy"
1986-12-01,eurozone,,,,,,,,,,,,,research_proxy_eurozone,0.0,fair,low,,"equity_pe_proxy,shiller_pe_proxy,real_yield_proxy,term_spread,equity_risk_proxy"
1987-01-01,eurozone,,,,,,,,,,,,,research_proxy_eurozone,0.0,fair,low,,"equity_pe_proxy,shiller_pe_proxy,real_yield_proxy,term_spread,equity_risk_proxy"
1987-02-01,eurozone,,,,,,,,,,,,,research_proxy_eurozone,0.0,fair,low,,"equity_pe_proxy,shiller_pe_proxy,real_yield_proxy,term_spread,equity_risk_proxy"
1987-03-01,eurozone,,,,,,,,,,,,,research_proxy_eurozone,0.0,fair,low,,"equity_pe_proxy,shiller_pe_proxy,real_yield_proxy,term_spread,equity_risk_proxy"
1987-04-01,eurozone,,,,,,,,,,,,,research_proxy_eurozone,0.0,fair,low,,"equity_pe_proxy,shiller_pe_proxy,real_yield_proxy,term_spread,equity_risk_proxy"
1987-05-01,eurozone,,,,,,,,,,,,,research_proxy_eurozone,0.0,fair,low,,"equity_pe_proxy,shiller_pe_proxy,real_yield_proxy,term_spread,equity_risk_proxy"
1987-06-01,eurozone,,,,,,,,,,,,,research_proxy_eurozone,0.0,fair,low,,"equity_pe_proxy,shiller_pe_proxy,real_yield_proxy,term_spread,equity_risk_proxy"
1987-07-01,eurozone,,,,,,,,,,,,,research_proxy_eurozone,0.0,fair,low,,"equity_pe_proxy,shiller_pe_proxy,real_yield_proxy,term_spread,equity_risk_proxy"
1987-08-01,eurozone,,,,,,,,,,,,,research_proxy_eurozone,0.0,fair,low,,"equity_pe_proxy,shiller_pe_proxy,real_yield_proxy,term_spread,equity_risk_proxy"
1987-09-01,eurozone,,,,,,,,,,,,,research_proxy_eurozone,0.0,fair,low,,"equity_pe_proxy,shiller_pe_proxy,real_yield_proxy,term_spread,equity_risk_proxy"
1987-10-01,eurozone,,,,,,,,,,,,,research_proxy_eurozone,0.0,fair,low,,"equity_pe_proxy,shiller_pe_proxy,real_yield_proxy,term_spread,equity_risk_proxy"
1987-11-01,eurozone,,,,,,,,,,,,,research_proxy_eurozone,0.0,fair,low,,"equity_pe_proxy,shiller_pe_proxy,real_yield_proxy,term_spread,equity_risk_proxy"
1987-12-01,eurozone,,,,,,,,,,,,,research_proxy_eurozone,0.0,fair,low,,"equity_pe_proxy,shiller_pe_proxy,real_yield_proxy,term_spread,equity_risk_proxy"
1988-01-01,eurozone,,,,,,,,,,,,,research_proxy_eurozone,0.0,fair,low,,"equity_pe_proxy,shiller_pe_proxy,real_yield_proxy,term_spread,equity_risk_proxy"
1988-02-01,eurozone,,,,,,,,,,,,,research_proxy_eurozone,0.0,fair,low,,"equity_pe_proxy,shiller_pe_proxy,real_yield_proxy,term_spread,equity_risk_proxy"
1988-03-01,eurozone,,,,,,,,,,,,,research_proxy_eurozone,0.0,fair,low,,"equity_pe_proxy,shiller_pe_proxy,real_yield_proxy,term_spread,equity_risk_proxy"
1988-04-01,eurozone,,,,,,,,,,,,,research_proxy_eurozone,0.0,fair,low,,"equity_pe_proxy,shiller_pe_proxy,real_yield_proxy,term_spread,equity_risk_proxy"
1988-05-01,eurozone,,,,,,,,,,,,,research_proxy_eurozone,0.0,fair,low,,"equity_pe_proxy,shiller_pe_proxy,real_yield_proxy,term_spread,equity_risk_proxy"
1988-06-01,eurozone,,,,,,,,,,,,,research_proxy_eurozone,0.0,fair,low,,"equity_pe_proxy,shiller_pe_proxy,real_yield_proxy,term_spread,equity_risk_proxy"
1988-07-01,eurozone,,,,,,,,,,,,,research_proxy_eurozone,0.0,fair,low,,"equity_pe_proxy,shiller_pe_proxy,real_yield_proxy,term_spread,equity_risk_proxy"
1988-08-01,eurozone,,,,,,,,,,,,,research_proxy_eurozone,0.0,fair,low,,"equity_pe_proxy,shiller_pe_proxy,real_yield_proxy,term_spread,equity_risk_proxy"
1988-09-01,eurozone,,,,,,,,,,,,,research_proxy_eurozone,0.0,fair,low,,"equity_pe_proxy,shiller_pe_proxy,real_yield_proxy,term_spread,equity_risk_proxy"
1988-10-01,eurozone,,,,,,,,,,,,,research_proxy_eurozone,0.0,fair,low,,"equity_pe_proxy,shiller_pe_proxy,real_yield_proxy,term_spread,equity_risk_proxy"
1988-11-01,eurozone,,,,,,,,,,,,,research_proxy_eurozone,0.0,fair,low,,"equity_pe_proxy,shiller_pe_proxy,real_yield_proxy,term_spread,equity_risk_proxy"
1988-12-01,eurozone,,,,,,,,,,,,,research_proxy_eurozone,0.0,fair,low,,"equity_pe_proxy,shiller_pe_proxy,real_yield_proxy,term_spread,equity_risk_proxy"
1989-01-01,eurozone,,,,,,,,,,,,,research_proxy_eurozone,0.0,fair,low,,"equity_pe_proxy,shiller_pe_proxy,real_yield_proxy,term_spread,equity_risk_proxy"
1989-02-01,eurozone,,,,,,,,,,,,,research_proxy_eurozone,0.0,fair,low,,"equity_pe_proxy,shiller_pe_proxy,real_yield_proxy,term_spread,equity_risk_proxy"
1989-03-01,eurozone,,,,,,,,,,,,,research_proxy_eurozone,0.0,fair,low,,"equity_pe_proxy,shiller_pe_proxy,real_yield_proxy,term_spread,equity_risk_proxy"
1989-04-01,eurozone,,,,,,,,,,,,,research_proxy_eurozone,0.0,fair,low,,"equity_pe_proxy,shiller_pe_proxy,real_yield_proxy,term_spread,equity_risk_proxy"
1989-05-01,eurozone,,,,,,,,,,,,,research_proxy_eurozone,0.0,fair,low,,"equity_pe_proxy,shiller_pe_proxy,real_yield_proxy,term_spread,equity_risk_proxy"
1989-06-01,eurozone,,,,,,,,,,,,,research_proxy_eurozone,0.0,fair,low,,"equity_pe_proxy,shiller_pe_proxy,real_yield_proxy,term_spread,equity_risk_proxy"
1989-07-01,eurozone,,,,,,,,,,,,,research_proxy_eurozone,0.0,fair,low,,"equity_pe_proxy,shiller_pe_proxy,real_yield_proxy,term_spread,equity_risk_proxy"
1989-08-01,eurozone,,,,,,,,,,,,,research_proxy_eurozone,0.0,fair,low,,"equity_pe_proxy,shiller_pe_proxy,real_yield_proxy,term_spread,equity_risk_proxy"
1989-09-01,eurozone,,,,,,,,,,,,,research_proxy_eurozone,0.0,fair,low,,"equity_pe_proxy,shiller_pe_proxy,real_yield_proxy,term_spread,equity_risk_proxy"
1989-10-01,eurozone,,,,,,,,,,,,,research_proxy_eurozone,0.0,fair,low,,"equity_pe_proxy,shiller_pe_proxy,real_yield_proxy,term_spread,equity_risk_proxy"
1989-11-01,eurozone,,,,,,,,,,,,,research_proxy_eurozone,0.0,fair,low,,"equity_pe_proxy,shiller_pe_proxy,real_yield_proxy,term_spread,equity_risk_proxy"
1989-12-01,eurozone,,,,,,,,,,,,,research_proxy_eurozone,0.0,fair,low,,"equity_pe_proxy,shiller_pe_proxy,real_yield_proxy,term_spread,equity_risk_proxy"
1990-01-01,eurozone,,,,,,,,,,,,,research_proxy_eurozone,0.0,fair,low,,"equity_pe_proxy,shiller_pe_proxy,real_yield_proxy,term_spread,equity_risk_proxy"
1990-02-01,eurozone,,,,,,,,,,,,,research_proxy_eurozone,0.0,fair,low,,"equity_pe_proxy,shiller_pe_proxy,real_yield_proxy,term_spread,equity_risk_proxy"
1990-03-01,eurozone,,,,,,,,,,,,,research_proxy_eurozone,0.0,fair,low,,"equity_pe_proxy,shiller_pe_proxy,real_yield_proxy,term_spread,equity_risk_proxy"
1990-04-01,eurozone,,,,,,,,,,,,,research_proxy_eurozone,0.0,fair,low,,"equity_pe_proxy,shiller_pe_proxy,real_yield_proxy,term_spread,equity_risk_proxy"
1990-05-01,eurozone,,,,,,,,,,,,,research_proxy_eurozone,0.0,fair,low,,"equity_pe_proxy,shiller_pe_proxy,real_yield_proxy,term_spread,equity_risk_proxy"
1990-06-01,eurozone,,,,,,,,,,,,,research_proxy_eurozone,0.0,fair,low,,"equity_pe_proxy,shiller_pe_proxy,real_yield_proxy,term_spread,equity_risk_proxy"
1990-07-01,eurozone,,,,,,,,,,,,,research_proxy_eurozone,0.0,fair,low,,"equity_pe_proxy,shiller_pe_proxy,real_yield_proxy,term_spread,equity_risk_proxy"
1990-08-01,eurozone,,,,,,,,,,,,,research_proxy_eurozone,0.0,fair,low,,"equity_pe_proxy,shiller_pe_proxy,real_yield_proxy,term_spread,equity_risk_proxy"
1990-09-01,eurozone,,,,,,,,,,,,,research_proxy_eurozone,0.0,fair,low,,"equity_pe_proxy,shiller_pe_proxy,real_yield_proxy,term_spread,equity_risk_proxy"
1990-10-01,eurozone,,,,,,,,,,,,,research_proxy_eurozone,0.0,fair,low,,"equity_pe_proxy,shiller_pe_proxy,real_yield_proxy,term_spread,equity_risk_proxy"
1990-11-01,eurozone,,,,,,,,,,,,,research_proxy_eurozone,0.0,fair,low,,"equity_pe_proxy,shiller_pe_proxy,real_yield_proxy,term_spread,equity_risk_proxy"
1990-12-01,eurozone,,,,,,,,,,,,,research_proxy_eurozone,0.0,fair,low,,"equity_pe_proxy,shiller_pe_proxy,real_yield_proxy,term_spread,equity_risk_proxy"
1991-01-01,eurozone,,,,,,,,,,,,,research_proxy_eurozone,0.0,fair,low,,"equity_pe_proxy,shiller_pe_proxy,real_yield_proxy,term_spread,equity_risk_proxy"
1991-02-01,eurozone,,,,,,,,,,,,,research_proxy_eurozone,0.0,fair,low,,"equity_pe_proxy,shiller_pe_proxy,real_yield_proxy,term_spread,equity_risk_proxy"
1991-03-01,eurozone,,,,,,,,,,,,,research_proxy_eurozone,0.0,fair,low,,"equity_pe_proxy,shiller_pe_proxy,real_yield_proxy,term_spread,equity_risk_proxy"
1991-04-01,eurozone,,,,,,,,,,,,,research_proxy_eurozone,0.0,fair,low,,"equity_pe_proxy,shiller_pe_proxy,real_yield_proxy,term_spread,equity_risk_proxy"
1991-05-01,eurozone,,,,,,,,,,,,,research_proxy_eurozone,0.0,fair,low,,"equity_pe_proxy,shiller_pe_proxy,real_yield_proxy,term_spread,equity_risk_proxy"
1991-06-01,eurozone,,,,,,,,,,,,,research_proxy_eurozone,0.0,fair,low,,"equity_pe_proxy,shiller_pe_proxy,real_yield_proxy,term_spread,equity_risk_proxy"
1991-07-01,eurozone,,,,,,,,,,,,,research_proxy_eurozone,0.0,fair,low,,"equity_pe_proxy,shiller_pe_proxy,real_yield_proxy,term_spread,equity_risk_proxy"
1991-08-01,eurozone,,,,,,,,,,,,,research_proxy_eurozone,0.0,fair,low,,"equity_pe_proxy,shiller_pe_proxy,real_yield_proxy,term_spread,equity_risk_proxy"
1991-09-01,eurozone,,,,,,,,,,,,,research_proxy_eurozone,0.0,fair,low,,"equity_pe_proxy,shiller_pe_proxy,real_yield_proxy,term_spread,equity_risk_proxy"
1991-10-01,eurozone,,,,,,,,,,,,,research_proxy_eurozone,0.0,fair,low,,"equity_pe_proxy,shiller_pe_proxy,real_yield_proxy,term_spread,equity_risk_proxy"
1991-11-01,eurozone,,,,,,,,,,,,,research_proxy_eurozone,0.0,fair,low,,"equity_pe_proxy,shiller_pe_proxy,real_yield_proxy,term_spread,equity_risk_proxy"
1991-12-01,eurozone,,,,,,,,,,,,,research_proxy_eurozone,0.0,fair,low,,"equity_pe_proxy,shiller_pe_proxy,real_yield_proxy,term_spread,equity_risk_proxy"
1992-01-01,eurozone,,,,,,,,,,,,,research_proxy_eurozone,0.0,fair,low,,"equity_pe_proxy,shiller_pe_proxy,real_yield_proxy,term_spread,equity_risk_proxy"
1992-02-01,eurozone,,,,,,,,,,,,,research_proxy_eurozone,0.0,fair,low,,"equity_pe_proxy,shiller_pe_proxy,real_yield_proxy,term_spread,equity_risk_proxy"
1992-03-01,eurozone,,,,,,,,,,,,,research_proxy_eurozone,0.0,fair,low,,"equity_pe_proxy,shiller_pe_proxy,real_yield_proxy,term_spread,equity_risk_proxy"
1992-04-01,eurozone,,,,,,,,,,,,,research_proxy_eurozone,0.0,fair,low,,"equity_pe_proxy,shiller_pe_proxy,real_yield_proxy,term_spread,equity_risk_proxy"
1992-05-01,eurozone,,,,,,,,,,,,,research_proxy_eurozone,0.0,fair,low,,"equity_pe_proxy,shiller_pe_proxy,real_yield_proxy,term_spread,equity_risk_proxy"
1992-06-01,eurozone,,,,,,,,,,,,,research_proxy_eurozone,0.0,fair,low,,"equity_pe_proxy,shiller_pe_proxy,real_yield_proxy,term_spread,equity_risk_proxy"
1992-07-01,eurozone,,,,,,,,,,,,,research_proxy_eurozone,0.0,fair,low,,"equity_pe_proxy,shiller_pe_proxy,real_yield_proxy,term_spread,equity_risk_proxy"
1992-08-01,eurozone,,,,,,,,,,,,,research_proxy_eurozone,0.0,fair,low,,"equity_pe_proxy,shiller_pe_proxy,real_yield_proxy,term_spread,equity_risk_proxy"
1992-09-01,eurozone,,,,,,,,,,,,,research_proxy_eurozone,0.0,fair,low,,"equity_pe_proxy,shiller_pe_proxy,real_yield_proxy,term_spread,equity_risk_proxy"
1992-10-01,eurozone,,,,,,,,,,,,,research_proxy_eurozone,0.0,fair,low,,"equity_pe_proxy,shiller_pe_proxy,real_yield_proxy,term_spread,equity_risk_proxy"
1992-11-01,eurozone,,,,,,,,,,,,,research_proxy_eurozone,0.0,fair,low,,"equity_pe_proxy,shiller_pe_proxy,real_yield_proxy,term_spread,equity_risk_proxy"
1992-12-01,eurozone,,,,,,,,,,,,,research_proxy_eurozone,0.0,fair,low,,"equity_pe_proxy,shiller_pe_proxy,real_yield_proxy,term_spread,equity_risk_proxy"
1993-01-01,eurozone,,,,,,,,,,,,,research_proxy_eurozone,0.0,fair,low,,"equity_pe_proxy,shiller_pe_proxy,real_yield_proxy,term_spread,equity_risk_proxy"
1993-02-01,eurozone,,,,,,,,,,,,,research_proxy_eurozone,0.0,fair,low,,"equity_pe_proxy,shiller_pe_proxy,real_yield_proxy,term_spread,equity_risk_proxy"
1993-03-01,eurozone,,,,,,,,,,,,,research_proxy_eurozone,0.0,fair,low,,"equity_pe_proxy,shiller_pe_proxy,real_yield_proxy,term_spread,equity_risk_proxy"
1993-04-01,eurozone,,,,,,,,,,,,,research_proxy_eurozone,0.0,fair,low,,"equity_pe_proxy,shiller_pe_proxy,real_yield_proxy,term_spread,equity_risk_proxy"
1993-05-01,eurozone,,,,,,,,,,,,,research_proxy_eurozone,0.0,fair,low,,"equity_pe_proxy,shiller_pe_proxy,real_yield_proxy,term_spread,equity_risk_proxy"
1993-06-01,eurozone,,,,,,,,,,,,,research_proxy_eurozone,0.0,fair,low,,"equity_pe_proxy,shiller_pe_proxy,real_yield_proxy,term_spread,equity_risk_proxy"
1993-07-01,eurozone,,,,,,,,,,,,,research_proxy_eurozone,0.0,fair,low,,"equity_pe_proxy,shiller_pe_proxy,real_yield_proxy,term_spread,equity_risk_proxy"
1993-08-01,eurozone,,,,,,,,,,,,,research_proxy_eurozone,0.0,fair,low,,"equity_pe_proxy,shiller_pe_proxy,real_yield_proxy,term_spread,equity_risk_proxy"
1993-09-01,eurozone,,,,,,,,,,,,,research_proxy_eurozone,0.0,fair,low,,"equity_pe_proxy,shiller_pe_proxy,real_yield_proxy,term_spread,equity_risk_proxy"
1993-10-01,eurozone,,,,,,,,,,,,,research_proxy_eurozone,0.0,fair,low,,"equity_pe_proxy,shiller_pe_proxy,real_yield_proxy,term_spread,equity_risk_proxy"
1993-11-01,eurozone,,,,,,,,,,,,,research_proxy_eurozone,0.0,fair,low,,"equity_pe_proxy,shiller_pe_proxy,real_yield_proxy,term_spread,equity_risk_proxy"
1993-12-01,eurozone,,,,,,,,,,,,,research_proxy_eurozone,0.0,fair,low,,"equity_pe_proxy,shiller_pe_proxy,real_yield_proxy,term_spread,equity_risk_proxy"
1994-01-01,eurozone,,,,,,,,,,,,,research_proxy_eurozone,0.0,fair,low,,"equity_pe_proxy,shiller_pe_proxy,real_yield_proxy,term_spread,equity_risk_proxy"
1994-02-01,eurozone,,,,,,,,,,,,,research_proxy_eurozone,0.0,fair,low,,"equity_pe_proxy,shiller_pe_proxy,real_yield_proxy,term_spread,equity_risk_proxy"
1994-03-01,eurozone,,,,,,,,,,,,,research_proxy_eurozone,0.0,fair,low,,"equity_pe_proxy,shiller_pe_proxy,real_yield_proxy,term_spread,equity_risk_proxy"
1994-04-01,eurozone,,,,,,,,,,,,,research_proxy_eurozone,0.0,fair,low,,"equity_pe_proxy,shiller_pe_proxy,real_yield_proxy,term_spread,equity_risk_proxy"
1994-05-01,eurozone,,,,,,,,,,,,,research_proxy_eurozone,0.0,fair,low,,"equity_pe_proxy,shiller_pe_proxy,real_yield_proxy,term_spread,equity_risk_proxy"
1994-06-01,eurozone,,,,,,,,,,,,,research_proxy_eurozone,0.0,fair,low,,"equity_pe_proxy,shiller_pe_proxy,real_yield_proxy,term_spread,equity_risk_proxy"
1994-07-01,eurozone,,,,,,,,,,,,,research_proxy_eurozone,0.0,fair,low,,"equity_pe_proxy,shiller_pe_proxy,real_yield_proxy,term_spread,equity_risk_proxy"
1994-08-01,eurozone,,,,,,,,,,,,,research_proxy_eurozone,0.0,fair,low,,"equity_pe_proxy,shiller_pe_proxy,real_yield_proxy,term_spread,equity_risk_proxy"
1994-09-01,eurozone,,,,,,,,,,,,,research_proxy_eurozone,0.0,fair,low,,"equity_pe_proxy,shiller_pe_proxy,real_yield_proxy,term_spread,equity_risk_proxy"
1994-10-01,eurozone,,,,,,,,,,,,,research_proxy_eurozone,0.0,fair,low,,"equity_pe_proxy,shiller_pe_proxy,real_yield_proxy,term_spread,equity_risk_proxy"
1994-11-01,eurozone,,,,,,,,,,,,,research_proxy_eurozone,0.0,fair,low,,"equity_pe_proxy,shiller_pe_proxy,real_yield_proxy,term_spread,equity_risk_proxy"
1994-12-01,eurozone,,,,,,,,,,,,,research_proxy_eurozone,0.0,fair,low,,"equity_pe_proxy,shiller_pe_proxy,real_yield_proxy,term_spread,equity_risk_proxy"
1995-01-01,eurozone,,,,,,,,,,,,,research_proxy_eurozone,0.0,fair,low,,"equity_pe_proxy,shiller_pe_proxy,real_yield_proxy,term_spread,equity_risk_proxy"
1995-02-01,eurozone,,,,,,,,,,,,,research_proxy_eurozone,0.0,fair,low,,"equity_pe_proxy,shiller_pe_proxy,real_yield_proxy,term_spread,equity_risk_proxy"
1995-03-01,eurozone,,,,,,,,,,,,,research_proxy_eurozone,0.0,fair,low,,"equity_pe_proxy,shiller_pe_proxy,real_yield_proxy,term_spread,equity_risk_proxy"
1995-04-01,eurozone,,,,,,,,,,,,,research_proxy_eurozone,0.0,fair,low,,"equity_pe_proxy,shiller_pe_proxy,real_yield_proxy,term_spread,equity_risk_proxy"
1995-05-01,eurozone,,,,,,,,,,,,,research_proxy_eurozone,0.0,fair,low,,"equity_pe_proxy,shiller_pe_proxy,real_yield_proxy,term_spread,equity_risk_proxy"
1995-06-01,eurozone,,,,,,,,,,,,,research_proxy_eurozone,0.0,fair,low,,"equity_pe_proxy,shiller_pe_proxy,real_yield_proxy,term_spread,equity_risk_proxy"
1995-07-01,eurozone,,,,,,,,,,,,,research_proxy_eurozone,0.0,fair,low,,"equity_pe_proxy,shiller_pe_proxy,real_yield_proxy,term_spread,equity_risk_proxy"
1995-08-01,eurozone,,,,,,,,,,,,,research_proxy_eurozone,0.0,fair,low,,"equity_pe_proxy,shiller_pe_proxy,real_yield_proxy,term_spread,equity_risk_proxy"
1995-09-01,eurozone,,,,,,,,,,,,,research_proxy_eurozone,0.0,fair,low,,"equity_pe_proxy,shiller_pe_proxy,real_yield_proxy,term_spread,equity_risk_proxy"
1995-10-01,eurozone,,,,,,,,,,,,,research_proxy_eurozone,0.0,fair,low,,"equity_pe_proxy,shiller_pe_proxy,real_yield_proxy,term_spread,equity_risk_proxy"
1995-11-01,eurozone,,,,,,,,,,,,,research_proxy_eurozone,0.0,fair,low,,"equity_pe_proxy,shiller_pe_proxy,real_yield_proxy,term_spread,equity_risk_proxy"
1995-12-01,eurozone,,,,,,,,,,,,,research_proxy_eurozone,0.0,fair,low,,"equity_pe_proxy,shiller_pe_proxy,real_yield_proxy,term_spread,equity_risk_proxy"
1996-01-01,eurozone,,,,,,,,,,,,,research_proxy_eurozone,0.0,fair,low,,"equity_pe_proxy,shiller_pe_proxy,real_yield_proxy,term_spread,equity_risk_proxy"
1996-02-01,eurozone,,,,,,,,,,,,,research_proxy_eurozone,0.0,fair,low,,"equity_pe_proxy,shiller_pe_proxy,real_yield_proxy,term_spread,equity_risk_proxy"
1996-03-01,eurozone,,,,,,,,,,,,,research_proxy_eurozone,0.0,fair,low,,"equity_pe_proxy,shiller_pe_proxy,real_yield_proxy,term_spread,equity_risk_proxy"
1996-04-01,eurozone,,,,,,,,,,,,,research_proxy_eurozone,0.0,fair,low,,"equity_pe_proxy,shiller_pe_proxy,real_yield_proxy,term_spread,equity_risk_proxy"
1996-05-01,eurozone,,,,,,,,,,,,,research_proxy_eurozone,0.0,fair,low,,"equity_pe_proxy,shiller_pe_proxy,real_yield_proxy,term_spread,equity_risk_proxy"
1996-06-01,eurozone,,,,,,,,,,,,,research_proxy_eurozone,0.0,fair,low,,"equity_pe_proxy,shiller_pe_proxy,real_yield_proxy,term_spread,equity_risk_proxy"
1996-07-01,eurozone,,,,,,,,,,,,,research_proxy_eurozone,0.0,fair,low,,"equity_pe_proxy,shiller_pe_proxy,real_yield_proxy,term_spread,equity_risk_proxy"
1996-08-01,eurozone,,,,,,,,,,,,,research_proxy_eurozone,0.0,fair,low,,"equity_pe_proxy,shiller_pe_proxy,real_yield_proxy,term_spread,equity_risk_proxy"
1996-09-01,eurozone,,,,,,,,,,,,,research_proxy_eurozone,0.0,fair,low,,"equity_pe_proxy,shiller_pe_proxy,real_yield_proxy,term_spread,equity_risk_proxy"
1996-10-01,eurozone,,,,,,,,,,,,,research_proxy_eurozone,0.0,fair,low,,"equity_pe_proxy,shiller_pe_proxy,real_yield_proxy,term_spread,equity_risk_proxy"
1996-11-01,eurozone,,,,,,,,,,,,,research_proxy_eurozone,0.0,fair,low,,"equity_pe_proxy,shiller_pe_proxy,real_yield_proxy,term_spread,equity_risk_proxy"
1996-12-01,eurozone,,,,,,,,,,,,,research_proxy_eurozone,0.0,fair,low,,"equity_pe_proxy,shiller_pe_proxy,real_yield_proxy,term_spread,equity_risk_proxy"
1997-01-01,eurozone,,,,,,,,,,,,,research_proxy_eurozone,0.0,fair,low,,"equity_pe_proxy,shiller_pe_proxy,real_yield_proxy,term_spread,equity_risk_proxy"
1997-02-01,eurozone,,,,,,,,,,,,,research_proxy_eurozone,0.0,fair,low,,"equity_pe_proxy,shiller_pe_proxy,real_yield_proxy,term_spread,equity_risk_proxy"
1997-03-01,eurozone,,,,,,,,,,,,,research_proxy_eurozone,0.0,fair,low,,"equity_pe_proxy,shiller_pe_proxy,real_yield_proxy,term_spread,equity_risk_proxy"
1997-04-01,eurozone,,,,,,,,,,,,,research_proxy_eurozone,0.0,fair,low,,"equity_pe_proxy,shiller_pe_proxy,real_yield_proxy,term_spread,equity_risk_proxy"
1997-05-01,eurozone,,,,,,,,,,,,,research_proxy_eurozone,0.0,fair,low,,"equity_pe_proxy,shiller_pe_proxy,real_yield_proxy,term_spread,equity_risk_proxy"
1997-06-01,eurozone,,,,,,,,,,,,,research_proxy_eurozone,0.0,fair,low,,"equity_pe_proxy,shiller_pe_proxy,real_yield_proxy,term_spread,equity_risk_proxy"
1997-07-01,eurozone,,,,,,,,,,,,,research_proxy_eurozone,0.0,fair,low,,"equity_pe_proxy,shiller_pe_proxy,real_yield_proxy,term_spread,equity_risk_proxy"
1997-08-01,eurozone,,,,,,,,,,,,,research_proxy_eurozone,0.0,fair,low,,"equity_pe_proxy,shiller_pe_proxy,real_yield_proxy,term_spread,equity_risk_proxy"
1997-09-01,eurozone,,,,,,,,,,,,,research_proxy_eurozone,0.0,fair,low,,"equity_pe_proxy,shiller_pe_proxy,real_yield_proxy,term_spread,equity_risk_proxy"
1997-10-01,eurozone,,,,,,,,,,,,,research_proxy_eurozone,0.0,fair,low,,"equity_pe_proxy,shiller_pe_proxy,real_yield_proxy,term_spread,equity_risk_proxy"
1997-11-01,eurozone,,,,,,,,,,,,,research_proxy_eurozone,0.0,fair,low,,"equity_pe_proxy,shiller_pe_proxy,real_yield_proxy,term_spread,equity_risk_proxy"
1997-12-01,eurozone,,,,,,,,,,,,,research_proxy_eurozone,0.0,fair,low,,"equity_pe_proxy,shiller_pe_proxy,real_yield_proxy,term_spread,equity_risk_proxy"
1998-01-01,eurozone,,,,,,,,,,,,,research_proxy_eurozone,0.0,fair,low,,"equity_pe_proxy,shiller_pe_proxy,real_yield_proxy,term_spread,equity_risk_proxy"
1998-02-01,eurozone,,,,,,,,,,,,,research_proxy_eurozone,0.0,fair,low,,"equity_pe_proxy,shiller_pe_proxy,real_yield_proxy,term_spread,equity_risk_proxy"
1998-03-01,eurozone,,,,,,,,,,,,,research_proxy_eurozone,0.0,fair,low,,"equity_pe_proxy,shiller_pe_proxy,real_yield_proxy,term_spread,equity_risk_proxy"
1998-04-01,eurozone,,,,,,,,,,,,,research_proxy_eurozone,0.0,fair,low,,"equity_pe_proxy,shiller_pe_proxy,real_yield_proxy,term_spread,equity_risk_proxy"
1998-05-01,eurozone,,,,,,,,,,,,,research_proxy_eurozone,0.0,fair,low,,"equity_pe_proxy,shiller_pe_proxy,real_yield_proxy,term_spread,equity_risk_proxy"
1998-06-01,eurozone,,,,,,,,,,,,,research_proxy_eurozone,0.0,fair,low,,"equity_pe_proxy,shiller_pe_proxy,real_yield_proxy,term_spread,equity_risk_proxy"
1998-07-01,eurozone,,,,,,,,,,,,,research_proxy_eurozone,0.0,fair,low,,"equity_pe_proxy,shiller_pe_proxy,real_yield_proxy,term_spread,equity_risk_proxy"
1998-08-01,eurozone,,,,,,,,,,,,,research_proxy_eurozone,0.0,fair,low,,"equity_pe_proxy,shiller_pe_proxy,real_yield_proxy,term_spread,equity_risk_proxy"
1998-09-01,eurozone,,,,,,,,,,,,,research_proxy_eurozone,0.0,fair,low,,"equity_pe_proxy,shiller_pe_proxy,real_yield_proxy,term_spread,equity_risk_proxy"
1998-10-01,eurozone,,,,,,,,,,,,,research_proxy_eurozone,0.0,fair,low,,"equity_pe_proxy,shiller_pe_proxy,real_yield_proxy,term_spread,equity_risk_proxy"
1998-11-01,eurozone,,,,,,,,,,,,,research_proxy_eurozone,0.0,fair,low,,"equity_pe_proxy,shiller_pe_proxy,real_yield_proxy,term_spread,equity_risk_proxy"
1998-12-01,eurozone,,,,,,,,,,,,,research_proxy_eurozone,0.0,fair,low,,"equity_pe_proxy,shiller_pe_proxy,real_yield_proxy,term_spread,equity_risk_proxy"
1999-01-01,eurozone,,,1.8219986190476192,,,,,,,,,,research_proxy_eurozone,-0.017370945849498342,fair,low,term_spread,"equity_pe_proxy,shiller_pe_proxy,real_yield_proxy,equity_risk_proxy"
1999-02-01,eurozone,,,1.9742402000000001,,,,,,,,,,research_proxy_eurozone,0.00455814858248693,fair,low,term_spread,"equity_pe_proxy,shiller_pe_proxy,real_yield_proxy,equity_risk_proxy"
1999-03-01,eurozone,,,2.1809844347826095,,,,,,,,,,research_proxy_eurozone,0.034337882998372024,fair,low,term_spread,"equity_pe_proxy,shiller_pe_proxy,real_yield_proxy,equity_risk_proxy"
1999-04-01,eurozone,,,2.540693227272727,,,,,,,,,,research_proxy_eurozone,0.0861508504490875,fair,low,term_spread,"equity_pe_proxy,shiller_pe_proxy,real_yield_proxy,equity_risk_proxy"
1999-05-01,eurozone,,,2.704853142857142,,,,,,,,,,research_proxy_eurozone,0.10979667879819904,fair,low,term_spread,"equity_pe_proxy,shiller_pe_proxy,real_yield_proxy,equity_risk_proxy"
1999-06-01,eurozone,,,3.0266515000000007,,,,,,,,,,research_proxy_eurozone,0.15614897307745199,fair,low,term_spread,"equity_pe_proxy,shiller_pe_proxy,real_yield_proxy,equity_risk_proxy"
1999-07-01,eurozone,,,3.3561608636363633,,,,,,,,,,research_proxy_eurozone,0.2036119717286898,fair,low,term_spread,"equity_pe_proxy,shiller_pe_proxy,real_yield_proxy,equity_risk_proxy"
1999-08-01,eurozone,,,3.560572863636364,,,,,,,,,,research_proxy_eurozone,0.23305576772048964,fair,low,term_spread,"equity_pe_proxy,shiller_pe_proxy,real_yield_proxy,equity_risk_proxy"
1999-09-01,eurozone,,,3.7353354545454556,,,,,,,,,,research_proxy_eurozone,0.25822882054383495,fair,low,term_spread,"equity_pe_proxy,shiller_pe_proxy,real_yield_proxy,equity_risk_proxy"
1999-10-01,eurozone,,,3.97163580952381,,,,,,,,,,research_proxy_eurozone,0.29226586066267596,fair,low,term_spread,"equity_pe_proxy,shiller_pe_proxy,real_yield_proxy,equity_risk_proxy"
1999-11-01,eurozone,,,3.184206818181818,,,,,,,,,,research_proxy_eurozone,0.17884346579788193,fair,low,term_spread,"equity_pe_proxy,shiller_pe_proxy,real_yield_proxy,equity_risk_proxy"
1999-12-01,eurozone,,,3.3043565217391304,,,,,,,,,,research_proxy_eurozone,0.19615000044367928,fair,low,term_spread,"equity_pe_proxy,shiller_pe_proxy,real_yield_proxy,equity_risk_proxy"
2000-01-01,eurozone,,,3.6985392380952398,,,,,,,,,,research_proxy_eurozone,0.2529286410512892,fair,low,term_spread,"equity_pe_proxy,shiller_pe_proxy,real_yield_proxy,equity_risk_proxy"
2000-02-01,eurozone,,,3.4135993809523812,,,,,,,,,,research_proxy_eurozone,0.21188549767591547,fair,low,term_spread,"equity_pe_proxy,shiller_pe_proxy,real_yield_proxy,equity_risk_proxy"
2000-03-01,eurozone,,,2.990628782608696,,,,,,,,,,research_proxy_eurozone,0.15096020949243824,fair,low,term_spread,"equity_pe_proxy,shiller_pe_proxy,real_yield_proxy,equity_risk_proxy"
2000-04-01,eurozone,,,2.6637985000000004,,,,,,,,,,research_proxy_eurozone,0.10388310949306101,fair,low,term_spread,"equity_pe_proxy,shiller_pe_proxy,real_yield_proxy,equity_risk_proxy"
2000-05-01,eurozone,,,2.765497478260869,,,,,,,,,,research_proxy_eurozone,0.11853197535459309,fair,low,term_spread,"equity_pe_proxy,shiller_pe_proxy,real_yield_proxy,equity_risk_proxy"
2000-06-01,eurozone,,,2.0953751363636366,,,,,,,,,,research_proxy_eurozone,0.022006597566746954,fair,low,term_spread,"equity_pe_proxy,shiller_pe_proxy,real_yield_proxy,equity_risk_proxy"
2000-07-01,eurozone,,,2.203735523809523,,,,,,,,,,research_proxy_eurozone,0.037614982307119606,fair,low,term_spread,"equity_pe_proxy,shiller_pe_proxy,real_yield_proxy,equity_risk_proxy"
2000-08-01,eurozone,,,2.1481782173913038,,,,,,,,,,research_proxy_eurozone,0.02961242866040635,fair,low,term_spread,"equity_pe_proxy,shiller_pe_proxy,real_yield_proxy,equity_risk_proxy"
2000-09-01,eurozone,,,1.9671846666666672,,,,,,,,,,research_proxy_eurozone,0.0035418594992628737,fair,low,term_spread,"equity_pe_proxy,shiller_pe_proxy,real_yield_proxy,equity_risk_proxy"
2000-10-01,eurozone,,,1.6662589999999993,,,,,,,,,,research_proxy_eurozone,-0.03980390267727134,fair,low,term_spread,"equity_pe_proxy,shiller_pe_proxy,real_yield_proxy,equity_risk_proxy"
2000-11-01,eurozone,,,1.585701409090908,,,,,,,,,,research_proxy_eurozone,-0.05140753295493676,fair,low,term_spread,"equity_pe_proxy,shiller_pe_proxy,real_yield_proxy,equity_risk_proxy"
2000-12-01,eurozone,,,1.318026476190476,,,,,,,,,,research_proxy_eurozone,-0.08996381202093588,fair,low,term_spread,"equity_pe_proxy,shiller_pe_proxy,real_yield_proxy,equity_risk_proxy"
2001-01-01,eurozone,,,1.2582062173913036,,,,,,,,,,research_proxy_eurozone,-0.09858040740799484,fair,low,term_spread,"equity_pe_proxy,shiller_pe_proxy,real_yield_proxy,equity_risk_proxy"
2001-02-01,eurozone,,,1.2710686000000004,,,,,,,,,,research_proxy_eurozone,-0.09672769147400397,fair,low,term_spread,"equity_pe_proxy,shiller_pe_proxy,real_yield_proxy,equity_risk_proxy"
2001-03-01,eurozone,,,1.1881224090909095,,,,,,,,,,research_proxy_eurozone,-0.10867537910205004,fair,low,term_spread,"equity_pe_proxy,shiller_pe_proxy,real_yield_proxy,equity_risk_proxy"
2001-04-01,eurozone,,,1.3513778571428583,,,,,,,,,,research_proxy_eurozone,-0.08515983154617539,fair,low,term_spread,"equity_pe_proxy,shiller_pe_proxy,real_yield_proxy,equity_risk_proxy"
2001-05-01,eurozone,,,1.7625182173913032,,,,,,,,,,research_proxy_eurozone,-0.02593858772903025,fair,low,term_spread,"equity_pe_proxy,shiller_pe_proxy,real_yield_proxy,equity_risk_proxy"
2001-06-01,eurozone,,,1.7082877142857145,,,,,,,,,,research_proxy_eurozone,-0.033750026734439026,fair,low,term_spread,"equity_pe_proxy,shiller_pe_proxy,real_yield_proxy,equity_risk_proxy"
2001-07-01,eurozone,,,1.7500248636363631,,,,,,,,,,research_proxy_eurozone,-0.02773814822065423,fair,low,term_spread,"equity_pe_proxy,shiller_pe_proxy,real_yield_proxy,equity_risk_proxy"
2001-08-01,eurozone,,,1.8082136086956524,,,,,,,,,,research_proxy_eurozone,-0.019356558399388553,fair,low,term_spread,"equity_pe_proxy,shiller_pe_proxy,real_yield_proxy,equity_risk_proxy"
2001-09-01,eurozone,,,2.2874285000000008,,,,,,,,,,research_proxy_eurozone,0.04967023795208657,fair,low,term_spread,"equity_pe_proxy,shiller_pe_proxy,real_yield_proxy,equity_risk_proxy"
2001-10-01,eurozone,,,2.0668694347826086,,,,,,,,,,research_proxy_eurozone,0.01790059565905606,fair,low,term_spread,"equity_pe_proxy,shiller_pe_proxy,real_yield_proxy,equity_risk_proxy"
2001-11-01,eurozone,,,2.4166605,,,,,,,,,,research_proxy_eurozone,0.06828499952974464,fair,low,term_spread,"equity_pe_proxy,shiller_pe_proxy,real_yield_proxy,equity_risk_proxy"
2001-12-01,eurozone,,24.189536659340657,2.708767428571427,,,,,,,,,24.189536659340657,research_proxy_eurozone,0.1103604980946446,fair,low,"real_yield_proxy,term_spread","equity_pe_proxy,shiller_pe_proxy,equity_risk_proxy"
2002-01-01,eurozone,,-18.78663602691512,2.772887782608694,,,,,,,,,-18.78663602691512,research_proxy_eurozone,0.1195964853321613,fair,low,"real_yield_proxy,term_spread","equity_pe_proxy,shiller_pe_proxy,equity_risk_proxy"
2002-02-01,eurozone,,-13.981504047619048,2.816114999999999,,,,,,,,,-13.981504047619048,research_proxy_eurozone,0.12582299537150712,fair,low,"real_yield_proxy,term_spread","equity_pe_proxy,shiller_pe_proxy,equity_risk_proxy"
2002-03-01,eurozone,,-3.379191126294013,3.0664610476190477,,,,,,,,,-3.379191126294013,research_proxy_eurozone,0.16188319708886548,fair,low,"real_yield_proxy,term_spread","equity_pe_proxy,shiller_pe_proxy,equity_risk_proxy"
2002-04-01,eurozone,,19.582956740259732,3.0472424545454544,,,,,,,,,19.582956740259732,research_proxy_eurozone,0.15911492353492399,fair,low,"real_yield_proxy,term_spread","equity_pe_proxy,shiller_pe_proxy,equity_risk_proxy"
2002-05-01,eurozone,,37.56120782047685,3.0531433043478255,,,,,,,,,37.56120782047685,research_proxy_eurozone,0.15996489035565498,fair,low,"real_yield_proxy,term_spread","equity_pe_proxy,shiller_pe_proxy,equity_risk_proxy"
2002-06-01,eurozone,,39.64762617068966,2.914867550000001,,,,,,,,,39.64762617068966,research_proxy_eurozone,0.1400474535044449,fair,low,"real_yield_proxy,term_spread","equity_pe_proxy,shiller_pe_proxy,equity_risk_proxy"
2002-07-01,eurozone,,28.104330685618734,2.7774076086956523,,,,,,,,,28.104330685618734,research_proxy_eurozone,0.12024752752744734,fair,low,"real_yield_proxy,term_spread","equity_pe_proxy,shiller_pe_proxy,equity_risk_proxy"
2002-08-01,eurozone,,13.064387878787871,2.481054545454546,,,,,,,,,13.064387878787871,research_proxy_eurozone,0.07756040966931733,fair,low,"real_yield_proxy,term_spread","equity_pe_proxy,shiller_pe_proxy,equity_risk_proxy"
2002-09-01,eurozone,,13.218942412008277,2.273290238095239,,,,,,,,,13.218942412008277,research_proxy_eurozone,0.04763374254475998,fair,low,"real_yield_proxy,term_spread","equity_pe_proxy,shiller_pe_proxy,equity_risk_proxy"
2002-10-01,eurozone,,4.623465260869565,2.3734652608695654,,,,,,,,,4.623465260869565,research_proxy_eurozone,0.06206309568469876,fair,low,"real_yield_proxy,term_spread","equity_pe_proxy,shiller_pe_proxy,equity_risk_proxy"
2002-11-01,eurozone,,-10.407632190476182,2.342367809523809,,,,,,,,,-10.407632190476182,research_proxy_eurozone,0.05758377444480401,fair,low,"real_yield_proxy,term_spread","equity_pe_proxy,shiller_pe_proxy,equity_risk_proxy"
2002-12-01,eurozone,,-5.117313478354966,2.6564960454545457,,,,,,,,,-5.117313478354966,research_proxy_eurozone,0.10283125352630876,fair,low,"real_yield_proxy,term_spread","equity_pe_proxy,shiller_pe_proxy,equity_risk_proxy"
2003-01-01,eurozone,,19.65493960200669,2.5203242173913045,,,,,,,,,19.65493960200669,research_proxy_eurozone,0.08321686921753772,fair,low,"real_yield_proxy,term_spread","equity_pe_proxy,shiller_pe_proxy,equity_risk_proxy"
2003-02-01,eurozone,,8.060791050000006,2.3107910500000006,,,,,,,,,8.060791050000006,research_proxy_eurozone,0.05303541297140157,fair,low,"real_yield_proxy,term_spread","equity_pe_proxy,shiller_pe_proxy,equity_risk_proxy"
2003-03-01,eurozone,,8.127164142857147,2.6271641428571426,,,,,,,,,8.127164142857147,research_proxy_eurozone,0.09860624444597456,fair,low,"real_yield_proxy,term_spread","equity_pe_proxy,shiller_pe_proxy,equity_risk_proxy"
2003-04-01,eurozone,,16.728863636363627,2.728863636363636,,,,,,,,,16.728863636363627,research_proxy_eurozone,0.11325518452422123,fair,low,"real_yield_proxy,term_spread","equity_pe_proxy,shiller_pe_proxy,equity_risk_proxy"
2003-05-01,eurozone,,13.442518023809535,2.4187085000000006,,,,,,,,,13.442518023809535,research_proxy_eurozone,0.06857999637039601,fair,low,"real_yield_proxy,term_spread","equity_pe_proxy,shiller_pe_proxy,equity_risk_proxy"
2003-06-01,eurozone,,-1.5398480375939787,2.7233098571428576,,,,,,,,,-1.5398480375939787,research_proxy_eurozone,0.11245521024501992,fair,low,"real_yield_proxy,term_spread","equity_pe_proxy,shiller_pe_proxy,equity_risk_proxy"
2003-07-01,eurozone,,4.062623782608696,3.0626237826086964,,,,,,,,,4.062623782608696,research_proxy_eurozone,0.16133047196445374,fair,low,"real_yield_proxy,term_spread","equity_pe_proxy,shiller_pe_proxy,equity_risk_proxy"
2003-08-01,eurozone,,8.750150593073599,3.2046960476190476,,,,,,,,,8.750150593073599,research_proxy_eurozone,0.18179476362569524,fair,low,"real_yield_proxy,term_spread","equity_pe_proxy,shiller_pe_proxy,equity_risk_proxy"
2003-09-01,eurozone,,-0.5300533982684019,3.2318513636363653,,,,,,,,,-0.5300533982684019,research_proxy_eurozone,0.18570625407100547,fair,low,"real_yield_proxy,term_spread","equity_pe_proxy,shiller_pe_proxy,equity_risk_proxy"
2003-10-01,eurozone,,13.003720478260865,3.3080683043478274,,,,,,,,,13.003720478260865,research_proxy_eurozone,0.1966846509040064,fair,low,"real_yield_proxy,term_spread","equity_pe_proxy,shiller_pe_proxy,equity_risk_proxy"
2003-11-01,eurozone,,8.785662986956506,3.4378368999999998,,,,,,,,,8.785662986956506,research_proxy_eurozone,0.21537670448464216,fair,low,"real_yield_proxy,term_spread","equity_pe_proxy,shiller_pe_proxy,equity_risk_proxy"
2003-12-01,eurozone,,17.399483043478252,3.3560047826086956,,,,,,,,,17.399483043478252,research_proxy_eurozone,0.20358948959487752,fair,low,"real_yield_proxy,term_spread","equity_pe_proxy,shiller_pe_proxy,equity_risk_proxy"
2004-01-01,eurozone,,22.438521500000007,3.2567033181818186,,,,,,,,,22.438521500000007,research_proxy_eurozone,0.18928596504508627,fair,low,"real_yield_proxy,term_spread","equity_pe_proxy,shiller_pe_proxy,equity_risk_proxy"
2004-02-01,eurozone,,33.349946816666666,3.18328015,,,,,,,,,33.349946816666666,research_proxy_eurozone,0.17870998719145206,fair,low,"real_yield_proxy,term_spread","equity_pe_proxy,shiller_pe_proxy,equity_risk_proxy"
2004-03-01,eurozone,,33.186077231884056,3.019410565217391,,,,,,,,,33.186077231884056,research_proxy_eurozone,0.1551059785050732,fair,low,"real_yield_proxy,term_spread","equity_pe_proxy,shiller_pe_proxy,equity_risk_proxy"
2004-04-01,eurozone,,4.24242631818182,3.2424263181818196,,,,,,,,,4.24242631818182,research_proxy_eurozone,0.18722948560466746,fair,low,"real_yield_proxy,term_spread","equity_pe_proxy,shiller_pe_proxy,equity_risk_proxy"
2004-05-01,eurozone,,-27.19274027318297,3.3862070952380954,,,,,,,,,-27.19274027318297,research_proxy_eurozone,0.2079398737775116,fair,low,"real_yield_proxy,term_spread","equity_pe_proxy,shiller_pe_proxy,equity_risk_proxy"
2004-06-01,eurozone,,-15.557398636363637,3.4426013636363644,,,,,,,,,-15.557398636363637,research_proxy_eurozone,0.21606298462142215,fair,low,"real_yield_proxy,term_spread","equity_pe_proxy,shiller_pe_proxy,equity_risk_proxy"
2004-07-01,eurozone,,-10.660429499999992,3.3395704999999998,,,,,,,,,-10.660429499999992,research_proxy_eurozone,0.20122227209100288,fair,low,"real_yield_proxy,term_spread","equity_pe_proxy,shiller_pe_proxy,equity_risk_proxy"
2004-08-01,eurozone,,-10.117828467532462,3.1678858181818175,,,,,,,,,-10.117828467532462,research_proxy_eurozone,0.176492565682516,fair,low,"real_yield_proxy,term_spread","equity_pe_proxy,shiller_pe_proxy,equity_risk_proxy"
2004-09-01,eurozone,,4.113971318181819,3.113971318181819,,,,,,,,,4.113971318181819,research_proxy_eurozone,0.1687266442150883,fair,low,"real_yield_proxy,term_spread","equity_pe_proxy,shiller_pe_proxy,equity_risk_proxy"
2004-10-01,eurozone,,-10.306295571428567,2.979418714285713,,,,,,,,,-10.306295571428567,research_proxy_eurozone,0.14934549526452576,fair,low,"real_yield_proxy,term_spread","equity_pe_proxy,shiller_pe_proxy,equity_risk_proxy"
2004-11-01,eurozone,,-0.676767181818156,2.8686873636363632,,,,,,,,,-0.676767181818156,research_proxy_eurozone,0.13339559360309736,fair,low,"real_yield_proxy,term_spread","equity_pe_proxy,shiller_pe_proxy,equity_risk_proxy"
2004-12-01,eurozone,,-11.310653260869556,2.689346739130435,,,,,,,,,-11.310653260869556,research_proxy_eurozone,0.10756311429173346,fair,low,"real_yield_proxy,term_spread","equity_pe_proxy,shiller_pe_proxy,equity_risk_proxy"
2005-01-01,eurozone,,-1.9219554126984142,2.633600142857144,,,,,,,,,-1.9219554126984142,research_proxy_eurozone,0.09953329506434949,fair,low,"real_yield_proxy,term_spread","equity_pe_proxy,shiller_pe_proxy,equity_risk_proxy"
2005-02-01,eurozone,,-19.914132264705888,2.6152795,,,,,,,,,-19.914132264705888,research_proxy_eurozone,0.09689436354015149,fair,low,"real_yield_proxy,term_spread","equity_pe_proxy,shiller_pe_proxy,equity_risk_proxy"
2005-03-01,eurozone,,-25.649307575447576,2.762457130434784,,,,,,,,,-25.649307575447576,research_proxy_eurozone,0.11809403931788603,fair,low,"real_yield_proxy,term_spread","equity_pe_proxy,shiller_pe_proxy,equity_risk_proxy"
2005-04-01,eurozone,,3.5709419523809527,2.5709419523809527,,,,,,,,,3.5709419523809527,research_proxy_eurozone,0.09050791995136051,fair,low,"real_yield_proxy,term_spread","equity_pe_proxy,shiller_pe_proxy,equity_risk_proxy"
2005-05-01,eurozone,,23.407431181818183,2.407431181818182,,,,,,,,,23.407431181818183,research_proxy_eurozone,0.06695559537691188,fair,low,"real_yield_proxy,term_spread","equity_pe_proxy,shiller_pe_proxy,equity_risk_proxy"
2005-06-01,eurozone,,19.920780848484846,2.254114181818182,,,,,,,,,19.920780848484846,research_proxy_eurozone,0.04487159605165321,fair,low,"real_yield_proxy,term_spread","equity_pe_proxy,shiller_pe_proxy,equity_risk_proxy"
2005-07-01,eurozone,,12.01164512629399,2.3159929523809524,,,,,,,,,12.01164512629399,research_proxy_eurozone,0.05378470240878294,fair,low,"real_yield_proxy,term_spread","equity_pe_proxy,shiller_pe_proxy,equity_risk_proxy"
2005-08-01,eurozone,,11.648876942028977,2.315543608695652,,,,,,,,,11.648876942028977,research_proxy_eurozone,0.05371997830354359,fair,low,"real_yield_proxy,term_spread","equity_pe_proxy,shiller_pe_proxy,equity_risk_proxy"
2005-09-01,eurozone,,-15.026280499999988,2.1555376818181813,,,,,,,,,-15.026280499999988,research_proxy_eurozone,0.030672496411780478,fair,low,"real_yield_proxy,term_spread","equity_pe_proxy,shiller_pe_proxy,equity_risk_proxy"
2005-10-01,eurozone,,-0.8433067142857218,2.3233599523809523,,,,,,,,,-0.8433067142857218,research_proxy_eurozone,0.0548458555948561,fair,low,"real_yield_proxy,term_spread","equity_pe_proxy,shiller_pe_proxy,equity_risk_proxy"
2005-11-01,eurozone,,3.527254545454545,2.527254545454545,,,,,,,,,3.527254545454545,research_proxy_eurozone,0.08421512355510255,fair,low,"real_yield_proxy,term_spread","equity_pe_proxy,shiller_pe_proxy,equity_risk_proxy"
2005-12-01,eurozone,,3.408981863636364,2.158981863636364,,,,,,,,,3.408981863636364,research_proxy_eurozone,0.03116860127261663,fair,low,"real_yield_proxy,term_spread","equity_pe_proxy,shiller_pe_proxy,equity_risk_proxy"
2006-01-01,eurozone,,-28.186245959330158,2.1427014090909093,,,,,,,,,-28.186245959330158,research_proxy_eurozone,0.028823541382345327,fair,low,"real_yield_proxy,term_spread","equity_pe_proxy,shiller_pe_proxy,equity_risk_proxy"
2006-02-01,eurozone,,-10.734709935714278,2.3010043500000004,,,,,,,,,-10.734709935714278,research_proxy_eurozone,0.051625722746596006,fair,low,"real_yield_proxy,term_spread","equity_pe_proxy,shiller_pe_proxy,equity_risk_proxy"
2006-03-01,eurozone,,3.731182347826087,2.231182347826087,,,,,,,,,3.731182347826087,research_proxy_eurozone,0.04156846198036065,fair,low,"real_yield_proxy,term_spread","equity_pe_proxy,shiller_pe_proxy,equity_risk_proxy"
2006-04-01,eurozone,,-15.035981647619048,2.5116373999999997,,,,,,,,,-15.035981647619048,research_proxy_eurozone,0.08196560765223042,fair,low,"real_yield_proxy,term_spread","equity_pe_proxy,shiller_pe_proxy,equity_risk_proxy"
2006-05-01,eurozone,,-20.93970456521739,2.56029543478261,,,,,,,,,-20.93970456521739,research_proxy_eurozone,0.08897438037350447,fair,low,"real_yield_proxy,term_spread","equity_pe_proxy,shiller_pe_proxy,equity_risk_proxy"
2006-06-01,eurozone,,-20.92491140909091,2.3250885909090906,,,,,,,,,-20.92491140909091,research_proxy_eurozone,0.05509485115365925,fair,low,"real_yield_proxy,term_spread","equity_pe_proxy,shiller_pe_proxy,equity_risk_proxy"
2006-07-01,eurozone,,-14.951331142857143,2.3462879047619056,,,,,,,,,-14.951331142857143,research_proxy_eurozone,0.05814843055334429,fair,low,"real_yield_proxy,term_spread","equity_pe_proxy,shiller_pe_proxy,equity_risk_proxy"
2006-08-01,eurozone,,-0.5772712411066934,1.9681833043478258,,,,,,,,,-0.5772712411066934,research_proxy_eurozone,0.003685704695013406,fair,low,"real_yield_proxy,term_spread","equity_pe_proxy,shiller_pe_proxy,equity_risk_proxy"
2006-09-01,eurozone,,34.609079054945056,1.839848285714286,,,,,,,,,34.609079054945056,research_proxy_eurozone,-0.014799854407435425,fair,low,"real_yield_proxy,term_spread","equity_pe_proxy,shiller_pe_proxy,equity_risk_proxy"
2006-10-01,eurozone,,39.88128640909091,1.631286409090909,,,,,,,,,39.88128640909091,research_proxy_eurozone,-0.04484140454620235,fair,low,"real_yield_proxy,term_spread","equity_pe_proxy,shiller_pe_proxy,equity_risk_proxy"
2006-11-01,eurozone,,21.195367256916995,1.5540629090909097,,,,,,,,,21.195367256916995,research_proxy_eurozone,-0.05596478761457762,fair,low,"real_yield_proxy,term_spread","equity_pe_proxy,shiller_pe_proxy,equity_risk_proxy"
2006-12-01,eurozone,,21.29390744306418,1.402603095238097,,,,,,,,,21.29390744306418,research_proxy_eurozone,-0.07778127519866361,fair,low,"real_yield_proxy,term_spread","equity_pe_proxy,shiller_pe_proxy,equity_risk_proxy"
2007-01-01,eurozone,,28.10280947826087,1.6028094782608706,,,,,,,,,28.10280947826087,research_proxy_eurozone,-0.04894326227389076,fair,low,"real_yield_proxy,term_spread","equity_pe_proxy,shiller_pe_proxy,equity_risk_proxy"
2007-02-01,eurozone,,24.950851933333336,1.6175186000000004,,,,,,,,,24.950851933333336,research_proxy_eurozone,-0.04682453940191903,fair,low,"real_yield_proxy,term_spread","equity_pe_proxy,shiller_pe_proxy,equity_risk_proxy"
2007-03-01,eurozone,,13.113625954545455,1.2727168636363642,,,,,,,,,13.113625954545455,research_proxy_eurozone,-0.0964902732292346,fair,low,"real_yield_proxy,term_spread","equity_pe_proxy,shiller_pe_proxy,equity_risk_proxy"
2007-04-01,eurozone,,28.245881714285716,1.495881714285714,,,,,,,,,28.245881714285716,research_proxy_eurozone,-0.06434528988647627,fair,low,"real_yield_proxy,term_spread","equity_pe_proxy,shiller_pe_proxy,equity_risk_proxy"
2007-05-01,eurozone,,28.373095956521738,1.6230959565217384,,,,,,,,,28.373095956521738,research_proxy_eurozone,-0.04602116901466393,fair,low,"real_yield_proxy,term_spread","equity_pe_proxy,shiller_pe_proxy,equity_risk_proxy"
2007-06-01,eurozone,,28.660755333333334,1.6607553333333334,,,,,,,,,28.660755333333334,research_proxy_eurozone,-0.040596658672712796,fair,low,"real_yield_proxy,term_spread","equity_pe_proxy,shiller_pe_proxy,equity_risk_proxy"
2007-07-01,eurozone,,32.62842486363637,1.628424863636364,,,,,,,,,32.62842486363637,research_proxy_eurozone,-0.045253585634322815,fair,low,"real_yield_proxy,term_spread","equity_pe_proxy,shiller_pe_proxy,equity_risk_proxy"
2007-08-01,eurozone,,26.165443217391307,1.4263127826086954,,,,,,,,,26.165443217391307,research_proxy_eurozone,-0.07436609801743525,fair,low,"real_yield_proxy,term_spread","equity_pe_proxy,shiller_pe_proxy,equity_risk_proxy"
2007-09-01,eurozone,,-17.85281752222223,1.3694046999999996,,,,,,,,,-17.85281752222223,research_proxy_eurozone,-0.0825632193929657,fair,low,"real_yield_proxy,term_spread","equity_pe_proxy,shiller_pe_proxy,equity_risk_proxy"
2007-10-01,eurozone,,-58.09978508695652,1.4002149130434791,,,,,,,,,-58.09978508695652,research_proxy_eurozone,-0.07812527236776122,fair,low,"real_yield_proxy,term_spread","equity_pe_proxy,shiller_pe_proxy,equity_risk_proxy"
2007-11-01,eurozone,,-58.906354373205765,1.251540363636364,,,,,,,,,-58.906354373205765,research_proxy_eurozone,-0.09954056648902539,fair,low,"real_yield_proxy,term_spread","equity_pe_proxy,shiller_pe_proxy,equity_risk_proxy"
2007-12-01,eurozone,,-58.776132879699276,1.3817618571428572,,,,,,,,,-58.776132879699276,research_proxy_eurozone,-0.08078327685557597,fair,low,"real_yield_proxy,term_spread","equity_pe_proxy,shiller_pe_proxy,equity_risk_proxy"
2008-01-01,eurozone,,-69.45246522196797,1.2317453043478261,,,,,,,,,-69.45246522196797,research_proxy_eurozone,-0.10239187505866557,fair,low,"real_yield_proxy,term_spread","equity_pe_proxy,shiller_pe_proxy,equity_risk_proxy"
2008-02-01,eurozone,,-69.54483957393484,1.1393709523809514,,,,,,,,,-69.54483957393484,research_proxy_eurozone,-0.11569760845096821,fair,low,"real_yield_proxy,term_spread","equity_pe_proxy,shiller_pe_proxy,equity_risk_proxy"
2008-03-01,eurozone,,-80.92948776190478,1.0705122380952377,,,,,,,,,-80.92948776190478,research_proxy_eurozone,-0.12561611585604318,fair,low,"real_yield_proxy,term_spread","equity_pe_proxy,shiller_pe_proxy,equity_risk_proxy"
2008-04-01,eurozone,,-69.4014640263158,1.282746500000001,,,,,,,,,-69.4014640263158,research_proxy_eurozone,-0.09504559010415949,fair,low,"real_yield_proxy,term_spread","equity_pe_proxy,shiller_pe_proxy,equity_risk_proxy"
2008-05-01,eurozone,,-95.57672918181818,1.4232708181818197,,,,,,,,,-95.57672918181818,research_proxy_eurozone,-0.07480426691162563,fair,low,"real_yield_proxy,term_spread","equity_pe_proxy,shiller_pe_proxy,equity_risk_proxy"
2008-06-01,eurozone,,-110.98022196992481,1.8092517142857139,,,,,,,,,-110.98022196992481,research_proxy_eurozone,-0.019207028189754498,fair,low,"real_yield_proxy,term_spread","equity_pe_proxy,shiller_pe_proxy,equity_risk_proxy"
2008-07-01,eurozone,,-128.51882411594204,1.5645092173913033,,,,,,,,,-128.51882411594204,research_proxy_eurozone,-0.05446008646951651,fair,low,"real_yield_proxy,term_spread","equity_pe_proxy,shiller_pe_proxy,equity_risk_proxy"
2008-08-01,eurozone,,-112.1706236190476,1.2460430476190485,,,,,,,,,-112.1706236190476,research_proxy_eurozone,-0.10033240772787777,fair,low,"real_yield_proxy,term_spread","equity_pe_proxy,shiller_pe_proxy,equity_risk_proxy"
2008-09-01,eurozone,,-63.67751977272725,1.254298409090909,,,,,,,,,-63.67751977272725,research_proxy_eurozone,-0.09914329368850616,fair,low,"real_yield_proxy,term_spread","equity_pe_proxy,shiller_pe_proxy,equity_risk_proxy"
2008-10-01,eurozone,,-18.661097555183954,1.16582552173913,,,,,,,,,-18.661097555183954,research_proxy_eurozone,-0.11188705455377465,fair,low,"real_yield_proxy,term_spread","equity_pe_proxy,shiller_pe_proxy,equity_risk_proxy"
2008-11-01,eurozone,,33.22868431451612,1.44642625,,,,,,,,,33.22868431451612,research_proxy_eurozone,-0.07146892549059099,fair,low,"real_yield_proxy,term_spread","equity_pe_proxy,shiller_pe_proxy,equity_risk_proxy"
2008-12-01,eurozone,,49.049431626928474,1.8881413043478257,,,,,,,,,49.049431626928474,research_proxy_eurozone,-0.007843659132822738,fair,low,"real_yield_proxy,term_spread","equity_pe_proxy,shiller_pe_proxy,equity_risk_proxy"
2009-01-01,eurozone,,67.73625858978522,3.0998949534215923,,,,,,,,,67.73625858978522,research_proxy_eurozone,0.16669906456073197,fair,low,"real_yield_proxy,term_spread","equity_pe_proxy,shiller_pe_proxy,equity_risk_proxy"
2009-02-01,eurozone,,64.80254886185183,3.196488255791226,,,,,,,,,64.80254886185183,research_proxy_eurozone,0.18061250158569003,fair,low,"real_yield_proxy,term_spread","equity_pe_proxy,shiller_pe_proxy,equity_risk_proxy"
2009-03-01,eurozone,,87.92575514970372,3.6419713659199298,,,,,,,,,87.92575514970372,research_proxy_eurozone,0.2447805240717575,fair,low,"real_yield_proxy,term_spread","equity_pe_proxy,shiller_pe_proxy,equity_risk_proxy"
2009-04-01,eurozone,,82.87722195500466,3.8393431671258718,,,,,,,,,82.87722195500466,research_proxy_eurozone,0.2732102397892389,fair,low,"real_yield_proxy,term_spread","equity_pe_proxy,shiller_pe_proxy,equity_risk_proxy"
2009-05-01,eurozone,,101.5015569040968,3.8831358514652212,,,,,,,,,101.5015569040968,research_proxy_eurozone,0.2795182004941931,fair,low,"real_yield_proxy,term_spread","equity_pe_proxy,shiller_pe_proxy,equity_risk_proxy"
2009-06-01,eurozone,,106.76397848380927,4.0749540935653705,,,,,,,,,106.76397848380927,research_proxy_eurozone,0.3071479736381496,fair,low,"real_yield_proxy,term_spread","equity_pe_proxy,shiller_pe_proxy,equity_risk_proxy"
2009-07-01,eurozone,,118.37439155003383,3.8386772643195606,,,,,,,,,118.37439155003383,research_proxy_eurozone,0.27311432219937437,fair,low,"real_yield_proxy,term_spread","equity_pe_proxy,shiller_pe_proxy,equity_risk_proxy"
2009-08-01,eurozone,,106.45559490025067,3.6414923361481177,,,,,,,,,106.45559490025067,research_proxy_eurozone,0.24471152394028167,fair,low,"real_yield_proxy,term_spread","equity_pe_proxy,shiller_pe_proxy,equity_risk_proxy"
2009-09-01,eurozone,,111.97508870803355,3.61698059992542,,,,,,,,,111.97508870803355,research_proxy_eurozone,0.24118081849859566,fair,low,"real_yield_proxy,term_spread","equity_pe_proxy,shiller_pe_proxy,equity_risk_proxy"
2009-10-01,eurozone,,106.92886359288191,3.553863592881911,,,,,,,,,106.92886359288191,research_proxy_eurozone,0.23208935479293227,fair,low,"real_yield_proxy,term_spread","equity_pe_proxy,shiller_pe_proxy,equity_risk_proxy"
2009-11-01,eurozone,,81.10769957456824,3.584972301840971,,,,,,,,,81.10769957456824,research_proxy_eurozone,0.23657029759550177,fair,low,"real_yield_proxy,term_spread","equity_pe_proxy,shiller_pe_proxy,equity_risk_proxy"
2009-12-01,eurozone,,50.93044642821478,3.6216228988030217,,,,,,,,,50.93044642821478,research_proxy_eurozone,0.2418495018493044,fair,low,"real_yield_proxy,term_spread","equity_pe_proxy,shiller_pe_proxy,equity_risk_proxy"
2010-01-01,eurozone,,29.101670020221555,3.8516700202215537,,,,,,,,,29.101670020221555,research_proxy_eurozone,0.2749858172884569,fair,low,"real_yield_proxy,term_spread","equity_pe_proxy,shiller_pe_proxy,equity_risk_proxy"
2010-02-01,eurozone,,42.56753286592689,3.855994404388432,,,,,,,,,42.56753286592689,research_proxy_eurozone,0.27560870775085505,fair,low,"real_yield_proxy,term_spread","equity_pe_proxy,shiller_pe_proxy,equity_risk_proxy"
2010-03-01,eurozone,,-162.68000129278207,3.736665373884617,,,,,,,,,-162.68000129278207,research_proxy_eurozone,0.2584203840220447,fair,low,"real_yield_proxy,term_spread","equity_pe_proxy,shiller_pe_proxy,equity_risk_proxy"
2010-04-01,eurozone,,-124.40436934981119,3.9170592216174143,,,,,,,,,-124.40436934981119,research_proxy_eurozone,0.2844045711090077,fair,low,"real_yield_proxy,term_spread","equity_pe_proxy,shiller_pe_proxy,equity_risk_proxy"
2010-05-01,eurozone,,-1596.315826255586,3.434173744414056,,,,,,,,,-1596.315826255586,research_proxy_eurozone,0.2148490583300194,fair,low,"real_yield_proxy,term_spread","equity_pe_proxy,shiller_pe_proxy,equity_risk_proxy"
2010-06-01,eurozone,,1603.6898290407094,3.439829040709384,,,,,,,,,1603.6898290407094,research_proxy_eurozone,0.2156636552734122,fair,low,"real_yield_proxy,term_spread","equity_pe_proxy,shiller_pe_proxy,equity_risk_proxy"
2010-07-01,eurozone,,386.94371843525545,3.3603851019220783,,,,,,,,,386.94371843525545,research_proxy_eurozone,0.20422043703554724,fair,low,"real_yield_proxy,term_spread","equity_pe_proxy,shiller_pe_proxy,equity_risk_proxy"
2010-08-01,eurozone,,1703.437881827512,3.1878818275118905,,,,,,,,,1703.437881827512,research_proxy_eurozone,0.17937281938271363,fair,low,"real_yield_proxy,term_spread","equity_pe_proxy,shiller_pe_proxy,equity_risk_proxy"
2010-09-01,eurozone,,736.8254500049875,3.242116671654181,,,,,,,,,736.8254500049875,research_proxy_eurozone,0.18718488367723968,fair,low,"real_yield_proxy,term_spread","equity_pe_proxy,shiller_pe_proxy,equity_risk_proxy"
2010-10-01,eurozone,,2003.3293244041424,3.07932440414292,,,,,,,,,2003.3293244041424,research_proxy_eurozone,0.16373605330698718,fair,low,"real_yield_proxy,term_spread","equity_pe_proxy,shiller_pe_proxy,equity_risk_proxy"
2010-11-01,eurozone,,-276.2817452945668,3.4682547054332016,,,,,,,,,-276.2817452945668,research_proxy_eurozone,0.21975812855805005,fair,low,"real_yield_proxy,term_spread","equity_pe_proxy,shiller_pe_proxy,equity_risk_proxy"
2010-12-01,eurozone,,-140.39094512937274,3.8034993150717122,,,,,,,,,-140.39094512937274,research_proxy_eurozone,0.2680472402224673,fair,low,"real_yield_proxy,term_spread","equity_pe_proxy,shiller_pe_proxy,equity_risk_proxy"
2011-01-01,eurozone,,-151.62292561187164,3.682629943683912,,,,,,,,,-151.62292561187164,research_proxy_eurozone,0.2506370435960487,fair,low,"real_yield_proxy,term_spread","equity_pe_proxy,shiller_pe_proxy,equity_risk_proxy"
2011-02-01,eurozone,,-195.5252123826523,4.224787617347667,,,,,,,,,-195.5252123826523,research_proxy_eurozone,0.3287302080812275,fair,low,"real_yield_proxy,term_spread","equity_pe_proxy,shiller_pe_proxy,equity_risk_proxy"
2011-03-01,eurozone,,-64.262065412166,4.237934587833999,,,,,,,,,-64.262065412166,research_proxy_eurozone,0.3306239164589635,fair,low,"real_yield_proxy,term_spread","equity_pe_proxy,shiller_pe_proxy,equity_risk_proxy"
2011-04-01,eurozone,,-70.33958862771364,4.160411372286333,,,,,,,,,-70.33958862771364,research_proxy_eurozone,0.31945736193567814,fair,low,"real_yield_proxy,term_spread","equity_pe_proxy,shiller_pe_proxy,equity_risk_proxy"
2011-05-01,eurozone,,-54.456050152538424,3.8674792592262914,,,,,,,,,-54.456050152538424,research_proxy_eurozone,0.27726300262024317,fair,low,"real_yield_proxy,term_spread","equity_pe_proxy,shiller_pe_proxy,equity_risk_proxy"
2011-06-01,eurozone,,-75.62561622246557,3.874383777534427,,,,,,,,,-75.62561622246557,research_proxy_eurozone,0.2782575392838754,fair,low,"real_yield_proxy,term_spread","equity_pe_proxy,shiller_pe_proxy,equity_risk_proxy"
2011-07-01,eurozone,,-48.344493096064916,3.8466833745233293,,,,,,,,,-48.344493096064916,research_proxy_eurozone,0.27426753373063295,fair,low,"real_yield_proxy,term_spread","equity_pe_proxy,shiller_pe_proxy,equity_risk_proxy"
2011-08-01,eurozone,,-58.29550721549417,3.4544927845058293,,,,,,,,,-58.29550721549417,research_proxy_eurozone,0.2177758418418062,fair,low,"real_yield_proxy,term_spread","equity_pe_proxy,shiller_pe_proxy,equity_risk_proxy"
2011-09-01,eurozone,,-53.86023975910792,3.284497082997345,,,,,,,,,-53.86023975910792,research_proxy_eurozone,0.19328941856578186,fair,low,"real_yield_proxy,term_spread","equity_pe_proxy,shiller_pe_proxy,equity_risk_proxy"
2011-10-01,eurozone,,-53.816977728035155,3.327759114070113,,,,,,,,,-53.816977728035155,research_proxy_eurozone,0.19952094321745334,fair,low,"real_yield_proxy,term_spread","equity_pe_proxy,shiller_pe_proxy,equity_risk_proxy"
2011-11-01,eurozone,,-53.50298957291831,3.891747269186954,,,,,,,,,-53.50298957291831,research_proxy_eurozone,0.28075860138356784,fair,low,"real_yield_proxy,term_spread","equity_pe_proxy,shiller_pe_proxy,equity_risk_proxy"
2011-12-01,eurozone,,-23.18010435855308,3.8426229141741697,,,,,,,,,-23.18010435855308,research_proxy_eurozone,0.27368265923132057,fair,low,"real_yield_proxy,term_spread","equity_pe_proxy,shiller_pe_proxy,equity_risk_proxy"
2012-01-01,eurozone,,-9.139140204787939,3.654338056081641,,,,,,,,,-9.139140204787939,research_proxy_eurozone,0.246561839758778,fair,low,"real_yield_proxy,term_spread","equity_pe_proxy,shiller_pe_proxy,equity_risk_proxy"
2012-02-01,eurozone,,-8.755912737287101,3.4940872627129176,,,,,,,,,-8.755912737287101,research_proxy_eurozone,0.22347908694841087,fair,low,"real_yield_proxy,term_spread","equity_pe_proxy,shiller_pe_proxy,equity_risk_proxy"
2012-03-01,eurozone,,3.2827648089977672,3.0327648089977672,,,,,,,,,3.2827648089977672,research_proxy_eurozone,0.15702954282367565,fair,low,"real_yield_proxy,term_spread","equity_pe_proxy,shiller_pe_proxy,equity_risk_proxy"
2012-04-01,eurozone,,10.524734440449937,3.1318772975928093,,,,,,,,,10.524734440449937,research_proxy_eurozone,0.17130584702515111,fair,low,"real_yield_proxy,term_spread","equity_pe_proxy,shiller_pe_proxy,equity_risk_proxy"
2012-05-01,eurozone,,14.636655834036143,3.275544722925027,,,,,,,,,14.636655834036143,research_proxy_eurozone,0.19199990785401116,fair,low,"real_yield_proxy,term_spread","equity_pe_proxy,shiller_pe_proxy,equity_risk_proxy"
2012-06-01,eurozone,,14.517105263429627,3.155994152318511,,,,,,,,,14.517105263429627,research_proxy_eurozone,0.17477967317286958,fair,low,"real_yield_proxy,term_spread","equity_pe_proxy,shiller_pe_proxy,equity_risk_proxy"
2012-07-01,eurozone,,10.941302290146762,3.248994597839064,,,,,,,,,10.941302290146762,research_proxy_eurozone,0.18817558997351563,fair,low,"real_yield_proxy,term_spread","equity_pe_proxy,shiller_pe_proxy,equity_risk_proxy"
2012-08-01,eurozone,,3.008036006411411,3.008036006411411,,,,,,,,,3.008036006411411,research_proxy_eurozone,0.15346757083341012,fair,low,"real_yield_proxy,term_spread","equity_pe_proxy,shiller_pe_proxy,equity_risk_proxy"
2012-09-01,eurozone,,15.752006766784378,2.418673433451048,,,,,,,,,15.752006766784378,research_proxy_eurozone,0.0685749453346765,fair,low,"real_yield_proxy,term_spread","equity_pe_proxy,shiller_pe_proxy,equity_risk_proxy"
2012-10-01,eurozone,,18.97244846776187,2.305781801095205,,,,,,,,,18.97244846776187,research_proxy_eurozone,0.052313873615468694,fair,low,"real_yield_proxy,term_spread","equity_pe_proxy,shiller_pe_proxy,equity_risk_proxy"
2012-11-01,eurozone,,28.91331784692357,2.246651180256909,,,,,,,,,28.91331784692357,research_proxy_eurozone,0.043796614663786544,fair,low,"real_yield_proxy,term_spread","equity_pe_proxy,shiller_pe_proxy,equity_risk_proxy"
2012-12-01,eurozone,,23.527638790618344,2.099067362046923,,,,,,,,,23.527638790618344,research_proxy_eurozone,0.022538431019647788,fair,low,"real_yield_proxy,term_spread","equity_pe_proxy,shiller_pe_proxy,equity_risk_proxy"
2013-01-01,eurozone,,25.471141134894456,2.394218057971372,,,,,,,,,25.471141134894456,research_proxy_eurozone,0.06505235817479137,fair,low,"real_yield_proxy,term_spread","equity_pe_proxy,shiller_pe_proxy,equity_risk_proxy"
2013-02-01,eurozone,,32.48755290475884,2.8579232751292047,,,,,,,,,32.48755290475884,research_proxy_eurozone,0.1318451189438677,fair,low,"real_yield_proxy,term_spread","equity_pe_proxy,shiller_pe_proxy,equity_risk_proxy"
2013-03-01,eurozone,,40.063844092341355,3.0268070553043085,,,,,,,,,40.063844092341355,research_proxy_eurozone,0.15617137948532178,fair,low,"real_yield_proxy,term_spread","equity_pe_proxy,shiller_pe_proxy,equity_risk_proxy"
2013-04-01,eurozone,,56.70188880744609,2.8557349612922382,,,,,,,,,56.70188880744609,research_proxy_eurozone,0.13152991109803833,fair,low,"real_yield_proxy,term_spread","equity_pe_proxy,shiller_pe_proxy,equity_risk_proxy"
2013-05-01,eurozone,,44.351228141353715,2.6845614746870594,,,,,,,,,44.351228141353715,research_proxy_eurozone,0.10687383797704761,fair,low,"real_yield_proxy,term_spread","equity_pe_proxy,shiller_pe_proxy,equity_risk_proxy"
2013-06-01,eurozone,,36.40297139453573,3.069638061202405,,,,,,,,,36.40297139453573,research_proxy_eurozone,0.16234081865614894,fair,low,"real_yield_proxy,term_spread","equity_pe_proxy,shiller_pe_proxy,equity_risk_proxy"
2013-07-01,eurozone,,36.434747138675505,3.101413805342178,,,,,,,,,36.434747138675505,research_proxy_eurozone,0.1669178421574067,fair,low,"real_yield_proxy,term_spread","equity_pe_proxy,shiller_pe_proxy,equity_risk_proxy"
2013-08-01,eurozone,,53.09683898872373,3.0968389887237326,,,,,,,,,53.09683898872373,research_proxy_eurozone,0.16625887904754333,fair,low,"real_yield_proxy,term_spread","equity_pe_proxy,shiller_pe_proxy,equity_risk_proxy"
2013-09-01,eurozone,,61.09940030321749,3.407092610909809,,,,,,,,,61.09940030321749,research_proxy_eurozone,0.2109482532396835,fair,low,"real_yield_proxy,term_spread","equity_pe_proxy,shiller_pe_proxy,equity_risk_proxy"
2013-10-01,eurozone,,75.16298369992239,3.1629836999223992,,,,,,,,,75.16298369992239,research_proxy_eurozone,0.17578645757752226,fair,low,"real_yield_proxy,term_spread","equity_pe_proxy,shiller_pe_proxy,equity_risk_proxy"
2013-11-01,eurozone,,62.262090962914385,3.1711818720052944,,,,,,,,,62.262090962914385,research_proxy_eurozone,0.17696733397574957,fair,low,"real_yield_proxy,term_spread","equity_pe_proxy,shiller_pe_proxy,equity_risk_proxy"
2013-12-01,eurozone,,66.9492802879002,3.3129166515365625,,,,,,,,,66.9492802879002,research_proxy_eurozone,0.19738301374729608,fair,low,"real_yield_proxy,term_spread","equity_pe_proxy,shiller_pe_proxy,equity_risk_proxy"
2014-01-01,eurozone,,63.211734363385155,3.2117343633851574,,,,,,,,,63.211734363385155,research_proxy_eurozone,0.18280857266598252,fair,low,"real_yield_proxy,term_spread","equity_pe_proxy,shiller_pe_proxy,equity_risk_proxy"
2014-02-01,eurozone,,66.24665246752767,3.0887577306855616,,,,,,,,,66.24665246752767,research_proxy_eurozone,0.16509484311504916,fair,low,"real_yield_proxy,term_spread","equity_pe_proxy,shiller_pe_proxy,equity_risk_proxy"
2014-03-01,eurozone,,73.47434104420556,2.886105750087923,,,,,,,,,73.47434104420556,research_proxy_eurozone,0.13590456282792787,fair,low,"real_yield_proxy,term_spread","equity_pe_proxy,shiller_pe_proxy,equity_risk_proxy"
2014-04-01,eurozone,,44.27668679494022,2.61002012827356,,,,,,,,,44.27668679494022,research_proxy_eurozone,0.09613679613628895,fair,low,"real_yield_proxy,term_spread","equity_pe_proxy,shiller_pe_proxy,equity_risk_proxy"
2014-05-01,eurozone,,66.84059179718605,2.554877511471776,,,,,,,,,66.84059179718605,research_proxy_eurozone,0.08819397497331556,fair,low,"real_yield_proxy,term_spread","equity_pe_proxy,shiller_pe_proxy,equity_risk_proxy"
2014-06-01,eurozone,,71.0250932766175,2.375093276617496,,,,,,,,,71.0250932766175,research_proxy_eurozone,0.06229759739474274,fair,low,"real_yield_proxy,term_spread","equity_pe_proxy,shiller_pe_proxy,equity_risk_proxy"
2014-07-01,eurozone,,77.15695472557199,2.256954725571995,,,,,,,,,77.15695472557199,research_proxy_eurozone,0.045280752024849755,fair,low,"real_yield_proxy,term_spread","equity_pe_proxy,shiller_pe_proxy,equity_risk_proxy"
2014-08-01,eurozone,,71.22153316784078,2.090763937071549,,,,,,,,,71.22153316784078,research_proxy_eurozone,0.02134239384468683,fair,low,"real_yield_proxy,term_spread","equity_pe_proxy,shiller_pe_proxy,equity_risk_proxy"
2014-09-01,eurozone,,74.5765374951471,2.0492647678743583,,,,,,,,,74.5765374951471,research_proxy_eurozone,0.015364794331589413,fair,low,"real_yield_proxy,term_spread","equity_pe_proxy,shiller_pe_proxy,equity_risk_proxy"
2014-10-01,eurozone,,44.54652564729515,1.8893827901522995,,,,,,,,,44.54652564729515,research_proxy_eurozone,-0.007664833747064357,fair,low,"real_yield_proxy,term_spread","equity_pe_proxy,shiller_pe_proxy,equity_risk_proxy"
2014-11-01,eurozone,,68.28343231911941,1.8167656524527425,,,,,,,,,68.28343231911941,research_proxy_eurozone,-0.018124709820554117,fair,low,"real_yield_proxy,term_spread","equity_pe_proxy,shiller_pe_proxy,equity_risk_proxy"
2014-12-01,eurozone,,126.44647590501225,1.6464759050122462,,,,,,,,,126.44647590501225,research_proxy_eurozone,-0.0426534878919642,fair,low,"real_yield_proxy,term_spread","equity_pe_proxy,shiller_pe_proxy,equity_risk_proxy"
2015-01-01,eurozone,,176.26571503227612,1.4657150322761128,,,,,,,,,176.26571503227612,research_proxy_eurozone,-0.06869054178382179,fair,low,"real_yield_proxy,term_spread","equity_pe_proxy,shiller_pe_proxy,equity_risk_proxy"
2015-02-01,eurozone,,144.06602288147056,1.408880024327689,,,,,,,,,144.06602288147056,research_proxy_eurozone,-0.0768771373810749,fair,low,"real_yield_proxy,term_spread","equity_pe_proxy,shiller_pe_proxy,equity_risk_proxy"
2015-03-01,eurozone,,120.95058883140209,1.1505888314020847,,,,,,,,,120.95058883140209,research_proxy_eurozone,-0.11408176915895532,fair,low,"real_yield_proxy,term_spread","equity_pe_proxy,shiller_pe_proxy,equity_risk_proxy"
2015-04-01,eurozone,,72.27838551020417,1.0498140816327606,,,,,,,,,72.27838551020417,research_proxy_eurozone,-0.12859750783052376,fair,low,"real_yield_proxy,term_spread","equity_pe_proxy,shiller_pe_proxy,equity_risk_proxy"
2015-05-01,eurozone,,-18.669887257071256,1.5301127429287436,,,,,,,,,-18.669887257071256,research_proxy_eurozone,-0.059414603703890026,fair,low,"real_yield_proxy,term_spread","equity_pe_proxy,shiller_pe_proxy,equity_risk_proxy"
2015-06-01,eurozone,,1.6594547322593711,1.859454732259371,,,,,,,,,1.6594547322593711,research_proxy_eurozone,-0.011975713886342661,fair,low,"real_yield_proxy,term_spread","equity_pe_proxy,shiller_pe_proxy,equity_risk_proxy"
2015-07-01,eurozone,,-23.470339432753953,1.729660567246049,,,,,,,,,-23.470339432753953,research_proxy_eurozone,-0.030671450514222875,fair,low,"real_yield_proxy,term_spread","equity_pe_proxy,shiller_pe_proxy,equity_risk_proxy"
2015-08-01,eurozone,,1.387666957501677,1.5876669575016769,,,,,,,,,1.387666957501677,research_proxy_eurozone,-0.05112441255878251,fair,low,"real_yield_proxy,term_spread","equity_pe_proxy,shiller_pe_proxy,equity_risk_proxy"
2015-09-01,eurozone,,34.81323141386968,1.6798980805363541,,,,,,,,,34.81323141386968,research_proxy_eurozone,-0.03783931006613227,fair,low,"real_yield_proxy,term_spread","equity_pe_proxy,shiller_pe_proxy,equity_risk_proxy"
2015-10-01,eurozone,,1.202401413612427,1.402401413612427,,,,,,,,,1.202401413612427,research_proxy_eurozone,-0.07781032570764314,fair,low,"real_yield_proxy,term_spread","equity_pe_proxy,shiller_pe_proxy,equity_risk_proxy"
2015-11-01,eurozone,,67.82038584635146,1.353719179684804,,,,,,,,,67.82038584635146,research_proxy_eurozone,-0.08482258410827521,fair,low,"real_yield_proxy,term_spread","equity_pe_proxy,shiller_pe_proxy,equity_risk_proxy"
2015-12-01,eurozone,,251.19178912943303,1.491789129433028,,,,,,,,,251.19178912943303,research_proxy_eurozone,-0.06493479164508932,fair,low,"real_yield_proxy,term_spread","equity_pe_proxy,shiller_pe_proxy,equity_risk_proxy"
2016-01-01,eurozone,,151.11450059178443,1.4145005917844407,,,,,,,,,151.11450059178443,research_proxy_eurozone,-0.07606754282911739,fair,low,"real_yield_proxy,term_spread","equity_pe_proxy,shiller_pe_proxy,equity_risk_proxy"
2016-02-01,eurozone,,67.70849762330087,1.341830956634213,,,,,,,,,67.70849762330087,research_proxy_eurozone,-0.08653498071026831,fair,low,"real_yield_proxy,term_spread","equity_pe_proxy,shiller_pe_proxy,equity_risk_proxy"
2016-03-01,eurozone,,100.93069530115346,1.3306953011534683,,,,,,,,,100.93069530115346,research_proxy_eurozone,-0.0881389764062647,fair,low,"real_yield_proxy,term_spread","equity_pe_proxy,shiller_pe_proxy,equity_risk_proxy"
2016-04-01,eurozone,,250.9601518584453,1.3601518584452876,,,,,,,,,250.9601518584453,research_proxy_eurozone,-0.0838960118859768,fair,low,"real_yield_proxy,term_spread","equity_pe_proxy,shiller_pe_proxy,equity_risk_proxy"
2016-05-01,eurozone,,117.63899806404179,1.3723313973750952,,,,,,,,,117.63899806404179,research_proxy_eurozone,-0.082141653729296,fair,low,"real_yield_proxy,term_spread","equity_pe_proxy,shiller_pe_proxy,equity_risk_proxy"
2016-06-01,eurozone,,100.88297816658556,1.2829781665855662,,,,,,,,,100.88297816658556,research_proxy_eurozone,-0.09501222051879511,fair,low,"real_yield_proxy,term_spread","equity_pe_proxy,shiller_pe_proxy,equity_risk_proxy"
2016-07-01,eurozone,,60.62108819606909,1.0210881960690885,,,,,,,,,60.62108819606909,research_proxy_eurozone,-0.13273522535307894,fair,low,"real_yield_proxy,term_spread","equity_pe_proxy,shiller_pe_proxy,equity_risk_proxy"
2016-08-01,eurozone,,50.61115086737438,1.0111508673743792,,,,,,,,,50.61115086737438,research_proxy_eurozone,-0.13416661234988186,fair,low,"real_yield_proxy,term_spread","equity_pe_proxy,shiller_pe_proxy,equity_risk_proxy"
2016-09-01,eurozone,,-99.26745747538534,1.132542524614651,,,,,,,,,-99.26745747538534,research_proxy_eurozone,-0.11668118492444185,fair,low,"real_yield_proxy,term_spread","equity_pe_proxy,shiller_pe_proxy,equity_risk_proxy"
2016-10-01,eurozone,,-24.233582247624067,1.1664177523759334,,,,,,,,,-24.233582247624067,research_proxy_eurozone,-0.11180174880826983,fair,low,"real_yield_proxy,term_spread","equity_pe_proxy,shiller_pe_proxy,equity_risk_proxy"
2016-11-01,eurozone,,-498.7741122284311,1.6258877715688258,,,,,,,,,-498.7741122284311,research_proxy_eurozone,-0.04561903199387612,fair,low,"real_yield_proxy,term_spread","equity_pe_proxy,shiller_pe_proxy,equity_risk_proxy"
2016-12-01,eurozone,,-265.3834573402642,1.6832093264024506,,,,,,,,,-265.3834573402642,research_proxy_eurozone,-0.03736235348941449,fair,low,"real_yield_proxy,term_spread","equity_pe_proxy,shiller_pe_proxy,equity_risk_proxy"
2017-01-01,eurozone,,-465.3592796392051,1.7073870274615777,,,,,,,,,-465.3592796392051,research_proxy_eurozone,-0.033879762949056494,fair,low,"real_yield_proxy,term_spread","equity_pe_proxy,shiller_pe_proxy,equity_risk_proxy"
2017-02-01,eurozone,,2101.4371413342055,1.8371413342055125,,,,,,,,,2101.4371413342055,research_proxy_eurozone,-0.015189767563140666,fair,low,"real_yield_proxy,term_spread","equity_pe_proxy,shiller_pe_proxy,equity_risk_proxy"
2017-03-01,eurozone,,-inf,1.8531367304093802,,,,,,,,,-inf,research_proxy_eurozone,-0.012885767882913042,fair,low,"real_yield_proxy,term_spread","equity_pe_proxy,shiller_pe_proxy,equity_risk_proxy"
2017-04-01,eurozone,,734.5959083815593,1.6625750482260946,,,,,,,,,734.5959083815593,research_proxy_eurozone,-0.04033454434446542,fair,low,"real_yield_proxy,term_spread","equity_pe_proxy,shiller_pe_proxy,equity_risk_proxy"
2017-05-01,eurozone,,1501.1723715718342,1.5723715718344442,,,,,,,,,1501.1723715718342,research_proxy_eurozone,-0.053327581723028726,fair,low,"real_yield_proxy,term_spread","equity_pe_proxy,shiller_pe_proxy,equity_risk_proxy"
2017-06-01,eurozone,,-inf,1.4721102953597645,,,,,,,,,-inf,research_proxy_eurozone,-0.06776935896897272,fair,low,"real_yield_proxy,term_spread","equity_pe_proxy,shiller_pe_proxy,equity_risk_proxy"
2017-07-01,eurozone,,-548.7935299024715,1.606470097528455,,,,,,,,,-548.7935299024715,research_proxy_eurozone,-0.04841598145418152,fair,low,"real_yield_proxy,term_spread","equity_pe_proxy,shiller_pe_proxy,equity_risk_proxy"
2017-08-01,eurozone,,-648.9554682548494,1.444531745150631,,,,,,,,,-648.9554682548494,research_proxy_eurozone,-0.07174181267084606,fair,low,"real_yield_proxy,term_spread","equity_pe_proxy,shiller_pe_proxy,equity_risk_proxy"
2017-09-01,eurozone,,-298.8840789157859,1.5159210842141326,,,,,,,,,-298.8840789157859,research_proxy_eurozone,-0.061458790463856425,fair,low,"real_yield_proxy,term_spread","equity_pe_proxy,shiller_pe_proxy,equity_risk_proxy"
2017-10-01,eurozone,,-178.85059584352584,1.5494041564741292,,,,,,,,,-178.85059584352584,research_proxy_eurozone,-0.0566358409853423,fair,low,"real_yield_proxy,term_spread","equity_pe_proxy,shiller_pe_proxy,equity_risk_proxy"
2017-11-01,eurozone,,-149.05126836932703,1.3487316306729549,,,,,,,,,-149.05126836932703,research_proxy_eurozone,-0.08554099778068187,fair,low,"real_yield_proxy,term_spread","equity_pe_proxy,shiller_pe_proxy,equity_risk_proxy"
2017-12-01,eurozone,,-17.30279188307066,1.2790262987475098,,,,,,,,,-17.30279188307066,research_proxy_eurozone,-0.0955814531979445,fair,low,"real_yield_proxy,term_spread","equity_pe_proxy,shiller_pe_proxy,equity_risk_proxy"
2018-01-01,eurozone,,24.560341492957203,1.4309297282513236,,,,,,,,,24.560341492957203,research_proxy_eurozone,-0.07370106658284838,fair,low,"real_yield_proxy,term_spread","equity_pe_proxy,shiller_pe_proxy,equity_risk_proxy"
2018-02-01,eurozone,,46.26966337620686,1.6696633762068664,,,,,,,,,46.26966337620686,research_proxy_eurozone,-0.039313531473455836,fair,low,"real_yield_proxy,term_spread","equity_pe_proxy,shiller_pe_proxy,equity_risk_proxy"
2018-03-01,eurozone,,7.8350644158956815,1.568397749229005,,,,,,,,,7.8350644158956815,research_proxy_eurozone,-0.053899976798181606,fair,low,"real_yield_proxy,term_spread","equity_pe_proxy,shiller_pe_proxy,equity_risk_proxy"
2018-04-01,eurozone,,37.96763707599761,1.5255318128397124,,,,,,,,,37.96763707599761,research_proxy_eurozone,-0.06007444740677503,fair,low,"real_yield_proxy,term_spread","equity_pe_proxy,shiller_pe_proxy,equity_risk_proxy"
2018-05-01,eurozone,,-41.62092743203908,1.6362154251037824,,,,,,,,,-41.62092743203908,research_proxy_eurozone,-0.044131422050442036,fair,low,"real_yield_proxy,term_spread","equity_pe_proxy,shiller_pe_proxy,equity_risk_proxy"
2018-06-01,eurozone,,-52.558823274579844,1.687330571573987,,,,,,,,,-52.558823274579844,research_proxy_eurozone,-0.03676872345760174,fair,low,"real_yield_proxy,term_spread","equity_pe_proxy,shiller_pe_proxy,equity_risk_proxy"
2018-07-01,eurozone,,-68.03488608391014,1.595883146859093,,,,,,,,,-68.03488608391014,research_proxy_eurozone,-0.04994094092663881,fair,low,"real_yield_proxy,term_spread","equity_pe_proxy,shiller_pe_proxy,equity_risk_proxy"
2018-08-01,eurozone,,-38.634211602364736,1.7657883976352804,,,,,,,,,-38.634211602364736,research_proxy_eurozone,-0.025467546303086182,fair,low,"real_yield_proxy,term_spread","equity_pe_proxy,shiller_pe_proxy,equity_risk_proxy"
2018-09-01,eurozone,,-29.930838456917613,1.7191615430823868,,,,,,,,,-29.930838456917613,research_proxy_eurozone,-0.03218374492740726,fair,low,"real_yield_proxy,term_spread","equity_pe_proxy,shiller_pe_proxy,equity_risk_proxy"
2018-10-01,eurozone,,-62.731720020888154,1.9539942648261248,,,,,,,,,-62.731720020888154,research_proxy_eurozone,0.0016418952073289775,fair,low,"real_yield_proxy,term_spread","equity_pe_proxy,shiller_pe_proxy,equity_risk_proxy"
2018-11-01,eurozone,,-25.26148719876947,1.8051794678971933,,,,,,,,,-25.26148719876947,research_proxy_eurozone,-0.019793600366984517,fair,low,"real_yield_proxy,term_spread","equity_pe_proxy,shiller_pe_proxy,equity_risk_proxy"
2018-12-01,eurozone,,-14.174056516185916,1.6105588684294592,,,,,,,,,-14.174056516185916,research_proxy_eurozone,-0.04782702906260775,fair,low,"real_yield_proxy,term_spread","equity_pe_proxy,shiller_pe_proxy,equity_risk_proxy"
2019-01-01,eurozone,,-6.489887028043506,1.6024206642641818,,,,,,,,,-6.489887028043506,research_proxy_eurozone,-0.04899926759646115,fair,low,"real_yield_proxy,term_spread","equity_pe_proxy,shiller_pe_proxy,equity_risk_proxy"
2019-02-01,eurozone,,-35.24363728345187,1.5199990801844825,,,,,,,,,-35.24363728345187,research_proxy_eurozone,-0.06087139010866024,fair,low,"real_yield_proxy,term_spread","equity_pe_proxy,shiller_pe_proxy,equity_risk_proxy"
2019-03-01,eurozone,,0.9919727443875364,1.3919727443875365,,,,,,,,,0.9919727443875364,research_proxy_eurozone,-0.07931248609511372,fair,low,"real_yield_proxy,term_spread","equity_pe_proxy,shiller_pe_proxy,equity_risk_proxy"
2019-04-01,eurozone,,-40.71462830154288,1.3520383651237875,,,,,,,,,-40.71462830154288,research_proxy_eurozone,-0.08506469103465242,fair,low,"real_yield_proxy,term_spread","equity_pe_proxy,shiller_pe_proxy,equity_risk_proxy"
2019-05-01,eurozone,,40.87148419205609,1.2714841920560875,,,,,,,,,40.87148419205609,research_proxy_eurozone,-0.09666782900156966,fair,low,"real_yield_proxy,term_spread","equity_pe_proxy,shiller_pe_proxy,equity_risk_proxy"
2019-06-01,eurozone,,35.57397569863879,0.9739756986387936,,,,,,,,,35.57397569863879,research_proxy_eurozone,-0.1395213766700358,fair,low,"real_yield_proxy,term_spread","equity_pe_proxy,shiller_pe_proxy,equity_risk_proxy"
2019-07-01,eurozone,,54.903041383366435,0.7575868379118977,,,,,,,,,54.903041383366435,research_proxy_eurozone,-0.17069033676112977,fair,low,"real_yield_proxy,term_spread","equity_pe_proxy,shiller_pe_proxy,equity_risk_proxy"
2019-08-01,eurozone,,52.48045564911,0.4995032681576102,,,,,,,,,52.48045564911,research_proxy_eurozone,-0.20786506220132245,fair,low,"real_yield_proxy,term_spread","equity_pe_proxy,shiller_pe_proxy,equity_risk_proxy"
2019-09-01,eurozone,,61.952284837371955,0.5475229326100399,,,,,,,,,61.952284837371955,research_proxy_eurozone,-0.20094824125278704,fair,low,"real_yield_proxy,term_spread","equity_pe_proxy,shiller_pe_proxy,equity_risk_proxy"
2019-10-01,eurozone,,69.69678521105607,0.6315678197517255,,,,,,,,,69.69678521105607,research_proxy_eurozone,-0.18884229585254822,fair,low,"real_yield_proxy,term_spread","equity_pe_proxy,shiller_pe_proxy,equity_risk_proxy"
2019-11-01,eurozone,,47.66968869618493,0.8012676435533447,,,,,,,,,47.66968869618493,research_proxy_eurozone,-0.1643984912233716,fair,low,"real_yield_proxy,term_spread","equity_pe_proxy,shiller_pe_proxy,equity_risk_proxy"
2019-12-01,eurozone,,13.699369794411115,0.8660364610777843,,,,,,,,,13.699369794411115,research_proxy_eurozone,-0.15506909838038926,fair,low,"real_yield_proxy,term_spread","equity_pe_proxy,shiller_pe_proxy,equity_risk_proxy"
2020-01-01,eurozone,,0.3158674686853605,0.8158674686853604,,,,,,,,,0.3158674686853605,research_proxy_eurozone,-0.1622955115905564,fair,low,"real_yield_proxy,term_spread","equity_pe_proxy,shiller_pe_proxy,equity_risk_proxy"
2020-02-01,eurozone,,20.132262730992174,0.6322627309921665,,,,,,,,,20.132262730992174,research_proxy_eurozone,-0.18874219984646265,fair,low,"real_yield_proxy,term_spread","equity_pe_proxy,shiller_pe_proxy,equity_risk_proxy"
2020-03-01,eurozone,,50.37263432629048,0.8726343262904825,,,,,,,,,50.37263432629048,research_proxy_eurozone,-0.1541187324659416,fair,low,"real_yield_proxy,term_spread","equity_pe_proxy,shiller_pe_proxy,equity_risk_proxy"
2020-04-01,eurozone,,82.90671732516937,1.0537761486987858,,,,,,,,,82.90671732516937,research_proxy_eurozone,-0.1280268060400326,fair,low,"real_yield_proxy,term_spread","equity_pe_proxy,shiller_pe_proxy,equity_risk_proxy"
2020-05-01,eurozone,,92.14580240942362,0.979135742756966,,,,,,,,,92.14580240942362,research_proxy_eurozone,-0.13877811655651923,fair,low,"real_yield_proxy,term_spread","equity_pe_proxy,shiller_pe_proxy,equity_risk_proxy"
2020-06-01,eurozone,,77.2745362145943,0.8514592915173738,,,,,,,,,77.2745362145943,research_proxy_eurozone,-0.15716881467236138,fair,low,"real_yield_proxy,term_spread","equity_pe_proxy,shiller_pe_proxy,equity_risk_proxy"
2020-07-01,eurozone,,60.220885310186354,0.7208853101863516,,,,,,,,,60.220885310186354,research_proxy_eurozone,-0.1759768771547386,fair,low,"real_yield_proxy,term_spread","equity_pe_proxy,shiller_pe_proxy,equity_risk_proxy"
2020-08-01,eurozone,,120.16007195392501,0.6600719539250139,,,,,,,,,120.16007195392501,research_proxy_eurozone,-0.18473651971650337,fair,low,"real_yield_proxy,term_spread","equity_pe_proxy,shiller_pe_proxy,equity_risk_proxy"
2020-09-01,eurozone,,137.62346367029474,0.623463670294754,,,,,,,,,137.62346367029474,research_proxy_eurozone,-0.19000962909765184,fair,low,"real_yield_proxy,term_spread","equity_pe_proxy,shiller_pe_proxy,equity_risk_proxy"
2020-10-01,eurozone,,142.85750344674042,0.5003605895975517,,,,,,,,,142.85750344674042,research_proxy_eurozone,-0.20774157239848784,fair,low,"real_yield_proxy,term_spread","equity_pe_proxy,shiller_pe_proxy,equity_risk_proxy"
2020-11-01,eurozone,,129.94495768535555,0.4449576853555529,,,,,,,,,129.94495768535555,research_proxy_eurozone,-0.21572188573554546,fair,low,"real_yield_proxy,term_spread","equity_pe_proxy,shiller_pe_proxy,equity_risk_proxy"
2020-12-01,eurozone,,122.98504126026779,0.4081181833447186,,,,,,,,,122.98504126026779,research_proxy_eurozone,-0.2210283001419722,fair,low,"real_yield_proxy,term_spread","equity_pe_proxy,shiller_pe_proxy,equity_risk_proxy"
2021-01-01,eurozone,,35.650528954488955,0.4362432402032496,,,,,,,,,35.650528954488955,research_proxy_eurozone,-0.21697712684294693,fair,low,"real_yield_proxy,term_spread","equity_pe_proxy,shiller_pe_proxy,equity_risk_proxy"
2021-02-01,eurozone,,25.063209368566266,0.5632093685662669,,,,,,,,,25.063209368566266,research_proxy_eurozone,-0.19868874464723757,fair,low,"real_yield_proxy,term_spread","equity_pe_proxy,shiller_pe_proxy,equity_risk_proxy"
2021-03-01,eurozone,,-85.56642947608584,0.6478562381998871,,,,,,,,,-85.56642947608584,research_proxy_eurozone,-0.1864960888303737,fair,low,"real_yield_proxy,term_spread","equity_pe_proxy,shiller_pe_proxy,equity_risk_proxy"
2021-04-01,eurozone,,-433.12841414472155,0.7049191886118193,,,,,,,,,-433.12841414472155,research_proxy_eurozone,-0.1782766600756082,fair,low,"real_yield_proxy,term_spread","equity_pe_proxy,shiller_pe_proxy,equity_risk_proxy"
2021-05-01,eurozone,,-1899.6228489725027,0.8771510274973335,,,,,,,,,-1899.6228489725027,research_proxy_eurozone,-0.15346814038284257,fair,low,"real_yield_proxy,term_spread","equity_pe_proxy,shiller_pe_proxy,equity_risk_proxy"
2021-06-01,eurozone,,-533.0293600361844,0.8039732971489426,,,,,,,,,-533.0293600361844,research_proxy_eurozone,-0.16400876502093112,fair,low,"real_yield_proxy,term_spread","equity_pe_proxy,shiller_pe_proxy,equity_risk_proxy"
2021-07-01,eurozone,,-449.8366354671258,0.6633645328741833,,,,,,,,,-449.8366354671258,research_proxy_eurozone,-0.1842622519491207,fair,low,"real_yield_proxy,term_spread","equity_pe_proxy,shiller_pe_proxy,equity_risk_proxy"
2021-08-01,eurozone,,1600.0594693793305,0.5594693793304722,,,,,,,,,1600.0594693793305,research_proxy_eurozone,-0.1992274580303573,fair,low,"real_yield_proxy,term_spread","equity_pe_proxy,shiller_pe_proxy,equity_risk_proxy"
2021-09-01,eurozone,,1233.530414531558,0.6970811982243602,,,,,,,,,1233.530414531558,research_proxy_eurozone,-0.17940565538877,fair,low,"real_yield_proxy,term_spread","equity_pe_proxy,shiller_pe_proxy,equity_risk_proxy"
2021-10-01,eurozone,,1467.0191645340644,0.8524978673981185,,,,,,,,,1467.0191645340644,research_proxy_eurozone,-0.15701921672138663,fair,low,"real_yield_proxy,term_spread","equity_pe_proxy,shiller_pe_proxy,equity_risk_proxy"
2021-11-01,eurozone,,1733.6455395199712,0.8122061866374497,,,,,,,,,1733.6455395199712,research_proxy_eurozone,-0.16282288787808905,fair,low,"real_yield_proxy,term_spread","equity_pe_proxy,shiller_pe_proxy,equity_risk_proxy"
2021-12-01,eurozone,,1766.9450986714708,0.7784320048039683,5.448944856593512,,,,,17.46,24.78,,1766.9450986714708,research_proxy_eurozone,-0.757513082418754,expensive,high,"equity_pe_proxy,shiller_pe_proxy,real_yield_proxy,term_spread,equity_risk_proxy",
2022-01-01,eurozone,,-466.1321236145052,1.034543052161387,5.1928338092360935,,,,,17.46,24.78,,-466.1321236145052,research_proxy_eurozone,-0.7531502024114961,expensive,high,"equity_pe_proxy,shiller_pe_proxy,real_yield_proxy,term_spread,equity_risk_proxy",
2022-02-01,eurozone,,-554.6114175741164,1.4441379814391389,4.783238879958341,,,,,17.46,24.78,,-554.6114175741164,research_proxy_eurozone,-0.7461727075066154,expensive,high,"equity_pe_proxy,shiller_pe_proxy,real_yield_proxy,term_spread,equity_risk_proxy",
2022-03-01,eurozone,,-468.1772826679613,1.5534865628078929,4.673890298589587,,,,,17.46,24.78,,-468.1772826679613,research_proxy_eurozone,-0.7443099423334676,expensive,high,"equity_pe_proxy,shiller_pe_proxy,real_yield_proxy,term_spread,equity_risk_proxy",
2022-04-01,eurozone,,-367.1821232995072,2.0678767004927643,4.159500160904716,,,,,17.46,24.78,,-367.1821232995072,research_proxy_eurozone,-0.7355472494672596,expensive,high,"equity_pe_proxy,shiller_pe_proxy,real_yield_proxy,term_spread,equity_risk_proxy",
2022-05-01,eurozone,,-303.12586926803453,2.3741307319654545,3.8532461294320255,,,,,17.46,24.78,,-303.12586926803453,research_proxy_eurozone,-0.7303301781818119,expensive,high,"equity_pe_proxy,shiller_pe_proxy,real_yield_proxy,term_spread,equity_risk_proxy",
2022-06-01,eurozone,,-355.4559928417617,2.9387440003435112,5.778182869007351,,,,,12.17,19.02,,-355.4559928417617,research_proxy_eurozone,0.6736278864365424,cheap,high,"equity_pe_proxy,shiller_pe_proxy,real_yield_proxy,term_spread,equity_risk_proxy",
2022-07-01,eurozone,,-302.4524991834359,2.0929553620185715,6.123971507332291,,,,,12.17,19.02,,-302.4524991834359,research_proxy_eurozone,0.6029186970077758,cheap,high,"equity_pe_proxy,shiller_pe_proxy,real_yield_proxy,term_spread,equity_risk_proxy",
2022-08-01,eurozone,,-204.61011198072038,2.0565546859462422,6.16037218340462,,,,,12.17,19.02,,-204.61011198072038,research_proxy_eurozone,0.6022986074664409,cheap,high,"equity_pe_proxy,shiller_pe_proxy,real_yield_proxy,term_spread,equity_risk_proxy",
2022-09-01,eurozone,,-188.36266928533593,2.0638013028994124,5.40312556645145,,,,,12.17,19.02,,-188.36266928533593,research_proxy_eurozone,0.5179704246900964,cheap,high,"equity_pe_proxy,shiller_pe_proxy,real_yield_proxy,term_spread,equity_risk_proxy",
2022-10-01,eurozone,,-155.35242834862083,2.4341570172328253,5.032769852118037,,,,,12.17,19.02,,-155.35242834862083,research_proxy_eurozone,0.5242794752301301,cheap,high,"equity_pe_proxy,shiller_pe_proxy,real_yield_proxy,term_spread,equity_risk_proxy",
2022-11-01,eurozone,,-103.18499730416843,1.4374516754233824,5.27947519392748,,,,,12.17,19.02,,-103.18499730416843,research_proxy_eurozone,0.4228488598397794,fair,high,"equity_pe_proxy,shiller_pe_proxy,real_yield_proxy,term_spread,equity_risk_proxy",
2022-12-01,eurozone,,-81.00043962330469,0.999560376695293,5.264902433222064,,,,,12.1,18.53,,-81.00043962330469,research_proxy_eurozone,0.4177233429818398,fair,high,"equity_pe_proxy,shiller_pe_proxy,real_yield_proxy,term_spread,equity_risk_proxy",
2023-01-01,eurozone,,-67.54416074586237,1.044074548255264,5.220388261662093,,,,,12.1,18.53,,-67.54416074586237,research_proxy_eurozone,0.418481646815831,fair,high,"equity_pe_proxy,shiller_pe_proxy,real_yield_proxy,term_spread,equity_risk_proxy",
2023-02-01,eurozone,,-40.846753471831775,0.7210431383377118,5.043419671579644,,,,,12.1,18.53,,-40.846753471831775,research_proxy_eurozone,0.35667768456879234,fair,high,"equity_pe_proxy,shiller_pe_proxy,real_yield_proxy,term_spread,equity_risk_proxy",
2023-03-01,eurozone,,9.989888182374434,0.23313142561767952,5.031331384299676,,,,,12.1,18.53,,9.989888182374434,research_proxy_eurozone,0.29206496813442,fair,high,"equity_pe_proxy,shiller_pe_proxy,real_yield_proxy,term_spread,equity_risk_proxy",
2023-04-01,eurozone,,9.859814761076352,0.19314809440968705,5.071314715507669,,,,,12.1,18.53,,9.859814761076352,research_proxy_eurozone,0.2913838476667525,fair,high,"equity_pe_proxy,shiller_pe_proxy,real_yield_proxy,term_spread,equity_risk_proxy",
2023-05-01,eurozone,,27.896670616944576,-0.04468740774678448,5.059150217664141,,,,,12.1,18.53,,27.896670616944576,research_proxy_eurozone,0.2591817503600874,fair,high,"equity_pe_proxy,shiller_pe_proxy,real_yield_proxy,term_spread,equity_risk_proxy",
2023-06-01,eurozone,,39.94582441064723,-0.33578478475506346,4.648284784755063,,,,,12.8,19.37,,39.94582441064723,research_proxy_eurozone,0.020521374506122916,fair,high,"equity_pe_proxy,shiller_pe_proxy,real_yield_proxy,term_spread,equity_risk_proxy",
2023-07-01,eurozone,,43.718335722572974,-0.23110247967421182,4.543602479674211,,,,,12.8,19.37,,43.718335722572974,research_proxy_eurozone,0.02230464914680463,fair,high,"equity_pe_proxy,shiller_pe_proxy,real_yield_proxy,term_spread,equity_risk_proxy",
2023-08-01,eurozone,,46.82070066537662,-0.4075602041885906,4.470060204188591,,,,,12.8,19.37,,46.82070066537662,research_proxy_eurozone,-0.00885187093182746,fair,high,"equity_pe_proxy,shiller_pe_proxy,real_yield_proxy,term_spread,equity_risk_proxy",
2023-09-01,eurozone,,60.06996766416284,-0.4956889014937369,4.308188901493737,,,,,12.8,19.37,,60.06996766416284,research_proxy_eurozone,-0.03850369626633205,fair,high,"equity_pe_proxy,shiller_pe_proxy,real_yield_proxy,term_spread,equity_risk_proxy",
2023-10-01,eurozone,,76.3635777987566,-0.277931635205658,4.090431635205658,,,,,12.8,19.37,,76.3635777987566,research_proxy_eurozone,-0.03479417715996744,fair,high,"equity_pe_proxy,shiller_pe_proxy,real_yield_proxy,term_spread,equity_risk_proxy",
2023-11-01,eurozone,,79.65631202734558,-0.5813117350306736,4.393811735030674,,,,,12.8,19.37,,79.65631202734558,research_proxy_eurozone,-0.03996229070205626,fair,high,"equity_pe_proxy,shiller_pe_proxy,real_yield_proxy,term_spread,equity_risk_proxy",
2023-12-01,eurozone,,71.34253587040142,-1.1357249991637879,4.9421262481879875,,,,,12.81,19.69,,71.34253587040142,research_proxy_eurozone,-0.08099134545930277,fair,high,"equity_pe_proxy,shiller_pe_proxy,real_yield_proxy,term_spread,equity_risk_proxy",
2024-01-01,eurozone,,70.72050843459748,-1.0955835194255097,4.90198476844971,,,,,12.81,19.69,,70.72050843459748,research_proxy_eurozone,-0.08030753091393679,fair,high,"equity_pe_proxy,shiller_pe_proxy,real_yield_proxy,term_spread,equity_risk_proxy",
2024-02-01,eurozone,,72.43714969301567,-0.9746150128666748,4.7810162618908745,,,,,12.81,19.69,,72.43714969301567,research_proxy_eurozone,-0.07824681903048247,fair,high,"equity_pe_proxy,shiller_pe_proxy,real_yield_proxy,term_spread,equity_risk_proxy",
2024-03-01,eurozone,,68.1706892071336,-1.0467020972142262,4.853103346238425,,,,,12.81,19.69,,68.1706892071336,research_proxy_eurozone,-0.07947483048225924,fair,high,"equity_pe_proxy,shiller_pe_proxy,real_yield_proxy,term_spread,equity_risk_proxy",
2024-04-01,eurozone,,68.78784668253749,-0.9264390317482118,4.732840280772411,,,,,12.81,19.69,,68.78784668253749,research_proxy_eurozone,-0.07742613586581432,fair,high,"equity_pe_proxy,shiller_pe_proxy,real_yield_proxy,term_spread,equity_risk_proxy",
2024-05-01,eurozone,,60.49854113118209,-0.8785080491457822,4.684909298169982,,,,,12.81,19.69,,60.49854113118209,research_proxy_eurozone,-0.07660962627795355,fair,high,"equity_pe_proxy,shiller_pe_proxy,real_yield_proxy,term_spread,equity_risk_proxy",
2024-06-01,eurozone,,57.71047477720977,-0.5849797682447679,4.097143893153991,,,,,13.77,20.37,,57.71047477720977,research_proxy_eurozone,-0.27288073075880487,fair,high,"equity_pe_proxy,shiller_pe_proxy,real_yield_proxy,term_spread,equity_risk_proxy",
2024-07-01,eurozone,,54.05639250633876,-0.6370037200763217,4.149167844985545,,,,,13.77,20.37,,54.05639250633876,research_proxy_eurozone,-0.2737669645300004,fair,high,"equity_pe_proxy,shiller_pe_proxy,real_yield_proxy,term_spread,equity_risk_proxy",
2024-08-01,eurozone,,60.59822015146457,-0.8440875408431192,4.3562516657523425,,,,,13.77,20.37,,60.59822015146457,research_proxy_eurozone,-0.2772946603118585,fair,high,"equity_pe_proxy,shiller_pe_proxy,real_yield_proxy,term_spread,equity_risk_proxy",
2024-09-01,eurozone,,63.299281146777275,-0.6658351322924827,4.427999257201705,,,,,13.77,20.37,,63.299281146777275,research_proxy_eurozone,-0.24610756759224942,fair,high,"equity_pe_proxy,shiller_pe_proxy,real_yield_proxy,term_spread,equity_risk_proxy",
2024-10-01,eurozone,,33.90041670915337,-0.38406604946731404,4.396230174376537,,,,,13.77,20.37,,33.90041670915337,research_proxy_eurozone,-0.21315705688161574,fair,high,"equity_pe_proxy,shiller_pe_proxy,real_yield_proxy,term_spread,equity_risk_proxy",
2024-11-01,eurozone,,11.262464856011823,-0.3208684773215018,4.333032602230725,,,,,13.77,20.37,,11.262464856011823,research_proxy_eurozone,-0.2120804792530161,fair,high,"equity_pe_proxy,shiller_pe_proxy,real_yield_proxy,term_spread,equity_risk_proxy",
2024-12-01,eurozone,,20.053722340051856,-0.18765697029297534,4.315240719402028,,,,,14.03,19.99,,20.053722340051856,research_proxy_eurozone,-0.18980366900946863,fair,high,"equity_pe_proxy,shiller_pe_proxy,real_yield_proxy,term_spread,equity_risk_proxy",
2025-01-01,eurozone,,13.802242235985709,0.08795652169999979,4.039627227409053,,,,,14.03,19.99,,13.802242235985709,research_proxy_eurozone,-0.1851085627016624,fair,high,"equity_pe_proxy,shiller_pe_proxy,real_yield_proxy,term_spread,equity_risk_proxy",
2025-02-01,eurozone,,14.527116538461552,0.23865500000000006,4.138928749109052,,,,,14.03,19.99,,14.527116538461552,research_proxy_eurozone,-0.1543908542302232,fair,high,"equity_pe_proxy,shiller_pe_proxy,real_yield_proxy,term_spread,equity_risk_proxy",
2025-03-01,eurozone,,11.647105714333325,0.8137723810000002,3.8138113681090524,,,,,14.03,19.99,,11.647105714333325,research_proxy_eurozone,-0.11644312282772304,fair,high,"equity_pe_proxy,shiller_pe_proxy,real_yield_proxy,term_spread,equity_risk_proxy",
2025-04-01,eurozone,,11.430554242433324,0.8472209090999998,4.030362840009053,,,,,14.03,19.99,,11.430554242433324,research_proxy_eurozone,-0.08772278022104348,fair,high,"equity_pe_proxy,shiller_pe_proxy,real_yield_proxy,term_spread,equity_risk_proxy",
2025-05-01,eurozone,,29.994071468576927,0.8209945455000001,4.056589203609052,,,,,14.03,19.99,,29.994071468576927,research_proxy_eurozone,-0.0881695492245447,fair,high,"equity_pe_proxy,shiller_pe_proxy,real_yield_proxy,term_spread,equity_risk_proxy",
2025-06-01,eurozone,,23.0847609524,1.0847609524,3.7880912812769756,,,,,14.55,20.83,,23.0847609524,research_proxy_eurozone,-0.21921770266263624,fair,high,"equity_pe_proxy,shiller_pe_proxy,real_yield_proxy,term_spread,equity_risk_proxy",
2025-07-01,eurozone,,26.250486120423083,1.1735630435000002,3.6992891901769753,,,,,14.55,20.83,,26.250486120423083,research_proxy_eurozone,-0.2177049492228278,fair,high,"equity_pe_proxy,shiller_pe_proxy,real_yield_proxy,term_spread,equity_risk_proxy",
2025-08-01,eurozone,,12.295954805209092,1.2050457143000002,3.6678065193769753,,,,,14.55,20.83,,12.295954805209092,research_proxy_eurozone,-0.2171686384450396,fair,high,"equity_pe_proxy,shiller_pe_proxy,real_yield_proxy,term_spread,equity_risk_proxy",
2025-09-01,eurozone,,-26.178718508982357,1.2330461969000002,3.6398060367769753,,,,,14.55,20.83,,-26.178718508982357,research_proxy_eurozone,-0.21669164712822764,fair,high,"equity_pe_proxy,shiller_pe_proxy,real_yield_proxy,term_spread,equity_risk_proxy",
2025-10-01,eurozone,,-1.8759335000000044,1.1240665,3.7487857336769754,,,,,14.55,20.83,,-1.8759335000000044,research_proxy_eurozone,-0.2185481283136663,fair,high,"equity_pe_proxy,shiller_pe_proxy,real_yield_proxy,term_spread,equity_risk_proxy",
2025-11-01,eurozone,,7.681736045454552,1.1362815,3.7365707336769756,,,,,14.55,20.83,,7.681736045454552,research_proxy_eurozone,-0.21834004443818128,fair,high,"equity_pe_proxy,shiller_pe_proxy,real_yield_proxy,term_spread,equity_risk_proxy",
2025-12-01,eurozone,,19.911399666666664,1.244733,3.0445751761006283,,,,,15.9,22.38,,19.911399666666664,research_proxy_eurozone,-0.573951650778413,expensive,high,"equity_pe_proxy,shiller_pe_proxy,real_yield_proxy,term_spread,equity_risk_proxy",
2026-01-01,eurozone,,23.2209641,1.2209641000000002,3.068344076100628,,,,,15.9,22.38,,23.2209641,research_proxy_eurozone,-0.5743565566177921,expensive,high,"equity_pe_proxy,shiller_pe_proxy,real_yield_proxy,term_spread,equity_risk_proxy",
2026-02-01,eurozone,,16.172329260869557,1.128851,3.1604571761006284,,,,,15.9,22.38,,16.172329260869557,research_proxy_eurozone,-0.5759257134602758,expensive,high,"equity_pe_proxy,shiller_pe_proxy,real_yield_proxy,term_spread,equity_risk_proxy",
2026-03-01,eurozone,,12.476637290909093,1.3857282,2.9035799761006285,,,,,15.9,22.38,,12.476637290909093,research_proxy_eurozone,-0.571549781958046,expensive,high,"equity_pe_proxy,shiller_pe_proxy,real_yield_proxy,term_spread,equity_risk_proxy",
2026-04-01,eurozone,,12.554599590909092,1.4636904999999998,2.8256176761006286,,,,,15.9,22.38,,12.554599590909092,research_proxy_eurozone,-0.5702216855580685,expensive,high,"equity_pe_proxy,shiller_pe_proxy,real_yield_proxy,term_spread,equity_risk_proxy",
2026-05-01,eurozone,,-1.7726807947368362,1.4904771,2.7988310761006283,,,,,15.9,22.38,,-1.7726807947368362,research_proxy_eurozone,-0.569765372865554,expensive,high,"equity_pe_proxy,shiller_pe_proxy,real_yield_proxy,term_spread,equity_risk_proxy",
2026-06-01,eurozone,,3.4023095,1.1523094999999999,3.103871371828237,,,,,15.37,23.63,,3.4023095,research_proxy_eurozone,-0.6378273562247686,expensive,high,"equity_pe_proxy,shiller_pe_proxy,real_yield_proxy,term_spread,equity_risk_proxy",
2026-07-01,eurozone,,3.5590274,1.3090274000000002,2.9471534718282366,,,,,15.37,23.63,,3.5590274,research_proxy_eurozone,-0.6351576494716068,expensive,high,"equity_pe_proxy,shiller_pe_proxy,real_yield_proxy,term_spread,equity_risk_proxy",
2026-08-01,eurozone,,3.6647167,1.4147167,2.8414641718282367,,,,,15.37,23.63,,3.6647167,research_proxy_eurozone,-0.6333572205611444,expensive,high,"equity_pe_proxy,shiller_pe_proxy,real_yield_proxy,term_spread,equity_risk_proxy",
2026-09-01,eurozone,,-68.69671542727271,1.5305573,2.475623571828237,,,,,15.37,23.63,,-68.69671542727271,research_proxy_eurozone,-0.6595344063653006,expensive,high,"equity_pe_proxy,shiller_pe_proxy,real_yield_proxy,term_spread,equity_risk_proxy",
2026-10-01,eurozone,,-76.92182365238094,1.5305573,2.475623571828237,,,,,15.37,23.63,,-76.92182365238094,research_proxy_eurozone,-0.6595344063653006,expensive,high,"equity_pe_proxy,shiller_pe_proxy,real_yield_proxy,term_spread,equity_risk_proxy",
