date,country,regime,liquidity_regime,valuation_score,valuation_regime,valuation_confidence,equities_score,equities,duration_score,duration,gold_score,gold,dollar_score,dollar,allocation_confidence,allocation_note
1947-01-01,us,unknown,unknown,0.7554306264646237,cheap,medium,1.0,neutral,-1.0,cautious,-0.5,neutral,-1.0,cautious,medium,"Macro and valuation inputs are available, but valuation coverage is still partial."
1947-02-01,us,unknown,unknown,0.7406174032880264,cheap,medium,1.0,neutral,-1.0,cautious,-0.5,neutral,-1.0,cautious,medium,"Macro and valuation inputs are available, but valuation coverage is still partial."
1947-03-01,us,unknown,unknown,0.8357055589701249,cheap,medium,1.0,neutral,-1.0,cautious,-0.5,neutral,-1.0,cautious,medium,"Macro and valuation inputs are available, but valuation coverage is still partial."
1947-04-01,us,unknown,unknown,0.9016738702395812,cheap,medium,1.0,neutral,-1.0,cautious,-0.5,neutral,-1.0,cautious,medium,"Macro and valuation inputs are available, but valuation coverage is still partial."
1947-05-01,us,unknown,unknown,0.94053369516001,cheap,medium,1.0,neutral,-1.0,cautious,-0.5,neutral,-1.0,cautious,medium,"Macro and valuation inputs are available, but valuation coverage is still partial."
1947-06-01,us,unknown,unknown,0.9227841362787016,cheap,medium,1.0,neutral,-1.0,cautious,-0.5,neutral,-1.0,cautious,medium,"Macro and valuation inputs are available, but valuation coverage is still partial."
1947-07-01,us,unknown,unknown,0.8694921412217431,cheap,medium,1.0,neutral,-1.0,cautious,-0.5,neutral,-1.0,cautious,medium,"Macro and valuation inputs are available, but valuation coverage is still partial."
1947-08-01,us,unknown,unknown,0.9116828151716034,cheap,medium,1.0,neutral,-1.0,cautious,-0.5,neutral,-1.0,cautious,medium,"Macro and valuation inputs are available, but valuation coverage is still partial."
1947-09-01,us,unknown,unknown,0.9644951288573138,cheap,medium,1.0,neutral,-1.0,cautious,-0.5,neutral,-1.0,cautious,medium,"Macro and valuation inputs are available, but valuation coverage is still partial."
1947-10-01,us,unknown,unknown,0.9414168231676114,cheap,medium,1.0,neutral,-1.0,cautious,-0.5,neutral,-1.0,cautious,medium,"Macro and valuation inputs are available, but valuation coverage is still partial."
1947-11-01,us,unknown,unknown,0.9612135939934724,cheap,medium,1.0,neutral,-1.0,cautious,-0.5,neutral,-1.0,cautious,medium,"Macro and valuation inputs are available, but valuation coverage is still partial."
1947-12-01,us,unknown,unknown,0.9907144914461828,cheap,medium,1.0,neutral,-1.0,cautious,-0.5,neutral,-1.0,cautious,medium,"Macro and valuation inputs are available, but valuation coverage is still partial."
1948-01-01,us,unknown,unknown,1.0206248312878032,cheap,medium,1.0,neutral,-1.0,cautious,-0.5,neutral,-1.0,cautious,medium,"Macro and valuation inputs are available, but valuation coverage is still partial."
1948-02-01,us,unknown,unknown,1.0732114989623112,cheap,medium,1.0,neutral,-1.0,cautious,-0.5,neutral,-1.0,cautious,medium,"Macro and valuation inputs are available, but valuation coverage is still partial."
1948-03-01,us,unknown,unknown,1.0643755712788732,cheap,medium,1.0,neutral,-1.0,cautious,-0.5,neutral,-1.0,cautious,medium,"Macro and valuation inputs are available, but valuation coverage is still partial."
1948-04-01,us,unknown,unknown,1.0119233858164831,cheap,medium,1.0,neutral,-1.0,cautious,-0.5,neutral,-1.0,cautious,medium,"Macro and valuation inputs are available, but valuation coverage is still partial."
1948-05-01,us,reflation,unknown,0.9771789096019068,cheap,medium,2.0,bullish,-2.0,cautious,-0.5,neutral,-1.0,cautious,medium,"Macro and valuation inputs are available, but valuation coverage is still partial."
1948-06-01,us,reflation,unknown,0.9517575069741118,cheap,medium,2.0,bullish,-2.0,cautious,-0.5,neutral,-1.0,cautious,medium,"Macro and valuation inputs are available, but valuation coverage is still partial."
1948-07-01,us,reflation,unknown,1.0024314449161844,cheap,medium,2.0,bullish,-2.0,cautious,-0.5,neutral,-1.0,cautious,medium,"Macro and valuation inputs are available, but valuation coverage is still partial."
1948-08-01,us,reflation,unknown,1.0512210424746653,cheap,medium,2.0,bullish,-2.0,cautious,-0.5,neutral,-1.0,cautious,medium,"Macro and valuation inputs are available, but valuation coverage is still partial."
1948-09-01,us,slowdown,unknown,1.077694440423579,cheap,medium,0.0,neutral,1.0,neutral,-1.0,cautious,0.0,neutral,medium,"Macro and valuation inputs are available, but valuation coverage is still partial."
1948-10-01,us,slowdown,unknown,1.064045301183933,cheap,medium,0.0,neutral,1.0,neutral,-1.0,cautious,0.0,neutral,medium,"Macro and valuation inputs are available, but valuation coverage is still partial."
1948-11-01,us,slowdown,unknown,1.1278393828288142,cheap,medium,0.0,neutral,1.0,neutral,-1.0,cautious,0.0,neutral,medium,"Macro and valuation inputs are available, but valuation coverage is still partial."
1948-12-01,us,slowdown,unknown,1.145497777911038,cheap,medium,0.0,neutral,1.0,neutral,-1.0,cautious,0.0,neutral,medium,"Macro and valuation inputs are available, but valuation coverage is still partial."
1949-01-01,us,slowdown,unknown,1.1406845663548295,cheap,medium,0.0,neutral,1.0,neutral,-1.0,cautious,0.0,neutral,medium,"Macro and valuation inputs are available, but valuation coverage is still partial."
1949-02-01,us,slowdown,unknown,1.1780829535652293,cheap,medium,0.0,neutral,1.0,neutral,-1.0,cautious,0.0,neutral,medium,"Macro and valuation inputs are available, but valuation coverage is still partial."
1949-03-01,us,slowdown,unknown,1.1777019005251614,cheap,medium,0.0,neutral,1.0,neutral,-1.0,cautious,0.0,neutral,medium,"Macro and valuation inputs are available, but valuation coverage is still partial."
1949-04-01,us,slowdown,unknown,1.185648704448441,cheap,medium,0.0,neutral,1.0,neutral,-1.0,cautious,0.0,neutral,medium,"Macro and valuation inputs are available, but valuation coverage is still partial."
1949-05-01,us,slowdown,unknown,1.1936732118861528,cheap,medium,0.0,neutral,1.0,neutral,-1.0,cautious,0.0,neutral,medium,"Macro and valuation inputs are available, but valuation coverage is still partial."
1949-06-01,us,slowdown,unknown,1.2465064503886103,cheap,medium,0.0,neutral,1.0,neutral,-1.0,cautious,0.0,neutral,medium,"Macro and valuation inputs are available, but valuation coverage is still partial."
1949-07-01,us,slowdown,unknown,1.1992769188713397,cheap,medium,0.0,neutral,1.0,neutral,-1.0,cautious,0.0,neutral,medium,"Macro and valuation inputs are available, but valuation coverage is still partial."
1949-08-01,us,slowdown,unknown,1.17466693648927,cheap,medium,0.0,neutral,1.0,neutral,-1.0,cautious,0.0,neutral,medium,"Macro and valuation inputs are available, but valuation coverage is still partial."
1949-09-01,us,slowdown,unknown,1.1687808047951955,cheap,medium,0.0,neutral,1.0,neutral,-1.0,cautious,0.0,neutral,medium,"Macro and valuation inputs are available, but valuation coverage is still partial."
1949-10-01,us,slowdown,unknown,1.1412419512405103,cheap,medium,0.0,neutral,1.0,neutral,-1.0,cautious,0.0,neutral,medium,"Macro and valuation inputs are available, but valuation coverage is still partial."
1949-11-01,us,slowdown,unknown,1.1309729751958857,cheap,medium,0.0,neutral,1.0,neutral,-1.0,cautious,0.0,neutral,medium,"Macro and valuation inputs are available, but valuation coverage is still partial."
1949-12-01,us,slowdown,unknown,1.1008863035086522,cheap,medium,0.0,neutral,1.0,neutral,-1.0,cautious,0.0,neutral,medium,"Macro and valuation inputs are available, but valuation coverage is still partial."
1950-01-01,us,goldilocks,unknown,1.083870461358637,cheap,medium,3.0,bullish,-1.0,cautious,-1.5,cautious,-2.0,cautious,medium,"Macro and valuation inputs are available, but valuation coverage is still partial."
1950-02-01,us,slowdown,unknown,1.0703692646157608,cheap,medium,0.0,neutral,1.0,neutral,-1.0,cautious,0.0,neutral,medium,"Macro and valuation inputs are available, but valuation coverage is still partial."
1950-03-01,us,slowdown,unknown,1.0699105080612603,cheap,medium,0.0,neutral,1.0,neutral,-1.0,cautious,0.0,neutral,medium,"Macro and valuation inputs are available, but valuation coverage is still partial."
1950-04-01,us,goldilocks,unknown,1.0527183340656323,cheap,medium,3.0,bullish,-1.0,cautious,-1.5,cautious,-2.0,cautious,medium,"Macro and valuation inputs are available, but valuation coverage is still partial."
1950-05-01,us,goldilocks,unknown,1.0326466030629784,cheap,medium,3.0,bullish,-1.0,cautious,-1.5,cautious,-2.0,cautious,medium,"Macro and valuation inputs are available, but valuation coverage is still partial."
1950-06-01,us,goldilocks,unknown,1.0296684177247726,cheap,medium,3.0,bullish,-1.0,cautious,-1.5,cautious,-2.0,cautious,medium,"Macro and valuation inputs are available, but valuation coverage is still partial."
1950-07-01,us,goldilocks,unknown,1.1209445742266535,cheap,medium,3.0,bullish,-1.0,cautious,-1.5,cautious,-2.0,cautious,medium,"Macro and valuation inputs are available, but valuation coverage is still partial."
1950-08-01,us,goldilocks,unknown,1.0801869486379805,cheap,medium,3.0,bullish,-1.0,cautious,-1.5,cautious,-2.0,cautious,medium,"Macro and valuation inputs are available, but valuation coverage is still partial."
1950-09-01,us,goldilocks,unknown,1.05894366916628,cheap,medium,3.0,bullish,-1.0,cautious,-1.5,cautious,-2.0,cautious,medium,"Macro and valuation inputs are available, but valuation coverage is still partial."
1950-10-01,us,reflation,unknown,1.0314825191260273,cheap,medium,2.0,bullish,-2.0,cautious,-0.5,neutral,-1.0,cautious,medium,"Macro and valuation inputs are available, but valuation coverage is still partial."
1950-11-01,us,reflation,unknown,1.0440168885943122,cheap,medium,2.0,bullish,-2.0,cautious,-0.5,neutral,-1.0,cautious,medium,"Macro and valuation inputs are available, but valuation coverage is still partial."
1950-12-01,us,reflation,unknown,1.0634535311968527,cheap,medium,2.0,bullish,-2.0,cautious,-0.5,neutral,-1.0,cautious,medium,"Macro and valuation inputs are available, but valuation coverage is still partial."
1951-01-01,us,reflation,unknown,1.004578753971455,cheap,medium,2.0,bullish,-2.0,cautious,-0.5,neutral,-1.0,cautious,medium,"Macro and valuation inputs are available, but valuation coverage is still partial."
1951-02-01,us,reflation,unknown,0.977674988816883,cheap,medium,2.0,bullish,-2.0,cautious,-0.5,neutral,-1.0,cautious,medium,"Macro and valuation inputs are available, but valuation coverage is still partial."
1951-03-01,us,reflation,unknown,1.0007532945065856,cheap,medium,2.0,bullish,-2.0,cautious,-0.5,neutral,-1.0,cautious,medium,"Macro and valuation inputs are available, but valuation coverage is still partial."
1951-04-01,us,reflation,unknown,0.9846758902823188,cheap,medium,2.0,bullish,-2.0,cautious,-0.5,neutral,-1.0,cautious,medium,"Macro and valuation inputs are available, but valuation coverage is still partial."
1951-05-01,us,reflation,unknown,0.9849015362935216,cheap,medium,2.0,bullish,-2.0,cautious,-0.5,neutral,-1.0,cautious,medium,"Macro and valuation inputs are available, but valuation coverage is still partial."
1951-06-01,us,reflation,unknown,1.0007951441400804,cheap,medium,2.0,bullish,-2.0,cautious,-0.5,neutral,-1.0,cautious,medium,"Macro and valuation inputs are available, but valuation coverage is still partial."
1951-07-01,us,reflation,unknown,0.9749075204256896,cheap,medium,2.0,bullish,-2.0,cautious,-0.5,neutral,-1.0,cautious,medium,"Macro and valuation inputs are available, but valuation coverage is still partial."
1951-08-01,us,reflation,unknown,0.9197237204530436,cheap,medium,2.0,bullish,-2.0,cautious,-0.5,neutral,-1.0,cautious,medium,"Macro and valuation inputs are available, but valuation coverage is still partial."
1951-09-01,us,reflation,unknown,0.8871594696155998,cheap,medium,2.0,bullish,-2.0,cautious,-0.5,neutral,-1.0,cautious,medium,"Macro and valuation inputs are available, but valuation coverage is still partial."
1951-10-01,us,reflation,unknown,0.8929395084463991,cheap,medium,2.0,bullish,-2.0,cautious,-0.5,neutral,-1.0,cautious,medium,"Macro and valuation inputs are available, but valuation coverage is still partial."
1951-11-01,us,reflation,unknown,0.9276839846609756,cheap,medium,2.0,bullish,-2.0,cautious,-0.5,neutral,-1.0,cautious,medium,"Macro and valuation inputs are available, but valuation coverage is still partial."
1951-12-01,us,reflation,unknown,0.8931367651087593,cheap,medium,2.0,bullish,-2.0,cautious,-0.5,neutral,-1.0,cautious,medium,"Macro and valuation inputs are available, but valuation coverage is still partial."
1952-01-01,us,reflation,unknown,0.8534445951258569,cheap,medium,2.0,bullish,-2.0,cautious,-0.5,neutral,-1.0,cautious,medium,"Macro and valuation inputs are available, but valuation coverage is still partial."
1952-02-01,us,goldilocks,unknown,0.8693665923212585,cheap,medium,3.0,bullish,-1.0,cautious,-1.5,cautious,-2.0,cautious,medium,"Macro and valuation inputs are available, but valuation coverage is still partial."
1952-03-01,us,goldilocks,unknown,0.8656965398852541,cheap,medium,3.0,bullish,-1.0,cautious,-1.5,cautious,-2.0,cautious,medium,"Macro and valuation inputs are available, but valuation coverage is still partial."
1952-04-01,us,goldilocks,unknown,0.8704320479270296,cheap,medium,3.0,bullish,-1.0,cautious,-1.5,cautious,-2.0,cautious,medium,"Macro and valuation inputs are available, but valuation coverage is still partial."
1952-05-01,us,goldilocks,unknown,0.8686463358746175,cheap,medium,3.0,bullish,-1.0,cautious,-1.5,cautious,-2.0,cautious,medium,"Macro and valuation inputs are available, but valuation coverage is still partial."
1952-06-01,us,goldilocks,unknown,0.8374867440495178,cheap,medium,3.0,bullish,-1.0,cautious,-1.5,cautious,-2.0,cautious,medium,"Macro and valuation inputs are available, but valuation coverage is still partial."
1952-07-01,us,goldilocks,unknown,0.8122132839184926,cheap,medium,3.0,bullish,-1.0,cautious,-1.5,cautious,-2.0,cautious,medium,"Macro and valuation inputs are available, but valuation coverage is still partial."
1952-08-01,us,goldilocks,unknown,0.8111687531294689,cheap,medium,3.0,bullish,-1.0,cautious,-1.5,cautious,-2.0,cautious,medium,"Macro and valuation inputs are available, but valuation coverage is still partial."
1952-09-01,us,goldilocks,unknown,0.8349882400825598,cheap,medium,3.0,bullish,-1.0,cautious,-1.5,cautious,-2.0,cautious,medium,"Macro and valuation inputs are available, but valuation coverage is still partial."
1952-10-01,us,goldilocks,unknown,0.865406650644271,cheap,medium,3.0,bullish,-1.0,cautious,-1.5,cautious,-2.0,cautious,medium,"Macro and valuation inputs are available, but valuation coverage is still partial."
1952-11-01,us,goldilocks,unknown,0.8331038996989675,cheap,medium,3.0,bullish,-1.0,cautious,-1.5,cautious,-2.0,cautious,medium,"Macro and valuation inputs are available, but valuation coverage is still partial."
1952-12-01,us,goldilocks,unknown,0.7896430489488808,cheap,medium,3.0,bullish,-1.0,cautious,-1.5,cautious,-2.0,cautious,medium,"Macro and valuation inputs are available, but valuation coverage is still partial."
1953-01-01,us,goldilocks,unknown,0.7844980985181946,cheap,medium,3.0,bullish,-1.0,cautious,-1.5,cautious,-2.0,cautious,medium,"Macro and valuation inputs are available, but valuation coverage is still partial."
1953-02-01,us,goldilocks,unknown,0.8010835734625519,cheap,medium,3.0,bullish,-1.0,cautious,-1.5,cautious,-2.0,cautious,medium,"Macro and valuation inputs are available, but valuation coverage is still partial."
1953-03-01,us,goldilocks,unknown,0.8023821396116211,cheap,medium,3.0,bullish,-1.0,cautious,-1.5,cautious,-2.0,cautious,medium,"Macro and valuation inputs are available, but valuation coverage is still partial."
1953-04-01,us,goldilocks,unknown,1.1130263228023716,cheap,high,3.0,bullish,-1.0,cautious,-1.5,cautious,-2.0,cautious,high,Macro and valuation inputs are both available with strong coverage.
1953-05-01,us,goldilocks,unknown,1.075593738284076,cheap,high,3.0,bullish,-1.0,cautious,-1.5,cautious,-2.0,cautious,high,Macro and valuation inputs are both available with strong coverage.
1953-06-01,us,goldilocks,unknown,1.1427961103594582,cheap,high,3.0,bullish,-1.0,cautious,-1.5,cautious,-2.0,cautious,high,Macro and valuation inputs are both available with strong coverage.
1953-07-01,us,goldilocks,unknown,1.1142059205639856,cheap,high,3.0,bullish,-1.0,cautious,-1.5,cautious,-2.0,cautious,high,Macro and valuation inputs are both available with strong coverage.
1953-08-01,us,goldilocks,unknown,1.1316948502324284,cheap,high,3.0,bullish,-1.0,cautious,-1.5,cautious,-2.0,cautious,high,Macro and valuation inputs are both available with strong coverage.
1953-09-01,us,goldilocks,easy,1.273610199131749,cheap,high,4.0,bullish,-1.5,cautious,-1.0,cautious,-3.0,cautious,high,Macro and valuation inputs are both available with strong coverage.
1953-10-01,us,goldilocks,easy,1.262547670653862,cheap,high,4.0,bullish,-1.5,cautious,-1.0,cautious,-3.0,cautious,high,Macro and valuation inputs are both available with strong coverage.
1953-11-01,us,slowdown,easy,1.1772939297291187,cheap,high,1.0,neutral,0.5,neutral,-0.5,neutral,-1.0,cautious,high,Macro and valuation inputs are both available with strong coverage.
1953-12-01,us,slowdown,easy,1.168698489741398,cheap,high,1.0,neutral,0.5,neutral,-0.5,neutral,-1.0,cautious,high,Macro and valuation inputs are both available with strong coverage.
1954-01-01,us,slowdown,neutral,1.2129132050414604,cheap,high,0.0,neutral,1.0,neutral,-1.0,cautious,0.0,neutral,high,Macro and valuation inputs are both available with strong coverage.
1954-02-01,us,slowdown,neutral,1.2268175540686588,cheap,high,0.0,neutral,1.0,neutral,-1.0,cautious,0.0,neutral,high,Macro and valuation inputs are both available with strong coverage.
1954-03-01,us,slowdown,neutral,1.1834880011210371,cheap,high,0.0,neutral,1.0,neutral,-1.0,cautious,0.0,neutral,high,Macro and valuation inputs are both available with strong coverage.
1954-04-01,us,slowdown,neutral,1.0977034033706847,cheap,high,0.0,neutral,1.0,neutral,-1.0,cautious,0.0,neutral,high,Macro and valuation inputs are both available with strong coverage.
1954-05-01,us,slowdown,tight,1.056911850950787,cheap,high,-1.0,cautious,1.5,neutral,-1.5,cautious,2.0,bullish,high,Macro and valuation inputs are both available with strong coverage.
1954-06-01,us,slowdown,tight,1.0313611077266218,cheap,high,-1.0,cautious,1.5,neutral,-1.5,cautious,2.0,bullish,high,Macro and valuation inputs are both available with strong coverage.
1954-07-01,us,slowdown,tight,0.8279241258674725,cheap,high,-1.0,cautious,1.5,neutral,-1.5,cautious,2.0,bullish,high,Macro and valuation inputs are both available with strong coverage.
1954-08-01,us,slowdown,tight,0.7275530339258948,cheap,high,-1.0,cautious,1.5,neutral,-1.5,cautious,2.0,bullish,high,Macro and valuation inputs are both available with strong coverage.
1954-09-01,us,slowdown,tight,0.6936667141894258,cheap,high,-1.0,cautious,1.5,neutral,-1.5,cautious,2.0,bullish,high,Macro and valuation inputs are both available with strong coverage.
1954-10-01,us,slowdown,tight,0.6641474117527045,cheap,high,-1.0,cautious,1.5,neutral,-1.5,cautious,2.0,bullish,high,Macro and valuation inputs are both available with strong coverage.
1954-11-01,us,slowdown,neutral,0.6821737558903788,cheap,high,0.0,neutral,1.0,neutral,-1.0,cautious,0.0,neutral,high,Macro and valuation inputs are both available with strong coverage.
1954-12-01,us,goldilocks,tight,0.5731361900505009,cheap,high,2.0,bullish,-0.5,neutral,-2.0,cautious,0.0,neutral,high,Macro and valuation inputs are both available with strong coverage.
1955-01-01,us,goldilocks,tight,0.5337009881516032,cheap,high,2.0,bullish,-0.5,neutral,-2.0,cautious,0.0,neutral,high,Macro and valuation inputs are both available with strong coverage.
1955-02-01,us,goldilocks,tight,0.5246996964602848,cheap,high,2.0,bullish,-0.5,neutral,-2.0,cautious,0.0,neutral,high,Macro and valuation inputs are both available with strong coverage.
1955-03-01,us,goldilocks,tight,0.5568980882171923,cheap,high,2.0,bullish,-0.5,neutral,-2.0,cautious,0.0,neutral,high,Macro and valuation inputs are both available with strong coverage.
1955-04-01,us,goldilocks,tight,0.5498582878172458,cheap,high,2.0,bullish,-0.5,neutral,-2.0,cautious,0.0,neutral,high,Macro and valuation inputs are both available with strong coverage.
1955-05-01,us,goldilocks,tight,0.5549408058007116,cheap,high,2.0,bullish,-0.5,neutral,-2.0,cautious,0.0,neutral,high,Macro and valuation inputs are both available with strong coverage.
1955-06-01,us,goldilocks,tight,0.4591664514446069,fair,high,1.0,neutral,0.5,neutral,-1.5,cautious,1.0,neutral,high,Macro and valuation inputs are both available with strong coverage.
1955-07-01,us,goldilocks,tight,0.420975147005905,fair,high,1.0,neutral,0.5,neutral,-1.5,cautious,1.0,neutral,high,Macro and valuation inputs are both available with strong coverage.
1955-08-01,us,goldilocks,tight,0.4032787341392542,fair,high,1.0,neutral,0.5,neutral,-1.5,cautious,1.0,neutral,high,Macro and valuation inputs are both available with strong coverage.
1955-09-01,us,goldilocks,tight,0.3927586504583599,fair,high,1.0,neutral,0.5,neutral,-1.5,cautious,1.0,neutral,high,Macro and valuation inputs are both available with strong coverage.
1955-10-01,us,goldilocks,tight,0.4935943493138417,fair,high,1.0,neutral,0.5,neutral,-1.5,cautious,1.0,neutral,high,Macro and valuation inputs are both available with strong coverage.
1955-11-01,us,goldilocks,tight,0.4101729786131393,fair,high,1.0,neutral,0.5,neutral,-1.5,cautious,1.0,neutral,high,Macro and valuation inputs are both available with strong coverage.
1955-12-01,us,goldilocks,tight,0.3952871265391113,fair,high,1.0,neutral,0.5,neutral,-1.5,cautious,1.0,neutral,high,Macro and valuation inputs are both available with strong coverage.
1956-01-01,us,goldilocks,tight,0.4343914110116674,fair,high,1.0,neutral,0.5,neutral,-1.5,cautious,1.0,neutral,high,Macro and valuation inputs are both available with strong coverage.
1956-02-01,us,goldilocks,neutral,0.4243598461815384,fair,high,2.0,bullish,0.0,neutral,-1.0,cautious,-1.0,cautious,high,Macro and valuation inputs are both available with strong coverage.
1956-03-01,us,goldilocks,neutral,0.3587853118607876,fair,high,2.0,bullish,0.0,neutral,-1.0,cautious,-1.0,cautious,high,Macro and valuation inputs are both available with strong coverage.
1956-04-01,us,goldilocks,tight,0.3302326690494073,fair,high,1.0,neutral,0.5,neutral,-1.5,cautious,1.0,neutral,high,Macro and valuation inputs are both available with strong coverage.
1956-05-01,us,slowdown,tight,0.3944318456888964,fair,high,-2.0,cautious,2.5,bullish,-1.0,cautious,3.0,bullish,high,Macro and valuation inputs are both available with strong coverage.
1956-06-01,us,slowdown,tight,0.4644686686607734,fair,high,-2.0,cautious,2.5,bullish,-1.0,cautious,3.0,bullish,high,Macro and valuation inputs are both available with strong coverage.
1956-07-01,us,slowdown,neutral,0.4083530185537763,fair,high,-1.0,cautious,2.0,bullish,-0.5,neutral,1.0,neutral,high,Macro and valuation inputs are both available with strong coverage.
1956-08-01,us,slowdown,tight,0.4201713223558609,fair,high,-2.0,cautious,2.5,bullish,-1.0,cautious,3.0,bullish,high,Macro and valuation inputs are both available with strong coverage.
1956-09-01,us,slowdown,tight,0.3994858948264078,fair,high,-2.0,cautious,2.5,bullish,-1.0,cautious,3.0,bullish,high,Macro and valuation inputs are both available with strong coverage.
1956-10-01,us,slowdown,tight,0.4749781618691591,fair,high,-2.0,cautious,2.5,bullish,-1.0,cautious,3.0,bullish,high,Macro and valuation inputs are both available with strong coverage.
1956-11-01,us,slowdown,tight,0.4729589343289819,fair,high,-2.0,cautious,2.5,bullish,-1.0,cautious,3.0,bullish,high,Macro and valuation inputs are both available with strong coverage.
1956-12-01,us,slowdown,neutral,0.4820680187501384,fair,high,-1.0,cautious,2.0,bullish,-0.5,neutral,1.0,neutral,high,Macro and valuation inputs are both available with strong coverage.
1957-01-01,us,stagflation,neutral,0.554398396366927,cheap,high,-1.0,cautious,-3.0,cautious,1.5,neutral,0.0,neutral,high,Macro and valuation inputs are both available with strong coverage.
1957-02-01,us,reflation,neutral,0.626981679980064,cheap,high,2.0,bullish,-2.0,cautious,-0.5,neutral,-1.0,cautious,high,Macro and valuation inputs are both available with strong coverage.
1957-03-01,us,reflation,neutral,0.6246003990372694,cheap,high,2.0,bullish,-2.0,cautious,-0.5,neutral,-1.0,cautious,high,Macro and valuation inputs are both available with strong coverage.
1957-04-01,us,reflation,neutral,0.6021130407504585,cheap,high,2.0,bullish,-2.0,cautious,-0.5,neutral,-1.0,cautious,high,Macro and valuation inputs are both available with strong coverage.
1957-05-01,us,reflation,tight,0.5455321557791557,cheap,high,1.0,neutral,-1.5,cautious,-1.0,cautious,1.0,neutral,high,Macro and valuation inputs are both available with strong coverage.
1957-06-01,us,stagflation,tight,0.5182468702074962,cheap,high,-2.0,cautious,-2.5,cautious,1.0,neutral,2.0,bullish,high,Macro and valuation inputs are both available with strong coverage.
1957-07-01,us,stagflation,tight,0.4787513292272307,fair,high,-3.0,cautious,-1.5,cautious,1.5,neutral,3.0,bullish,high,Macro and valuation inputs are both available with strong coverage.
1957-08-01,us,stagflation,tight,0.5438498873025897,cheap,high,-2.0,cautious,-2.5,cautious,1.0,neutral,2.0,bullish,high,Macro and valuation inputs are both available with strong coverage.
1957-09-01,us,stagflation,tight,0.5716737793392731,cheap,high,-2.0,cautious,-2.5,cautious,1.0,neutral,2.0,bullish,high,Macro and valuation inputs are both available with strong coverage.
1957-10-01,us,stagflation,tight,0.589181902806633,cheap,high,-2.0,cautious,-2.5,cautious,1.0,neutral,2.0,bullish,high,Macro and valuation inputs are both available with strong coverage.
1957-11-01,us,stagflation,neutral,0.6742351079643161,cheap,high,-1.0,cautious,-3.0,cautious,1.5,neutral,0.0,neutral,high,Macro and valuation inputs are both available with strong coverage.
1957-12-01,us,stagflation,easy,0.7063204318958223,cheap,high,0.0,neutral,-3.5,cautious,2.0,bullish,-1.0,cautious,high,Macro and valuation inputs are both available with strong coverage.
1958-01-01,us,stagflation,easy,0.7410846261057805,cheap,high,0.0,neutral,-3.5,cautious,2.0,bullish,-1.0,cautious,high,Macro and valuation inputs are both available with strong coverage.
1958-02-01,us,stagflation,easy,0.8332506471652394,cheap,high,0.0,neutral,-3.5,cautious,2.0,bullish,-1.0,cautious,high,Macro and valuation inputs are both available with strong coverage.
1958-03-01,us,slowdown,easy,0.8861334414142734,cheap,high,1.0,neutral,0.5,neutral,-0.5,neutral,-1.0,cautious,high,Macro and valuation inputs are both available with strong coverage.
1958-04-01,us,slowdown,easy,0.8571292769448915,cheap,high,1.0,neutral,0.5,neutral,-0.5,neutral,-1.0,cautious,high,Macro and valuation inputs are both available with strong coverage.
1958-05-01,us,slowdown,easy,0.8596439411580171,cheap,high,1.0,neutral,0.5,neutral,-0.5,neutral,-1.0,cautious,high,Macro and valuation inputs are both available with strong coverage.
1958-06-01,us,slowdown,easy,0.7305373276930559,cheap,high,1.0,neutral,0.5,neutral,-0.5,neutral,-1.0,cautious,high,Macro and valuation inputs are both available with strong coverage.
1958-07-01,us,slowdown,easy,0.6904281455423064,cheap,high,1.0,neutral,0.5,neutral,-0.5,neutral,-1.0,cautious,high,Macro and valuation inputs are both available with strong coverage.
1958-08-01,us,slowdown,tight,0.5066447692606781,cheap,high,-1.0,cautious,1.5,neutral,-1.5,cautious,2.0,bullish,high,Macro and valuation inputs are both available with strong coverage.
1958-09-01,us,slowdown,tight,0.4134686886796367,fair,high,-2.0,cautious,2.5,bullish,-1.0,cautious,3.0,bullish,high,Macro and valuation inputs are both available with strong coverage.
1958-10-01,us,slowdown,tight,0.3613711580360287,fair,high,-2.0,cautious,2.5,bullish,-1.0,cautious,3.0,bullish,high,Macro and valuation inputs are both available with strong coverage.
1958-11-01,us,slowdown,tight,0.2544680720292584,fair,high,-2.0,cautious,2.5,bullish,-1.0,cautious,3.0,bullish,high,Macro and valuation inputs are both available with strong coverage.
1958-12-01,us,slowdown,tight,0.1958601815997813,fair,high,-2.0,cautious,2.5,bullish,-1.0,cautious,3.0,bullish,high,Macro and valuation inputs are both available with strong coverage.
1959-01-01,us,slowdown,tight,0.1189310816439504,fair,high,-2.0,cautious,2.5,bullish,-1.0,cautious,3.0,bullish,high,Macro and valuation inputs are both available with strong coverage.
1959-02-01,us,slowdown,neutral,0.1434130699941215,fair,high,-1.0,cautious,2.0,bullish,-0.5,neutral,1.0,neutral,high,Macro and valuation inputs are both available with strong coverage.
1959-03-01,us,slowdown,tight,0.0260865302673287,fair,high,-2.0,cautious,2.5,bullish,-1.0,cautious,3.0,bullish,high,Macro and valuation inputs are both available with strong coverage.
1959-04-01,us,goldilocks,tight,-0.0106219846484109,fair,high,1.0,neutral,0.5,neutral,-1.5,cautious,1.0,neutral,high,Macro and valuation inputs are both available with strong coverage.
1959-05-01,us,goldilocks,tight,0.0127488560438817,fair,high,1.0,neutral,0.5,neutral,-1.5,cautious,1.0,neutral,high,Macro and valuation inputs are both available with strong coverage.
1959-06-01,us,goldilocks,tight,0.0124787834575637,fair,high,1.0,neutral,0.5,neutral,-1.5,cautious,1.0,neutral,high,Macro and valuation inputs are both available with strong coverage.
1959-07-01,us,goldilocks,tight,-0.0268851383634863,fair,high,1.0,neutral,0.5,neutral,-1.5,cautious,1.0,neutral,high,Macro and valuation inputs are both available with strong coverage.
1959-08-01,us,slowdown,tight,-0.027697329071904,fair,high,-2.0,cautious,2.5,bullish,-1.0,cautious,3.0,bullish,high,Macro and valuation inputs are both available with strong coverage.
1959-09-01,us,slowdown,tight,0.0122278892824238,fair,high,-2.0,cautious,2.5,bullish,-1.0,cautious,3.0,bullish,high,Macro and valuation inputs are both available with strong coverage.
1959-10-01,us,slowdown,tight,0.0172846521067081,fair,high,-2.0,cautious,2.5,bullish,-1.0,cautious,3.0,bullish,high,Macro and valuation inputs are both available with strong coverage.
1959-11-01,us,slowdown,tight,-0.0039427594689447,fair,high,-2.0,cautious,2.5,bullish,-1.0,cautious,3.0,bullish,high,Macro and valuation inputs are both available with strong coverage.
1959-12-01,us,slowdown,tight,-0.0385960935286607,fair,high,-2.0,cautious,2.5,bullish,-1.0,cautious,3.0,bullish,high,Macro and valuation inputs are both available with strong coverage.
1960-01-01,us,slowdown,tight,-0.0421130834445718,fair,high,-2.0,cautious,2.5,bullish,-1.0,cautious,3.0,bullish,high,Macro and valuation inputs are both available with strong coverage.
1960-02-01,us,slowdown,neutral,0.0338864659082987,fair,high,-1.0,cautious,2.0,bullish,-0.5,neutral,1.0,neutral,high,Macro and valuation inputs are both available with strong coverage.
1960-03-01,us,slowdown,neutral,0.0848909266501325,fair,high,-1.0,cautious,2.0,bullish,-0.5,neutral,1.0,neutral,high,Macro and valuation inputs are both available with strong coverage.
1960-04-01,us,slowdown,neutral,0.0839159887961282,fair,high,-1.0,cautious,2.0,bullish,-0.5,neutral,1.0,neutral,high,Macro and valuation inputs are both available with strong coverage.
1960-05-01,us,slowdown,neutral,0.0818412206473938,fair,high,-1.0,cautious,2.0,bullish,-0.5,neutral,1.0,neutral,high,Macro and valuation inputs are both available with strong coverage.
1960-06-01,us,slowdown,neutral,0.0962509551539058,fair,high,-1.0,cautious,2.0,bullish,-0.5,neutral,1.0,neutral,high,Macro and valuation inputs are both available with strong coverage.
1960-07-01,us,slowdown,neutral,0.1196482837605678,fair,high,-1.0,cautious,2.0,bullish,-0.5,neutral,1.0,neutral,high,Macro and valuation inputs are both available with strong coverage.
1960-08-01,us,slowdown,easy,0.1508759396881505,fair,high,0.0,neutral,1.5,neutral,0.0,neutral,0.0,neutral,high,Macro and valuation inputs are both available with strong coverage.
1960-09-01,us,slowdown,easy,0.2184645480084042,fair,high,0.0,neutral,1.5,neutral,0.0,neutral,0.0,neutral,high,Macro and valuation inputs are both available with strong coverage.
1960-10-01,us,slowdown,easy,0.2693749506657685,fair,high,0.0,neutral,1.5,neutral,0.0,neutral,0.0,neutral,high,Macro and valuation inputs are both available with strong coverage.
1960-11-01,us,slowdown,easy,0.2419672818822417,fair,high,0.0,neutral,1.5,neutral,0.0,neutral,0.0,neutral,high,Macro and valuation inputs are both available with strong coverage.
1960-12-01,us,slowdown,easy,0.2674727931188229,fair,high,0.0,neutral,1.5,neutral,0.0,neutral,0.0,neutral,high,Macro and valuation inputs are both available with strong coverage.
1961-01-01,us,slowdown,easy,0.2803894862274008,fair,high,0.0,neutral,1.5,neutral,0.0,neutral,0.0,neutral,high,Macro and valuation inputs are both available with strong coverage.
1961-02-01,us,slowdown,easy,0.0649634228801038,fair,high,0.0,neutral,1.5,neutral,0.0,neutral,0.0,neutral,high,Macro and valuation inputs are both available with strong coverage.
1961-03-01,us,slowdown,easy,0.080199693752555,fair,high,0.0,neutral,1.5,neutral,0.0,neutral,0.0,neutral,high,Macro and valuation inputs are both available with strong coverage.
1961-04-01,us,slowdown,easy,0.0637877006949455,fair,high,0.0,neutral,1.5,neutral,0.0,neutral,0.0,neutral,high,Macro and valuation inputs are both available with strong coverage.
1961-05-01,us,slowdown,easy,-0.0150170504204127,fair,high,0.0,neutral,1.5,neutral,0.0,neutral,0.0,neutral,high,Macro and valuation inputs are both available with strong coverage.
1961-06-01,us,slowdown,easy,0.0115050034205296,fair,high,0.0,neutral,1.5,neutral,0.0,neutral,0.0,neutral,high,Macro and valuation inputs are both available with strong coverage.
1961-07-01,us,slowdown,easy,0.1298168236494044,fair,high,0.0,neutral,1.5,neutral,0.0,neutral,0.0,neutral,high,Macro and valuation inputs are both available with strong coverage.
1961-08-01,us,slowdown,neutral,-0.0379013660531038,fair,high,-1.0,cautious,2.0,bullish,-0.5,neutral,1.0,neutral,high,Macro and valuation inputs are both available with strong coverage.
1961-09-01,us,slowdown,neutral,0.0037366869330565,fair,high,-1.0,cautious,2.0,bullish,-0.5,neutral,1.0,neutral,high,Macro and valuation inputs are both available with strong coverage.
1961-10-01,us,slowdown,neutral,-0.0842556057677428,fair,high,-1.0,cautious,2.0,bullish,-0.5,neutral,1.0,neutral,high,Macro and valuation inputs are both available with strong coverage.
1961-11-01,us,slowdown,neutral,-0.1836137721293131,fair,high,-1.0,cautious,2.0,bullish,-0.5,neutral,1.0,neutral,high,Macro and valuation inputs are both available with strong coverage.
1961-12-01,us,slowdown,neutral,-0.1511401603594641,fair,high,-1.0,cautious,2.0,bullish,-0.5,neutral,1.0,neutral,high,Macro and valuation inputs are both available with strong coverage.
1962-01-01,us,slowdown,neutral,-0.0643542836862874,fair,high,-1.0,cautious,2.0,bullish,-0.5,neutral,1.0,neutral,high,Macro and valuation inputs are both available with strong coverage.
1962-02-01,us,slowdown,neutral,-0.077302332148992,fair,high,-1.0,cautious,2.0,bullish,-0.5,neutral,1.0,neutral,high,Macro and valuation inputs are both available with strong coverage.
1962-03-01,us,slowdown,neutral,-0.105776758965379,fair,high,-1.0,cautious,2.0,bullish,-0.5,neutral,1.0,neutral,high,Macro and valuation inputs are both available with strong coverage.
1962-04-01,us,slowdown,neutral,-0.0223992777201647,fair,high,-1.0,cautious,2.0,bullish,-0.5,neutral,1.0,neutral,high,Macro and valuation inputs are both available with strong coverage.
1962-05-01,us,slowdown,easy,0.136865221664689,fair,high,0.0,neutral,1.5,neutral,0.0,neutral,0.0,neutral,high,Macro and valuation inputs are both available with strong coverage.
1962-06-01,us,slowdown,neutral,0.2459986699730883,fair,high,-1.0,cautious,2.0,bullish,-0.5,neutral,1.0,neutral,high,Macro and valuation inputs are both available with strong coverage.
1962-07-01,us,slowdown,neutral,0.1971825720300742,fair,high,-1.0,cautious,2.0,bullish,-0.5,neutral,1.0,neutral,high,Macro and valuation inputs are both available with strong coverage.
1962-08-01,us,slowdown,neutral,0.1532594824572511,fair,high,-1.0,cautious,2.0,bullish,-0.5,neutral,1.0,neutral,high,Macro and valuation inputs are both available with strong coverage.
1962-09-01,us,slowdown,neutral,0.2022704904772514,fair,high,-1.0,cautious,2.0,bullish,-0.5,neutral,1.0,neutral,high,Macro and valuation inputs are both available with strong coverage.
1962-10-01,us,slowdown,neutral,0.243502909930863,fair,high,-1.0,cautious,2.0,bullish,-0.5,neutral,1.0,neutral,high,Macro and valuation inputs are both available with strong coverage.
1962-11-01,us,slowdown,neutral,0.1682538221300651,fair,high,-1.0,cautious,2.0,bullish,-0.5,neutral,1.0,neutral,high,Macro and valuation inputs are both available with strong coverage.
1962-12-01,us,slowdown,neutral,0.1226457217137684,fair,high,-1.0,cautious,2.0,bullish,-0.5,neutral,1.0,neutral,high,Macro and valuation inputs are both available with strong coverage.
1963-01-01,us,slowdown,neutral,0.0898876570735335,fair,high,-1.0,cautious,2.0,bullish,-0.5,neutral,1.0,neutral,high,Macro and valuation inputs are both available with strong coverage.
1963-02-01,us,slowdown,neutral,0.0555747775360555,fair,high,-1.0,cautious,2.0,bullish,-0.5,neutral,1.0,neutral,high,Macro and valuation inputs are both available with strong coverage.
1963-03-01,us,slowdown,neutral,0.0593767302561275,fair,high,-1.0,cautious,2.0,bullish,-0.5,neutral,1.0,neutral,high,Macro and valuation inputs are both available with strong coverage.
1963-04-01,us,slowdown,neutral,0.0017109146355183,fair,high,-1.0,cautious,2.0,bullish,-0.5,neutral,1.0,neutral,high,Macro and valuation inputs are both available with strong coverage.
1963-05-01,us,slowdown,neutral,-0.0252765732247671,fair,high,-1.0,cautious,2.0,bullish,-0.5,neutral,1.0,neutral,high,Macro and valuation inputs are both available with strong coverage.
1963-06-01,us,slowdown,neutral,0.0220980159847556,fair,high,-1.0,cautious,2.0,bullish,-0.5,neutral,1.0,neutral,high,Macro and valuation inputs are both available with strong coverage.
1963-07-01,us,slowdown,neutral,0.0659045091689316,fair,high,-1.0,cautious,2.0,bullish,-0.5,neutral,1.0,neutral,high,Macro and valuation inputs are both available with strong coverage.
1963-08-01,us,slowdown,neutral,-0.0204365070978007,fair,high,-1.0,cautious,2.0,bullish,-0.5,neutral,1.0,neutral,high,Macro and valuation inputs are both available with strong coverage.
1963-09-01,us,slowdown,neutral,-0.0920948472736542,fair,high,-1.0,cautious,2.0,bullish,-0.5,neutral,1.0,neutral,high,Macro and valuation inputs are both available with strong coverage.
1963-10-01,us,slowdown,neutral,-0.0733120869499347,fair,high,-1.0,cautious,2.0,bullish,-0.5,neutral,1.0,neutral,high,Macro and valuation inputs are both available with strong coverage.
1963-11-01,us,slowdown,neutral,-0.0504601426886148,fair,high,-1.0,cautious,2.0,bullish,-0.5,neutral,1.0,neutral,high,Macro and valuation inputs are both available with strong coverage.
1963-12-01,us,slowdown,neutral,-0.0310943407031145,fair,high,-1.0,cautious,2.0,bullish,-0.5,neutral,1.0,neutral,high,Macro and valuation inputs are both available with strong coverage.
1964-01-01,us,stagflation,neutral,-0.0730164564827426,fair,high,-2.0,cautious,-2.0,cautious,2.0,bullish,1.0,neutral,high,Macro and valuation inputs are both available with strong coverage.
1964-02-01,us,stagflation,neutral,-0.0956906863599719,fair,high,-2.0,cautious,-2.0,cautious,2.0,bullish,1.0,neutral,high,Macro and valuation inputs are both available with strong coverage.
1964-03-01,us,stagflation,neutral,-0.1041475320429676,fair,high,-2.0,cautious,-2.0,cautious,2.0,bullish,1.0,neutral,high,Macro and valuation inputs are both available with strong coverage.
1964-04-01,us,stagflation,neutral,-0.1064012522500407,fair,high,-2.0,cautious,-2.0,cautious,2.0,bullish,1.0,neutral,high,Macro and valuation inputs are both available with strong coverage.
1964-05-01,us,stagflation,neutral,-0.1112840782312778,fair,high,-2.0,cautious,-2.0,cautious,2.0,bullish,1.0,neutral,high,Macro and valuation inputs are both available with strong coverage.
1964-06-01,us,stagflation,neutral,-0.1086876746717735,fair,high,-2.0,cautious,-2.0,cautious,2.0,bullish,1.0,neutral,high,Macro and valuation inputs are both available with strong coverage.
1964-07-01,us,goldilocks,neutral,-0.1545220815245518,fair,high,2.0,bullish,0.0,neutral,-1.0,cautious,-1.0,cautious,high,Macro and valuation inputs are both available with strong coverage.
1964-08-01,us,goldilocks,neutral,-0.14588128038452,fair,high,2.0,bullish,0.0,neutral,-1.0,cautious,-1.0,cautious,high,Macro and valuation inputs are both available with strong coverage.
1964-09-01,us,goldilocks,neutral,-0.1339323932750129,fair,high,2.0,bullish,0.0,neutral,-1.0,cautious,-1.0,cautious,high,Macro and valuation inputs are both available with strong coverage.
1964-10-01,us,slowdown,neutral,-0.1356717678400533,fair,high,-1.0,cautious,2.0,bullish,-0.5,neutral,1.0,neutral,high,Macro and valuation inputs are both available with strong coverage.
1964-11-01,us,slowdown,neutral,-0.1407355635459819,fair,high,-1.0,cautious,2.0,bullish,-0.5,neutral,1.0,neutral,high,Macro and valuation inputs are both available with strong coverage.
1964-12-01,us,slowdown,neutral,-0.1708412127615814,fair,high,-1.0,cautious,2.0,bullish,-0.5,neutral,1.0,neutral,high,Macro and valuation inputs are both available with strong coverage.
1965-01-01,us,slowdown,neutral,-0.21108383818583,fair,high,-1.0,cautious,2.0,bullish,-0.5,neutral,1.0,neutral,high,Macro and valuation inputs are both available with strong coverage.
1965-02-01,us,slowdown,neutral,-0.2148928635727874,fair,high,-1.0,cautious,2.0,bullish,-0.5,neutral,1.0,neutral,high,Macro and valuation inputs are both available with strong coverage.
1965-03-01,us,goldilocks,neutral,-0.2141489897060963,fair,high,2.0,bullish,0.0,neutral,-1.0,cautious,-1.0,cautious,high,Macro and valuation inputs are both available with strong coverage.
1965-04-01,us,goldilocks,neutral,-0.2086154649330856,fair,high,2.0,bullish,0.0,neutral,-1.0,cautious,-1.0,cautious,high,Macro and valuation inputs are both available with strong coverage.
1965-05-01,us,goldilocks,neutral,-0.2013605783380861,fair,high,2.0,bullish,0.0,neutral,-1.0,cautious,-1.0,cautious,high,Macro and valuation inputs are both available with strong coverage.
1965-06-01,us,goldilocks,neutral,-0.09010570330825,fair,high,2.0,bullish,0.0,neutral,-1.0,cautious,-1.0,cautious,high,Macro and valuation inputs are both available with strong coverage.
1965-07-01,us,goldilocks,neutral,-0.0941516381649545,fair,high,2.0,bullish,0.0,neutral,-1.0,cautious,-1.0,cautious,high,Macro and valuation inputs are both available with strong coverage.
1965-08-01,us,goldilocks,neutral,-0.1323379972950027,fair,high,2.0,bullish,0.0,neutral,-1.0,cautious,-1.0,cautious,high,Macro and valuation inputs are both available with strong coverage.
1965-09-01,us,goldilocks,neutral,-0.1453143061323243,fair,high,2.0,bullish,0.0,neutral,-1.0,cautious,-1.0,cautious,high,Macro and valuation inputs are both available with strong coverage.
1965-10-01,us,goldilocks,neutral,-0.1738044519905254,fair,high,2.0,bullish,0.0,neutral,-1.0,cautious,-1.0,cautious,high,Macro and valuation inputs are both available with strong coverage.
1965-11-01,us,goldilocks,neutral,-0.176946678688758,fair,high,2.0,bullish,0.0,neutral,-1.0,cautious,-1.0,cautious,high,Macro and valuation inputs are both available with strong coverage.
1965-12-01,us,goldilocks,tight,-0.1759887296537413,fair,high,1.0,neutral,0.5,neutral,-1.5,cautious,1.0,neutral,high,Macro and valuation inputs are both available with strong coverage.
1966-01-01,us,goldilocks,tight,-0.2033512688937449,fair,high,1.0,neutral,0.5,neutral,-1.5,cautious,1.0,neutral,high,Macro and valuation inputs are both available with strong coverage.
1966-02-01,us,goldilocks,tight,-0.1607623233608121,fair,high,1.0,neutral,0.5,neutral,-1.5,cautious,1.0,neutral,high,Macro and valuation inputs are both available with strong coverage.
1966-03-01,us,goldilocks,tight,-0.0850173337914685,fair,high,1.0,neutral,0.5,neutral,-1.5,cautious,1.0,neutral,high,Macro and valuation inputs are both available with strong coverage.
1966-04-01,us,reflation,tight,-0.1052134575502179,fair,high,0.0,neutral,-0.5,neutral,-0.5,neutral,2.0,bullish,high,Macro and valuation inputs are both available with strong coverage.
1966-05-01,us,reflation,tight,-0.0647298995489863,fair,high,0.0,neutral,-0.5,neutral,-0.5,neutral,2.0,bullish,high,Macro and valuation inputs are both available with strong coverage.
1966-06-01,us,reflation,tight,-0.1089350081865675,fair,high,0.0,neutral,-0.5,neutral,-0.5,neutral,2.0,bullish,high,Macro and valuation inputs are both available with strong coverage.
1966-07-01,us,reflation,tight,-0.097929737692405,fair,high,0.0,neutral,-0.5,neutral,-0.5,neutral,2.0,bullish,high,Macro and valuation inputs are both available with strong coverage.
1966-08-01,us,reflation,tight,0.0137727372370248,fair,high,0.0,neutral,-0.5,neutral,-0.5,neutral,2.0,bullish,high,Macro and valuation inputs are both available with strong coverage.
1966-09-01,us,reflation,tight,0.0897069458465975,fair,high,0.0,neutral,-0.5,neutral,-0.5,neutral,2.0,bullish,high,Macro and valuation inputs are both available with strong coverage.
1966-10-01,us,reflation,tight,0.1142383085174205,fair,high,0.0,neutral,-0.5,neutral,-0.5,neutral,2.0,bullish,high,Macro and valuation inputs are both available with strong coverage.
1966-11-01,us,reflation,tight,0.0001482995554813,fair,high,0.0,neutral,-0.5,neutral,-0.5,neutral,2.0,bullish,high,Macro and valuation inputs are both available with strong coverage.
1966-12-01,us,reflation,neutral,0.0392804557189118,fair,high,1.0,neutral,-1.0,cautious,0.0,neutral,0.0,neutral,high,Macro and valuation inputs are both available with strong coverage.
1967-01-01,us,reflation,neutral,0.0426958724515589,fair,high,1.0,neutral,-1.0,cautious,0.0,neutral,0.0,neutral,high,Macro and valuation inputs are both available with strong coverage.
1967-02-01,us,reflation,neutral,-0.0414798410455796,fair,high,1.0,neutral,-1.0,cautious,0.0,neutral,0.0,neutral,high,Macro and valuation inputs are both available with strong coverage.
1967-03-01,us,reflation,neutral,-0.0368710806043004,fair,high,1.0,neutral,-1.0,cautious,0.0,neutral,0.0,neutral,high,Macro and valuation inputs are both available with strong coverage.
1967-04-01,us,reflation,neutral,-0.0018952842118276,fair,high,1.0,neutral,-1.0,cautious,0.0,neutral,0.0,neutral,high,Macro and valuation inputs are both available with strong coverage.
1967-05-01,us,reflation,neutral,-0.0417780151461213,fair,high,1.0,neutral,-1.0,cautious,0.0,neutral,0.0,neutral,high,Macro and valuation inputs are both available with strong coverage.
1967-06-01,us,reflation,neutral,0.0034560475164872,fair,high,1.0,neutral,-1.0,cautious,0.0,neutral,0.0,neutral,high,Macro and valuation inputs are both available with strong coverage.
1967-07-01,us,reflation,neutral,0.0090697756839915,fair,high,1.0,neutral,-1.0,cautious,0.0,neutral,0.0,neutral,high,Macro and valuation inputs are both available with strong coverage.
1967-08-01,us,reflation,neutral,-0.0556679201930113,fair,high,1.0,neutral,-1.0,cautious,0.0,neutral,0.0,neutral,high,Macro and valuation inputs are both available with strong coverage.
1967-09-01,us,reflation,neutral,-0.0860341582923319,fair,high,1.0,neutral,-1.0,cautious,0.0,neutral,0.0,neutral,high,Macro and valuation inputs are both available with strong coverage.
1967-10-01,us,reflation,neutral,-0.0726029595701813,fair,high,1.0,neutral,-1.0,cautious,0.0,neutral,0.0,neutral,high,Macro and valuation inputs are both available with strong coverage.
1967-11-01,us,reflation,neutral,-0.026574007685873,fair,high,1.0,neutral,-1.0,cautious,0.0,neutral,0.0,neutral,high,Macro and valuation inputs are both available with strong coverage.
1967-12-01,us,reflation,tight,-0.0919032699891354,fair,high,0.0,neutral,-0.5,neutral,-0.5,neutral,2.0,bullish,high,Macro and valuation inputs are both available with strong coverage.
1968-01-01,us,reflation,neutral,-0.0548163283739218,fair,high,1.0,neutral,-1.0,cautious,0.0,neutral,0.0,neutral,high,Macro and valuation inputs are both available with strong coverage.
1968-02-01,us,reflation,neutral,-0.0024609693568314,fair,high,1.0,neutral,-1.0,cautious,0.0,neutral,0.0,neutral,high,Macro and valuation inputs are both available with strong coverage.
1968-03-01,us,reflation,neutral,0.0043992698793892,fair,high,1.0,neutral,-1.0,cautious,0.0,neutral,0.0,neutral,high,Macro and valuation inputs are both available with strong coverage.
1968-04-01,us,reflation,tight,-0.1682360463512004,fair,high,0.0,neutral,-0.5,neutral,-0.5,neutral,2.0,bullish,high,Macro and valuation inputs are both available with strong coverage.
1968-05-01,us,reflation,tight,-0.2180890378370461,fair,high,0.0,neutral,-0.5,neutral,-0.5,neutral,2.0,bullish,high,Macro and valuation inputs are both available with strong coverage.
1968-06-01,us,reflation,tight,-0.2322017699710531,fair,high,0.0,neutral,-0.5,neutral,-0.5,neutral,2.0,bullish,high,Macro and valuation inputs are both available with strong coverage.
1968-07-01,us,reflation,neutral,-0.1838788908289426,fair,high,1.0,neutral,-1.0,cautious,0.0,neutral,0.0,neutral,high,Macro and valuation inputs are both available with strong coverage.
1968-08-01,us,reflation,neutral,-0.1456108164239726,fair,high,1.0,neutral,-1.0,cautious,0.0,neutral,0.0,neutral,high,Macro and valuation inputs are both available with strong coverage.
1968-09-01,us,reflation,neutral,-0.1495077679166972,fair,high,1.0,neutral,-1.0,cautious,0.0,neutral,0.0,neutral,high,Macro and valuation inputs are both available with strong coverage.
1968-10-01,us,reflation,neutral,-0.1701462177665283,fair,high,1.0,neutral,-1.0,cautious,0.0,neutral,0.0,neutral,high,Macro and valuation inputs are both available with strong coverage.
1968-11-01,us,reflation,tight,-0.2015384676514797,fair,high,0.0,neutral,-0.5,neutral,-0.5,neutral,2.0,bullish,high,Macro and valuation inputs are both available with strong coverage.
1968-12-01,us,reflation,tight,-0.2212998607621753,fair,high,0.0,neutral,-0.5,neutral,-0.5,neutral,2.0,bullish,high,Macro and valuation inputs are both available with strong coverage.
1969-01-01,us,reflation,tight,-0.1964566024966099,fair,high,0.0,neutral,-0.5,neutral,-0.5,neutral,2.0,bullish,high,Macro and valuation inputs are both available with strong coverage.
1969-02-01,us,reflation,tight,-0.2303631182643775,fair,high,0.0,neutral,-0.5,neutral,-0.5,neutral,2.0,bullish,high,Macro and valuation inputs are both available with strong coverage.
1969-03-01,us,reflation,tight,-0.173823021309481,fair,high,0.0,neutral,-0.5,neutral,-0.5,neutral,2.0,bullish,high,Macro and valuation inputs are both available with strong coverage.
1969-04-01,us,reflation,tight,-0.2476335013118874,fair,high,0.0,neutral,-0.5,neutral,-0.5,neutral,2.0,bullish,high,Macro and valuation inputs are both available with strong coverage.
1969-05-01,us,reflation,tight,-0.4547827053287496,fair,high,0.0,neutral,-0.5,neutral,-0.5,neutral,2.0,bullish,high,Macro and valuation inputs are both available with strong coverage.
1969-06-01,us,reflation,tight,-0.4233955159074516,fair,high,0.0,neutral,-0.5,neutral,-0.5,neutral,2.0,bullish,high,Macro and valuation inputs are both available with strong coverage.
1969-07-01,us,reflation,tight,-0.3304691415122076,fair,high,0.0,neutral,-0.5,neutral,-0.5,neutral,2.0,bullish,high,Macro and valuation inputs are both available with strong coverage.
1969-08-01,us,reflation,tight,-0.3927299523239889,fair,high,0.0,neutral,-0.5,neutral,-0.5,neutral,2.0,bullish,high,Macro and valuation inputs are both available with strong coverage.
1969-09-01,us,reflation,tight,-0.3826343127326493,fair,high,0.0,neutral,-0.5,neutral,-0.5,neutral,2.0,bullish,high,Macro and valuation inputs are both available with strong coverage.
1969-10-01,us,reflation,tight,-0.3781372417033527,fair,high,0.0,neutral,-0.5,neutral,-0.5,neutral,2.0,bullish,high,Macro and valuation inputs are both available with strong coverage.
1969-11-01,us,reflation,tight,-0.3486651167704694,fair,high,0.0,neutral,-0.5,neutral,-0.5,neutral,2.0,bullish,high,Macro and valuation inputs are both available with strong coverage.
1969-12-01,us,reflation,tight,-0.3208087956413035,fair,high,0.0,neutral,-0.5,neutral,-0.5,neutral,2.0,bullish,high,Macro and valuation inputs are both available with strong coverage.
1970-01-01,us,reflation,tight,-0.2998430644757518,fair,high,0.0,neutral,-0.5,neutral,-0.5,neutral,2.0,bullish,high,Macro and valuation inputs are both available with strong coverage.
1970-02-01,us,stagflation,tight,-0.2189813039245661,fair,high,-3.0,cautious,-1.5,cautious,1.5,neutral,3.0,bullish,high,Macro and valuation inputs are both available with strong coverage.
1970-03-01,us,stagflation,neutral,-0.1069049052805906,fair,high,-2.0,cautious,-2.0,cautious,2.0,bullish,1.0,neutral,high,Macro and valuation inputs are both available with strong coverage.
1970-04-01,us,stagflation,neutral,-0.1295457929640753,fair,high,-2.0,cautious,-2.0,cautious,2.0,bullish,1.0,neutral,high,Macro and valuation inputs are both available with strong coverage.
1970-05-01,us,stagflation,tight,0.0118416400334242,fair,high,-3.0,cautious,-1.5,cautious,1.5,neutral,3.0,bullish,high,Macro and valuation inputs are both available with strong coverage.
1970-06-01,us,stagflation,tight,0.059186225637945,fair,high,-3.0,cautious,-1.5,cautious,1.5,neutral,3.0,bullish,high,Macro and valuation inputs are both available with strong coverage.
1970-07-01,us,stagflation,neutral,0.0918042314419959,fair,high,-2.0,cautious,-2.0,cautious,2.0,bullish,1.0,neutral,high,Macro and valuation inputs are both available with strong coverage.
1970-08-01,us,stagflation,neutral,0.12346581007974,fair,high,-2.0,cautious,-2.0,cautious,2.0,bullish,1.0,neutral,high,Macro and valuation inputs are both available with strong coverage.
1970-09-01,us,stagflation,easy,0.0943125968214446,fair,high,-1.0,cautious,-2.5,cautious,2.5,bullish,0.0,neutral,high,Macro and valuation inputs are both available with strong coverage.
1970-10-01,us,stagflation,neutral,0.0709967657374242,fair,high,-2.0,cautious,-2.0,cautious,2.0,bullish,1.0,neutral,high,Macro and valuation inputs are both available with strong coverage.
1970-11-01,us,stagflation,easy,0.1559726917816228,fair,high,-1.0,cautious,-2.5,cautious,2.5,bullish,0.0,neutral,high,Macro and valuation inputs are both available with strong coverage.
1970-12-01,us,stagflation,easy,0.1740048339101973,fair,high,-1.0,cautious,-2.5,cautious,2.5,bullish,0.0,neutral,high,Macro and valuation inputs are both available with strong coverage.
1971-01-01,us,stagflation,easy,0.2146447929416903,fair,high,-1.0,cautious,-2.5,cautious,2.5,bullish,0.0,neutral,high,Macro and valuation inputs are both available with strong coverage.
1971-02-01,us,stagflation,easy,0.1891629867467875,fair,high,-1.0,cautious,-2.5,cautious,2.5,bullish,0.0,neutral,high,Macro and valuation inputs are both available with strong coverage.
1971-03-01,us,stagflation,easy,0.1579110443590766,fair,high,-1.0,cautious,-2.5,cautious,2.5,bullish,0.0,neutral,high,Macro and valuation inputs are both available with strong coverage.
1971-04-01,us,stagflation,easy,0.0378862208807593,fair,high,-1.0,cautious,-2.5,cautious,2.5,bullish,0.0,neutral,high,Macro and valuation inputs are both available with strong coverage.
1971-05-01,us,stagflation,neutral,0.001035844891892,fair,high,-2.0,cautious,-2.0,cautious,2.0,bullish,1.0,neutral,high,Macro and valuation inputs are both available with strong coverage.
1971-06-01,us,stagflation,neutral,-0.0109560325764868,fair,high,-2.0,cautious,-2.0,cautious,2.0,bullish,1.0,neutral,high,Macro and valuation inputs are both available with strong coverage.
1971-07-01,us,stagflation,tight,-0.0554917134114317,fair,high,-3.0,cautious,-1.5,cautious,1.5,neutral,3.0,bullish,high,Macro and valuation inputs are both available with strong coverage.
1971-08-01,us,stagflation,neutral,-0.0561309858058496,fair,high,-2.0,cautious,-2.0,cautious,2.0,bullish,1.0,neutral,high,Macro and valuation inputs are both available with strong coverage.
1971-09-01,us,stagflation,easy,-0.0811176895704936,fair,high,-1.0,cautious,-2.5,cautious,2.5,bullish,0.0,neutral,high,Macro and valuation inputs are both available with strong coverage.
1971-10-01,us,stagflation,easy,-0.0103746208265792,fair,high,-1.0,cautious,-2.5,cautious,2.5,bullish,0.0,neutral,high,Macro and valuation inputs are both available with strong coverage.
1971-11-01,us,stagflation,easy,0.0793704449998366,fair,high,-1.0,cautious,-2.5,cautious,2.5,bullish,0.0,neutral,high,Macro and valuation inputs are both available with strong coverage.
1971-12-01,us,stagflation,easy,0.0895335236043636,fair,high,-1.0,cautious,-2.5,cautious,2.5,bullish,0.0,neutral,high,Macro and valuation inputs are both available with strong coverage.
1972-01-01,us,stagflation,easy,0.1265687664826219,fair,high,-1.0,cautious,-2.5,cautious,2.5,bullish,0.0,neutral,high,Macro and valuation inputs are both available with strong coverage.
1972-02-01,us,stagflation,easy,0.176842533420355,fair,high,-1.0,cautious,-2.5,cautious,2.5,bullish,0.0,neutral,high,Macro and valuation inputs are both available with strong coverage.
1972-03-01,us,stagflation,easy,0.0645867862924888,fair,high,-1.0,cautious,-2.5,cautious,2.5,bullish,0.0,neutral,high,Macro and valuation inputs are both available with strong coverage.
1972-04-01,us,stagflation,neutral,0.012439043198002,fair,high,-2.0,cautious,-2.0,cautious,2.0,bullish,1.0,neutral,high,Macro and valuation inputs are both available with strong coverage.
1972-05-01,us,stagflation,neutral,0.000833982389564,fair,high,-2.0,cautious,-2.0,cautious,2.0,bullish,1.0,neutral,high,Macro and valuation inputs are both available with strong coverage.
1972-06-01,us,stagflation,neutral,-0.0389168257907715,fair,high,-2.0,cautious,-2.0,cautious,2.0,bullish,1.0,neutral,high,Macro and valuation inputs are both available with strong coverage.
1972-07-01,us,stagflation,neutral,-0.0325485758269795,fair,high,-2.0,cautious,-2.0,cautious,2.0,bullish,1.0,neutral,high,Macro and valuation inputs are both available with strong coverage.
1972-08-01,us,stagflation,neutral,-0.103325278881617,fair,high,-2.0,cautious,-2.0,cautious,2.0,bullish,1.0,neutral,high,Macro and valuation inputs are both available with strong coverage.
1972-09-01,us,stagflation,neutral,-0.0773098549457406,fair,high,-2.0,cautious,-2.0,cautious,2.0,bullish,1.0,neutral,high,Macro and valuation inputs are both available with strong coverage.
1972-10-01,us,stagflation,neutral,-0.0858319230741557,fair,high,-2.0,cautious,-2.0,cautious,2.0,bullish,1.0,neutral,high,Macro and valuation inputs are both available with strong coverage.
1972-11-01,us,stagflation,neutral,-0.1065494101769599,fair,high,-2.0,cautious,-2.0,cautious,2.0,bullish,1.0,neutral,high,Macro and valuation inputs are both available with strong coverage.
1972-12-01,us,stagflation,neutral,-0.1578124742628026,fair,high,-2.0,cautious,-2.0,cautious,2.0,bullish,1.0,neutral,high,Macro and valuation inputs are both available with strong coverage.
1973-01-01,us,stagflation,neutral,-0.2130445325543563,fair,high,-2.0,cautious,-2.0,cautious,2.0,bullish,1.0,neutral,high,Macro and valuation inputs are both available with strong coverage.
1973-02-01,us,stagflation,tight,-0.2210965302680814,fair,high,-3.0,cautious,-1.5,cautious,1.5,neutral,3.0,bullish,high,Macro and valuation inputs are both available with strong coverage.
1973-03-01,us,reflation,tight,-0.1708896966658934,fair,high,0.0,neutral,-0.5,neutral,-0.5,neutral,2.0,bullish,high,Macro and valuation inputs are both available with strong coverage.
1973-04-01,us,reflation,tight,-0.0918086499840709,fair,high,0.0,neutral,-0.5,neutral,-0.5,neutral,2.0,bullish,high,Macro and valuation inputs are both available with strong coverage.
1973-05-01,us,reflation,tight,-0.1175996338782008,fair,high,0.0,neutral,-0.5,neutral,-0.5,neutral,2.0,bullish,high,Macro and valuation inputs are both available with strong coverage.
1973-06-01,us,reflation,tight,-0.1179067457041795,fair,high,0.0,neutral,-0.5,neutral,-0.5,neutral,2.0,bullish,high,Macro and valuation inputs are both available with strong coverage.
1973-07-01,us,reflation,tight,-0.3871881085175847,fair,high,0.0,neutral,-0.5,neutral,-0.5,neutral,2.0,bullish,high,Macro and valuation inputs are both available with strong coverage.
1973-08-01,us,reflation,tight,-0.2255700239411116,fair,high,0.0,neutral,-0.5,neutral,-0.5,neutral,2.0,bullish,high,Macro and valuation inputs are both available with strong coverage.
1973-09-01,us,reflation,tight,-0.2559228012992397,fair,high,0.0,neutral,-0.5,neutral,-0.5,neutral,2.0,bullish,high,Macro and valuation inputs are both available with strong coverage.
1973-10-01,us,reflation,neutral,-0.1137554233045734,fair,high,1.0,neutral,-1.0,cautious,0.0,neutral,0.0,neutral,high,Macro and valuation inputs are both available with strong coverage.
1973-11-01,us,reflation,neutral,0.0131102535043536,fair,high,1.0,neutral,-1.0,cautious,0.0,neutral,0.0,neutral,high,Macro and valuation inputs are both available with strong coverage.
1973-12-01,us,reflation,neutral,0.1909376054385988,fair,high,1.0,neutral,-1.0,cautious,0.0,neutral,0.0,neutral,high,Macro and valuation inputs are both available with strong coverage.
1974-01-01,us,stagflation,tight,0.2690300087796892,fair,high,-3.0,cautious,-1.5,cautious,1.5,neutral,3.0,bullish,high,Macro and valuation inputs are both available with strong coverage.
1974-02-01,us,stagflation,neutral,0.4379989892729495,fair,high,-2.0,cautious,-2.0,cautious,2.0,bullish,1.0,neutral,high,Macro and valuation inputs are both available with strong coverage.
1974-03-01,us,stagflation,tight,0.3513896557535413,fair,high,-3.0,cautious,-1.5,cautious,1.5,neutral,3.0,bullish,high,Macro and valuation inputs are both available with strong coverage.
1974-04-01,us,stagflation,tight,0.2663181538514414,fair,high,-3.0,cautious,-1.5,cautious,1.5,neutral,3.0,bullish,high,Macro and valuation inputs are both available with strong coverage.
1974-05-01,us,stagflation,tight,0.270022937397084,fair,high,-3.0,cautious,-1.5,cautious,1.5,neutral,3.0,bullish,high,Macro and valuation inputs are both available with strong coverage.
1974-06-01,us,stagflation,tight,0.2187686257833785,fair,high,-3.0,cautious,-1.5,cautious,1.5,neutral,3.0,bullish,high,Macro and valuation inputs are both available with strong coverage.
1974-07-01,us,stagflation,tight,0.3169755262795937,fair,high,-3.0,cautious,-1.5,cautious,1.5,neutral,3.0,bullish,high,Macro and valuation inputs are both available with strong coverage.
1974-08-01,us,stagflation,tight,0.4492918123430448,fair,high,-3.0,cautious,-1.5,cautious,1.5,neutral,3.0,bullish,high,Macro and valuation inputs are both available with strong coverage.
1974-09-01,us,stagflation,tight,0.7977278691678845,cheap,high,-2.0,cautious,-2.5,cautious,1.0,neutral,2.0,bullish,high,Macro and valuation inputs are both available with strong coverage.
1974-10-01,us,stagflation,neutral,0.9251986969316726,cheap,high,-1.0,cautious,-3.0,cautious,1.5,neutral,0.0,neutral,high,Macro and valuation inputs are both available with strong coverage.
1974-11-01,us,stagflation,neutral,0.9875522571291808,cheap,high,-1.0,cautious,-3.0,cautious,1.5,neutral,0.0,neutral,high,Macro and valuation inputs are both available with strong coverage.
1974-12-01,us,stagflation,easy,1.194859883643531,cheap,high,0.0,neutral,-3.5,cautious,2.0,bullish,-1.0,cautious,high,Macro and valuation inputs are both available with strong coverage.
1975-01-01,us,stagflation,easy,1.224994204633039,cheap,high,0.0,neutral,-3.5,cautious,2.0,bullish,-1.0,cautious,high,Macro and valuation inputs are both available with strong coverage.
1975-02-01,us,stagflation,easy,1.1630892145860898,cheap,high,0.0,neutral,-3.5,cautious,2.0,bullish,-1.0,cautious,high,Macro and valuation inputs are both available with strong coverage.
1975-03-01,us,stagflation,neutral,1.116101976987281,cheap,high,-1.0,cautious,-3.0,cautious,1.5,neutral,0.0,neutral,high,Macro and valuation inputs are both available with strong coverage.
1975-04-01,us,stagflation,neutral,1.0600340963812016,cheap,high,-1.0,cautious,-3.0,cautious,1.5,neutral,0.0,neutral,high,Macro and valuation inputs are both available with strong coverage.
1975-05-01,us,stagflation,neutral,0.9529323966412714,cheap,high,-1.0,cautious,-3.0,cautious,1.5,neutral,0.0,neutral,high,Macro and valuation inputs are both available with strong coverage.
1975-06-01,us,stagflation,neutral,0.877803579316038,cheap,high,-1.0,cautious,-3.0,cautious,1.5,neutral,0.0,neutral,high,Macro and valuation inputs are both available with strong coverage.
1975-07-01,us,stagflation,neutral,0.8311436958208217,cheap,high,-1.0,cautious,-3.0,cautious,1.5,neutral,0.0,neutral,high,Macro and valuation inputs are both available with strong coverage.
1975-08-01,us,stagflation,neutral,0.8231784075487948,cheap,high,-1.0,cautious,-3.0,cautious,1.5,neutral,0.0,neutral,high,Macro and valuation inputs are both available with strong coverage.
1975-09-01,us,stagflation,neutral,0.7686430635093071,cheap,high,-1.0,cautious,-3.0,cautious,1.5,neutral,0.0,neutral,high,Macro and valuation inputs are both available with strong coverage.
1975-10-01,us,stagflation,neutral,0.7685349023498625,cheap,high,-1.0,cautious,-3.0,cautious,1.5,neutral,0.0,neutral,high,Macro and valuation inputs are both available with strong coverage.
1975-11-01,us,stagflation,easy,0.8086679054425226,cheap,high,0.0,neutral,-3.5,cautious,2.0,bullish,-1.0,cautious,high,Macro and valuation inputs are both available with strong coverage.
1975-12-01,us,stagflation,easy,0.817700297564606,cheap,high,0.0,neutral,-3.5,cautious,2.0,bullish,-1.0,cautious,high,Macro and valuation inputs are both available with strong coverage.
1976-01-01,us,stagflation,easy,0.7497994809795753,cheap,high,0.0,neutral,-3.5,cautious,2.0,bullish,-1.0,cautious,high,Macro and valuation inputs are both available with strong coverage.
1976-02-01,us,stagflation,easy,0.7152045778779571,cheap,high,0.0,neutral,-3.5,cautious,2.0,bullish,-1.0,cautious,high,Macro and valuation inputs are both available with strong coverage.
1976-03-01,us,stagflation,easy,0.7114074649018103,cheap,high,0.0,neutral,-3.5,cautious,2.0,bullish,-1.0,cautious,high,Macro and valuation inputs are both available with strong coverage.
1976-04-01,us,stagflation,easy,0.7138153926634562,cheap,high,0.0,neutral,-3.5,cautious,2.0,bullish,-1.0,cautious,high,Macro and valuation inputs are both available with strong coverage.
1976-05-01,us,stagflation,neutral,0.704097412711376,cheap,high,-1.0,cautious,-3.0,cautious,1.5,neutral,0.0,neutral,high,Macro and valuation inputs are both available with strong coverage.
1976-06-01,us,stagflation,neutral,0.6808961968544547,cheap,high,-1.0,cautious,-3.0,cautious,1.5,neutral,0.0,neutral,high,Macro and valuation inputs are both available with strong coverage.
1976-07-01,us,stagflation,neutral,0.6563508346759495,cheap,high,-1.0,cautious,-3.0,cautious,1.5,neutral,0.0,neutral,high,Macro and valuation inputs are both available with strong coverage.
1976-08-01,us,stagflation,neutral,0.6904490341532928,cheap,high,-1.0,cautious,-3.0,cautious,1.5,neutral,0.0,neutral,high,Macro and valuation inputs are both available with strong coverage.
1976-09-01,us,stagflation,easy,0.6718492589636638,cheap,high,0.0,neutral,-3.5,cautious,2.0,bullish,-1.0,cautious,high,Macro and valuation inputs are both available with strong coverage.
1976-10-01,us,stagflation,easy,0.7475466057461979,cheap,high,0.0,neutral,-3.5,cautious,2.0,bullish,-1.0,cautious,high,Macro and valuation inputs are both available with strong coverage.
1976-11-01,us,stagflation,easy,0.7487762967577755,cheap,high,0.0,neutral,-3.5,cautious,2.0,bullish,-1.0,cautious,high,Macro and valuation inputs are both available with strong coverage.
1976-12-01,us,stagflation,easy,0.7677030298391987,cheap,high,0.0,neutral,-3.5,cautious,2.0,bullish,-1.0,cautious,high,Macro and valuation inputs are both available with strong coverage.
1977-01-01,us,stagflation,easy,0.8100899784905279,cheap,high,0.0,neutral,-3.5,cautious,2.0,bullish,-1.0,cautious,high,Macro and valuation inputs are both available with strong coverage.
1977-02-01,us,stagflation,neutral,0.8935541590371171,cheap,high,-1.0,cautious,-3.0,cautious,1.5,neutral,0.0,neutral,high,Macro and valuation inputs are both available with strong coverage.
1977-03-01,us,stagflation,neutral,0.9247625784579472,cheap,high,-1.0,cautious,-3.0,cautious,1.5,neutral,0.0,neutral,high,Macro and valuation inputs are both available with strong coverage.
1977-04-01,us,stagflation,neutral,0.9868997010765878,cheap,high,-1.0,cautious,-3.0,cautious,1.5,neutral,0.0,neutral,high,Macro and valuation inputs are both available with strong coverage.
1977-05-01,us,stagflation,neutral,0.916753891991532,cheap,high,-1.0,cautious,-3.0,cautious,1.5,neutral,0.0,neutral,high,Macro and valuation inputs are both available with strong coverage.
1977-06-01,us,stagflation,neutral,0.9200318027743256,cheap,high,-1.0,cautious,-3.0,cautious,1.5,neutral,0.0,neutral,high,Macro and valuation inputs are both available with strong coverage.
1977-07-01,us,stagflation,neutral,0.9127791016770658,cheap,high,-1.0,cautious,-3.0,cautious,1.5,neutral,0.0,neutral,high,Macro and valuation inputs are both available with strong coverage.
1977-08-01,us,stagflation,neutral,0.8921795658598738,cheap,high,-1.0,cautious,-3.0,cautious,1.5,neutral,0.0,neutral,high,Macro and valuation inputs are both available with strong coverage.
1977-09-01,us,stagflation,neutral,0.8798257799380157,cheap,high,-1.0,cautious,-3.0,cautious,1.5,neutral,0.0,neutral,high,Macro and valuation inputs are both available with strong coverage.
1977-10-01,us,stagflation,neutral,0.8718058615072538,cheap,high,-1.0,cautious,-3.0,cautious,1.5,neutral,0.0,neutral,high,Macro and valuation inputs are both available with strong coverage.
1977-11-01,us,stagflation,neutral,0.887618171080358,cheap,high,-1.0,cautious,-3.0,cautious,1.5,neutral,0.0,neutral,high,Macro and valuation inputs are both available with strong coverage.
1977-12-01,us,stagflation,neutral,0.8880343010715155,cheap,high,-1.0,cautious,-3.0,cautious,1.5,neutral,0.0,neutral,high,Macro and valuation inputs are both available with strong coverage.
1978-01-01,us,stagflation,neutral,0.9315917935096052,cheap,high,-1.0,cautious,-3.0,cautious,1.5,neutral,0.0,neutral,high,Macro and valuation inputs are both available with strong coverage.
1978-02-01,us,stagflation,tight,0.8995008850563577,cheap,high,-2.0,cautious,-2.5,cautious,1.0,neutral,2.0,bullish,high,Macro and valuation inputs are both available with strong coverage.
1978-03-01,us,stagflation,neutral,0.91197306767716,cheap,high,-1.0,cautious,-3.0,cautious,1.5,neutral,0.0,neutral,high,Macro and valuation inputs are both available with strong coverage.
1978-04-01,us,stagflation,neutral,0.868139396498635,cheap,high,-1.0,cautious,-3.0,cautious,1.5,neutral,0.0,neutral,high,Macro and valuation inputs are both available with strong coverage.
1978-05-01,us,stagflation,tight,0.8101582691460161,cheap,high,-2.0,cautious,-2.5,cautious,1.0,neutral,2.0,bullish,high,Macro and valuation inputs are both available with strong coverage.
1978-06-01,us,stagflation,tight,0.809021850527032,cheap,high,-2.0,cautious,-2.5,cautious,1.0,neutral,2.0,bullish,high,Macro and valuation inputs are both available with strong coverage.
1978-07-01,us,stagflation,tight,0.8171065173056234,cheap,high,-2.0,cautious,-2.5,cautious,1.0,neutral,2.0,bullish,high,Macro and valuation inputs are both available with strong coverage.
1978-08-01,us,stagflation,tight,0.7439685269834992,cheap,high,-2.0,cautious,-2.5,cautious,1.0,neutral,2.0,bullish,high,Macro and valuation inputs are both available with strong coverage.
1978-09-01,us,stagflation,tight,0.7528922799763409,cheap,high,-2.0,cautious,-2.5,cautious,1.0,neutral,2.0,bullish,high,Macro and valuation inputs are both available with strong coverage.
1978-10-01,us,stagflation,tight,0.7793643349934251,cheap,high,-2.0,cautious,-2.5,cautious,1.0,neutral,2.0,bullish,high,Macro and valuation inputs are both available with strong coverage.
1978-11-01,us,stagflation,tight,0.7753942330264252,cheap,high,-2.0,cautious,-2.5,cautious,1.0,neutral,2.0,bullish,high,Macro and valuation inputs are both available with strong coverage.
1978-12-01,us,stagflation,tight,0.7530184116781857,cheap,high,-2.0,cautious,-2.5,cautious,1.0,neutral,2.0,bullish,high,Macro and valuation inputs are both available with strong coverage.
1979-01-01,us,stagflation,tight,0.7441895245604965,cheap,high,-2.0,cautious,-2.5,cautious,1.0,neutral,2.0,bullish,high,Macro and valuation inputs are both available with strong coverage.
1979-02-01,us,stagflation,tight,0.8318584589879228,cheap,high,-2.0,cautious,-2.5,cautious,1.0,neutral,2.0,bullish,high,Macro and valuation inputs are both available with strong coverage.
1979-03-01,us,stagflation,tight,0.8610238095748691,cheap,high,-2.0,cautious,-2.5,cautious,1.0,neutral,2.0,bullish,high,Macro and valuation inputs are both available with strong coverage.
1979-04-01,us,stagflation,tight,0.8795748560770863,cheap,high,-2.0,cautious,-2.5,cautious,1.0,neutral,2.0,bullish,high,Macro and valuation inputs are both available with strong coverage.
1979-05-01,us,stagflation,tight,0.9160239499301198,cheap,high,-2.0,cautious,-2.5,cautious,1.0,neutral,2.0,bullish,high,Macro and valuation inputs are both available with strong coverage.
1979-06-01,us,stagflation,neutral,0.942575260041827,cheap,high,-1.0,cautious,-3.0,cautious,1.5,neutral,0.0,neutral,high,Macro and valuation inputs are both available with strong coverage.
1979-07-01,us,stagflation,neutral,0.9533846241332938,cheap,high,-1.0,cautious,-3.0,cautious,1.5,neutral,0.0,neutral,high,Macro and valuation inputs are both available with strong coverage.
1979-08-01,us,stagflation,tight,0.8894596835048695,cheap,high,-2.0,cautious,-2.5,cautious,1.0,neutral,2.0,bullish,high,Macro and valuation inputs are both available with strong coverage.
1979-09-01,us,stagflation,tight,0.8347341806823622,cheap,high,-2.0,cautious,-2.5,cautious,1.0,neutral,2.0,bullish,high,Macro and valuation inputs are both available with strong coverage.
1979-10-01,us,stagflation,tight,0.6204440401371977,cheap,high,-2.0,cautious,-2.5,cautious,1.0,neutral,2.0,bullish,high,Macro and valuation inputs are both available with strong coverage.
1979-11-01,us,stagflation,tight,0.7274068643756998,cheap,high,-2.0,cautious,-2.5,cautious,1.0,neutral,2.0,bullish,high,Macro and valuation inputs are both available with strong coverage.
1979-12-01,us,stagflation,tight,0.6740761754052342,cheap,high,-2.0,cautious,-2.5,cautious,1.0,neutral,2.0,bullish,high,Macro and valuation inputs are both available with strong coverage.
1980-01-01,us,stagflation,tight,0.6467479629397395,cheap,high,-2.0,cautious,-2.5,cautious,1.0,neutral,2.0,bullish,high,Macro and valuation inputs are both available with strong coverage.
1980-02-01,us,stagflation,tight,0.5504523016383347,cheap,high,-2.0,cautious,-2.5,cautious,1.0,neutral,2.0,bullish,high,Macro and valuation inputs are both available with strong coverage.
1980-03-01,us,stagflation,tight,0.3709157434128311,fair,high,-3.0,cautious,-1.5,cautious,1.5,neutral,3.0,bullish,high,Macro and valuation inputs are both available with strong coverage.
1980-04-01,us,stagflation,tight,0.3783965467493327,fair,high,-3.0,cautious,-1.5,cautious,1.5,neutral,3.0,bullish,high,Macro and valuation inputs are both available with strong coverage.
1980-05-01,us,stagflation,easy,1.0606403031690463,cheap,high,0.0,neutral,-3.5,cautious,2.0,bullish,-1.0,cautious,high,Macro and valuation inputs are both available with strong coverage.
1980-06-01,us,stagflation,easy,1.1436395918811824,cheap,high,0.0,neutral,-3.5,cautious,2.0,bullish,-1.0,cautious,high,Macro and valuation inputs are both available with strong coverage.
1980-07-01,us,stagflation,easy,1.0419975159927926,cheap,high,0.0,neutral,-3.5,cautious,2.0,bullish,-1.0,cautious,high,Macro and valuation inputs are both available with strong coverage.
1980-08-01,us,stagflation,tight,0.8959839171288642,cheap,high,-2.0,cautious,-2.5,cautious,1.0,neutral,2.0,bullish,high,Macro and valuation inputs are both available with strong coverage.
1980-09-01,us,stagflation,tight,0.7066699569936908,cheap,high,-2.0,cautious,-2.5,cautious,1.0,neutral,2.0,bullish,high,Macro and valuation inputs are both available with strong coverage.
1980-10-01,us,stagflation,tight,0.4541738998295623,fair,high,-3.0,cautious,-1.5,cautious,1.5,neutral,3.0,bullish,high,Macro and valuation inputs are both available with strong coverage.
1980-11-01,us,stagflation,tight,0.057823475158403,fair,high,-3.0,cautious,-1.5,cautious,1.5,neutral,3.0,bullish,high,Macro and valuation inputs are both available with strong coverage.
1980-12-01,us,stagflation,tight,-0.2729661882363766,fair,high,-3.0,cautious,-1.5,cautious,1.5,neutral,3.0,bullish,high,Macro and valuation inputs are both available with strong coverage.
1981-01-01,us,stagflation,tight,-0.2954735339486645,fair,high,-3.0,cautious,-1.5,cautious,1.5,neutral,3.0,bullish,high,Macro and valuation inputs are both available with strong coverage.
1981-02-01,us,stagflation,tight,0.0352746870301553,fair,high,-3.0,cautious,-1.5,cautious,1.5,neutral,3.0,bullish,high,Macro and valuation inputs are both available with strong coverage.
1981-03-01,us,stagflation,neutral,0.073505042142698,fair,high,-2.0,cautious,-2.0,cautious,2.0,bullish,1.0,neutral,high,Macro and valuation inputs are both available with strong coverage.
1981-04-01,us,stagflation,neutral,-0.0863886269743727,fair,high,-2.0,cautious,-2.0,cautious,2.0,bullish,1.0,neutral,high,Macro and valuation inputs are both available with strong coverage.
1981-05-01,us,stagflation,tight,-0.392538973025734,fair,high,-3.0,cautious,-1.5,cautious,1.5,neutral,3.0,bullish,high,Macro and valuation inputs are both available with strong coverage.
1981-06-01,us,stagflation,tight,-0.4369596653966353,fair,high,-3.0,cautious,-1.5,cautious,1.5,neutral,3.0,bullish,high,Macro and valuation inputs are both available with strong coverage.
1981-07-01,us,stagflation,tight,-0.3469744532194014,fair,high,-3.0,cautious,-1.5,cautious,1.5,neutral,3.0,bullish,high,Macro and valuation inputs are both available with strong coverage.
1981-08-01,us,stagflation,tight,-0.2286445346435936,fair,high,-3.0,cautious,-1.5,cautious,1.5,neutral,3.0,bullish,high,Macro and valuation inputs are both available with strong coverage.
1981-09-01,us,stagflation,tight,0.092178561361567,fair,high,-3.0,cautious,-1.5,cautious,1.5,neutral,3.0,bullish,high,Macro and valuation inputs are both available with strong coverage.
1981-10-01,us,stagflation,neutral,0.122853352369176,fair,high,-2.0,cautious,-2.0,cautious,2.0,bullish,1.0,neutral,high,Macro and valuation inputs are both available with strong coverage.
1981-11-01,us,stagflation,easy,0.2929159270936973,fair,high,-1.0,cautious,-2.5,cautious,2.5,bullish,0.0,neutral,high,Macro and valuation inputs are both available with strong coverage.
1981-12-01,us,stagflation,easy,0.3337752466976711,fair,high,-1.0,cautious,-2.5,cautious,2.5,bullish,0.0,neutral,high,Macro and valuation inputs are both available with strong coverage.
1982-01-01,us,stagflation,neutral,0.2079533192168734,fair,high,-2.0,cautious,-2.0,cautious,2.0,bullish,1.0,neutral,high,Macro and valuation inputs are both available with strong coverage.
1982-02-01,us,stagflation,tight,0.0157518874493129,fair,high,-3.0,cautious,-1.5,cautious,1.5,neutral,3.0,bullish,high,Macro and valuation inputs are both available with strong coverage.
1982-03-01,us,stagflation,tight,0.0201898147677361,fair,high,-3.0,cautious,-1.5,cautious,1.5,neutral,3.0,bullish,high,Macro and valuation inputs are both available with strong coverage.
1982-04-01,us,stagflation,neutral,-0.0970009169090433,fair,high,-2.0,cautious,-2.0,cautious,2.0,bullish,1.0,neutral,high,Macro and valuation inputs are both available with strong coverage.
1982-05-01,us,stagflation,neutral,-0.0302701056439765,fair,high,-2.0,cautious,-2.0,cautious,2.0,bullish,1.0,neutral,high,Macro and valuation inputs are both available with strong coverage.
1982-06-01,us,stagflation,neutral,0.05445173005901,fair,high,-2.0,cautious,-2.0,cautious,2.0,bullish,1.0,neutral,high,Macro and valuation inputs are both available with strong coverage.
1982-07-01,us,stagflation,neutral,0.1800927644858253,fair,high,-2.0,cautious,-2.0,cautious,2.0,bullish,1.0,neutral,high,Macro and valuation inputs are both available with strong coverage.
1982-08-01,us,stagflation,easy,0.4160853517265424,fair,high,-1.0,cautious,-2.5,cautious,2.5,bullish,0.0,neutral,high,Macro and valuation inputs are both available with strong coverage.
1982-09-01,us,stagflation,easy,0.213395037543466,fair,high,-1.0,cautious,-2.5,cautious,2.5,bullish,0.0,neutral,high,Macro and valuation inputs are both available with strong coverage.
1982-10-01,us,stagflation,easy,0.2248860974362123,fair,high,-1.0,cautious,-2.5,cautious,2.5,bullish,0.0,neutral,high,Macro and valuation inputs are both available with strong coverage.
1982-11-01,us,stagflation,easy,0.1927298968160357,fair,high,-1.0,cautious,-2.5,cautious,2.5,bullish,0.0,neutral,high,Macro and valuation inputs are both available with strong coverage.
1982-12-01,us,stagflation,easy,0.1466208965380571,fair,high,-1.0,cautious,-2.5,cautious,2.5,bullish,0.0,neutral,high,Macro and valuation inputs are both available with strong coverage.
1983-01-01,us,stagflation,neutral,0.1126498877522289,fair,high,-2.0,cautious,-2.0,cautious,2.0,bullish,1.0,neutral,high,Macro and valuation inputs are both available with strong coverage.
1983-02-01,us,stagflation,neutral,0.0869442719623447,fair,high,-2.0,cautious,-2.0,cautious,2.0,bullish,1.0,neutral,high,Macro and valuation inputs are both available with strong coverage.
1983-03-01,us,stagflation,neutral,0.0357669621180281,fair,high,-2.0,cautious,-2.0,cautious,2.0,bullish,1.0,neutral,high,Macro and valuation inputs are both available with strong coverage.
1983-04-01,us,stagflation,neutral,0.0329745947506857,fair,high,-2.0,cautious,-2.0,cautious,2.0,bullish,1.0,neutral,high,Macro and valuation inputs are both available with strong coverage.
1983-05-01,us,slowdown,neutral,-0.0186963147748306,fair,high,-1.0,cautious,2.0,bullish,-0.5,neutral,1.0,neutral,high,Macro and valuation inputs are both available with strong coverage.
1983-06-01,us,slowdown,neutral,-0.1464142087195067,fair,high,-1.0,cautious,2.0,bullish,-0.5,neutral,1.0,neutral,high,Macro and valuation inputs are both available with strong coverage.
1983-07-01,us,slowdown,neutral,-0.2019271576971756,fair,high,-1.0,cautious,2.0,bullish,-0.5,neutral,1.0,neutral,high,Macro and valuation inputs are both available with strong coverage.
1983-08-01,us,slowdown,tight,-0.1903456744780315,fair,high,-2.0,cautious,2.5,bullish,-1.0,cautious,3.0,bullish,high,Macro and valuation inputs are both available with strong coverage.
1983-09-01,us,slowdown,neutral,-0.1646674793383208,fair,high,-1.0,cautious,2.0,bullish,-0.5,neutral,1.0,neutral,high,Macro and valuation inputs are both available with strong coverage.
1983-10-01,us,slowdown,neutral,-0.1538029940182426,fair,high,-1.0,cautious,2.0,bullish,-0.5,neutral,1.0,neutral,high,Macro and valuation inputs are both available with strong coverage.
1983-11-01,us,slowdown,neutral,-0.0871099221759618,fair,high,-1.0,cautious,2.0,bullish,-0.5,neutral,1.0,neutral,high,Macro and valuation inputs are both available with strong coverage.
1983-12-01,us,slowdown,neutral,-0.0454975135566074,fair,high,-1.0,cautious,2.0,bullish,-0.5,neutral,1.0,neutral,high,Macro and valuation inputs are both available with strong coverage.
1984-01-01,us,slowdown,neutral,0.0285053162707726,fair,high,-1.0,cautious,2.0,bullish,-0.5,neutral,1.0,neutral,high,Macro and valuation inputs are both available with strong coverage.
1984-02-01,us,slowdown,neutral,0.1261695732474329,fair,high,-1.0,cautious,2.0,bullish,-0.5,neutral,1.0,neutral,high,Macro and valuation inputs are both available with strong coverage.
1984-03-01,us,slowdown,tight,0.1129719429452915,fair,high,-2.0,cautious,2.5,bullish,-1.0,cautious,3.0,bullish,high,Macro and valuation inputs are both available with strong coverage.
1984-04-01,us,slowdown,tight,0.0551706716190844,fair,high,-2.0,cautious,2.5,bullish,-1.0,cautious,3.0,bullish,high,Macro and valuation inputs are both available with strong coverage.
1984-05-01,us,slowdown,tight,0.0370535031151722,fair,high,-2.0,cautious,2.5,bullish,-1.0,cautious,3.0,bullish,high,Macro and valuation inputs are both available with strong coverage.
1984-06-01,us,slowdown,tight,-0.0069031812109523,fair,high,-2.0,cautious,2.5,bullish,-1.0,cautious,3.0,bullish,high,Macro and valuation inputs are both available with strong coverage.
1984-07-01,us,slowdown,tight,0.0004969345365039,fair,high,-2.0,cautious,2.5,bullish,-1.0,cautious,3.0,bullish,high,Macro and valuation inputs are both available with strong coverage.
1984-08-01,us,slowdown,neutral,-0.1072509409768833,fair,high,-1.0,cautious,2.0,bullish,-0.5,neutral,1.0,neutral,high,Macro and valuation inputs are both available with strong coverage.
1984-09-01,us,slowdown,neutral,-0.0692389421697021,fair,high,-1.0,cautious,2.0,bullish,-0.5,neutral,1.0,neutral,high,Macro and valuation inputs are both available with strong coverage.
1984-10-01,us,slowdown,neutral,0.091601357137476,fair,high,-1.0,cautious,2.0,bullish,-0.5,neutral,1.0,neutral,high,Macro and valuation inputs are both available with strong coverage.
1984-11-01,us,slowdown,easy,0.1545854205207762,fair,high,0.0,neutral,1.5,neutral,0.0,neutral,0.0,neutral,high,Macro and valuation inputs are both available with strong coverage.
1984-12-01,us,slowdown,easy,0.2753760136412186,fair,high,0.0,neutral,1.5,neutral,0.0,neutral,0.0,neutral,high,Macro and valuation inputs are both available with strong coverage.
1985-01-01,us,slowdown,easy,0.1563096141860759,fair,high,0.0,neutral,1.5,neutral,0.0,neutral,0.0,neutral,high,Macro and valuation inputs are both available with strong coverage.
1985-02-01,us,slowdown,neutral,0.0849810383114826,fair,high,-1.0,cautious,2.0,bullish,-0.5,neutral,1.0,neutral,high,Macro and valuation inputs are both available with strong coverage.
1985-03-01,us,slowdown,neutral,0.0833025564164162,fair,high,-1.0,cautious,2.0,bullish,-0.5,neutral,1.0,neutral,high,Macro and valuation inputs are both available with strong coverage.
1985-04-01,us,slowdown,neutral,0.0964473434604564,fair,high,-1.0,cautious,2.0,bullish,-0.5,neutral,1.0,neutral,high,Macro and valuation inputs are both available with strong coverage.
1985-05-01,us,slowdown,neutral,0.1104955480536073,fair,high,-1.0,cautious,2.0,bullish,-0.5,neutral,1.0,neutral,high,Macro and valuation inputs are both available with strong coverage.
1985-06-01,us,slowdown,easy,0.1519035347930328,fair,high,0.0,neutral,1.5,neutral,0.0,neutral,0.0,neutral,high,Macro and valuation inputs are both available with strong coverage.
1985-07-01,us,slowdown,easy,0.0712819288745031,fair,high,0.0,neutral,1.5,neutral,0.0,neutral,0.0,neutral,high,Macro and valuation inputs are both available with strong coverage.
1985-08-01,us,slowdown,neutral,0.0773076343816275,fair,high,-1.0,cautious,2.0,bullish,-0.5,neutral,1.0,neutral,high,Macro and valuation inputs are both available with strong coverage.
1985-09-01,us,slowdown,neutral,0.0822718201517403,fair,high,-1.0,cautious,2.0,bullish,-0.5,neutral,1.0,neutral,high,Macro and valuation inputs are both available with strong coverage.
1985-10-01,us,slowdown,neutral,0.0576646564149881,fair,high,-1.0,cautious,2.0,bullish,-0.5,neutral,1.0,neutral,high,Macro and valuation inputs are both available with strong coverage.
1985-11-01,us,slowdown,neutral,0.0180952994566527,fair,high,-1.0,cautious,2.0,bullish,-0.5,neutral,1.0,neutral,high,Macro and valuation inputs are both available with strong coverage.
1985-12-01,us,slowdown,neutral,-0.0259083898487401,fair,high,-1.0,cautious,2.0,bullish,-0.5,neutral,1.0,neutral,high,Macro and valuation inputs are both available with strong coverage.
1986-01-01,us,slowdown,neutral,-0.0103415997623059,fair,high,-1.0,cautious,2.0,bullish,-0.5,neutral,1.0,neutral,high,Macro and valuation inputs are both available with strong coverage.
1986-02-01,us,slowdown,neutral,-0.0695650641150624,fair,high,-1.0,cautious,2.0,bullish,-0.5,neutral,1.0,neutral,high,Macro and valuation inputs are both available with strong coverage.
1986-03-01,us,slowdown,easy,-0.128620499701304,fair,high,0.0,neutral,1.5,neutral,0.0,neutral,0.0,neutral,high,Macro and valuation inputs are both available with strong coverage.
1986-04-01,us,slowdown,easy,-0.120178633946871,fair,high,0.0,neutral,1.5,neutral,0.0,neutral,0.0,neutral,high,Macro and valuation inputs are both available with strong coverage.
1986-05-01,us,slowdown,easy,-0.1100446709453686,fair,high,0.0,neutral,1.5,neutral,0.0,neutral,0.0,neutral,high,Macro and valuation inputs are both available with strong coverage.
1986-06-01,us,slowdown,neutral,-0.1365878369676908,fair,high,-1.0,cautious,2.0,bullish,-0.5,neutral,1.0,neutral,high,Macro and valuation inputs are both available with strong coverage.
1986-07-01,us,slowdown,neutral,-0.0680401672763687,fair,high,-1.0,cautious,2.0,bullish,-0.5,neutral,1.0,neutral,high,Macro and valuation inputs are both available with strong coverage.
1986-08-01,us,slowdown,neutral,-0.0448638753496746,fair,high,-1.0,cautious,2.0,bullish,-0.5,neutral,1.0,neutral,high,Macro and valuation inputs are both available with strong coverage.
1986-09-01,us,slowdown,neutral,0.0186018779745356,fair,high,-1.0,cautious,2.0,bullish,-0.5,neutral,1.0,neutral,high,Macro and valuation inputs are both available with strong coverage.
1986-10-01,us,slowdown,neutral,0.0080661886569613,fair,high,-1.0,cautious,2.0,bullish,-0.5,neutral,1.0,neutral,high,Macro and valuation inputs are both available with strong coverage.
1986-11-01,us,slowdown,neutral,-0.0618675221546782,fair,high,-1.0,cautious,2.0,bullish,-0.5,neutral,1.0,neutral,high,Macro and valuation inputs are both available with strong coverage.
1986-12-01,us,slowdown,neutral,-0.1784996266425292,fair,high,-1.0,cautious,2.0,bullish,-0.5,neutral,1.0,neutral,high,Macro and valuation inputs are both available with strong coverage.
1987-01-01,us,slowdown,neutral,-0.1508749621982796,fair,high,-1.0,cautious,2.0,bullish,-0.5,neutral,1.0,neutral,high,Macro and valuation inputs are both available with strong coverage.
1987-02-01,us,slowdown,neutral,-0.1305911847196112,fair,high,-1.0,cautious,2.0,bullish,-0.5,neutral,1.0,neutral,high,Macro and valuation inputs are both available with strong coverage.
1987-03-01,us,slowdown,neutral,-0.0997282453114221,fair,high,-1.0,cautious,2.0,bullish,-0.5,neutral,1.0,neutral,high,Macro and valuation inputs are both available with strong coverage.
1987-04-01,us,slowdown,neutral,-0.0894798162957803,fair,high,-1.0,cautious,2.0,bullish,-0.5,neutral,1.0,neutral,high,Macro and valuation inputs are both available with strong coverage.
1987-05-01,us,slowdown,tight,-0.1683923023471935,fair,high,-2.0,cautious,2.5,bullish,-1.0,cautious,3.0,bullish,high,Macro and valuation inputs are both available with strong coverage.
1987-06-01,us,goldilocks,tight,-0.194780936668587,fair,high,1.0,neutral,0.5,neutral,-1.5,cautious,1.0,neutral,high,Macro and valuation inputs are both available with strong coverage.
1987-07-01,us,goldilocks,neutral,-0.1743612410975728,fair,high,2.0,bullish,0.0,neutral,-1.0,cautious,-1.0,cautious,high,Macro and valuation inputs are both available with strong coverage.
1987-08-01,us,goldilocks,neutral,-0.213438510911635,fair,high,2.0,bullish,0.0,neutral,-1.0,cautious,-1.0,cautious,high,Macro and valuation inputs are both available with strong coverage.
1987-09-01,us,goldilocks,tight,-0.2327387999594912,fair,high,1.0,neutral,0.5,neutral,-1.5,cautious,1.0,neutral,high,Macro and valuation inputs are both available with strong coverage.
1987-10-01,us,goldilocks,tight,-0.0882753270559874,fair,high,1.0,neutral,0.5,neutral,-1.5,cautious,1.0,neutral,high,Macro and valuation inputs are both available with strong coverage.
1987-11-01,us,goldilocks,neutral,0.1603736820968292,fair,high,2.0,bullish,0.0,neutral,-1.0,cautious,-1.0,cautious,high,Macro and valuation inputs are both available with strong coverage.
1987-12-01,us,goldilocks,neutral,0.1723131208229163,fair,high,2.0,bullish,0.0,neutral,-1.0,cautious,-1.0,cautious,high,Macro and valuation inputs are both available with strong coverage.
1988-01-01,us,goldilocks,neutral,0.1356682207766355,fair,high,2.0,bullish,0.0,neutral,-1.0,cautious,-1.0,cautious,high,Macro and valuation inputs are both available with strong coverage.
1988-02-01,us,goldilocks,neutral,0.1484410376488838,fair,high,2.0,bullish,0.0,neutral,-1.0,cautious,-1.0,cautious,high,Macro and valuation inputs are both available with strong coverage.
1988-03-01,us,goldilocks,neutral,0.123161954242689,fair,high,2.0,bullish,0.0,neutral,-1.0,cautious,-1.0,cautious,high,Macro and valuation inputs are both available with strong coverage.
1988-04-01,us,goldilocks,neutral,0.1434715835530645,fair,high,2.0,bullish,0.0,neutral,-1.0,cautious,-1.0,cautious,high,Macro and valuation inputs are both available with strong coverage.
1988-05-01,us,goldilocks,tight,0.1717378051151402,fair,high,1.0,neutral,0.5,neutral,-1.5,cautious,1.0,neutral,high,Macro and valuation inputs are both available with strong coverage.
1988-06-01,us,goldilocks,tight,0.1110321715820208,fair,high,1.0,neutral,0.5,neutral,-1.5,cautious,1.0,neutral,high,Macro and valuation inputs are both available with strong coverage.
1988-07-01,us,goldilocks,tight,0.111288457461838,fair,high,1.0,neutral,0.5,neutral,-1.5,cautious,1.0,neutral,high,Macro and valuation inputs are both available with strong coverage.
1988-08-01,us,goldilocks,tight,0.1114616972664426,fair,high,1.0,neutral,0.5,neutral,-1.5,cautious,1.0,neutral,high,Macro and valuation inputs are both available with strong coverage.
1988-09-01,us,goldilocks,tight,0.1020051163735123,fair,high,1.0,neutral,0.5,neutral,-1.5,cautious,1.0,neutral,high,Macro and valuation inputs are both available with strong coverage.
1988-10-01,us,goldilocks,neutral,0.077463621432464,fair,high,2.0,bullish,0.0,neutral,-1.0,cautious,-1.0,cautious,high,Macro and valuation inputs are both available with strong coverage.
1988-11-01,us,goldilocks,neutral,0.1024477085275591,fair,high,2.0,bullish,0.0,neutral,-1.0,cautious,-1.0,cautious,high,Macro and valuation inputs are both available with strong coverage.
1988-12-01,us,goldilocks,tight,0.0554891323496683,fair,high,1.0,neutral,0.5,neutral,-1.5,cautious,1.0,neutral,high,Macro and valuation inputs are both available with strong coverage.
1989-01-01,us,goldilocks,tight,-0.0193779237063897,fair,high,1.0,neutral,0.5,neutral,-1.5,cautious,1.0,neutral,high,Macro and valuation inputs are both available with strong coverage.
1989-02-01,us,goldilocks,tight,-0.0538647033447025,fair,high,1.0,neutral,0.5,neutral,-1.5,cautious,1.0,neutral,high,Macro and valuation inputs are both available with strong coverage.
1989-03-01,us,goldilocks,tight,-0.0762312027144643,fair,high,1.0,neutral,0.5,neutral,-1.5,cautious,1.0,neutral,high,Macro and valuation inputs are both available with strong coverage.
1989-04-01,us,goldilocks,tight,-0.0895842299964175,fair,high,1.0,neutral,0.5,neutral,-1.5,cautious,1.0,neutral,high,Macro and valuation inputs are both available with strong coverage.
1989-05-01,us,goldilocks,tight,-0.0957947765790871,fair,high,1.0,neutral,0.5,neutral,-1.5,cautious,1.0,neutral,high,Macro and valuation inputs are both available with strong coverage.
1989-06-01,us,goldilocks,neutral,-0.0848759631275182,fair,high,2.0,bullish,0.0,neutral,-1.0,cautious,-1.0,cautious,high,Macro and valuation inputs are both available with strong coverage.
1989-07-01,us,goldilocks,neutral,-0.0929056898540311,fair,high,2.0,bullish,0.0,neutral,-1.0,cautious,-1.0,cautious,high,Macro and valuation inputs are both available with strong coverage.
1989-08-01,us,goldilocks,neutral,-0.1592596174114501,fair,high,2.0,bullish,0.0,neutral,-1.0,cautious,-1.0,cautious,high,Macro and valuation inputs are both available with strong coverage.
1989-09-01,us,goldilocks,neutral,-0.1936771290656323,fair,high,2.0,bullish,0.0,neutral,-1.0,cautious,-1.0,cautious,high,Macro and valuation inputs are both available with strong coverage.
1989-10-01,us,goldilocks,neutral,-0.1653236683904489,fair,high,2.0,bullish,0.0,neutral,-1.0,cautious,-1.0,cautious,high,Macro and valuation inputs are both available with strong coverage.
1989-11-01,us,goldilocks,neutral,-0.1109411944411445,fair,high,2.0,bullish,0.0,neutral,-1.0,cautious,-1.0,cautious,high,Macro and valuation inputs are both available with strong coverage.
1989-12-01,us,goldilocks,neutral,-0.1332683697038444,fair,high,2.0,bullish,0.0,neutral,-1.0,cautious,-1.0,cautious,high,Macro and valuation inputs are both available with strong coverage.
1990-01-01,us,goldilocks,neutral,-0.0395819612727472,fair,high,2.0,bullish,0.0,neutral,-1.0,cautious,-1.0,cautious,high,Macro and valuation inputs are both available with strong coverage.
1990-02-01,us,goldilocks,neutral,-0.0261427710293988,fair,high,2.0,bullish,0.0,neutral,-1.0,cautious,-1.0,cautious,high,Macro and valuation inputs are both available with strong coverage.
1990-03-01,us,goldilocks,tight,-0.0715582169320201,fair,high,1.0,neutral,0.5,neutral,-1.5,cautious,1.0,neutral,high,Macro and valuation inputs are both available with strong coverage.
1990-04-01,us,goldilocks,tight,-0.1143808299092966,fair,high,1.0,neutral,0.5,neutral,-1.5,cautious,1.0,neutral,high,Macro and valuation inputs are both available with strong coverage.
1990-05-01,us,goldilocks,neutral,-0.1682585632542539,fair,high,2.0,bullish,0.0,neutral,-1.0,cautious,-1.0,cautious,high,Macro and valuation inputs are both available with strong coverage.
1990-06-01,us,goldilocks,neutral,-0.1825121195409436,fair,high,2.0,bullish,0.0,neutral,-1.0,cautious,-1.0,cautious,high,Macro and valuation inputs are both available with strong coverage.
1990-07-01,us,goldilocks,neutral,-0.150080031622438,fair,high,2.0,bullish,0.0,neutral,-1.0,cautious,-1.0,cautious,high,Macro and valuation inputs are both available with strong coverage.
1990-08-01,us,stagflation,neutral,-0.0025249492467854,fair,high,-2.0,cautious,-2.0,cautious,2.0,bullish,1.0,neutral,high,Macro and valuation inputs are both available with strong coverage.
1990-09-01,us,stagflation,tight,0.0730398475532974,fair,high,-3.0,cautious,-1.5,cautious,1.5,neutral,3.0,bullish,high,Macro and valuation inputs are both available with strong coverage.
1990-10-01,us,stagflation,tight,0.1266885866110116,fair,high,-3.0,cautious,-1.5,cautious,1.5,neutral,3.0,bullish,high,Macro and valuation inputs are both available with strong coverage.
1990-11-01,us,stagflation,neutral,0.1260001456259687,fair,high,-2.0,cautious,-2.0,cautious,2.0,bullish,1.0,neutral,high,Macro and valuation inputs are both available with strong coverage.
1990-12-01,us,stagflation,neutral,0.1471588266992589,fair,high,-2.0,cautious,-2.0,cautious,2.0,bullish,1.0,neutral,high,Macro and valuation inputs are both available with strong coverage.
1991-01-01,us,stagflation,neutral,0.1060521839950012,fair,high,-2.0,cautious,-2.0,cautious,2.0,bullish,1.0,neutral,high,Macro and valuation inputs are both available with strong coverage.
1991-02-01,us,stagflation,neutral,0.0506485971245311,fair,high,-2.0,cautious,-2.0,cautious,2.0,bullish,1.0,neutral,high,Macro and valuation inputs are both available with strong coverage.
1991-03-01,us,stagflation,neutral,-0.0087392023001649,fair,high,-2.0,cautious,-2.0,cautious,2.0,bullish,1.0,neutral,high,Macro and valuation inputs are both available with strong coverage.
1991-04-01,us,stagflation,neutral,-0.020279699232812,fair,high,-2.0,cautious,-2.0,cautious,2.0,bullish,1.0,neutral,high,Macro and valuation inputs are both available with strong coverage.
1991-05-01,us,stagflation,neutral,-0.0029339371000289,fair,high,-2.0,cautious,-2.0,cautious,2.0,bullish,1.0,neutral,high,Macro and valuation inputs are both available with strong coverage.
1991-06-01,us,stagflation,neutral,-0.062644906687905,fair,high,-2.0,cautious,-2.0,cautious,2.0,bullish,1.0,neutral,high,Macro and valuation inputs are both available with strong coverage.
1991-07-01,us,stagflation,neutral,-0.0990372320899397,fair,high,-2.0,cautious,-2.0,cautious,2.0,bullish,1.0,neutral,high,Macro and valuation inputs are both available with strong coverage.
1991-08-01,us,stagflation,neutral,-0.1522246775510322,fair,high,-2.0,cautious,-2.0,cautious,2.0,bullish,1.0,neutral,high,Macro and valuation inputs are both available with strong coverage.
1991-09-01,us,stagflation,neutral,-0.1621678643312439,fair,high,-2.0,cautious,-2.0,cautious,2.0,bullish,1.0,neutral,high,Macro and valuation inputs are both available with strong coverage.
1991-10-01,us,slowdown,neutral,-0.1920255273270564,fair,high,-1.0,cautious,2.0,bullish,-0.5,neutral,1.0,neutral,high,Macro and valuation inputs are both available with strong coverage.
1991-11-01,us,slowdown,neutral,-0.1516918908179264,fair,high,-1.0,cautious,2.0,bullish,-0.5,neutral,1.0,neutral,high,Macro and valuation inputs are both available with strong coverage.
1991-12-01,us,slowdown,neutral,-0.1389226062675875,fair,high,-1.0,cautious,2.0,bullish,-0.5,neutral,1.0,neutral,high,Macro and valuation inputs are both available with strong coverage.
1992-01-01,us,slowdown,neutral,-0.1897589586259671,fair,high,-1.0,cautious,2.0,bullish,-0.5,neutral,1.0,neutral,high,Macro and valuation inputs are both available with strong coverage.
1992-02-01,us,slowdown,neutral,-0.1800442927366254,fair,high,-1.0,cautious,2.0,bullish,-0.5,neutral,1.0,neutral,high,Macro and valuation inputs are both available with strong coverage.
1992-03-01,us,slowdown,neutral,-0.135193118186195,fair,high,-1.0,cautious,2.0,bullish,-0.5,neutral,1.0,neutral,high,Macro and valuation inputs are both available with strong coverage.
1992-04-01,us,slowdown,neutral,-0.0957539465720718,fair,high,-1.0,cautious,2.0,bullish,-0.5,neutral,1.0,neutral,high,Macro and valuation inputs are both available with strong coverage.
1992-05-01,us,slowdown,neutral,-0.121043328847013,fair,high,-1.0,cautious,2.0,bullish,-0.5,neutral,1.0,neutral,high,Macro and valuation inputs are both available with strong coverage.
1992-06-01,us,slowdown,neutral,-0.0824246658829425,fair,high,-1.0,cautious,2.0,bullish,-0.5,neutral,1.0,neutral,high,Macro and valuation inputs are both available with strong coverage.
1992-07-01,us,slowdown,neutral,-0.0091227017625501,fair,high,-1.0,cautious,2.0,bullish,-0.5,neutral,1.0,neutral,high,Macro and valuation inputs are both available with strong coverage.
1992-08-01,us,slowdown,neutral,-0.0068583196235749,fair,high,-1.0,cautious,2.0,bullish,-0.5,neutral,1.0,neutral,high,Macro and valuation inputs are both available with strong coverage.
1992-09-01,us,slowdown,neutral,0.0124806699404069,fair,high,-1.0,cautious,2.0,bullish,-0.5,neutral,1.0,neutral,high,Macro and valuation inputs are both available with strong coverage.
1992-10-01,us,slowdown,neutral,0.0689215866429316,fair,high,-1.0,cautious,2.0,bullish,-0.5,neutral,1.0,neutral,high,Macro and valuation inputs are both available with strong coverage.
1992-11-01,us,slowdown,neutral,0.0375931780975334,fair,high,-1.0,cautious,2.0,bullish,-0.5,neutral,1.0,neutral,high,Macro and valuation inputs are both available with strong coverage.
1992-12-01,us,slowdown,neutral,0.0288866700030367,fair,high,-1.0,cautious,2.0,bullish,-0.5,neutral,1.0,neutral,high,Macro and valuation inputs are both available with strong coverage.
1993-01-01,us,slowdown,neutral,0.0325915684290094,fair,high,-1.0,cautious,2.0,bullish,-0.5,neutral,1.0,neutral,high,Macro and valuation inputs are both available with strong coverage.
1993-02-01,us,slowdown,neutral,0.0361868231317095,fair,high,-1.0,cautious,2.0,bullish,-0.5,neutral,1.0,neutral,high,Macro and valuation inputs are both available with strong coverage.
1993-03-01,us,slowdown,neutral,0.0143992613761751,fair,high,-1.0,cautious,2.0,bullish,-0.5,neutral,1.0,neutral,high,Macro and valuation inputs are both available with strong coverage.
1993-04-01,us,slowdown,neutral,0.0481510691373026,fair,high,-1.0,cautious,2.0,bullish,-0.5,neutral,1.0,neutral,high,Macro and valuation inputs are both available with strong coverage.
1993-05-01,us,slowdown,neutral,0.0362200408184911,fair,high,-1.0,cautious,2.0,bullish,-0.5,neutral,1.0,neutral,high,Macro and valuation inputs are both available with strong coverage.
1993-06-01,us,slowdown,neutral,0.006991438707073,fair,high,-1.0,cautious,2.0,bullish,-0.5,neutral,1.0,neutral,high,Macro and valuation inputs are both available with strong coverage.
1993-07-01,us,slowdown,neutral,0.0132734607253038,fair,high,-1.0,cautious,2.0,bullish,-0.5,neutral,1.0,neutral,high,Macro and valuation inputs are both available with strong coverage.
1993-08-01,us,slowdown,neutral,0.0175953871929221,fair,high,-1.0,cautious,2.0,bullish,-0.5,neutral,1.0,neutral,high,Macro and valuation inputs are both available with strong coverage.
1993-09-01,us,slowdown,neutral,0.015620332830935,fair,high,-1.0,cautious,2.0,bullish,-0.5,neutral,1.0,neutral,high,Macro and valuation inputs are both available with strong coverage.
1993-10-01,us,slowdown,neutral,0.0338193056137026,fair,high,-1.0,cautious,2.0,bullish,-0.5,neutral,1.0,neutral,high,Macro and valuation inputs are both available with strong coverage.
1993-11-01,us,slowdown,neutral,0.0359158159592326,fair,high,-1.0,cautious,2.0,bullish,-0.5,neutral,1.0,neutral,high,Macro and valuation inputs are both available with strong coverage.
1993-12-01,us,slowdown,neutral,0.0538939536115873,fair,high,-1.0,cautious,2.0,bullish,-0.5,neutral,1.0,neutral,high,Macro and valuation inputs are both available with strong coverage.
1994-01-01,us,slowdown,neutral,0.0330986654284397,fair,high,-1.0,cautious,2.0,bullish,-0.5,neutral,1.0,neutral,high,Macro and valuation inputs are both available with strong coverage.
1994-02-01,us,slowdown,neutral,0.021981860811515,fair,high,-1.0,cautious,2.0,bullish,-0.5,neutral,1.0,neutral,high,Macro and valuation inputs are both available with strong coverage.
1994-03-01,us,slowdown,tight,0.0335713488533844,fair,high,-2.0,cautious,2.5,bullish,-1.0,cautious,3.0,bullish,high,Macro and valuation inputs are both available with strong coverage.
1994-04-01,us,slowdown,tight,0.0373641256175318,fair,high,-2.0,cautious,2.5,bullish,-1.0,cautious,3.0,bullish,high,Macro and valuation inputs are both available with strong coverage.
1994-05-01,us,goldilocks,tight,-0.0081841271555284,fair,high,1.0,neutral,0.5,neutral,-1.5,cautious,1.0,neutral,high,Macro and valuation inputs are both available with strong coverage.
1994-06-01,us,goldilocks,tight,-0.0029169194330366,fair,high,1.0,neutral,0.5,neutral,-1.5,cautious,1.0,neutral,high,Macro and valuation inputs are both available with strong coverage.
1994-07-01,us,goldilocks,tight,0.0318608589586695,fair,high,1.0,neutral,0.5,neutral,-1.5,cautious,1.0,neutral,high,Macro and valuation inputs are both available with strong coverage.
1994-08-01,us,goldilocks,neutral,0.0147766484098201,fair,high,2.0,bullish,0.0,neutral,-1.0,cautious,-1.0,cautious,high,Macro and valuation inputs are both available with strong coverage.
1994-09-01,us,goldilocks,tight,-0.0025841354357119,fair,high,1.0,neutral,0.5,neutral,-1.5,cautious,1.0,neutral,high,Macro and valuation inputs are both available with strong coverage.
1994-10-01,us,goldilocks,tight,-0.0038274689947917,fair,high,1.0,neutral,0.5,neutral,-1.5,cautious,1.0,neutral,high,Macro and valuation inputs are both available with strong coverage.
1994-11-01,us,goldilocks,tight,-0.0352503392782103,fair,high,1.0,neutral,0.5,neutral,-1.5,cautious,1.0,neutral,high,Macro and valuation inputs are both available with strong coverage.
1994-12-01,us,goldilocks,tight,-0.0089422895142769,fair,high,1.0,neutral,0.5,neutral,-1.5,cautious,1.0,neutral,high,Macro and valuation inputs are both available with strong coverage.
1995-01-01,us,goldilocks,tight,-0.0696851330158106,fair,high,1.0,neutral,0.5,neutral,-1.5,cautious,1.0,neutral,high,Macro and valuation inputs are both available with strong coverage.
1995-02-01,us,goldilocks,neutral,-0.1247714329296271,fair,high,2.0,bullish,0.0,neutral,-1.0,cautious,-1.0,cautious,high,Macro and valuation inputs are both available with strong coverage.
1995-03-01,us,goldilocks,neutral,-0.1371842274674514,fair,high,2.0,bullish,0.0,neutral,-1.0,cautious,-1.0,cautious,high,Macro and valuation inputs are both available with strong coverage.
1995-04-01,us,goldilocks,neutral,-0.1342816884101765,fair,high,2.0,bullish,0.0,neutral,-1.0,cautious,-1.0,cautious,high,Macro and valuation inputs are both available with strong coverage.
1995-05-01,us,goldilocks,neutral,-0.1366837382703979,fair,high,2.0,bullish,0.0,neutral,-1.0,cautious,-1.0,cautious,high,Macro and valuation inputs are both available with strong coverage.
1995-06-01,us,goldilocks,neutral,-0.1448165221731831,fair,high,2.0,bullish,0.0,neutral,-1.0,cautious,-1.0,cautious,high,Macro and valuation inputs are both available with strong coverage.
1995-07-01,us,goldilocks,neutral,-0.1764177524093896,fair,high,2.0,bullish,0.0,neutral,-1.0,cautious,-1.0,cautious,high,Macro and valuation inputs are both available with strong coverage.
1995-08-01,us,goldilocks,neutral,-0.1806485100611804,fair,high,2.0,bullish,0.0,neutral,-1.0,cautious,-1.0,cautious,high,Macro and valuation inputs are both available with strong coverage.
1995-09-01,us,goldilocks,neutral,-0.2148445043969142,fair,high,2.0,bullish,0.0,neutral,-1.0,cautious,-1.0,cautious,high,Macro and valuation inputs are both available with strong coverage.
1995-10-01,us,goldilocks,neutral,-0.2042654491433747,fair,high,2.0,bullish,0.0,neutral,-1.0,cautious,-1.0,cautious,high,Macro and valuation inputs are both available with strong coverage.
1995-11-01,us,goldilocks,neutral,-0.2458053869186348,fair,high,2.0,bullish,0.0,neutral,-1.0,cautious,-1.0,cautious,high,Macro and valuation inputs are both available with strong coverage.
1995-12-01,us,goldilocks,neutral,-0.2642551029490249,fair,high,2.0,bullish,0.0,neutral,-1.0,cautious,-1.0,cautious,high,Macro and valuation inputs are both available with strong coverage.
1996-01-01,us,goldilocks,neutral,-0.2796965332379942,fair,high,2.0,bullish,0.0,neutral,-1.0,cautious,-1.0,cautious,high,Macro and valuation inputs are both available with strong coverage.
1996-02-01,us,goldilocks,neutral,-0.3122012009782533,fair,high,2.0,bullish,0.0,neutral,-1.0,cautious,-1.0,cautious,high,Macro and valuation inputs are both available with strong coverage.
1996-03-01,us,goldilocks,neutral,-0.3176590840340484,fair,high,2.0,bullish,0.0,neutral,-1.0,cautious,-1.0,cautious,high,Macro and valuation inputs are both available with strong coverage.
1996-04-01,us,goldilocks,neutral,-0.3065687033549635,fair,high,2.0,bullish,0.0,neutral,-1.0,cautious,-1.0,cautious,high,Macro and valuation inputs are both available with strong coverage.
1996-05-01,us,goldilocks,neutral,-0.3316510834857074,fair,high,2.0,bullish,0.0,neutral,-1.0,cautious,-1.0,cautious,high,Macro and valuation inputs are both available with strong coverage.
1996-06-01,us,goldilocks,neutral,-0.3454775639311466,fair,high,2.0,bullish,0.0,neutral,-1.0,cautious,-1.0,cautious,high,Macro and valuation inputs are both available with strong coverage.
1996-07-01,us,goldilocks,neutral,-0.3008913414303899,fair,high,2.0,bullish,0.0,neutral,-1.0,cautious,-1.0,cautious,high,Macro and valuation inputs are both available with strong coverage.
1996-08-01,us,goldilocks,neutral,-0.3022791012629689,fair,high,2.0,bullish,0.0,neutral,-1.0,cautious,-1.0,cautious,high,Macro and valuation inputs are both available with strong coverage.
1996-09-01,us,goldilocks,neutral,-0.3145143609672876,fair,high,2.0,bullish,0.0,neutral,-1.0,cautious,-1.0,cautious,high,Macro and valuation inputs are both available with strong coverage.
1996-10-01,us,goldilocks,neutral,-0.3193951965368887,fair,high,2.0,bullish,0.0,neutral,-1.0,cautious,-1.0,cautious,high,Macro and valuation inputs are both available with strong coverage.
1996-11-01,us,goldilocks,neutral,-0.3406638998921192,fair,high,2.0,bullish,0.0,neutral,-1.0,cautious,-1.0,cautious,high,Macro and valuation inputs are both available with strong coverage.
1996-12-01,us,goldilocks,neutral,-0.3267615223349192,fair,high,2.0,bullish,0.0,neutral,-1.0,cautious,-1.0,cautious,high,Macro and valuation inputs are both available with strong coverage.
1997-01-01,us,goldilocks,neutral,-0.4431942640673671,fair,high,2.0,bullish,0.0,neutral,-1.0,cautious,-1.0,cautious,high,Macro and valuation inputs are both available with strong coverage.
1997-02-01,us,goldilocks,neutral,-0.4687760914019834,fair,high,2.0,bullish,0.0,neutral,-1.0,cautious,-1.0,cautious,high,Macro and valuation inputs are both available with strong coverage.
1997-03-01,us,goldilocks,neutral,-0.4947771032617893,fair,high,2.0,bullish,0.0,neutral,-1.0,cautious,-1.0,cautious,high,Macro and valuation inputs are both available with strong coverage.
1997-04-01,us,goldilocks,neutral,-0.4872385243032342,fair,high,2.0,bullish,0.0,neutral,-1.0,cautious,-1.0,cautious,high,Macro and valuation inputs are both available with strong coverage.
1997-05-01,us,goldilocks,neutral,-0.5947681657652044,expensive,high,1.0,neutral,0.5,neutral,0.0,neutral,0.0,neutral,high,Macro and valuation inputs are both available with strong coverage.
1997-06-01,us,goldilocks,neutral,-0.6521943781837024,expensive,high,1.0,neutral,0.5,neutral,0.0,neutral,0.0,neutral,high,Macro and valuation inputs are both available with strong coverage.
1997-07-01,us,goldilocks,neutral,-0.708821293526574,expensive,high,1.0,neutral,0.5,neutral,0.0,neutral,0.0,neutral,high,Macro and valuation inputs are both available with strong coverage.
1997-08-01,us,goldilocks,neutral,-0.7024960792776755,expensive,high,1.0,neutral,0.5,neutral,0.0,neutral,0.0,neutral,high,Macro and valuation inputs are both available with strong coverage.
1997-09-01,us,goldilocks,neutral,-0.7125046858183097,expensive,high,1.0,neutral,0.5,neutral,0.0,neutral,0.0,neutral,high,Macro and valuation inputs are both available with strong coverage.
1997-10-01,us,goldilocks,neutral,-0.7315243329832389,expensive,high,1.0,neutral,0.5,neutral,0.0,neutral,0.0,neutral,high,Macro and valuation inputs are both available with strong coverage.
1997-11-01,us,goldilocks,neutral,-0.728234917422247,expensive,high,1.0,neutral,0.5,neutral,0.0,neutral,0.0,neutral,high,Macro and valuation inputs are both available with strong coverage.
1997-12-01,us,goldilocks,neutral,-0.7717280994022309,expensive,high,1.0,neutral,0.5,neutral,0.0,neutral,0.0,neutral,high,Macro and valuation inputs are both available with strong coverage.
1998-01-01,us,goldilocks,neutral,-0.827363941036813,expensive,high,1.0,neutral,0.5,neutral,0.0,neutral,0.0,neutral,high,Macro and valuation inputs are both available with strong coverage.
1998-02-01,us,goldilocks,neutral,-0.9133525897715308,expensive,high,1.0,neutral,0.5,neutral,0.0,neutral,0.0,neutral,high,Macro and valuation inputs are both available with strong coverage.
1998-03-01,us,goldilocks,neutral,-0.9838418375082858,expensive,high,1.0,neutral,0.5,neutral,0.0,neutral,0.0,neutral,high,Macro and valuation inputs are both available with strong coverage.
1998-04-01,us,goldilocks,neutral,-1.018930784613189,expensive,high,1.0,neutral,0.5,neutral,0.0,neutral,0.0,neutral,high,Macro and valuation inputs are both available with strong coverage.
1998-05-01,us,goldilocks,neutral,-1.0014660424440036,expensive,high,1.0,neutral,0.5,neutral,0.0,neutral,0.0,neutral,high,Macro and valuation inputs are both available with strong coverage.
1998-06-01,us,goldilocks,neutral,-1.0089393553793873,expensive,high,1.0,neutral,0.5,neutral,0.0,neutral,0.0,neutral,high,Macro and valuation inputs are both available with strong coverage.
1998-07-01,us,goldilocks,neutral,-1.060542153592699,expensive,high,1.0,neutral,0.5,neutral,0.0,neutral,0.0,neutral,high,Macro and valuation inputs are both available with strong coverage.
1998-08-01,us,goldilocks,neutral,-0.9663030475546228,expensive,high,1.0,neutral,0.5,neutral,0.0,neutral,0.0,neutral,high,Macro and valuation inputs are both available with strong coverage.
1998-09-01,us,goldilocks,neutral,-0.8926714978536231,expensive,high,1.0,neutral,0.5,neutral,0.0,neutral,0.0,neutral,high,Macro and valuation inputs are both available with strong coverage.
1998-10-01,us,goldilocks,easy,-0.8468588690417547,expensive,high,2.0,bullish,0.0,neutral,0.5,neutral,-1.0,cautious,high,Macro and valuation inputs are both available with strong coverage.
1998-11-01,us,goldilocks,easy,-0.9727549799553348,expensive,high,2.0,bullish,0.0,neutral,0.5,neutral,-1.0,cautious,high,Macro and valuation inputs are both available with strong coverage.
1998-12-01,us,goldilocks,neutral,-1.0008004856979245,expensive,high,1.0,neutral,0.5,neutral,0.0,neutral,0.0,neutral,high,Macro and valuation inputs are both available with strong coverage.
1999-01-01,us,goldilocks,neutral,-1.0920985734560047,expensive,high,1.0,neutral,0.5,neutral,0.0,neutral,0.0,neutral,high,Macro and valuation inputs are both available with strong coverage.
1999-02-01,us,goldilocks,neutral,-1.106048507773503,expensive,high,1.0,neutral,0.5,neutral,0.0,neutral,0.0,neutral,high,Macro and valuation inputs are both available with strong coverage.
1999-03-01,us,goldilocks,neutral,-1.1485801327374336,expensive,high,1.0,neutral,0.5,neutral,0.0,neutral,0.0,neutral,high,Macro and valuation inputs are both available with strong coverage.
1999-04-01,us,goldilocks,neutral,-1.1407695669319742,expensive,high,1.0,neutral,0.5,neutral,0.0,neutral,0.0,neutral,high,Macro and valuation inputs are both available with strong coverage.
1999-05-01,us,goldilocks,neutral,-1.144433897797429,expensive,high,1.0,neutral,0.5,neutral,0.0,neutral,0.0,neutral,high,Macro and valuation inputs are both available with strong coverage.
1999-06-01,us,goldilocks,neutral,-1.1379954567335435,expensive,high,1.0,neutral,0.5,neutral,0.0,neutral,0.0,neutral,high,Macro and valuation inputs are both available with strong coverage.
1999-07-01,us,goldilocks,neutral,-1.1934921236417686,expensive,high,1.0,neutral,0.5,neutral,0.0,neutral,0.0,neutral,high,Macro and valuation inputs are both available with strong coverage.
1999-08-01,us,goldilocks,neutral,-1.116973682894213,expensive,high,1.0,neutral,0.5,neutral,0.0,neutral,0.0,neutral,high,Macro and valuation inputs are both available with strong coverage.
1999-09-01,us,goldilocks,neutral,-1.075588185458106,expensive,high,1.0,neutral,0.5,neutral,0.0,neutral,0.0,neutral,high,Macro and valuation inputs are both available with strong coverage.
1999-10-01,us,goldilocks,neutral,-1.0372327372202117,expensive,high,1.0,neutral,0.5,neutral,0.0,neutral,0.0,neutral,high,Macro and valuation inputs are both available with strong coverage.
1999-11-01,us,goldilocks,neutral,-1.1321890618024293,expensive,high,1.0,neutral,0.5,neutral,0.0,neutral,0.0,neutral,high,Macro and valuation inputs are both available with strong coverage.
1999-12-01,us,goldilocks,neutral,-1.2562733178232008,expensive,high,1.0,neutral,0.5,neutral,0.0,neutral,0.0,neutral,high,Macro and valuation inputs are both available with strong coverage.
2000-01-01,us,goldilocks,neutral,-1.2371978622972013,expensive,high,1.0,neutral,0.5,neutral,0.0,neutral,0.0,neutral,high,Macro and valuation inputs are both available with strong coverage.
2000-02-01,us,goldilocks,neutral,-1.1816338158928166,expensive,high,1.0,neutral,0.5,neutral,0.0,neutral,0.0,neutral,high,Macro and valuation inputs are both available with strong coverage.
2000-03-01,us,goldilocks,neutral,-1.1843927226513389,expensive,high,1.0,neutral,0.5,neutral,0.0,neutral,0.0,neutral,high,Macro and valuation inputs are both available with strong coverage.
2000-04-01,us,goldilocks,neutral,-1.2460630654498135,expensive,high,1.0,neutral,0.5,neutral,0.0,neutral,0.0,neutral,high,Macro and valuation inputs are both available with strong coverage.
2000-05-01,us,goldilocks,neutral,-1.2265918537124965,expensive,high,1.0,neutral,0.5,neutral,0.0,neutral,0.0,neutral,high,Macro and valuation inputs are both available with strong coverage.
2000-06-01,us,goldilocks,neutral,-1.1723135053956246,expensive,high,1.0,neutral,0.5,neutral,0.0,neutral,0.0,neutral,high,Macro and valuation inputs are both available with strong coverage.
2000-07-01,us,goldilocks,neutral,-1.176787979191303,expensive,high,1.0,neutral,0.5,neutral,0.0,neutral,0.0,neutral,high,Macro and valuation inputs are both available with strong coverage.
2000-08-01,us,goldilocks,neutral,-1.1823480576965113,expensive,high,1.0,neutral,0.5,neutral,0.0,neutral,0.0,neutral,high,Macro and valuation inputs are both available with strong coverage.
2000-09-01,us,goldilocks,neutral,-1.123568515582226,expensive,high,1.0,neutral,0.5,neutral,0.0,neutral,0.0,neutral,high,Macro and valuation inputs are both available with strong coverage.
2000-10-01,us,goldilocks,neutral,-1.0616988571687571,expensive,high,1.0,neutral,0.5,neutral,0.0,neutral,0.0,neutral,high,Macro and valuation inputs are both available with strong coverage.
2000-11-01,us,goldilocks,neutral,-1.059900868573338,expensive,high,1.0,neutral,0.5,neutral,0.0,neutral,0.0,neutral,high,Macro and valuation inputs are both available with strong coverage.
2000-12-01,us,goldilocks,neutral,-0.9398212901006124,expensive,high,1.0,neutral,0.5,neutral,0.0,neutral,0.0,neutral,high,Macro and valuation inputs are both available with strong coverage.
2001-01-01,us,goldilocks,neutral,-0.855393869878171,expensive,high,1.0,neutral,0.5,neutral,0.0,neutral,0.0,neutral,high,Macro and valuation inputs are both available with strong coverage.
2001-02-01,us,goldilocks,easy,-0.8056200994945572,expensive,high,2.0,bullish,0.0,neutral,0.5,neutral,-1.0,cautious,high,Macro and valuation inputs are both available with strong coverage.
2001-03-01,us,goldilocks,neutral,-0.6132032137626184,expensive,high,1.0,neutral,0.5,neutral,0.0,neutral,0.0,neutral,high,Macro and valuation inputs are both available with strong coverage.
2001-04-01,us,goldilocks,neutral,-0.5952813420246115,expensive,high,1.0,neutral,0.5,neutral,0.0,neutral,0.0,neutral,high,Macro and valuation inputs are both available with strong coverage.
2001-05-01,us,goldilocks,neutral,-0.639223228383149,expensive,high,1.0,neutral,0.5,neutral,0.0,neutral,0.0,neutral,high,Macro and valuation inputs are both available with strong coverage.
2001-06-01,us,goldilocks,neutral,-0.6799735665267997,expensive,high,1.0,neutral,0.5,neutral,0.0,neutral,0.0,neutral,high,Macro and valuation inputs are both available with strong coverage.
2001-07-01,us,goldilocks,neutral,-0.7053569254284533,expensive,high,1.0,neutral,0.5,neutral,0.0,neutral,0.0,neutral,high,Macro and valuation inputs are both available with strong coverage.
2001-08-01,us,slowdown,easy,-0.7166302755566374,expensive,high,-1.0,cautious,2.0,bullish,1.0,neutral,1.0,neutral,high,Macro and valuation inputs are both available with strong coverage.
2001-09-01,us,slowdown,easy,-0.5139825505849492,expensive,high,-1.0,cautious,2.0,bullish,1.0,neutral,1.0,neutral,high,Macro and valuation inputs are both available with strong coverage.
2001-10-01,us,slowdown,easy,-0.5469054012755146,expensive,high,-1.0,cautious,2.0,bullish,1.0,neutral,1.0,neutral,high,Macro and valuation inputs are both available with strong coverage.
2001-11-01,us,slowdown,easy,-0.6143677177222583,expensive,high,-1.0,cautious,2.0,bullish,1.0,neutral,1.0,neutral,high,Macro and valuation inputs are both available with strong coverage.
2001-12-01,us,slowdown,easy,-0.7182364358704342,expensive,high,-1.0,cautious,2.0,bullish,1.0,neutral,1.0,neutral,high,Macro and valuation inputs are both available with strong coverage.
2002-01-01,us,slowdown,neutral,-0.6407069719486228,expensive,high,-2.0,cautious,2.5,bullish,0.5,neutral,2.0,bullish,high,Macro and valuation inputs are both available with strong coverage.
2002-02-01,us,slowdown,neutral,-0.5967138244959763,expensive,high,-2.0,cautious,2.5,bullish,0.5,neutral,2.0,bullish,high,Macro and valuation inputs are both available with strong coverage.
2002-03-01,us,slowdown,neutral,-0.6552041067793059,expensive,high,-2.0,cautious,2.5,bullish,0.5,neutral,2.0,bullish,high,Macro and valuation inputs are both available with strong coverage.
2002-04-01,us,slowdown,neutral,-0.5709318480337912,expensive,high,-2.0,cautious,2.5,bullish,0.5,neutral,2.0,bullish,high,Macro and valuation inputs are both available with strong coverage.
2002-05-01,us,slowdown,neutral,-0.5393877165983765,expensive,high,-2.0,cautious,2.5,bullish,0.5,neutral,2.0,bullish,high,Macro and valuation inputs are both available with strong coverage.
2002-06-01,us,slowdown,neutral,-0.3867702698171328,fair,high,-1.0,cautious,2.0,bullish,-0.5,neutral,1.0,neutral,high,Macro and valuation inputs are both available with strong coverage.
2002-07-01,us,slowdown,easy,-0.2075055783165884,fair,high,0.0,neutral,1.5,neutral,0.0,neutral,0.0,neutral,high,Macro and valuation inputs are both available with strong coverage.
2002-08-01,us,slowdown,easy,-0.1664253861626695,fair,high,0.0,neutral,1.5,neutral,0.0,neutral,0.0,neutral,high,Macro and valuation inputs are both available with strong coverage.
2002-09-01,us,slowdown,easy,-0.0120436159484185,fair,high,0.0,neutral,1.5,neutral,0.0,neutral,0.0,neutral,high,Macro and valuation inputs are both available with strong coverage.
2002-10-01,us,slowdown,easy,0.0159077379910554,fair,high,0.0,neutral,1.5,neutral,0.0,neutral,0.0,neutral,high,Macro and valuation inputs are both available with strong coverage.
2002-11-01,us,slowdown,easy,-0.013338074680525,fair,high,0.0,neutral,1.5,neutral,0.0,neutral,0.0,neutral,high,Macro and valuation inputs are both available with strong coverage.
2002-12-01,us,slowdown,neutral,-0.0418080756633403,fair,high,-1.0,cautious,2.0,bullish,-0.5,neutral,1.0,neutral,high,Macro and valuation inputs are both available with strong coverage.
2003-01-01,us,slowdown,neutral,-0.0649792888735879,fair,high,-1.0,cautious,2.0,bullish,-0.5,neutral,1.0,neutral,high,Macro and valuation inputs are both available with strong coverage.
2003-02-01,us,slowdown,neutral,0.0468043941559988,fair,high,-1.0,cautious,2.0,bullish,-0.5,neutral,1.0,neutral,high,Macro and valuation inputs are both available with strong coverage.
2003-03-01,us,slowdown,neutral,0.0752572939446216,fair,high,-1.0,cautious,2.0,bullish,-0.5,neutral,1.0,neutral,high,Macro and valuation inputs are both available with strong coverage.
2003-04-01,us,slowdown,neutral,-0.00054966734971,fair,high,-1.0,cautious,2.0,bullish,-0.5,neutral,1.0,neutral,high,Macro and valuation inputs are both available with strong coverage.
2003-05-01,us,slowdown,easy,-0.0307136051278635,fair,high,0.0,neutral,1.5,neutral,0.0,neutral,0.0,neutral,high,Macro and valuation inputs are both available with strong coverage.
2003-06-01,us,slowdown,easy,-0.0803124285840207,fair,high,0.0,neutral,1.5,neutral,0.0,neutral,0.0,neutral,high,Macro and valuation inputs are both available with strong coverage.
2003-07-01,us,slowdown,neutral,-0.0523507358885742,fair,high,-1.0,cautious,2.0,bullish,-0.5,neutral,1.0,neutral,high,Macro and valuation inputs are both available with strong coverage.
2003-08-01,us,slowdown,neutral,-0.030510965768609,fair,high,-1.0,cautious,2.0,bullish,-0.5,neutral,1.0,neutral,high,Macro and valuation inputs are both available with strong coverage.
2003-09-01,us,slowdown,neutral,-0.0243909529895867,fair,high,-1.0,cautious,2.0,bullish,-0.5,neutral,1.0,neutral,high,Macro and valuation inputs are both available with strong coverage.
2003-10-01,us,slowdown,neutral,-0.014617810677564,fair,high,-1.0,cautious,2.0,bullish,-0.5,neutral,1.0,neutral,high,Macro and valuation inputs are both available with strong coverage.
2003-11-01,us,goldilocks,neutral,0.0125600437713893,fair,high,2.0,bullish,0.0,neutral,-1.0,cautious,-1.0,cautious,high,Macro and valuation inputs are both available with strong coverage.
2003-12-01,us,goldilocks,neutral,0.003819916457021,fair,high,2.0,bullish,0.0,neutral,-1.0,cautious,-1.0,cautious,high,Macro and valuation inputs are both available with strong coverage.
2004-01-01,us,goldilocks,neutral,-0.0513556257428974,fair,high,2.0,bullish,0.0,neutral,-1.0,cautious,-1.0,cautious,high,Macro and valuation inputs are both available with strong coverage.
2004-02-01,us,goldilocks,neutral,-0.0636435894272391,fair,high,2.0,bullish,0.0,neutral,-1.0,cautious,-1.0,cautious,high,Macro and valuation inputs are both available with strong coverage.
2004-03-01,us,goldilocks,neutral,-0.0125640991889967,fair,high,2.0,bullish,0.0,neutral,-1.0,cautious,-1.0,cautious,high,Macro and valuation inputs are both available with strong coverage.
2004-04-01,us,goldilocks,neutral,0.0161068462419355,fair,high,2.0,bullish,0.0,neutral,-1.0,cautious,-1.0,cautious,high,Macro and valuation inputs are both available with strong coverage.
2004-05-01,us,goldilocks,neutral,0.0887047190996376,fair,high,2.0,bullish,0.0,neutral,-1.0,cautious,-1.0,cautious,high,Macro and valuation inputs are both available with strong coverage.
2004-06-01,us,goldilocks,neutral,0.0982300195074934,fair,high,2.0,bullish,0.0,neutral,-1.0,cautious,-1.0,cautious,high,Macro and valuation inputs are both available with strong coverage.
2004-07-01,us,goldilocks,neutral,0.0999371539348655,fair,high,2.0,bullish,0.0,neutral,-1.0,cautious,-1.0,cautious,high,Macro and valuation inputs are both available with strong coverage.
2004-08-01,us,goldilocks,neutral,0.0897146476498221,fair,high,2.0,bullish,0.0,neutral,-1.0,cautious,-1.0,cautious,high,Macro and valuation inputs are both available with strong coverage.
2004-09-01,us,goldilocks,neutral,0.0857242809902091,fair,high,2.0,bullish,0.0,neutral,-1.0,cautious,-1.0,cautious,high,Macro and valuation inputs are both available with strong coverage.
2004-10-01,us,goldilocks,neutral,0.1177494236943585,fair,high,2.0,bullish,0.0,neutral,-1.0,cautious,-1.0,cautious,high,Macro and valuation inputs are both available with strong coverage.
2004-11-01,us,goldilocks,neutral,0.0848005527387495,fair,high,2.0,bullish,0.0,neutral,-1.0,cautious,-1.0,cautious,high,Macro and valuation inputs are both available with strong coverage.
2004-12-01,us,goldilocks,neutral,-0.000129179329097,fair,high,2.0,bullish,0.0,neutral,-1.0,cautious,-1.0,cautious,high,Macro and valuation inputs are both available with strong coverage.
2005-01-01,us,goldilocks,neutral,-0.0085930794502051,fair,high,2.0,bullish,0.0,neutral,-1.0,cautious,-1.0,cautious,high,Macro and valuation inputs are both available with strong coverage.
2005-02-01,us,goldilocks,neutral,-0.0213537852379093,fair,high,2.0,bullish,0.0,neutral,-1.0,cautious,-1.0,cautious,high,Macro and valuation inputs are both available with strong coverage.
2005-03-01,us,goldilocks,neutral,0.0042644840447339,fair,high,2.0,bullish,0.0,neutral,-1.0,cautious,-1.0,cautious,high,Macro and valuation inputs are both available with strong coverage.
2005-04-01,us,goldilocks,neutral,0.0421110440182474,fair,high,2.0,bullish,0.0,neutral,-1.0,cautious,-1.0,cautious,high,Macro and valuation inputs are both available with strong coverage.
2005-05-01,us,goldilocks,neutral,-0.0028078777961394,fair,high,2.0,bullish,0.0,neutral,-1.0,cautious,-1.0,cautious,high,Macro and valuation inputs are both available with strong coverage.
2005-06-01,us,goldilocks,neutral,-0.025288668184455,fair,high,2.0,bullish,0.0,neutral,-1.0,cautious,-1.0,cautious,high,Macro and valuation inputs are both available with strong coverage.
2005-07-01,us,goldilocks,neutral,-0.0230908645427865,fair,high,2.0,bullish,0.0,neutral,-1.0,cautious,-1.0,cautious,high,Macro and valuation inputs are both available with strong coverage.
2005-08-01,us,goldilocks,neutral,-0.0017065559480333,fair,high,2.0,bullish,0.0,neutral,-1.0,cautious,-1.0,cautious,high,Macro and valuation inputs are both available with strong coverage.
2005-09-01,us,goldilocks,neutral,0.0601341251942173,fair,high,2.0,bullish,0.0,neutral,-1.0,cautious,-1.0,cautious,high,Macro and valuation inputs are both available with strong coverage.
2005-10-01,us,goldilocks,neutral,0.0552162608800119,fair,high,2.0,bullish,0.0,neutral,-1.0,cautious,-1.0,cautious,high,Macro and valuation inputs are both available with strong coverage.
2005-11-01,us,goldilocks,neutral,-0.0563059043714238,fair,high,2.0,bullish,0.0,neutral,-1.0,cautious,-1.0,cautious,high,Macro and valuation inputs are both available with strong coverage.
2005-12-01,us,goldilocks,neutral,-0.076831954140986,fair,high,2.0,bullish,0.0,neutral,-1.0,cautious,-1.0,cautious,high,Macro and valuation inputs are both available with strong coverage.
2006-01-01,us,goldilocks,neutral,-0.0789829835701079,fair,high,2.0,bullish,0.0,neutral,-1.0,cautious,-1.0,cautious,high,Macro and valuation inputs are both available with strong coverage.
2006-02-01,us,goldilocks,neutral,-0.1111703037179441,fair,high,2.0,bullish,0.0,neutral,-1.0,cautious,-1.0,cautious,high,Macro and valuation inputs are both available with strong coverage.
2006-03-01,us,goldilocks,neutral,-0.1386020826777785,fair,high,2.0,bullish,0.0,neutral,-1.0,cautious,-1.0,cautious,high,Macro and valuation inputs are both available with strong coverage.
2006-04-01,us,goldilocks,neutral,-0.1485927782520972,fair,high,2.0,bullish,0.0,neutral,-1.0,cautious,-1.0,cautious,high,Macro and valuation inputs are both available with strong coverage.
2006-05-01,us,goldilocks,neutral,-0.1258300493491964,fair,high,2.0,bullish,0.0,neutral,-1.0,cautious,-1.0,cautious,high,Macro and valuation inputs are both available with strong coverage.
2006-06-01,us,goldilocks,neutral,-0.068817301670756,fair,high,2.0,bullish,0.0,neutral,-1.0,cautious,-1.0,cautious,high,Macro and valuation inputs are both available with strong coverage.
2006-07-01,us,goldilocks,neutral,-0.0876531027019966,fair,high,2.0,bullish,0.0,neutral,-1.0,cautious,-1.0,cautious,high,Macro and valuation inputs are both available with strong coverage.
2006-08-01,us,goldilocks,neutral,-0.1014777765830879,fair,high,2.0,bullish,0.0,neutral,-1.0,cautious,-1.0,cautious,high,Macro and valuation inputs are both available with strong coverage.
2006-09-01,us,goldilocks,neutral,-0.2310391049656033,fair,high,2.0,bullish,0.0,neutral,-1.0,cautious,-1.0,cautious,high,Macro and valuation inputs are both available with strong coverage.
2006-10-01,us,goldilocks,neutral,-0.2945826815570222,fair,high,2.0,bullish,0.0,neutral,-1.0,cautious,-1.0,cautious,high,Macro and valuation inputs are both available with strong coverage.
2006-11-01,us,goldilocks,neutral,-0.2678070873488601,fair,high,2.0,bullish,0.0,neutral,-1.0,cautious,-1.0,cautious,high,Macro and valuation inputs are both available with strong coverage.
2006-12-01,us,goldilocks,neutral,-0.2575239831820306,fair,high,2.0,bullish,0.0,neutral,-1.0,cautious,-1.0,cautious,high,Macro and valuation inputs are both available with strong coverage.
2007-01-01,us,goldilocks,neutral,-0.2769462218476247,fair,high,2.0,bullish,0.0,neutral,-1.0,cautious,-1.0,cautious,high,Macro and valuation inputs are both available with strong coverage.
2007-02-01,us,goldilocks,neutral,-0.2625287494687006,fair,high,2.0,bullish,0.0,neutral,-1.0,cautious,-1.0,cautious,high,Macro and valuation inputs are both available with strong coverage.
2007-03-01,us,goldilocks,neutral,-0.1960944578945305,fair,high,2.0,bullish,0.0,neutral,-1.0,cautious,-1.0,cautious,high,Macro and valuation inputs are both available with strong coverage.
2007-04-01,us,goldilocks,neutral,-0.2418276629609799,fair,high,2.0,bullish,0.0,neutral,-1.0,cautious,-1.0,cautious,high,Macro and valuation inputs are both available with strong coverage.
2007-05-01,us,goldilocks,neutral,-0.2601709117406533,fair,high,2.0,bullish,0.0,neutral,-1.0,cautious,-1.0,cautious,high,Macro and valuation inputs are both available with strong coverage.
2007-06-01,us,goldilocks,neutral,-0.2832262894366683,fair,high,2.0,bullish,0.0,neutral,-1.0,cautious,-1.0,cautious,high,Macro and valuation inputs are both available with strong coverage.
2007-07-01,us,goldilocks,neutral,-0.3199522555490878,fair,high,2.0,bullish,0.0,neutral,-1.0,cautious,-1.0,cautious,high,Macro and valuation inputs are both available with strong coverage.
2007-08-01,us,goldilocks,neutral,-0.2823796863801585,fair,high,2.0,bullish,0.0,neutral,-1.0,cautious,-1.0,cautious,high,Macro and valuation inputs are both available with strong coverage.
2007-09-01,us,goldilocks,neutral,-0.2571862768265391,fair,high,2.0,bullish,0.0,neutral,-1.0,cautious,-1.0,cautious,high,Macro and valuation inputs are both available with strong coverage.
2007-10-01,us,goldilocks,neutral,-0.2508192422332858,fair,high,2.0,bullish,0.0,neutral,-1.0,cautious,-1.0,cautious,high,Macro and valuation inputs are both available with strong coverage.
2007-11-01,us,goldilocks,neutral,-0.1480430267340413,fair,high,2.0,bullish,0.0,neutral,-1.0,cautious,-1.0,cautious,high,Macro and valuation inputs are both available with strong coverage.
2007-12-01,us,goldilocks,neutral,-0.1622498561423059,fair,high,2.0,bullish,0.0,neutral,-1.0,cautious,-1.0,cautious,high,Macro and valuation inputs are both available with strong coverage.
2008-01-01,us,goldilocks,easy,0.1034255946152679,fair,high,3.0,bullish,-0.5,neutral,-0.5,neutral,-2.0,cautious,high,Macro and valuation inputs are both available with strong coverage.
2008-02-01,us,goldilocks,easy,0.1850089583306481,fair,high,3.0,bullish,-0.5,neutral,-0.5,neutral,-2.0,cautious,high,Macro and valuation inputs are both available with strong coverage.
2008-03-01,us,goldilocks,easy,0.2711773279282716,fair,high,3.0,bullish,-0.5,neutral,-0.5,neutral,-2.0,cautious,high,Macro and valuation inputs are both available with strong coverage.
2008-04-01,us,goldilocks,easy,0.2296425748331763,fair,high,3.0,bullish,-0.5,neutral,-0.5,neutral,-2.0,cautious,high,Macro and valuation inputs are both available with strong coverage.
2008-05-01,us,slowdown,neutral,0.213662163125104,fair,high,-1.0,cautious,2.0,bullish,-0.5,neutral,1.0,neutral,high,Macro and valuation inputs are both available with strong coverage.
2008-06-01,us,slowdown,neutral,0.2825793270679781,fair,high,-1.0,cautious,2.0,bullish,-0.5,neutral,1.0,neutral,high,Macro and valuation inputs are both available with strong coverage.
2008-07-01,us,slowdown,neutral,0.3585225030878534,fair,high,-1.0,cautious,2.0,bullish,-0.5,neutral,1.0,neutral,high,Macro and valuation inputs are both available with strong coverage.
2008-08-01,us,slowdown,neutral,0.311518198739046,fair,high,-1.0,cautious,2.0,bullish,-0.5,neutral,1.0,neutral,high,Macro and valuation inputs are both available with strong coverage.
2008-09-01,us,slowdown,neutral,0.3596372282977552,fair,high,-1.0,cautious,2.0,bullish,-0.5,neutral,1.0,neutral,high,Macro and valuation inputs are both available with strong coverage.
2008-10-01,us,slowdown,easy,0.4127947888513837,fair,high,0.0,neutral,1.5,neutral,0.0,neutral,0.0,neutral,high,Macro and valuation inputs are both available with strong coverage.
2008-11-01,us,slowdown,easy,0.1878238059183239,fair,high,0.0,neutral,1.5,neutral,0.0,neutral,0.0,neutral,high,Macro and valuation inputs are both available with strong coverage.
2008-12-01,us,slowdown,easy,-0.1730624033337448,fair,high,0.0,neutral,1.5,neutral,0.0,neutral,0.0,neutral,high,Macro and valuation inputs are both available with strong coverage.
2009-01-01,us,slowdown,easy,-0.4206078614539734,fair,high,0.0,neutral,1.5,neutral,0.0,neutral,0.0,neutral,high,Macro and valuation inputs are both available with strong coverage.
2009-02-01,us,slowdown,easy,-0.6027197018092473,expensive,high,-1.0,cautious,2.0,bullish,1.0,neutral,1.0,neutral,high,Macro and valuation inputs are both available with strong coverage.
2009-03-01,us,slowdown,neutral,-0.9334895549866322,expensive,high,-2.0,cautious,2.5,bullish,0.5,neutral,2.0,bullish,high,Macro and valuation inputs are both available with strong coverage.
2009-04-01,us,slowdown,neutral,-1.097993337510882,expensive,high,-2.0,cautious,2.5,bullish,0.5,neutral,2.0,bullish,high,Macro and valuation inputs are both available with strong coverage.
2009-05-01,us,slowdown,neutral,-1.2050050556887832,expensive,high,-2.0,cautious,2.5,bullish,0.5,neutral,2.0,bullish,high,Macro and valuation inputs are both available with strong coverage.
2009-06-01,us,slowdown,neutral,-1.2490617056457451,expensive,high,-2.0,cautious,2.5,bullish,0.5,neutral,2.0,bullish,high,Macro and valuation inputs are both available with strong coverage.
2009-07-01,us,slowdown,neutral,-0.9970641963858468,expensive,high,-2.0,cautious,2.5,bullish,0.5,neutral,2.0,bullish,high,Macro and valuation inputs are both available with strong coverage.
2009-08-01,us,slowdown,neutral,-0.8704594292379982,expensive,high,-2.0,cautious,2.5,bullish,0.5,neutral,2.0,bullish,high,Macro and valuation inputs are both available with strong coverage.
2009-09-01,us,slowdown,easy,-0.7719831331365098,expensive,high,-1.0,cautious,2.0,bullish,1.0,neutral,1.0,neutral,high,Macro and valuation inputs are both available with strong coverage.
2009-10-01,us,slowdown,neutral,-0.1003125805480794,fair,high,-1.0,cautious,2.0,bullish,-0.5,neutral,1.0,neutral,high,Macro and valuation inputs are both available with strong coverage.
2009-11-01,us,slowdown,neutral,0.2641107221577614,fair,high,-1.0,cautious,2.0,bullish,-0.5,neutral,1.0,neutral,high,Macro and valuation inputs are both available with strong coverage.
2009-12-01,us,slowdown,neutral,0.4487241640083542,fair,high,-1.0,cautious,2.0,bullish,-0.5,neutral,1.0,neutral,high,Macro and valuation inputs are both available with strong coverage.
2010-01-01,us,slowdown,neutral,0.4303314494195939,fair,high,-1.0,cautious,2.0,bullish,-0.5,neutral,1.0,neutral,high,Macro and valuation inputs are both available with strong coverage.
2010-02-01,us,slowdown,neutral,0.4630505411027412,fair,high,-1.0,cautious,2.0,bullish,-0.5,neutral,1.0,neutral,high,Macro and valuation inputs are both available with strong coverage.
2010-03-01,us,slowdown,neutral,0.444542556397393,fair,high,-1.0,cautious,2.0,bullish,-0.5,neutral,1.0,neutral,high,Macro and valuation inputs are both available with strong coverage.
2010-04-01,us,slowdown,neutral,0.4165803552132548,fair,high,-1.0,cautious,2.0,bullish,-0.5,neutral,1.0,neutral,high,Macro and valuation inputs are both available with strong coverage.
2010-05-01,us,slowdown,neutral,0.4912911374075675,fair,high,-1.0,cautious,2.0,bullish,-0.5,neutral,1.0,neutral,high,Macro and valuation inputs are both available with strong coverage.
2010-06-01,us,slowdown,neutral,0.5443749682506234,cheap,high,0.0,neutral,1.0,neutral,-1.0,cautious,0.0,neutral,high,Macro and valuation inputs are both available with strong coverage.
2010-07-01,us,slowdown,neutral,0.5791217879634473,cheap,high,0.0,neutral,1.0,neutral,-1.0,cautious,0.0,neutral,high,Macro and valuation inputs are both available with strong coverage.
2010-08-01,us,slowdown,neutral,0.5825566194326862,cheap,high,0.0,neutral,1.0,neutral,-1.0,cautious,0.0,neutral,high,Macro and valuation inputs are both available with strong coverage.
2010-09-01,us,slowdown,neutral,0.5496787998553554,cheap,high,0.0,neutral,1.0,neutral,-1.0,cautious,0.0,neutral,high,Macro and valuation inputs are both available with strong coverage.
2010-10-01,us,slowdown,neutral,0.5305899474419743,cheap,high,0.0,neutral,1.0,neutral,-1.0,cautious,0.0,neutral,high,Macro and valuation inputs are both available with strong coverage.
2010-11-01,us,slowdown,neutral,0.5132533978066862,cheap,high,0.0,neutral,1.0,neutral,-1.0,cautious,0.0,neutral,high,Macro and valuation inputs are both available with strong coverage.
2010-12-01,us,slowdown,neutral,0.4789241482818376,fair,high,-1.0,cautious,2.0,bullish,-0.5,neutral,1.0,neutral,high,Macro and valuation inputs are both available with strong coverage.
2011-01-01,us,slowdown,neutral,0.513746823359309,cheap,high,0.0,neutral,1.0,neutral,-1.0,cautious,0.0,neutral,high,Macro and valuation inputs are both available with strong coverage.
2011-02-01,us,slowdown,neutral,0.5185089994357479,cheap,high,0.0,neutral,1.0,neutral,-1.0,cautious,0.0,neutral,high,Macro and valuation inputs are both available with strong coverage.
2011-03-01,us,slowdown,neutral,0.5716341875558835,cheap,high,0.0,neutral,1.0,neutral,-1.0,cautious,0.0,neutral,high,Macro and valuation inputs are both available with strong coverage.
2011-04-01,us,slowdown,neutral,0.5911472507353395,cheap,high,0.0,neutral,1.0,neutral,-1.0,cautious,0.0,neutral,high,Macro and valuation inputs are both available with strong coverage.
2011-05-01,us,slowdown,neutral,0.6262969225075228,cheap,high,0.0,neutral,1.0,neutral,-1.0,cautious,0.0,neutral,high,Macro and valuation inputs are both available with strong coverage.
2011-06-01,us,slowdown,easy,0.690624422155931,cheap,high,1.0,neutral,0.5,neutral,-0.5,neutral,-1.0,cautious,high,Macro and valuation inputs are both available with strong coverage.
2011-07-01,us,slowdown,easy,0.678522707318173,cheap,high,1.0,neutral,0.5,neutral,-0.5,neutral,-1.0,cautious,high,Macro and valuation inputs are both available with strong coverage.
2011-08-01,us,slowdown,easy,0.8209617345885799,cheap,high,1.0,neutral,0.5,neutral,-0.5,neutral,-1.0,cautious,high,Macro and valuation inputs are both available with strong coverage.
2011-09-01,us,slowdown,easy,0.8991153893948687,cheap,high,1.0,neutral,0.5,neutral,-0.5,neutral,-1.0,cautious,high,Macro and valuation inputs are both available with strong coverage.
2011-10-01,us,slowdown,easy,0.8533682878553847,cheap,high,1.0,neutral,0.5,neutral,-0.5,neutral,-1.0,cautious,high,Macro and valuation inputs are both available with strong coverage.
2011-11-01,us,slowdown,easy,0.8392479918077668,cheap,high,1.0,neutral,0.5,neutral,-0.5,neutral,-1.0,cautious,high,Macro and valuation inputs are both available with strong coverage.
2011-12-01,us,slowdown,easy,0.7763221166814682,cheap,high,1.0,neutral,0.5,neutral,-0.5,neutral,-1.0,cautious,high,Macro and valuation inputs are both available with strong coverage.
2012-01-01,us,slowdown,easy,0.6979757024560007,cheap,high,1.0,neutral,0.5,neutral,-0.5,neutral,-1.0,cautious,high,Macro and valuation inputs are both available with strong coverage.
2012-02-01,us,slowdown,easy,0.6600464851994366,cheap,high,1.0,neutral,0.5,neutral,-0.5,neutral,-1.0,cautious,high,Macro and valuation inputs are both available with strong coverage.
2012-03-01,us,slowdown,easy,0.5910798564930533,cheap,high,1.0,neutral,0.5,neutral,-0.5,neutral,-1.0,cautious,high,Macro and valuation inputs are both available with strong coverage.
2012-04-01,us,slowdown,easy,0.5794270557596732,cheap,high,1.0,neutral,0.5,neutral,-0.5,neutral,-1.0,cautious,high,Macro and valuation inputs are both available with strong coverage.
2012-05-01,us,slowdown,easy,0.5848535531607519,cheap,high,1.0,neutral,0.5,neutral,-0.5,neutral,-1.0,cautious,high,Macro and valuation inputs are both available with strong coverage.
2012-06-01,us,slowdown,easy,0.6111218160238513,cheap,high,1.0,neutral,0.5,neutral,-0.5,neutral,-1.0,cautious,high,Macro and valuation inputs are both available with strong coverage.
2012-07-01,us,slowdown,easy,0.5729146788250896,cheap,high,1.0,neutral,0.5,neutral,-0.5,neutral,-1.0,cautious,high,Macro and valuation inputs are both available with strong coverage.
2012-08-01,us,slowdown,neutral,0.5592724345338366,cheap,high,0.0,neutral,1.0,neutral,-1.0,cautious,0.0,neutral,high,Macro and valuation inputs are both available with strong coverage.
2012-09-01,us,slowdown,neutral,0.5392954311866544,cheap,high,0.0,neutral,1.0,neutral,-1.0,cautious,0.0,neutral,high,Macro and valuation inputs are both available with strong coverage.
2012-10-01,us,slowdown,neutral,0.5548308951073222,cheap,high,0.0,neutral,1.0,neutral,-1.0,cautious,0.0,neutral,high,Macro and valuation inputs are both available with strong coverage.
2012-11-01,us,slowdown,neutral,0.564956547282481,cheap,high,0.0,neutral,1.0,neutral,-1.0,cautious,0.0,neutral,high,Macro and valuation inputs are both available with strong coverage.
2012-12-01,us,slowdown,neutral,0.5500111527993401,cheap,high,0.0,neutral,1.0,neutral,-1.0,cautious,0.0,neutral,high,Macro and valuation inputs are both available with strong coverage.
2013-01-01,us,slowdown,neutral,0.434898679373931,fair,high,-1.0,cautious,2.0,bullish,-0.5,neutral,1.0,neutral,high,Macro and valuation inputs are both available with strong coverage.
2013-02-01,us,slowdown,neutral,0.4395177794517396,fair,high,-1.0,cautious,2.0,bullish,-0.5,neutral,1.0,neutral,high,Macro and valuation inputs are both available with strong coverage.
2013-03-01,us,slowdown,neutral,0.3683694778018344,fair,high,-1.0,cautious,2.0,bullish,-0.5,neutral,1.0,neutral,high,Macro and valuation inputs are both available with strong coverage.
2013-04-01,us,slowdown,neutral,0.3465211389054713,fair,high,-1.0,cautious,2.0,bullish,-0.5,neutral,1.0,neutral,high,Macro and valuation inputs are both available with strong coverage.
2013-05-01,us,slowdown,neutral,0.3295849673630123,fair,high,-1.0,cautious,2.0,bullish,-0.5,neutral,1.0,neutral,high,Macro and valuation inputs are both available with strong coverage.
2013-06-01,us,slowdown,neutral,0.3542416449062905,fair,high,-1.0,cautious,2.0,bullish,-0.5,neutral,1.0,neutral,high,Macro and valuation inputs are both available with strong coverage.
2013-07-01,us,slowdown,neutral,0.3374587815899241,fair,high,-1.0,cautious,2.0,bullish,-0.5,neutral,1.0,neutral,high,Macro and valuation inputs are both available with strong coverage.
2013-08-01,us,slowdown,neutral,0.3224003043667282,fair,high,-1.0,cautious,2.0,bullish,-0.5,neutral,1.0,neutral,high,Macro and valuation inputs are both available with strong coverage.
2013-09-01,us,slowdown,neutral,0.2850563400263667,fair,high,-1.0,cautious,2.0,bullish,-0.5,neutral,1.0,neutral,high,Macro and valuation inputs are both available with strong coverage.
2013-10-01,us,slowdown,neutral,0.2705465720286902,fair,high,-1.0,cautious,2.0,bullish,-0.5,neutral,1.0,neutral,high,Macro and valuation inputs are both available with strong coverage.
2013-11-01,us,slowdown,neutral,0.2670921797807346,fair,high,-1.0,cautious,2.0,bullish,-0.5,neutral,1.0,neutral,high,Macro and valuation inputs are both available with strong coverage.
2013-12-01,us,goldilocks,neutral,0.2548121310488005,fair,high,2.0,bullish,0.0,neutral,-1.0,cautious,-1.0,cautious,high,Macro and valuation inputs are both available with strong coverage.
2014-01-01,us,goldilocks,neutral,0.2370207738353655,fair,high,2.0,bullish,0.0,neutral,-1.0,cautious,-1.0,cautious,high,Macro and valuation inputs are both available with strong coverage.
2014-02-01,us,goldilocks,neutral,0.222673200953676,fair,high,2.0,bullish,0.0,neutral,-1.0,cautious,-1.0,cautious,high,Macro and valuation inputs are both available with strong coverage.
2014-03-01,us,slowdown,neutral,0.2264106976724235,fair,high,-1.0,cautious,2.0,bullish,-0.5,neutral,1.0,neutral,high,Macro and valuation inputs are both available with strong coverage.
2014-04-01,us,goldilocks,neutral,0.2563348285285243,fair,high,2.0,bullish,0.0,neutral,-1.0,cautious,-1.0,cautious,high,Macro and valuation inputs are both available with strong coverage.
2014-05-01,us,goldilocks,neutral,0.2633791384673439,fair,high,2.0,bullish,0.0,neutral,-1.0,cautious,-1.0,cautious,high,Macro and valuation inputs are both available with strong coverage.
2014-06-01,us,goldilocks,neutral,0.2229333742254849,fair,high,2.0,bullish,0.0,neutral,-1.0,cautious,-1.0,cautious,high,Macro and valuation inputs are both available with strong coverage.
2014-07-01,us,goldilocks,neutral,0.2132331672620589,fair,high,2.0,bullish,0.0,neutral,-1.0,cautious,-1.0,cautious,high,Macro and valuation inputs are both available with strong coverage.
2014-08-01,us,goldilocks,neutral,0.2128903917038984,fair,high,2.0,bullish,0.0,neutral,-1.0,cautious,-1.0,cautious,high,Macro and valuation inputs are both available with strong coverage.
2014-09-01,us,goldilocks,neutral,0.1981987771044009,fair,high,2.0,bullish,0.0,neutral,-1.0,cautious,-1.0,cautious,high,Macro and valuation inputs are both available with strong coverage.
2014-10-01,us,goldilocks,neutral,0.2219060436808229,fair,high,2.0,bullish,0.0,neutral,-1.0,cautious,-1.0,cautious,high,Macro and valuation inputs are both available with strong coverage.
2014-11-01,us,goldilocks,neutral,0.1373480951955187,fair,high,2.0,bullish,0.0,neutral,-1.0,cautious,-1.0,cautious,high,Macro and valuation inputs are both available with strong coverage.
2014-12-01,us,goldilocks,neutral,0.0688170748415208,fair,high,2.0,bullish,0.0,neutral,-1.0,cautious,-1.0,cautious,high,Macro and valuation inputs are both available with strong coverage.
2015-01-01,us,goldilocks,neutral,0.0665606720275695,fair,high,2.0,bullish,0.0,neutral,-1.0,cautious,-1.0,cautious,high,Macro and valuation inputs are both available with strong coverage.
2015-02-01,us,goldilocks,neutral,0.0438597857862222,fair,high,2.0,bullish,0.0,neutral,-1.0,cautious,-1.0,cautious,high,Macro and valuation inputs are both available with strong coverage.
2015-03-01,us,goldilocks,neutral,0.0436604646780865,fair,high,2.0,bullish,0.0,neutral,-1.0,cautious,-1.0,cautious,high,Macro and valuation inputs are both available with strong coverage.
2015-04-01,us,goldilocks,neutral,0.0274807862849726,fair,high,2.0,bullish,0.0,neutral,-1.0,cautious,-1.0,cautious,high,Macro and valuation inputs are both available with strong coverage.
2015-05-01,us,goldilocks,neutral,0.0154945792691558,fair,high,2.0,bullish,0.0,neutral,-1.0,cautious,-1.0,cautious,high,Macro and valuation inputs are both available with strong coverage.
2015-06-01,us,goldilocks,neutral,0.0251765575541914,fair,high,2.0,bullish,0.0,neutral,-1.0,cautious,-1.0,cautious,high,Macro and valuation inputs are both available with strong coverage.
2015-07-01,us,goldilocks,neutral,0.0236710345186647,fair,high,2.0,bullish,0.0,neutral,-1.0,cautious,-1.0,cautious,high,Macro and valuation inputs are both available with strong coverage.
2015-08-01,us,goldilocks,neutral,0.0453389295336593,fair,high,2.0,bullish,0.0,neutral,-1.0,cautious,-1.0,cautious,high,Macro and valuation inputs are both available with strong coverage.
2015-09-01,us,goldilocks,neutral,0.1030566079940099,fair,high,2.0,bullish,0.0,neutral,-1.0,cautious,-1.0,cautious,high,Macro and valuation inputs are both available with strong coverage.
2015-10-01,us,goldilocks,neutral,0.066841091697507,fair,high,2.0,bullish,0.0,neutral,-1.0,cautious,-1.0,cautious,high,Macro and valuation inputs are both available with strong coverage.
2015-11-01,us,goldilocks,neutral,0.0439744259216841,fair,high,2.0,bullish,0.0,neutral,-1.0,cautious,-1.0,cautious,high,Macro and valuation inputs are both available with strong coverage.
2015-12-01,us,goldilocks,neutral,0.0202263434599397,fair,high,2.0,bullish,0.0,neutral,-1.0,cautious,-1.0,cautious,high,Macro and valuation inputs are both available with strong coverage.
2016-01-01,us,goldilocks,neutral,0.0942185264630786,fair,high,2.0,bullish,0.0,neutral,-1.0,cautious,-1.0,cautious,high,Macro and valuation inputs are both available with strong coverage.
2016-02-01,us,goldilocks,neutral,0.0829624792812526,fair,high,2.0,bullish,0.0,neutral,-1.0,cautious,-1.0,cautious,high,Macro and valuation inputs are both available with strong coverage.
2016-03-01,us,goldilocks,neutral,0.0311980639839685,fair,high,2.0,bullish,0.0,neutral,-1.0,cautious,-1.0,cautious,high,Macro and valuation inputs are both available with strong coverage.
2016-04-01,us,goldilocks,neutral,0.0254695464013159,fair,high,2.0,bullish,0.0,neutral,-1.0,cautious,-1.0,cautious,high,Macro and valuation inputs are both available with strong coverage.
2016-05-01,us,goldilocks,neutral,0.0276745413746111,fair,high,2.0,bullish,0.0,neutral,-1.0,cautious,-1.0,cautious,high,Macro and valuation inputs are both available with strong coverage.
2016-06-01,us,goldilocks,neutral,0.0247746441936173,fair,high,2.0,bullish,0.0,neutral,-1.0,cautious,-1.0,cautious,high,Macro and valuation inputs are both available with strong coverage.
2016-07-01,us,goldilocks,neutral,-0.0117564086912674,fair,high,2.0,bullish,0.0,neutral,-1.0,cautious,-1.0,cautious,high,Macro and valuation inputs are both available with strong coverage.
2016-08-01,us,goldilocks,neutral,-0.0088453201549098,fair,high,2.0,bullish,0.0,neutral,-1.0,cautious,-1.0,cautious,high,Macro and valuation inputs are both available with strong coverage.
2016-09-01,us,goldilocks,neutral,0.0241440682105444,fair,high,2.0,bullish,0.0,neutral,-1.0,cautious,-1.0,cautious,high,Macro and valuation inputs are both available with strong coverage.
2016-10-01,us,goldilocks,neutral,0.0473035047254535,fair,high,2.0,bullish,0.0,neutral,-1.0,cautious,-1.0,cautious,high,Macro and valuation inputs are both available with strong coverage.
2016-11-01,us,goldilocks,neutral,0.0364090179805382,fair,high,2.0,bullish,0.0,neutral,-1.0,cautious,-1.0,cautious,high,Macro and valuation inputs are both available with strong coverage.
2016-12-01,us,goldilocks,neutral,-0.0094492163001993,fair,high,2.0,bullish,0.0,neutral,-1.0,cautious,-1.0,cautious,high,Macro and valuation inputs are both available with strong coverage.
2017-01-01,us,goldilocks,neutral,-0.0411917437586017,fair,high,2.0,bullish,0.0,neutral,-1.0,cautious,-1.0,cautious,high,Macro and valuation inputs are both available with strong coverage.
2017-02-01,us,goldilocks,neutral,-0.0366460982316703,fair,high,2.0,bullish,0.0,neutral,-1.0,cautious,-1.0,cautious,high,Macro and valuation inputs are both available with strong coverage.
2017-03-01,us,goldilocks,neutral,-0.0920530770492757,fair,high,2.0,bullish,0.0,neutral,-1.0,cautious,-1.0,cautious,high,Macro and valuation inputs are both available with strong coverage.
2017-04-01,us,goldilocks,neutral,-0.1017107285742747,fair,high,2.0,bullish,0.0,neutral,-1.0,cautious,-1.0,cautious,high,Macro and valuation inputs are both available with strong coverage.
2017-05-01,us,goldilocks,neutral,-0.1298179392501438,fair,high,2.0,bullish,0.0,neutral,-1.0,cautious,-1.0,cautious,high,Macro and valuation inputs are both available with strong coverage.
2017-06-01,us,goldilocks,neutral,-0.1644950037565728,fair,high,2.0,bullish,0.0,neutral,-1.0,cautious,-1.0,cautious,high,Macro and valuation inputs are both available with strong coverage.
2017-07-01,us,goldilocks,neutral,-0.1761417767327072,fair,high,2.0,bullish,0.0,neutral,-1.0,cautious,-1.0,cautious,high,Macro and valuation inputs are both available with strong coverage.
2017-08-01,us,goldilocks,neutral,-0.1557840874178363,fair,high,2.0,bullish,0.0,neutral,-1.0,cautious,-1.0,cautious,high,Macro and valuation inputs are both available with strong coverage.
2017-09-01,us,goldilocks,neutral,-0.1544539203267204,fair,high,2.0,bullish,0.0,neutral,-1.0,cautious,-1.0,cautious,high,Macro and valuation inputs are both available with strong coverage.
2017-10-01,us,goldilocks,neutral,-0.1904143912488414,fair,high,2.0,bullish,0.0,neutral,-1.0,cautious,-1.0,cautious,high,Macro and valuation inputs are both available with strong coverage.
2017-11-01,us,goldilocks,neutral,-0.1915552092286573,fair,high,2.0,bullish,0.0,neutral,-1.0,cautious,-1.0,cautious,high,Macro and valuation inputs are both available with strong coverage.
2017-12-01,us,goldilocks,neutral,-0.2548249916933553,fair,high,2.0,bullish,0.0,neutral,-1.0,cautious,-1.0,cautious,high,Macro and valuation inputs are both available with strong coverage.
2018-01-01,us,goldilocks,neutral,-0.2592862173314314,fair,high,2.0,bullish,0.0,neutral,-1.0,cautious,-1.0,cautious,high,Macro and valuation inputs are both available with strong coverage.
2018-02-01,us,goldilocks,neutral,-0.2131548245701651,fair,high,2.0,bullish,0.0,neutral,-1.0,cautious,-1.0,cautious,high,Macro and valuation inputs are both available with strong coverage.
2018-03-01,us,goldilocks,neutral,-0.1945265060436156,fair,high,2.0,bullish,0.0,neutral,-1.0,cautious,-1.0,cautious,high,Macro and valuation inputs are both available with strong coverage.
2018-04-01,us,goldilocks,neutral,-0.1680144660250999,fair,high,2.0,bullish,0.0,neutral,-1.0,cautious,-1.0,cautious,high,Macro and valuation inputs are both available with strong coverage.
2018-05-01,us,goldilocks,neutral,-0.1568972430028737,fair,high,2.0,bullish,0.0,neutral,-1.0,cautious,-1.0,cautious,high,Macro and valuation inputs are both available with strong coverage.
2018-06-01,us,goldilocks,neutral,-0.1833652315254956,fair,high,2.0,bullish,0.0,neutral,-1.0,cautious,-1.0,cautious,high,Macro and valuation inputs are both available with strong coverage.
2018-07-01,us,goldilocks,neutral,-0.1889228830062171,fair,high,2.0,bullish,0.0,neutral,-1.0,cautious,-1.0,cautious,high,Macro and valuation inputs are both available with strong coverage.
2018-08-01,us,goldilocks,neutral,-0.210827311695597,fair,high,2.0,bullish,0.0,neutral,-1.0,cautious,-1.0,cautious,high,Macro and valuation inputs are both available with strong coverage.
2018-09-01,us,goldilocks,neutral,-0.2670243611987458,fair,high,2.0,bullish,0.0,neutral,-1.0,cautious,-1.0,cautious,high,Macro and valuation inputs are both available with strong coverage.
2018-10-01,us,goldilocks,neutral,-0.23105328709766,fair,high,2.0,bullish,0.0,neutral,-1.0,cautious,-1.0,cautious,high,Macro and valuation inputs are both available with strong coverage.
2018-11-01,us,goldilocks,neutral,-0.2220411059585754,fair,high,2.0,bullish,0.0,neutral,-1.0,cautious,-1.0,cautious,high,Macro and valuation inputs are both available with strong coverage.
2018-12-01,us,goldilocks,neutral,-0.0844586300236274,fair,high,2.0,bullish,0.0,neutral,-1.0,cautious,-1.0,cautious,high,Macro and valuation inputs are both available with strong coverage.
2019-01-01,us,goldilocks,neutral,-0.1597553810752038,fair,high,2.0,bullish,0.0,neutral,-1.0,cautious,-1.0,cautious,high,Macro and valuation inputs are both available with strong coverage.
2019-02-01,us,goldilocks,neutral,-0.204603713893199,fair,high,2.0,bullish,0.0,neutral,-1.0,cautious,-1.0,cautious,high,Macro and valuation inputs are both available with strong coverage.
2019-03-01,us,goldilocks,neutral,-0.2374208560586584,fair,high,2.0,bullish,0.0,neutral,-1.0,cautious,-1.0,cautious,high,Macro and valuation inputs are both available with strong coverage.
2019-04-01,us,goldilocks,neutral,-0.2577601538637089,fair,high,2.0,bullish,0.0,neutral,-1.0,cautious,-1.0,cautious,high,Macro and valuation inputs are both available with strong coverage.
2019-05-01,us,goldilocks,neutral,-0.2380111596690704,fair,high,2.0,bullish,0.0,neutral,-1.0,cautious,-1.0,cautious,high,Macro and valuation inputs are both available with strong coverage.
2019-06-01,us,goldilocks,neutral,-0.2515413029597055,fair,high,2.0,bullish,0.0,neutral,-1.0,cautious,-1.0,cautious,high,Macro and valuation inputs are both available with strong coverage.
2019-07-01,us,goldilocks,neutral,-0.2791833677974655,fair,high,2.0,bullish,0.0,neutral,-1.0,cautious,-1.0,cautious,high,Macro and valuation inputs are both available with strong coverage.
2019-08-01,us,goldilocks,neutral,-0.2116820149013345,fair,high,2.0,bullish,0.0,neutral,-1.0,cautious,-1.0,cautious,high,Macro and valuation inputs are both available with strong coverage.
2019-09-01,us,goldilocks,neutral,-0.232989156434989,fair,high,2.0,bullish,0.0,neutral,-1.0,cautious,-1.0,cautious,high,Macro and valuation inputs are both available with strong coverage.
2019-10-01,us,goldilocks,neutral,-0.1943076328678766,fair,high,2.0,bullish,0.0,neutral,-1.0,cautious,-1.0,cautious,high,Macro and valuation inputs are both available with strong coverage.
2019-11-01,us,goldilocks,neutral,-0.1813569959891346,fair,high,2.0,bullish,0.0,neutral,-1.0,cautious,-1.0,cautious,high,Macro and valuation inputs are both available with strong coverage.
2019-12-01,us,goldilocks,neutral,-0.2162212870373263,fair,high,2.0,bullish,0.0,neutral,-1.0,cautious,-1.0,cautious,high,Macro and valuation inputs are both available with strong coverage.
2020-01-01,us,goldilocks,neutral,-0.3573833976121503,fair,high,2.0,bullish,0.0,neutral,-1.0,cautious,-1.0,cautious,high,Macro and valuation inputs are both available with strong coverage.
2020-02-01,us,goldilocks,neutral,-0.3988330841585431,fair,high,2.0,bullish,0.0,neutral,-1.0,cautious,-1.0,cautious,high,Macro and valuation inputs are both available with strong coverage.
2020-03-01,us,slowdown,easy,-0.0709139670251021,fair,high,0.0,neutral,1.5,neutral,0.0,neutral,0.0,neutral,high,Macro and valuation inputs are both available with strong coverage.
2020-04-01,us,slowdown,easy,-0.1489886876319834,fair,high,0.0,neutral,1.5,neutral,0.0,neutral,0.0,neutral,high,Macro and valuation inputs are both available with strong coverage.
2020-05-01,us,slowdown,easy,-0.2418796335767624,fair,high,0.0,neutral,1.5,neutral,0.0,neutral,0.0,neutral,high,Macro and valuation inputs are both available with strong coverage.
2020-06-01,us,slowdown,easy,-0.3885655160085473,fair,high,0.0,neutral,1.5,neutral,0.0,neutral,0.0,neutral,high,Macro and valuation inputs are both available with strong coverage.
2020-07-01,us,goldilocks,easy,-0.4051514693853065,fair,high,3.0,bullish,-0.5,neutral,-0.5,neutral,-2.0,cautious,high,Macro and valuation inputs are both available with strong coverage.
2020-08-01,us,goldilocks,easy,-0.4522345567780768,fair,high,3.0,bullish,-0.5,neutral,-0.5,neutral,-2.0,cautious,high,Macro and valuation inputs are both available with strong coverage.
2020-09-01,us,goldilocks,easy,-0.469641294950283,fair,high,3.0,bullish,-0.5,neutral,-0.5,neutral,-2.0,cautious,high,Macro and valuation inputs are both available with strong coverage.
2020-10-01,us,goldilocks,easy,-0.5081600904080844,expensive,high,2.0,bullish,0.0,neutral,0.5,neutral,-1.0,cautious,high,Macro and valuation inputs are both available with strong coverage.
2020-11-01,us,goldilocks,easy,-0.5660944437785383,expensive,high,2.0,bullish,0.0,neutral,0.5,neutral,-1.0,cautious,high,Macro and valuation inputs are both available with strong coverage.
2020-12-01,us,goldilocks,easy,-0.6773799697640891,expensive,high,2.0,bullish,0.0,neutral,0.5,neutral,-1.0,cautious,high,Macro and valuation inputs are both available with strong coverage.
2021-01-01,us,goldilocks,easy,-0.6334924975465295,expensive,high,2.0,bullish,0.0,neutral,0.5,neutral,-1.0,cautious,high,Macro and valuation inputs are both available with strong coverage.
2021-02-01,us,goldilocks,easy,-0.5802851351200863,expensive,high,2.0,bullish,0.0,neutral,0.5,neutral,-1.0,cautious,high,Macro and valuation inputs are both available with strong coverage.
2021-03-01,us,goldilocks,easy,-0.5039298539093716,expensive,high,2.0,bullish,0.0,neutral,0.5,neutral,-1.0,cautious,high,Macro and valuation inputs are both available with strong coverage.
2021-04-01,us,goldilocks,easy,-0.4355046085650684,fair,high,3.0,bullish,-0.5,neutral,-0.5,neutral,-2.0,cautious,high,Macro and valuation inputs are both available with strong coverage.
2021-05-01,us,reflation,easy,-0.3474073627226295,fair,high,2.0,bullish,-1.5,cautious,0.5,neutral,-1.0,cautious,high,Macro and valuation inputs are both available with strong coverage.
2021-06-01,us,reflation,easy,-0.3282643023193805,fair,high,2.0,bullish,-1.5,cautious,0.5,neutral,-1.0,cautious,high,Macro and valuation inputs are both available with strong coverage.
2021-07-01,us,reflation,easy,-0.3372873948599114,fair,high,2.0,bullish,-1.5,cautious,0.5,neutral,-1.0,cautious,high,Macro and valuation inputs are both available with strong coverage.
2021-08-01,us,reflation,easy,-0.3429594881261537,fair,high,2.0,bullish,-1.5,cautious,0.5,neutral,-1.0,cautious,high,Macro and valuation inputs are both available with strong coverage.
2021-09-01,us,reflation,easy,-0.2999074514743358,fair,high,2.0,bullish,-1.5,cautious,0.5,neutral,-1.0,cautious,high,Macro and valuation inputs are both available with strong coverage.
2021-10-01,us,reflation,easy,-0.2250312102395875,fair,high,2.0,bullish,-1.5,cautious,0.5,neutral,-1.0,cautious,high,Macro and valuation inputs are both available with strong coverage.
2021-11-01,us,reflation,easy,-0.2104721848357351,fair,high,2.0,bullish,-1.5,cautious,0.5,neutral,-1.0,cautious,high,Macro and valuation inputs are both available with strong coverage.
2021-12-01,us,reflation,easy,-0.2200171953546232,fair,high,2.0,bullish,-1.5,cautious,0.5,neutral,-1.0,cautious,high,Macro and valuation inputs are both available with strong coverage.
2022-01-01,us,reflation,easy,-0.1691707278478378,fair,high,2.0,bullish,-1.5,cautious,0.5,neutral,-1.0,cautious,high,Macro and valuation inputs are both available with strong coverage.
2022-02-01,us,reflation,neutral,-0.1068775042458758,fair,high,1.0,neutral,-1.0,cautious,0.0,neutral,0.0,neutral,high,Macro and valuation inputs are both available with strong coverage.
2022-03-01,us,reflation,neutral,-0.029440695389156,fair,high,1.0,neutral,-1.0,cautious,0.0,neutral,0.0,neutral,high,Macro and valuation inputs are both available with strong coverage.
2022-04-01,us,reflation,neutral,-0.0768677255308816,fair,high,1.0,neutral,-1.0,cautious,0.0,neutral,0.0,neutral,high,Macro and valuation inputs are both available with strong coverage.
2022-05-01,us,reflation,neutral,-0.0078930025065479,fair,high,1.0,neutral,-1.0,cautious,0.0,neutral,0.0,neutral,high,Macro and valuation inputs are both available with strong coverage.
2022-06-01,us,reflation,tight,0.1228563432330084,fair,high,0.0,neutral,-0.5,neutral,-0.5,neutral,2.0,bullish,high,Macro and valuation inputs are both available with strong coverage.
2022-07-01,us,reflation,neutral,0.0490388869569173,fair,high,1.0,neutral,-1.0,cautious,0.0,neutral,0.0,neutral,high,Macro and valuation inputs are both available with strong coverage.
2022-08-01,us,reflation,neutral,-0.0931966148206967,fair,high,1.0,neutral,-1.0,cautious,0.0,neutral,0.0,neutral,high,Macro and valuation inputs are both available with strong coverage.
2022-09-01,us,reflation,tight,-0.0255659994895506,fair,high,0.0,neutral,-0.5,neutral,-0.5,neutral,2.0,bullish,high,Macro and valuation inputs are both available with strong coverage.
2022-10-01,us,reflation,tight,-0.0882511582967142,fair,high,0.0,neutral,-0.5,neutral,-0.5,neutral,2.0,bullish,high,Macro and valuation inputs are both available with strong coverage.
2022-11-01,us,reflation,tight,-0.2528824418527563,fair,high,0.0,neutral,-0.5,neutral,-0.5,neutral,2.0,bullish,high,Macro and valuation inputs are both available with strong coverage.
2022-12-01,us,reflation,tight,-0.3537235923706858,fair,high,0.0,neutral,-0.5,neutral,-0.5,neutral,2.0,bullish,high,Macro and valuation inputs are both available with strong coverage.
2023-01-01,us,reflation,tight,-0.3822445247625817,fair,high,0.0,neutral,-0.5,neutral,-0.5,neutral,2.0,bullish,high,Macro and valuation inputs are both available with strong coverage.
2023-02-01,us,reflation,tight,-0.4557698102141931,fair,high,0.0,neutral,-0.5,neutral,-0.5,neutral,2.0,bullish,high,Macro and valuation inputs are both available with strong coverage.
2023-03-01,us,reflation,tight,-0.5148109304534915,expensive,high,-1.0,cautious,0.0,neutral,0.5,neutral,3.0,bullish,high,Macro and valuation inputs are both available with strong coverage.
2023-04-01,us,reflation,tight,-0.5529125884538423,expensive,high,-1.0,cautious,0.0,neutral,0.5,neutral,3.0,bullish,high,Macro and valuation inputs are both available with strong coverage.
2023-05-01,us,reflation,tight,-0.6222432248644526,expensive,high,-1.0,cautious,0.0,neutral,0.5,neutral,3.0,bullish,high,Macro and valuation inputs are both available with strong coverage.
2023-06-01,us,reflation,tight,-0.7704870974685925,expensive,high,-1.0,cautious,0.0,neutral,0.5,neutral,3.0,bullish,high,Macro and valuation inputs are both available with strong coverage.
2023-07-01,us,reflation,tight,-0.7987974682428385,expensive,high,-1.0,cautious,0.0,neutral,0.5,neutral,3.0,bullish,high,Macro and valuation inputs are both available with strong coverage.
2023-08-01,us,reflation,tight,-0.7724514863105022,expensive,high,-1.0,cautious,0.0,neutral,0.5,neutral,3.0,bullish,high,Macro and valuation inputs are both available with strong coverage.
2023-09-01,us,reflation,tight,-0.7378663546030371,expensive,high,-1.0,cautious,0.0,neutral,0.5,neutral,3.0,bullish,high,Macro and valuation inputs are both available with strong coverage.
2023-10-01,us,reflation,tight,-0.7282816281698923,expensive,high,-1.0,cautious,0.0,neutral,0.5,neutral,3.0,bullish,high,Macro and valuation inputs are both available with strong coverage.
2023-11-01,us,reflation,tight,-1.109327734975172,expensive,high,-1.0,cautious,0.0,neutral,0.5,neutral,3.0,bullish,high,Macro and valuation inputs are both available with strong coverage.
2023-12-01,us,reflation,neutral,-0.9499389612380904,expensive,high,0.0,neutral,-0.5,neutral,1.0,neutral,1.0,neutral,high,Macro and valuation inputs are both available with strong coverage.
2024-01-01,us,reflation,neutral,-0.9131751039733512,expensive,high,0.0,neutral,-0.5,neutral,1.0,neutral,1.0,neutral,high,Macro and valuation inputs are both available with strong coverage.
2024-02-01,us,reflation,neutral,-0.95053936756364,expensive,high,0.0,neutral,-0.5,neutral,1.0,neutral,1.0,neutral,high,Macro and valuation inputs are both available with strong coverage.
2024-03-01,us,reflation,tight,-0.983902309378962,expensive,high,-1.0,cautious,0.0,neutral,0.5,neutral,3.0,bullish,high,Macro and valuation inputs are both available with strong coverage.
2024-04-01,us,reflation,tight,-0.8950837246530585,expensive,high,-1.0,cautious,0.0,neutral,0.5,neutral,3.0,bullish,high,Macro and valuation inputs are both available with strong coverage.
2024-05-01,us,reflation,tight,-0.9007661081223588,expensive,high,-1.0,cautious,0.0,neutral,0.5,neutral,3.0,bullish,high,Macro and valuation inputs are both available with strong coverage.
2024-06-01,us,reflation,neutral,-0.9194321795190948,expensive,high,0.0,neutral,-0.5,neutral,1.0,neutral,1.0,neutral,high,Macro and valuation inputs are both available with strong coverage.
2024-07-01,us,reflation,neutral,-0.9978168187675436,expensive,high,0.0,neutral,-0.5,neutral,1.0,neutral,1.0,neutral,high,Macro and valuation inputs are both available with strong coverage.
2024-08-01,us,goldilocks,neutral,-1.0535328380161697,expensive,high,1.0,neutral,0.5,neutral,0.0,neutral,0.0,neutral,high,Macro and valuation inputs are both available with strong coverage.
2024-09-01,us,goldilocks,neutral,-1.0394277248646038,expensive,high,1.0,neutral,0.5,neutral,0.0,neutral,0.0,neutral,high,Macro and valuation inputs are both available with strong coverage.
2024-10-01,us,goldilocks,neutral,-0.9954096561808804,expensive,high,1.0,neutral,0.5,neutral,0.0,neutral,0.0,neutral,high,Macro and valuation inputs are both available with strong coverage.
2024-11-01,us,goldilocks,neutral,-0.9330846986121007,expensive,high,1.0,neutral,0.5,neutral,0.0,neutral,0.0,neutral,high,Macro and valuation inputs are both available with strong coverage.
2024-12-01,us,goldilocks,neutral,-0.8935539921017153,expensive,high,1.0,neutral,0.5,neutral,0.0,neutral,0.0,neutral,high,Macro and valuation inputs are both available with strong coverage.
2025-01-01,us,goldilocks,neutral,-0.8544049880937159,expensive,high,1.0,neutral,0.5,neutral,0.0,neutral,0.0,neutral,high,Macro and valuation inputs are both available with strong coverage.
2025-02-01,us,goldilocks,neutral,-0.8607053416371396,expensive,high,1.0,neutral,0.5,neutral,0.0,neutral,0.0,neutral,high,Macro and valuation inputs are both available with strong coverage.
2025-03-01,us,goldilocks,neutral,-0.8281897078444719,expensive,high,1.0,neutral,0.5,neutral,0.0,neutral,0.0,neutral,high,Macro and valuation inputs are both available with strong coverage.
2025-04-01,us,goldilocks,neutral,-0.8671587404210975,expensive,high,1.0,neutral,0.5,neutral,0.0,neutral,0.0,neutral,high,Macro and valuation inputs are both available with strong coverage.
2025-05-01,us,goldilocks,neutral,-1.0485370929671862,expensive,high,1.0,neutral,0.5,neutral,0.0,neutral,0.0,neutral,high,Macro and valuation inputs are both available with strong coverage.
2025-06-01,us,goldilocks,neutral,-0.9334135075295522,expensive,high,1.0,neutral,0.5,neutral,0.0,neutral,0.0,neutral,high,Macro and valuation inputs are both available with strong coverage.
2025-07-01,us,goldilocks,neutral,-0.8828570263059439,expensive,high,1.0,neutral,0.5,neutral,0.0,neutral,0.0,neutral,high,Macro and valuation inputs are both available with strong coverage.
2025-08-01,us,goldilocks,neutral,-0.8560445979701355,expensive,high,1.0,neutral,0.5,neutral,0.0,neutral,0.0,neutral,high,Macro and valuation inputs are both available with strong coverage.
2025-09-01,us,goldilocks,neutral,-0.8803143659521463,expensive,high,1.0,neutral,0.5,neutral,0.0,neutral,0.0,neutral,high,Macro and valuation inputs are both available with strong coverage.
2025-10-01,us,goldilocks,neutral,-0.8487217512491427,expensive,high,1.0,neutral,0.5,neutral,0.0,neutral,0.0,neutral,high,Macro and valuation inputs are both available with strong coverage.
2025-11-01,us,goldilocks,neutral,-0.8686725529557895,expensive,high,1.0,neutral,0.5,neutral,0.0,neutral,0.0,neutral,high,Macro and valuation inputs are both available with strong coverage.
2025-12-01,us,goldilocks,neutral,-0.9058726353182762,expensive,high,1.0,neutral,0.5,neutral,0.0,neutral,0.0,neutral,high,Macro and valuation inputs are both available with strong coverage.
2026-01-01,us,goldilocks,neutral,-0.8763141097334524,expensive,high,1.0,neutral,0.5,neutral,0.0,neutral,0.0,neutral,high,Macro and valuation inputs are both available with strong coverage.
2026-02-01,us,goldilocks,neutral,-0.8061977062009344,expensive,high,1.0,neutral,0.5,neutral,0.0,neutral,0.0,neutral,high,Macro and valuation inputs are both available with strong coverage.
2026-03-01,us,goldilocks,neutral,-0.8152126905220837,expensive,high,1.0,neutral,0.5,neutral,0.0,neutral,0.0,neutral,high,Macro and valuation inputs are both available with strong coverage.
2026-04-01,us,goldilocks,neutral,-0.8189296802806381,expensive,high,1.0,neutral,0.5,neutral,0.0,neutral,0.0,neutral,high,Macro and valuation inputs are both available with strong coverage.
2026-05-01,us,goldilocks,neutral,-0.781829631354054,expensive,high,1.0,neutral,0.5,neutral,0.0,neutral,0.0,neutral,high,Macro and valuation inputs are both available with strong coverage.
2026-06-01,us,goldilocks,neutral,-0.7213737203739806,expensive,high,1.0,neutral,0.5,neutral,0.0,neutral,0.0,neutral,high,Macro and valuation inputs are both available with strong coverage.
2026-07-01,us,goldilocks,neutral,-0.7623823753364862,expensive,high,1.0,neutral,0.5,neutral,0.0,neutral,0.0,neutral,high,Macro and valuation inputs are both available with strong coverage.
2026-08-01,us,goldilocks,neutral,-0.8232635448264412,expensive,high,1.0,neutral,0.5,neutral,0.0,neutral,0.0,neutral,high,Macro and valuation inputs are both available with strong coverage.
2026-09-01,us,goldilocks,neutral,-0.871026588423752,expensive,high,1.0,neutral,0.5,neutral,0.0,neutral,0.0,neutral,high,Macro and valuation inputs are both available with strong coverage.
