date,country,pmi_level,pmi_diff_3m,pmi_3m_avg,cpi_level,cpi_mom_pct_change,cpi_yoy,cpi_3m_avg,core_cpi_level,core_cpi_mom_pct_change,core_cpi_yoy,core_cpi_3m_avg,unrate_level,unrate_diff_3m,unrate_3m_avg,policy_rate_level,policy_rate_diff_3m,policy_rate_3m_avg,yield_10y_level,yield_10y_diff_3m,yield_10y_3m_avg,m2_level,m2_mom_pct_change,m2_yoy,m2_3m_avg,m3_level,m3_mom_pct_change,m3_yoy,m3_3m_avg,industrial_production_level,industrial_production_yoy,industrial_production_days_stale,m2_days_stale,m3_days_stale,core_cpi_days_stale,unrate_days_stale,sentiment_level,sentiment_diff_3m,sentiment_3m_avg,sentiment_days_stale,fedfunds_level,fedfunds_diff_3m,fedfunds_3m_avg,gs10_level,gs10_diff_3m,gs10_3m_avg
1947-01-01,us,,,,21.48,,,,,,,,,,,,,,,,,,,,,,,,,,,,,,,,,,,,,,,,,
1947-02-01,us,,,,21.62,0.6517690875232907,,,,,,,,,,,,,,,,,,,,,,,,,,,,,,,,,,,,,,,,
1947-03-01,us,,,,22.0,1.757631822386685,,21.7,,,,,,,,,,,,,,,,,,,,,,,,,,,,,,,,,,,,,,
1947-04-01,us,,,,22.0,0.0,,21.873333333333335,,,,,,,,,,,,,,,,,,,,,,,,,,,,,,,,,,,,,,
1947-05-01,us,,,,21.95,-0.2272727272727315,,21.983333333333334,,,,,,,,,,,,,,,,,,,,,,,,,,,,,,,,,,,,,,
1947-06-01,us,,,,22.08,0.5922551252847352,,22.01,,,,,,,,,,,,,,,,,,,,,,,,,,,,,,,,,,,,,,
1947-07-01,us,,,,22.23,0.6793478260869623,,22.086666666666662,,,,,,,,,,,,,,,,,,,,,,,,,,,,,,,,,,,,,,
1947-08-01,us,,,,22.4,0.7647323436797082,,22.236666666666665,,,,,,,,,,,,,,,,,,,,,,,,,,,,,,,,,,,,,,
1947-09-01,us,,,,22.84,1.9642857142857295,,22.49,,,,,,,,,,,,,,,,,,,,,,,,,,,,,,,,,,,,,,
1947-10-01,us,,,,22.91,0.3064798598949148,,22.71666666666667,,,,,,,,,,,,,,,,,,,,,,,,,,,,,,,,,,,,,,
1947-11-01,us,,,,23.06,0.6547359231776406,,22.936666666666667,,,,,,,,,,,,,,,,,,,,,,,,,,,,,,,,,,,,,,
1947-12-01,us,,,,23.41,1.5177797051170838,,23.126666666666665,,,,,,,,,,,,,,,,,,,,,,,,,,,,,,,,,,,,,,
1948-01-01,us,,,,23.68,1.1533532678342562,10.242085661080068,23.383333333333336,,,,,3.4,,,,,,,,,,,,,,,,,,,,,,,0.0,,,,,,,,,,
1948-02-01,us,,,,23.67,-0.04222972972972583,9.481961147086038,23.586666666666662,,,,,3.8,,,,,,,,,,,,,,,,,,,,,,,0.0,,,,,,,,,,
1948-03-01,us,,,,23.5,-0.7182087029995898,6.818181818181812,23.616666666666664,,,,,4.0,,3.733333333333333,,,,,,,,,,,,,,,,,,,,,0.0,,,,,,,,,,
1948-04-01,us,,,,23.82,1.3617021276595809,8.272727272727277,23.663333333333338,,,,,3.9,0.5,3.9,,,,,,,,,,,,,,,,,,,,,0.0,,,,,,,,,,
1948-05-01,us,,,,24.01,0.7976490344248521,9.384965831435089,23.776666666666667,,,,,3.5,-0.2999999999999998,3.8000000000000003,,,,,,,,,,,,,,,,,,,,,0.0,,,,,,,,,,
1948-06-01,us,,,,24.15,0.5830903790087438,9.375,23.993333333333336,,,,,3.6,-0.3999999999999999,3.6666666666666665,,,,,,,,,,,,,,,,,,,,,0.0,,,,,,,,,,
1948-07-01,us,,,,24.4,1.0351966873705987,9.761583445793963,24.186666666666667,,,,,3.6,-0.2999999999999998,3.5666666666666664,,,,,,,,,,,,,,,,,,,,,0.0,,,,,,,,,,
1948-08-01,us,,,,24.43,0.12295081967212962,9.062499999999996,24.326666666666664,,,,,3.9,0.3999999999999999,3.6999999999999997,,,,,,,,,,,,,,,,,,,,,0.0,,,,,,,,,,
1948-09-01,us,,,,24.36,-0.2865329512893977,6.654991243432562,24.396666666666665,,,,,3.8,0.19999999999999973,3.766666666666667,,,,,,,,,,,,,,,,,,,,,0.0,,,,,,,,,,
1948-10-01,us,,,,24.31,-0.20525451559935126,6.110868616324749,24.366666666666664,,,,,3.7,0.10000000000000009,3.8000000000000003,,,,,,,,,,,,,,,,,,,,,0.0,,,,,,,,,,
1948-11-01,us,,,,24.16,-0.6170300287947295,4.770164787510844,24.276666666666667,,,,,3.8,-0.10000000000000009,3.766666666666667,,,,,,,,,,,,,,,,,,,,,0.0,,,,,,,,,,
1948-12-01,us,,,,24.05,-0.4552980132450313,2.733874412644166,24.173333333333336,,,,,4.0,0.20000000000000018,3.8333333333333335,,,,,,,,,,,,,,,,,,,,,0.0,,,,,,,,,,
1949-01-01,us,,,,24.01,-0.16632016632016633,1.3935810810810967,24.073333333333334,,,,,4.3,0.5999999999999996,4.033333333333333,,,,,,,,,,,,,,,,,,,,,0.0,,,,,,,,,,
1949-02-01,us,,,,23.91,-0.4164931278633932,1.0139416983523386,23.99,,,,,4.7,0.9000000000000004,4.333333333333333,,,,,,,,,,,,,,,,,,,,,0.0,,,,,,,,,,
1949-03-01,us,,,,23.91,0.0,1.744680851063829,23.94333333333333,,,,,5.0,1.0,4.666666666666667,,,,,,,,,,,,,,,,,,,,,0.0,,,,,,,,,,
1949-04-01,us,,,,23.92,0.04182350480970154,0.4198152812762368,23.91333333333333,,,,,5.3,1.0,5.0,,,,,,,,,,,,,,,,,,,,,0.0,,,,,,,,,,
1949-05-01,us,,,,23.91,-0.04180602006689238,-0.4164931278633932,23.913333333333338,,,,,6.1,1.3999999999999995,5.466666666666666,,,,,,,,,,,,,,,,,,,,,0.0,,,,,,,,,,
1949-06-01,us,,,,23.92,0.04182350480970154,-0.9523809523809379,23.916666666666668,,,,,6.2,1.2000000000000002,5.866666666666667,,,,,,,,,,,,,,,,,,,,,0.0,,,,,,,,,,
1949-07-01,us,,,,23.7,-0.9197324414715768,-2.868852459016391,23.843333333333334,,,,,6.7,1.4000000000000004,6.333333333333333,,,,,,,,,,,,,,,,,,,,,0.0,,,,,,,,,,
1949-08-01,us,,,,23.7,0.0,-2.988129349160873,23.77333333333333,,,,,6.8,0.7000000000000002,6.566666666666666,,,,,,,,,,,,,,,,,,,,,0.0,,,,,,,,,,
1949-09-01,us,,,,23.75,0.21097046413502962,-2.504105090311981,23.71666666666667,,,,,6.6,0.39999999999999947,6.7,,,,,,,,,,,,,,,,,,,,,0.0,,,,,,,,,,
1949-10-01,us,,,,23.67,-0.3368421052631465,-2.6326614561908546,23.706666666666667,,,,,7.9,1.2000000000000002,7.1000000000000005,,,,,,,,,,,,,,,,,,,,,0.0,,,,,,,,,,
1949-11-01,us,,,,23.7,0.12674271229402567,-1.9039735099337762,23.706666666666667,,,,,6.4,-0.39999999999999947,6.966666666666666,,,,,,,,,,,,,,,,,,,,,0.0,,,,,,,,,,
1949-12-01,us,,,,23.61,-0.37974683544304,-1.8295218295218296,23.66,,,,,6.6,0.0,6.966666666666668,,,,,,,,,,,,,,,,,,,,,0.0,,,,,,,,,,
1950-01-01,us,,,,23.51,-0.42354934349850826,-2.082465639316955,23.606666666666666,,,,,6.5,-1.4000000000000004,6.5,,,,,,,,,,,,,,,,,,,,,0.0,,,,,,,,,,
1950-02-01,us,,,,23.61,0.42535091450446316,-1.2547051442910906,23.576666666666664,,,,,6.4,0.0,6.5,,,,,,,,,,,,,,,,,,,,,0.0,,,,,,,,,,
1950-03-01,us,,,,23.64,0.12706480304955914,-1.129234629861986,23.586666666666662,,,,,6.3,-0.2999999999999998,6.3999999999999995,,,,,,,,,,,,,,,,,,,,,0.0,,,,,,,,,,
1950-04-01,us,,,,23.65,0.04230118443315778,-1.1287625418060276,23.633333333333336,,,,,5.8,-0.7000000000000002,6.166666666666667,,,,,,,,,,,,,,,,,,,,,0.0,,,,,,,,,,
1950-05-01,us,,,,23.77,0.5073995771670337,-0.5855290673358438,23.686666666666667,,,,,5.5,-0.9000000000000004,5.866666666666667,,,,,,,,,,,,,,,,,,,,,0.0,,,,,,,,,,
1950-06-01,us,,,,23.88,0.462768195204033,-0.16722408026756952,23.766666666666666,,,,,5.4,-0.8999999999999995,5.566666666666666,,,,,,,,,,,,,,,,,,,,,0.0,,,,,,,,,,
1950-07-01,us,,,,24.07,0.7956448911222935,1.561181434599157,23.906666666666666,,,,,5.0,-0.7999999999999998,5.3,,,,,,,,,,,,,,,,,,,,,0.0,,,,,,,,,,
1950-08-01,us,,,,24.2,0.540091400083087,2.1097046413502074,24.05,,,,,4.5,-1.0,4.966666666666666,,,,,,,,,,,,,,,,,,,,,0.0,,,,,,,,,,
1950-09-01,us,,,,24.34,0.5785123966942196,2.4842105263158,24.203333333333333,,,,,4.4,-1.0,4.633333333333334,,,,,,,,,,,,,,,,,,,,,0.0,,,,,,,,,,
1950-10-01,us,,,,24.5,0.6573541495480617,3.50654837346851,24.346666666666664,,,,,4.2,-0.7999999999999998,4.366666666666667,,,,,,,,,,,,,,,,,,,,,0.0,,,,,,,,,,
1950-11-01,us,,,,24.6,0.40816326530612734,3.797468354430378,24.48,,,,,4.2,-0.2999999999999998,4.266666666666667,,,,,,,,,,,,,,,,,,,,,0.0,,,,,,,,,,
1950-12-01,us,,,,24.98,1.5447154471544655,5.80262600592969,24.69333333333333,,,,,4.3,-0.10000000000000053,4.233333333333333,,,,,,,,,,,,,,,,,,,,,0.0,,,,,,,,,,
1951-01-01,us,,,,25.38,1.601281024819845,7.9540621012335055,24.986666666666668,,,,,3.7,-0.5,4.066666666666666,,,,,,,,,,,,,,,,,,,,,0.0,,,,,,,,,,
1951-02-01,us,,,,25.83,1.773049645390068,9.402795425667087,25.396666666666665,,,,,3.4,-0.8000000000000003,3.8000000000000003,,,,,,,,,,,,,,,,,,,,,0.0,,,,,,,,,,
1951-03-01,us,,,,25.88,0.19357336430507743,9.475465313028764,25.696666666666662,,,,,3.4,-0.8999999999999999,3.5,,,,,,,,,,,,,,,,,,,,,0.0,,,,,,,,,,
1951-04-01,us,,,,25.92,0.15455950540959051,9.598308668076116,25.876666666666665,,,,,3.1,-0.6000000000000001,3.3000000000000003,,,,,,,,,,,,,,,,,,,,,0.0,,,,,,,,,,
1951-05-01,us,,,,25.99,0.2700617283950546,9.339503575936048,25.929999999999996,,,,,3.0,-0.3999999999999999,3.1666666666666665,,,,,,,,,,,,,,,,,,,,,0.0,,,,,,,,,,
1951-06-01,us,,,,25.93,-0.2308580223162715,8.584589614740379,25.94666666666667,,,,,3.2,-0.19999999999999973,3.1,,,,,,,,,,,,,,,,,,,,,0.0,,,,,,,,,,
1951-07-01,us,,,,25.91,-0.07713073659852965,7.644370585791438,25.94333333333333,,,,,3.1,0.0,3.1,,,,,,,,,,,,,,,,,,,,,0.0,,,,,,,,,,
1951-08-01,us,,,,25.86,-0.1929756850636899,6.859504132231398,25.900000000000002,,,,,3.1,0.10000000000000009,3.1333333333333333,,,,,,,,,,,,,,,,,,,,,0.0,,,,,,,,,,
1951-09-01,us,,,,26.03,0.6573859242072766,6.943303204601481,25.933333333333334,,,,,3.3,0.09999999999999964,3.1666666666666665,,,,,,,,,,,,,,,,,,,,,0.0,,,,,,,,,,
1951-10-01,us,,,,26.16,0.49942374183633564,6.775510204081625,26.01666666666667,,,,,3.5,0.3999999999999999,3.3000000000000003,,,,,,,,,,,,,,,,,,,,,0.0,,,,,,,,,,
1951-11-01,us,,,,26.32,0.6116207951070374,6.991869918699178,26.17,,,,,3.5,0.3999999999999999,3.4333333333333336,,,,,,,,,,,,,,,,,,,,,0.0,,,,,,,,,,
1951-12-01,us,,,,26.47,0.5699088145896702,5.964771817453962,26.316666666666666,,,,,3.1,-0.19999999999999973,3.3666666666666667,,,,,,,,,,,,,,,,,,,,,0.0,,,,,,,,,,
1952-01-01,us,,,,26.45,-0.0755572346052169,4.215918045705291,26.41333333333333,,,,,3.2,-0.2999999999999998,3.266666666666667,,,,,,,,,,,,,,,,,,,,,0.0,,,,,,,,,,
1952-02-01,us,,,,26.41,-0.15122873345935206,2.245451025938827,26.44333333333333,,,,,3.1,-0.3999999999999999,3.1333333333333333,,,,,,,,,,,,,,,,,,,,,0.0,,,,,,,,,,
1952-03-01,us,,,,26.39,-0.07572889057174681,1.9706336939721902,26.416666666666668,,,,,2.9,-0.20000000000000018,3.0666666666666664,,,,,,,,,,,,,,,,,,,,,0.0,,,,,,,,,,
1952-04-01,us,,,,26.46,0.2652519893899141,2.083333333333326,26.419999999999998,,,,,2.9,-0.30000000000000027,2.966666666666667,,,,,,,,,,,,,,,,,,,,,0.0,,,,,,,,,,
1952-05-01,us,,,,26.47,0.03779289493575089,1.8468641785302164,26.439999999999998,,,,,3.0,-0.10000000000000009,2.9333333333333336,,,,,,,,,,,,,,,,,,,,,0.0,,,,,,,,,,
1952-06-01,us,,,,26.53,0.22667170381565072,2.313922097956045,26.486666666666668,,,,,3.0,0.10000000000000009,2.966666666666667,,,,,,,,,,,,,,,,,,,,,0.0,,,,,,,,,,
1952-07-01,us,,,,26.68,0.5653976630229929,2.9718255499807,26.560000000000002,,,,,3.2,0.30000000000000027,3.0666666666666664,,,,,,,,,,,,,,,,,,,,,0.0,,,,,,,,,,
1952-08-01,us,,,,26.69,0.03748125937033109,3.209590100541382,26.633333333333336,,,,,3.4,0.3999999999999999,3.1999999999999997,,,,,,,,,,,,,,,,,,,,,0.0,,,,,,,,,,
1952-09-01,us,,,,26.63,-0.22480329711502822,2.3050326546292688,26.666666666666668,,,,,3.1,0.10000000000000009,3.233333333333333,,,,,,,,,,,,,,,,,,,,,0.0,,,,,,,,,,
1952-10-01,us,,,,26.69,0.22530980097634767,2.0259938837920544,26.67,,,,,3.0,-0.20000000000000018,3.1666666666666665,,,,,,,,,,,,,,,,,,,,,0.0,,,,,,,,,,
1952-11-01,us,,,,26.69,0.0,1.4057750759878473,26.67,,,,,2.8,-0.6000000000000001,2.966666666666667,,,,,,,,,,,,,,,,,,,,,0.0,,,,,,,,,,
1952-12-01,us,,,,26.71,0.07493443237167607,0.9066868152625585,26.69666666666667,,,,,2.7,-0.3999999999999999,2.8333333333333335,,,,,,,,,,,,,,,,,,,,,0.0,,,,,,,,,,
1953-01-01,us,,,,26.64,-0.2620741295395024,0.7183364839319584,26.680000000000003,,,,,2.9,-0.10000000000000009,2.8000000000000003,,,,,,,,,,,,,,,,,,,,,0.0,,,,,,,,,,
1953-02-01,us,,,,26.59,-0.18768768768768762,0.6815600151457879,26.646666666666665,,,,,2.6,-0.19999999999999973,2.733333333333333,,,,,,,,,,,,,,,,,,,,,0.0,,,,,,,,,,
1953-03-01,us,,,,26.63,0.150432493418573,0.9094353921940135,26.62,,,,,2.6,-0.10000000000000009,2.7000000000000006,,,,,,,,,,,,,,,,,,,,,0.0,,,,,,,,,,
1953-04-01,us,,,,26.69,0.22530980097634767,0.8692365835222926,26.636666666666667,,,,,2.7,-0.19999999999999973,2.6333333333333333,,,,2.83,,,,,,,,,,,,,,,,,0.0,,,,,,,,2.83,,
1953-05-01,us,,,,26.7,0.037467216185826935,0.86890819795995,26.673333333333332,,,,,2.5,-0.10000000000000009,2.6,,,,3.05,,,,,,,,,,,,,,,,,0.0,,,,,,,,3.05,,
1953-06-01,us,,,,26.77,0.26217228464420206,0.9046362608367886,26.72,,,,,2.5,-0.10000000000000009,2.566666666666667,,,,3.11,,2.9966666666666666,,,,,,,,,,,,,,,0.0,,,,,,,,3.11,,2.9966666666666666
1953-07-01,us,,,,26.79,0.07471049682479247,0.41229385307346433,26.753333333333334,,,,,2.6,-0.10000000000000009,2.533333333333333,,,,2.93,0.10000000000000009,3.03,,,,,,,,,,,,,,,0.0,,,,,,,,2.93,0.10000000000000009,3.03
1953-08-01,us,,,,26.85,0.22396416573349232,0.5994754589734086,26.80333333333333,,,,,2.7,0.20000000000000018,2.6,,,,2.95,-0.09999999999999964,2.9966666666666666,,,,,,,,,,,,,,,0.0,,,,,,,,2.95,-0.09999999999999964,2.9966666666666666
1953-09-01,us,,,,26.89,0.14897579143389184,0.9763424708974844,26.843333333333334,,,,,2.9,0.3999999999999999,2.733333333333333,,,,2.87,-0.23999999999999977,2.9166666666666665,,,,,,,,,,,,,,,0.0,,,,,,,,2.87,-0.23999999999999977,2.9166666666666665
1953-10-01,us,,,,26.95,0.2231312755671233,0.9741476208317668,26.896666666666665,,,,,3.1,0.5,2.9000000000000004,,,,2.66,-0.27,2.8266666666666667,,,,,,,,,,,,,,,0.0,,,,,,,,2.66,-0.27,2.8266666666666667
1953-11-01,us,,,,26.85,-0.37105751391465214,0.5994754589734086,26.896666666666665,,,,,3.5,0.7999999999999998,3.1666666666666665,,,,2.68,-0.27,2.736666666666667,,,,,,,,,,,,,,,0.0,,,,,,,,2.68,-0.27,2.736666666666667
1953-12-01,us,,,,26.87,0.07448789571693482,0.5990265818045737,26.89,,,,,4.5,1.6,3.7000000000000006,,,,2.59,-0.28000000000000025,2.643333333333333,,,,,,,,,,,,,,,0.0,,,,,,,,2.59,-0.28000000000000025,2.643333333333333
1954-01-01,us,,,,26.94,0.2605135839225836,1.1261261261261257,26.886666666666667,,,,,4.9,1.8000000000000003,4.300000000000001,,,,2.48,-0.18000000000000016,2.5833333333333335,,,,,,,,,,,,,,,0.0,,,,,,,,2.48,-0.18000000000000016,2.5833333333333335
1954-02-01,us,,,,26.99,0.18559762435039762,1.5043249341857745,26.933333333333334,,,,,5.2,1.7000000000000002,4.866666666666667,,,,2.47,-0.20999999999999996,2.5133333333333336,,,,,,,,,,,,,,,0.0,,,,,,,,2.47,-0.20999999999999996,2.5133333333333336
1954-03-01,us,,,,26.93,-0.22230455724341347,1.1265490048817162,26.953333333333333,,,,,5.7,1.2000000000000002,5.266666666666667,,,,2.37,-0.21999999999999975,2.44,,,,,,,,,,,,,,,0.0,,,,,,,,2.37,-0.21999999999999975,2.44
1954-04-01,us,,,,26.86,-0.25993316004455647,0.6369426751592355,26.926666666666666,,,,,5.9,1.0,5.6000000000000005,,,,2.29,-0.18999999999999995,2.376666666666667,,,,,,,,,,,,,,,0.0,,,,,,,,2.29,-0.18999999999999995,2.376666666666667
1954-05-01,us,,,,26.93,0.2606105733432562,0.8614232209737782,26.906666666666666,,,,,5.9,0.7000000000000002,5.833333333333335,,,,2.37,-0.10000000000000009,2.3433333333333333,,,,,,,,,,,,,,,0.0,,,,,,,,2.37,-0.10000000000000009,2.3433333333333333
1954-06-01,us,,,,26.94,0.03713330857779695,0.635039223010847,26.909999999999997,,,,,5.6,-0.10000000000000053,5.800000000000001,,,,2.38,0.009999999999999787,2.346666666666667,,,,,,,,,,,,,,,0.0,,,,,,,,2.38,0.009999999999999787,2.346666666666667
1954-07-01,us,,,,26.86,-0.29695619896066283,0.26129152668905586,26.909999999999997,,,,,5.8,-0.10000000000000053,5.766666666666667,0.8,,,2.3,0.009999999999999787,2.3499999999999996,,,,,,,,,,,,,,,0.0,,,,,0.8,,,2.3,0.009999999999999787,2.3499999999999996
1954-08-01,us,,,,26.85,-0.03723008190616994,0.0,26.883333333333336,,,,,6.0,0.09999999999999964,5.8,1.22,,,2.36,-0.010000000000000231,2.3466666666666667,,,,,,,,,,,,,,,0.0,,,,,1.22,,,2.36,-0.010000000000000231,2.3466666666666667
1954-09-01,us,,,,26.81,-0.14897579143390294,-0.2975083674228385,26.84,,,,,6.1,0.5,5.966666666666666,1.07,,1.03,2.38,0.0,2.3466666666666667,,,,,,,,,,,,,,,0.0,,,,,1.07,,1.03,2.38,0.0,2.3466666666666667
1954-10-01,us,,,,26.72,-0.33569563595673424,-0.8534322820037077,26.793333333333333,,,,,5.7,-0.09999999999999964,5.933333333333334,0.85,0.04999999999999993,1.0466666666666666,2.43,0.13000000000000034,2.39,,,,,,,,,,,,,,,0.0,,,,,0.85,0.04999999999999993,1.0466666666666666,2.43,0.13000000000000034,2.39
1954-11-01,us,,,,26.78,0.22455089820359042,-0.26070763500931626,26.77,,,,,5.3,-0.7000000000000002,5.7,0.83,-0.39,0.9166666666666666,2.48,0.1200000000000001,2.43,,,,,,,,,,,,,,,0.0,,,,,0.83,-0.39,0.9166666666666666,2.48,0.1200000000000001,2.43
1954-12-01,us,,,,26.77,-0.037341299477222645,-0.37216226274656705,26.756666666666664,,,,,5.0,-1.0999999999999996,5.333333333333333,1.28,0.20999999999999996,0.9866666666666667,2.51,0.1299999999999999,2.473333333333333,,,,,,,,,,,,,,,0.0,,,,,1.28,0.20999999999999996,0.9866666666666667,2.51,0.1299999999999999,2.473333333333333
1955-01-01,us,,,,26.77,0.0,-0.6310319227913919,26.77333333333333,,,,,4.9,-0.7999999999999998,5.066666666666667,1.39,0.5399999999999999,1.1666666666666667,2.61,0.17999999999999972,2.533333333333333,,,,,,,,,,,,,,,0.0,,,,,1.39,0.5399999999999999,1.1666666666666667,2.61,0.17999999999999972,2.533333333333333
1955-02-01,us,,,,26.82,0.18677624206200338,-0.6298629121896937,26.786666666666665,,,,,4.7,-0.5999999999999996,4.866666666666667,1.29,0.4600000000000001,1.32,2.65,0.16999999999999993,2.59,,,,,,,,,,,,,,,0.0,,,,,1.29,0.4600000000000001,1.32,2.65,0.16999999999999993,2.59
1955-03-01,us,,,,26.79,-0.11185682326622093,-0.519866320089124,26.793333333333333,,,,,4.6,-0.40000000000000036,4.733333333333334,1.35,0.07000000000000006,1.3433333333333335,2.68,0.17000000000000037,2.6466666666666665,,,,,,,,,,,,,,,0.0,,,,,1.35,0.07000000000000006,1.3433333333333335,2.68,0.17000000000000037,2.6466666666666665
1955-04-01,us,,,,26.79,0.0,-0.2606105733432673,26.8,,,,,4.7,-0.20000000000000018,4.666666666666667,1.43,0.040000000000000036,1.3566666666666667,2.75,0.14000000000000012,2.6933333333333334,,,,,,,,,,,,,,,0.0,,,,,1.43,0.040000000000000036,1.3566666666666667,2.75,0.14000000000000012,2.6933333333333334
1955-05-01,us,,,,26.77,-0.0746547219111604,-0.5941329372447068,26.78333333333333,,,,,4.3,-0.40000000000000036,4.533333333333334,1.43,0.1399999999999999,1.4033333333333333,2.76,0.10999999999999988,2.73,,,,,,,,,,,,,,,0.0,,,,,1.43,0.1399999999999999,1.4033333333333333,2.76,0.10999999999999988,2.73
1955-06-01,us,,,,26.71,-0.22413149047441072,-0.8537490720118779,26.75666666666667,,,,,4.2,-0.39999999999999947,4.4,1.64,0.2899999999999998,1.5,2.78,0.09999999999999964,2.763333333333333,,,,,,,,,,,,,,,0.0,,,,,1.64,0.2899999999999998,1.5,2.78,0.09999999999999964,2.763333333333333
1955-07-01,us,,,,26.76,0.18719580681392234,-0.37230081906179935,26.746666666666666,,,,,4.0,-0.7000000000000002,4.166666666666667,1.68,0.25,1.5833333333333333,2.9,0.1499999999999999,2.813333333333333,,,,,,,,,,,,,,,0.0,,,,,1.68,0.25,1.5833333333333333,2.9,0.1499999999999999,2.813333333333333
1955-08-01,us,,,,26.72,-0.1494768310911887,-0.484171322160154,26.73,,,,,4.2,-0.09999999999999964,4.133333333333334,1.96,0.53,1.76,2.97,0.2100000000000004,2.8833333333333333,,,,,,,,,,,,,,,0.0,,,,,1.96,0.53,1.76,2.97,0.2100000000000004,2.8833333333333333
1955-09-01,us,,,,26.85,0.48652694610780145,0.14919806042521522,26.776666666666667,,,,,4.1,-0.10000000000000053,4.1000000000000005,2.18,0.5400000000000003,1.9400000000000002,2.97,0.1900000000000004,2.9466666666666668,,,,,,,,,,,,,,,0.0,,,,,2.18,0.5400000000000003,1.9400000000000002,2.97,0.1900000000000004,2.9466666666666668
1955-10-01,us,,,,26.82,-0.11173184357542443,0.37425149700598404,26.796666666666667,,,,,4.3,0.2999999999999998,4.2,2.24,0.5600000000000003,2.126666666666667,2.88,-0.020000000000000018,2.94,,,,,,,,,,,,,,,0.0,,,,,2.24,0.5600000000000003,2.126666666666667,2.88,-0.020000000000000018,2.94
1955-11-01,us,,,,26.88,0.22371364653244186,0.37341299477220424,26.849999999999998,,,,,4.2,0.0,4.2,2.35,0.3900000000000001,2.256666666666667,2.89,-0.08000000000000007,2.9133333333333336,,,,,,,,,,,,,,,0.0,,,,,2.35,0.3900000000000001,2.256666666666667,2.89,-0.08000000000000007,2.9133333333333336
1955-12-01,us,,,,26.87,-0.037202380952372494,0.37355248412402897,26.85666666666667,,,,,4.2,0.10000000000000053,4.233333333333333,2.48,0.2999999999999998,2.356666666666667,2.96,-0.010000000000000231,2.91,,,,,,,,,,,,,,,0.0,,,,,2.48,0.2999999999999998,2.356666666666667,2.96,-0.010000000000000231,2.91
1956-01-01,us,,,,26.83,-0.14886490509863348,0.22413149047439962,26.86,,,,,4.0,-0.2999999999999998,4.133333333333334,2.45,0.20999999999999996,2.4266666666666663,2.9,0.020000000000000018,2.9166666666666665,,,,,,,,,,,,,,,0.0,,,,,2.45,0.20999999999999996,2.4266666666666663,2.9,0.020000000000000018,2.9166666666666665
1956-02-01,us,,,,26.86,0.1118151323145744,0.1491424310216205,26.853333333333335,,,,,3.9,-0.30000000000000027,4.033333333333334,2.5,0.1499999999999999,2.4766666666666666,2.84,-0.050000000000000266,2.9,,,,,,,,,,,,,,,0.0,,,,,2.5,0.1499999999999999,2.4766666666666666,2.84,-0.050000000000000266,2.9
1956-03-01,us,,,,26.89,0.11169024571855424,0.3732736095558131,26.86,,,,,4.2,0.0,4.033333333333334,2.5,0.020000000000000018,2.483333333333333,2.96,0.0,2.9,,,,,,,,,,,,,,,0.0,,,,,2.5,0.020000000000000018,2.483333333333333,2.96,0.0,2.9
1956-04-01,us,,,,26.93,0.14875418371140814,0.5225830533781339,26.89333333333333,,,,,4.0,0.0,4.033333333333334,2.62,0.16999999999999993,2.5399999999999996,3.18,0.28000000000000025,2.9933333333333336,,,,,,,,,,,,,,,0.0,,,,,2.62,0.16999999999999993,2.5399999999999996,3.18,0.28000000000000025,2.9933333333333336
1956-05-01,us,,,,27.03,0.3713330857779473,0.9712364587224576,26.95,,,,,4.3,0.3999999999999999,4.166666666666667,2.75,0.25,2.623333333333333,3.07,0.22999999999999998,3.07,,,,,,,,,,,,,,,0.0,,,,,2.75,0.25,2.623333333333333,3.07,0.22999999999999998,3.07
1956-06-01,us,,,,27.15,0.443951165371792,1.647323099962561,27.036666666666665,,,,,4.3,0.09999999999999964,4.2,2.71,0.20999999999999996,2.6933333333333334,3.0,0.040000000000000036,3.0833333333333335,,,,,,,,,,,,,,,0.0,,,,,2.71,0.20999999999999996,2.6933333333333334,3.0,0.040000000000000036,3.0833333333333335
1956-07-01,us,,,,27.29,0.5156537753222779,1.9805680119581393,27.156666666666666,,,,,4.4,0.40000000000000036,4.333333333333333,2.75,0.1299999999999999,2.7366666666666664,3.11,-0.07000000000000028,3.06,,,,,,,,,,,,,,,0.0,,,,,2.75,0.1299999999999999,2.7366666666666664,3.11,-0.07000000000000028,3.06
1956-08-01,us,,,,27.31,0.07328691828507594,2.208083832335328,27.25,,,,,4.1,-0.20000000000000018,4.266666666666667,2.73,-0.020000000000000018,2.73,3.33,0.26000000000000023,3.1466666666666665,,,,,,,,,,,,,,,0.0,,,,,2.73,-0.020000000000000018,2.73,3.33,0.26000000000000023,3.1466666666666665
1956-09-01,us,,,,27.35,0.1464664957890882,1.862197392923659,27.316666666666663,,,,,3.9,-0.3999999999999999,4.133333333333334,2.95,0.2400000000000002,2.81,3.38,0.3799999999999999,3.2733333333333334,,,,,,,,,,,,,,,0.0,,,,,2.95,0.2400000000000002,2.81,3.38,0.3799999999999999,3.2733333333333334
1956-10-01,us,,,,27.51,0.5850091407678226,2.572706935123037,27.39,,,,,3.9,-0.5000000000000004,3.966666666666667,2.96,0.20999999999999996,2.8800000000000003,3.34,0.22999999999999998,3.35,,,,,,,,,,,,,,,0.0,,,,,2.96,0.20999999999999996,2.8800000000000003,3.34,0.22999999999999998,3.35
1956-11-01,us,,,,27.51,0.0,2.34375,27.456666666666667,,,,,4.3,0.20000000000000018,4.033333333333334,2.88,0.1499999999999999,2.9299999999999997,3.49,0.16000000000000014,3.4033333333333338,,,,,,,,,,,,,,,0.0,,,,,2.88,0.1499999999999999,2.9299999999999997,3.49,0.16000000000000014,3.4033333333333338
1956-12-01,us,,,,27.63,0.4362050163576825,2.828433196873825,27.55,,,,,4.2,0.30000000000000027,4.133333333333334,2.94,-0.010000000000000231,2.9266666666666663,3.59,0.20999999999999996,3.473333333333333,,,,,,,,,,,,,,,0.0,,,,,2.94,-0.010000000000000231,2.9266666666666663,3.59,0.20999999999999996,3.473333333333333
1957-01-01,us,,,,27.67,0.1447701773434673,3.130823704808061,27.603333333333335,28.5,,,,4.2,0.30000000000000027,4.233333333333333,2.84,-0.1200000000000001,2.8866666666666663,3.46,0.1200000000000001,3.513333333333333,,,,,,,,,,,,,,0.0,0.0,,,,,2.84,-0.1200000000000001,2.8866666666666663,3.46,0.1200000000000001,3.513333333333333
1957-02-01,us,,,,27.8,0.46982291290205147,3.4996276991809516,27.7,28.6,0.35087719298245723,,,3.9,-0.3999999999999999,4.1000000000000005,3.0,0.1200000000000001,2.9266666666666663,3.34,-0.15000000000000036,3.4633333333333334,,,,,,,,,,,,,,0.0,0.0,,,,,3.0,0.1200000000000001,2.9266666666666663,3.34,-0.15000000000000036,3.4633333333333334
1957-03-01,us,,,,27.86,0.21582733812948174,3.607288955001864,27.77666666666667,28.7,0.34965034965033226,,28.599999999999998,3.7,-0.5,3.933333333333334,2.96,0.020000000000000018,2.933333333333333,3.41,-0.17999999999999972,3.4033333333333338,,,,,,,,,,,,,,0.0,0.0,,,,,2.96,0.020000000000000018,2.933333333333333,3.41,-0.17999999999999972,3.4033333333333338
1957-04-01,us,,,,27.93,0.2512562814070307,3.713330857779429,27.863333333333333,28.8,0.34843205574912606,,28.7,3.9,-0.30000000000000027,3.8333333333333335,3.0,0.16000000000000014,2.9866666666666664,3.48,0.020000000000000018,3.41,,,,,,,,,,,,,,0.0,0.0,,,,,3.0,0.16000000000000014,2.9866666666666664,3.48,0.020000000000000018,3.41
1957-05-01,us,,,,28.0,0.25062656641603454,3.588605253422128,27.929999999999996,28.8,0.0,,28.766666666666666,4.1,0.19999999999999973,3.9,3.0,0.0,2.9866666666666664,3.6,0.26000000000000023,3.4966666666666666,,,,,,,,,,,,,,0.0,0.0,,,,,3.0,0.0,2.9866666666666664,3.6,0.26000000000000023,3.4966666666666666
1957-06-01,us,,,,28.11,0.39285714285715034,3.53591160220994,28.013333333333332,28.9,0.3472222222222099,,28.833333333333332,4.3,0.5999999999999996,4.1000000000000005,3.0,0.040000000000000036,3.0,3.8,0.3899999999999997,3.6266666666666665,,,,,,,,,,,,,,0.0,0.0,,,,,3.0,0.040000000000000036,3.0,3.8,0.3899999999999997,3.6266666666666665
1957-07-01,us,,,,28.19,0.28459622909997595,3.2979113228288837,28.099999999999998,29.0,0.34602076124568004,,28.900000000000002,4.2,0.30000000000000027,4.2,2.99,-0.009999999999999787,2.9966666666666666,3.93,0.4500000000000002,3.776666666666667,,,,,,,,,,,,,,0.0,0.0,,,,,2.99,-0.009999999999999787,2.9966666666666666,3.93,0.4500000000000002,3.776666666666667
1957-08-01,us,,,,28.28,0.3192621496984849,3.551812522885389,28.19333333333333,29.0,0.0,,28.96666666666667,4.1,0.0,4.2,3.24,0.2400000000000002,3.0766666666666667,3.93,0.33000000000000007,3.8866666666666667,,,,,,,,,,,,,,0.0,0.0,,,,,3.24,0.2400000000000002,3.0766666666666667,3.93,0.33000000000000007,3.8866666666666667
1957-09-01,us,,,,28.32,0.14144271570013522,3.546617915904937,28.263333333333335,29.1,0.34482758620690834,,29.03333333333333,4.4,0.10000000000000053,4.233333333333333,3.47,0.4700000000000002,3.233333333333333,3.92,0.1200000000000001,3.926666666666667,,,,,,,,,,,,,,0.0,0.0,,,,,3.47,0.4700000000000002,3.233333333333333,3.92,0.1200000000000001,3.926666666666667
1957-10-01,us,,,,28.32,0.0,2.944383860414379,28.30666666666667,29.2,0.3436426116838476,,29.099999999999998,4.5,0.2999999999999998,4.333333333333333,3.5,0.5099999999999998,3.4033333333333338,3.97,0.040000000000000036,3.94,,,,,,,,,,,,,,0.0,0.0,,,,,3.5,0.5099999999999998,3.4033333333333338,3.97,0.040000000000000036,3.94
1957-11-01,us,,,,28.41,0.3177966101694851,3.271537622682663,28.350000000000005,29.3,0.34246575342467,,29.2,5.1,1.0,4.666666666666667,3.28,0.03999999999999959,3.4166666666666665,3.72,-0.20999999999999996,3.8699999999999997,,,,,,,,,,,,,,0.0,0.0,,,,,3.28,0.03999999999999959,3.4166666666666665,3.72,-0.20999999999999996,3.8699999999999997
1957-12-01,us,,,,28.47,0.21119324181626542,3.0401737242128135,28.399999999999995,29.3,0.0,,29.26666666666667,5.2,0.7999999999999998,4.933333333333334,2.98,-0.4900000000000002,3.2533333333333325,3.21,-0.71,3.6333333333333333,,,,,,,,,,,,,,0.0,0.0,,,,,2.98,-0.4900000000000002,3.2533333333333325,3.21,-0.71,3.6333333333333333
1958-01-01,us,,,,28.64,0.5971197752019819,3.5056017347307566,28.50666666666667,29.3,0.0,2.807017543859658,29.3,5.8,1.2999999999999998,5.366666666666667,2.72,-0.7799999999999998,2.9933333333333327,3.09,-0.8800000000000003,3.34,,,,,,,,,,,,,,0.0,0.0,,,,,2.72,-0.7799999999999998,2.9933333333333327,3.09,-0.8800000000000003,3.34
1958-02-01,us,,,,28.7,0.20949720670391248,3.237410071942448,28.603333333333335,29.4,0.3412969283276279,2.7972027972027913,29.333333333333332,6.4,1.3000000000000007,5.800000000000001,1.67,-1.6099999999999999,2.4566666666666666,3.05,-0.6700000000000004,3.1166666666666667,,,,,,,,,,,,,,0.0,0.0,,,,,1.67,-1.6099999999999999,2.4566666666666666,3.05,-0.6700000000000004,3.1166666666666667
1958-03-01,us,,,,28.87,0.5923344947735165,3.6252692031586653,28.736666666666668,29.5,0.3401360544217802,2.7874564459930307,29.400000000000002,6.7,1.5,6.300000000000001,1.2,-1.78,1.863333333333333,2.98,-0.22999999999999998,3.0399999999999996,,,,,,,,,,,,,,0.0,0.0,,,,,1.2,-1.78,1.863333333333333,2.98,-0.22999999999999998,3.0399999999999996
1958-04-01,us,,,,28.94,0.24246622791825878,3.6161833154314316,28.83666666666667,29.5,0.0,2.430555555555558,29.46666666666667,7.4,1.6000000000000005,6.833333333333333,1.26,-1.4600000000000002,1.3766666666666663,2.88,-0.20999999999999996,2.97,,,,,,,,,,,,,,0.0,0.0,,,,,1.26,-1.4600000000000002,1.3766666666666663,2.88,-0.20999999999999996,2.97
1958-05-01,us,,,,28.94,0.0,3.3571428571428585,28.916666666666668,29.5,0.0,2.430555555555558,29.5,7.4,1.0,7.166666666666667,0.63,-1.04,1.0299999999999998,2.92,-0.1299999999999999,2.9266666666666663,,,,,,,,,,,,,,0.0,0.0,,,,,0.63,-1.04,1.0299999999999998,2.92,-0.1299999999999999,2.9266666666666663
1958-06-01,us,,,,28.91,-0.10366275051831852,2.8459622909996485,28.930000000000003,29.6,0.3389830508474523,2.422145328719738,29.53333333333333,7.3,0.5999999999999996,7.366666666666667,0.93,-0.2699999999999999,0.9399999999999998,2.97,-0.009999999999999787,2.9233333333333333,,,,,,,,,,,,,,0.0,0.0,,,,,0.93,-0.2699999999999999,0.9399999999999998,2.97,-0.009999999999999787,2.9233333333333333
1958-07-01,us,,,,28.89,-0.06918021445866396,2.483150053210359,28.913333333333338,29.6,0.0,2.0689655172413834,29.566666666666666,7.5,0.09999999999999964,7.3999999999999995,0.68,-0.58,0.7466666666666666,3.2,0.3200000000000003,3.03,,,,,,,,,,,,,,0.0,0.0,,,,,0.68,-0.58,0.7466666666666666,3.2,0.3200000000000003,3.03
1958-08-01,us,,,,28.94,0.1730702665282191,2.333804809052342,28.913333333333338,29.6,0.0,2.0689655172413834,29.6,7.4,0.0,7.400000000000001,1.53,0.9,1.0466666666666666,3.54,0.6200000000000001,3.236666666666667,,,,,,,,,,,,,,0.0,0.0,,,,,1.53,0.9,1.0466666666666666,3.54,0.6200000000000001,3.236666666666667
1958-09-01,us,,,,28.91,-0.10366275051831852,2.083333333333326,28.913333333333338,29.7,0.33783783783782884,2.0618556701030855,29.633333333333336,7.1,-0.20000000000000018,7.333333333333333,1.76,0.83,1.3233333333333333,3.76,0.7899999999999996,3.5,,,,,,,,,,,,,,0.0,0.0,,,,,1.76,0.83,1.3233333333333333,3.76,0.7899999999999996,3.5
1958-10-01,us,,,,28.91,0.0,2.083333333333326,28.92,29.7,0.0,1.7123287671232834,29.666666666666668,6.7,-0.7999999999999998,7.066666666666667,1.8,1.12,1.6966666666666665,3.8,0.5999999999999996,3.6999999999999997,,,,,,,,,,,,,,0.0,0.0,,,,,1.8,1.12,1.6966666666666665,3.8,0.5999999999999996,3.6999999999999997
1958-11-01,us,,,,28.95,0.13836042891732792,1.9007391763463444,28.923333333333332,29.8,0.33670033670034627,1.7064846416382284,29.733333333333334,6.2,-1.2000000000000002,6.666666666666667,2.27,0.74,1.9433333333333334,3.74,0.20000000000000018,3.766666666666667,,,,,,,,,,,,,,0.0,0.0,,,,,2.27,0.74,1.9433333333333334,3.74,0.20000000000000018,3.766666666666667
1958-12-01,us,,,,28.97,0.0690846286701241,1.7562346329469625,28.94333333333333,29.9,0.3355704697986406,2.0477815699658564,29.8,6.2,-0.8999999999999995,6.366666666666667,2.42,0.6599999999999999,2.1633333333333336,3.86,0.10000000000000009,3.8000000000000003,,,,,,,,,,,,,,0.0,0.0,,,,,2.42,0.6599999999999999,2.1633333333333336,3.86,0.10000000000000009,3.8000000000000003
1959-01-01,us,,,,29.01,0.1380738695202055,1.2918994413407825,28.97666666666667,29.9,0.0,2.0477815699658564,29.866666666666664,6.0,-0.7000000000000002,6.133333333333334,2.48,0.6799999999999999,2.3899999999999997,4.02,0.21999999999999975,3.8733333333333335,286.6,,,,,,,,,,,0.0,,0.0,0.0,,,,,2.48,0.6799999999999999,2.3899999999999997,4.02,0.21999999999999975,3.8733333333333335
1959-02-01,us,,,,29.0,-0.03447087211306821,1.0452961672473782,28.99333333333333,29.9,0.0,1.7006802721088343,29.9,5.9,-0.2999999999999998,6.033333333333334,2.43,0.16000000000000014,2.4433333333333334,3.96,0.21999999999999975,3.9466666666666668,287.7,0.38381018841588954,,,,,,,,,,0.0,,0.0,0.0,,,,,2.43,0.16000000000000014,2.4433333333333334,3.96,0.21999999999999975,3.9466666666666668
1959-03-01,us,,,,28.97,-0.1034482758620725,0.3463803255975062,28.99333333333333,30.0,0.33444816053511683,1.6949152542372836,29.933333333333334,5.6,-0.6000000000000005,5.833333333333333,2.8,0.3799999999999999,2.57,3.99,0.13000000000000034,3.99,289.2,0.5213764337852034,,287.8333333333333,,,,,,,,0.0,,0.0,0.0,,,,,2.8,0.3799999999999999,2.57,3.99,0.13000000000000034,3.99
1959-04-01,us,,,,28.98,0.034518467380051376,0.13821700069107656,28.983333333333334,30.0,0.0,1.6949152542372836,29.96666666666667,5.2,-0.7999999999999998,5.566666666666667,2.96,0.48,2.73,4.12,0.10000000000000053,4.023333333333333,290.1,0.3112033195020958,,289.0,,,,,,,,0.0,,0.0,0.0,,,,,2.96,0.48,2.73,4.12,0.10000000000000053,4.023333333333333
1959-05-01,us,,,,29.04,0.20703933747412417,0.3455425017277136,28.996666666666666,30.1,0.33333333333334103,2.033898305084758,30.03333333333333,5.1,-0.8000000000000007,5.3,2.9,0.46999999999999975,2.8866666666666667,4.31,0.34999999999999964,4.14,292.2,0.7238883143743324,,290.5,,,,,,,,0.0,,0.0,0.0,,,,,2.9,0.46999999999999975,2.8866666666666667,4.31,0.34999999999999964,4.14
1959-06-01,us,,,,29.11,0.24104683195591559,0.6918021445866396,29.043333333333333,30.2,0.33222591362125353,2.0270270270270174,30.099999999999998,5.0,-0.5999999999999996,5.1000000000000005,3.39,0.5900000000000003,3.0833333333333335,4.34,0.34999999999999964,4.256666666666667,294.1,0.6502395619438772,,292.1333333333334,,,,,,,,0.0,,0.0,0.0,,,,,3.39,0.5900000000000003,3.0833333333333335,4.34,0.34999999999999964,4.256666666666667
1959-07-01,us,,,,29.15,0.13740982480248132,0.8999653859466772,29.099999999999998,30.2,0.0,2.0270270270270174,30.166666666666668,5.1,-0.10000000000000053,5.066666666666666,3.47,0.5100000000000002,3.2533333333333334,4.4,0.28000000000000025,4.3500000000000005,295.2,0.37402244134647766,,293.8333333333333,,,,,,,,0.0,,0.0,0.0,,,,,3.47,0.5100000000000002,3.2533333333333334,4.4,0.28000000000000025,4.3500000000000005
1959-08-01,us,,,,29.18,0.10291595197255976,0.8293020041465038,29.146666666666665,30.2,0.0,2.0270270270270174,30.2,5.2,0.10000000000000053,5.1000000000000005,3.5,0.6000000000000001,3.453333333333333,4.43,0.1200000000000001,4.390000000000001,296.4,0.40650406504063596,,295.2333333333333,,,,,,,,0.0,,0.0,0.0,,,,,3.5,0.6000000000000001,3.453333333333333,4.43,0.1200000000000001,4.390000000000001
1959-09-01,us,,,,29.25,0.23989033584648212,1.1760636457972984,29.19333333333333,30.3,0.33112582781458233,2.020202020202033,30.23333333333333,5.5,0.5,5.266666666666667,3.76,0.36999999999999966,3.5766666666666667,4.68,0.33999999999999986,4.503333333333334,296.7,0.10121457489880026,,296.09999999999997,,,,,,,,0.0,,0.0,0.0,,,,,3.76,0.36999999999999966,3.5766666666666667,4.68,0.33999999999999986,4.503333333333334
1959-10-01,us,,,,29.35,0.34188034188034067,1.5219647180906293,29.26,30.4,0.3300330033003229,2.3569023569023573,30.3,5.7,0.6000000000000005,5.466666666666668,3.98,0.5099999999999998,3.746666666666666,4.53,0.1299999999999999,4.546666666666667,296.5,-0.06740815638691666,,296.5333333333333,,,,,,,,0.0,,0.0,0.0,,,,,3.98,0.5099999999999998,3.746666666666666,4.53,0.1299999999999999,4.546666666666667
1959-11-01,us,,,,29.35,0.0,1.3816925734024155,29.316666666666666,30.4,0.0,2.0134228187919323,30.366666666666664,5.8,0.5999999999999996,5.666666666666667,4.0,0.5,3.9133333333333327,4.53,0.10000000000000053,4.58,297.1,0.2023608768971341,,296.76666666666665,,,,,,,,0.0,,0.0,0.0,,,,,4.0,0.5,3.9133333333333327,4.53,0.10000000000000053,4.58
1959-12-01,us,,,,29.41,0.20442930153321548,1.5188125647221273,29.370000000000005,30.5,0.328947368421062,2.006688963210701,30.433333333333334,5.3,-0.20000000000000018,5.6000000000000005,3.99,0.23000000000000043,3.9899999999999998,4.69,0.010000000000000675,4.583333333333335,297.8,0.23561090541903695,,297.1333333333333,,,,,,,,0.0,,0.0,0.0,,,,,3.99,0.23000000000000043,3.9899999999999998,4.69,0.010000000000000675,4.583333333333335
1960-01-01,us,,,,29.37,-0.13600816048963127,1.2409513960703222,29.376666666666665,30.5,0.0,2.006688963210701,30.46666666666667,5.2,-0.5,5.433333333333334,3.99,0.010000000000000231,3.9933333333333336,4.72,0.1899999999999995,4.646666666666667,298.2,0.1343183344526544,4.047452896022308,297.70000000000005,,,,,,,,0.0,,0.0,0.0,,,,,3.99,0.010000000000000231,3.9933333333333336,4.72,0.1899999999999995,4.646666666666667
1960-02-01,us,,,,29.41,0.13619339462036528,1.4137931034482687,29.396666666666665,30.6,0.3278688524590123,2.34113712374584,30.53333333333333,4.8,-1.0,5.1000000000000005,3.97,-0.029999999999999805,3.983333333333333,4.49,-0.040000000000000036,4.633333333333334,298.4,0.06706908115359234,3.7191518943343826,298.13333333333327,,,,,,,,0.0,,0.0,0.0,,,,,3.97,-0.029999999999999805,3.983333333333333,4.49,-0.040000000000000036,4.633333333333334
1960-03-01,us,,,,29.41,0.0,1.5188125647221273,29.396666666666665,30.6,0.0,2.0000000000000018,30.566666666666666,5.4,0.10000000000000053,5.133333333333334,3.84,-0.15000000000000036,3.933333333333333,4.25,-0.4400000000000004,4.486666666666667,299.3,0.3016085790884748,3.4923928077455146,298.6333333333333,,,,,,,,0.0,,0.0,0.0,,,,,3.84,-0.15000000000000036,3.933333333333333,4.25,-0.4400000000000004,4.486666666666667
1960-04-01,us,,,,29.54,0.44202652159128775,1.9323671497584405,29.453333333333333,30.6,0.0,2.0000000000000018,30.6,5.2,0.0,5.133333333333334,3.92,-0.07000000000000028,3.9099999999999997,4.28,-0.4399999999999995,4.340000000000001,300.1,0.26729034413632835,3.4470872113064432,299.2666666666667,,,,,,,,0.0,,0.0,0.0,,,,,3.92,-0.07000000000000028,3.9099999999999997,4.28,-0.4399999999999995,4.340000000000001
1960-05-01,us,,,,29.57,0.10155721056195333,1.8250688705234275,29.506666666666664,30.6,0.0,1.661129568106312,30.6,5.1,0.2999999999999998,5.233333333333333,3.85,-0.1200000000000001,3.8699999999999997,4.35,-0.14000000000000057,4.293333333333333,300.9,0.2665778073975167,2.977412731006157,300.1,,,,,,,,0.0,,0.0,0.0,,,,,3.85,-0.1200000000000001,3.8699999999999997,4.35,-0.14000000000000057,4.293333333333333
1960-06-01,us,,,,29.61,0.1352722353736846,1.7176228100309165,29.573333333333334,30.7,0.32679738562091387,1.655629139072845,30.633333333333336,5.4,0.0,5.233333333333333,3.32,-0.52,3.696666666666666,4.15,-0.09999999999999964,4.260000000000001,302.3,0.4652708541043715,2.788167290037391,301.09999999999997,,,,,,,,0.0,,0.0,0.0,,,,,3.32,-0.52,3.696666666666666,4.15,-0.09999999999999964,4.260000000000001
1960-07-01,us,,,,29.55,-0.20263424518742745,1.3722126929674117,29.576666666666664,30.6,-0.32573289902279035,1.324503311258285,30.633333333333336,5.5,0.2999999999999998,5.333333333333333,3.23,-0.69,3.4666666666666663,3.9,-0.38000000000000034,4.133333333333334,304.1,0.5954349983460228,3.0149051490514944,302.43333333333334,,,,,,,,0.0,,0.0,0.0,,,,,3.23,-0.69,3.4666666666666663,3.9,-0.38000000000000034,4.133333333333334
1960-08-01,us,,,,29.61,0.20304568527917954,1.473612063056895,29.590000000000003,30.6,0.0,1.324503311258285,30.633333333333336,5.6,0.5,5.5,2.98,-0.8700000000000001,3.1766666666666663,3.8,-0.5499999999999998,3.9500000000000006,306.9,0.9207497533705977,3.5425101214574983,304.43333333333334,,,,,,,,0.0,,0.0,0.0,,,,,2.98,-0.8700000000000001,3.1766666666666663,3.8,-0.5499999999999998,3.9500000000000006
1960-09-01,us,,,,29.61,0.0,1.2307692307692353,29.590000000000003,30.6,0.0,0.990099009900991,30.6,5.5,0.09999999999999964,5.533333333333334,2.6,-0.7199999999999998,2.936666666666666,3.8,-0.35000000000000053,3.8333333333333335,308.4,0.4887585532746819,3.9433771486349745,306.4666666666667,,,,,,,,0.0,,0.0,0.0,,,,,2.6,-0.7199999999999998,2.936666666666666,3.8,-0.35000000000000053,3.8333333333333335
1960-10-01,us,,,,29.75,0.47281323877068626,1.3628620102214661,29.656666666666666,30.8,0.6535947712418277,1.3157894736842257,30.666666666666668,6.1,0.5999999999999996,5.733333333333333,2.47,-0.7599999999999998,2.683333333333333,3.89,-0.009999999999999787,3.83,309.5,0.3566796368352776,4.384485666104543,308.26666666666665,,,,,,,,0.0,,0.0,0.0,,,,,2.47,-0.7599999999999998,2.683333333333333,3.89,-0.009999999999999787,3.83
1960-11-01,us,,,,29.78,0.10084033613446675,1.4650766609880739,29.713333333333335,30.8,0.0,1.3157894736842257,30.733333333333334,6.1,0.5,5.900000000000001,2.44,-0.54,2.503333333333333,3.93,0.13000000000000034,3.8733333333333335,310.9,0.4523424878836835,4.6449007068327,309.59999999999997,,,,,,,,0.0,,0.0,0.0,,,,,2.44,-0.54,2.503333333333333,3.93,0.13000000000000034,3.8733333333333335
1960-12-01,us,,,,29.81,0.1007387508394908,1.3600816048962905,29.78,30.7,-0.32467532467532756,0.6557377049180246,30.76666666666667,6.6,1.0999999999999996,6.266666666666667,1.98,-0.6200000000000001,2.2966666666666664,3.84,0.040000000000000036,3.8866666666666667,312.4,0.48247024766805424,4.902619207521819,310.93333333333334,,,,,,,,0.0,,0.0,0.0,,,,,1.98,-0.6200000000000001,2.2966666666666664,3.84,0.040000000000000036,3.8866666666666667
1961-01-01,us,,,,29.84,0.10063737001007045,1.6002723867892366,29.810000000000002,30.8,0.32573289902280145,0.9836065573770592,30.766666666666666,6.6,0.5,6.433333333333333,1.45,-1.0200000000000002,1.956666666666666,3.84,-0.050000000000000266,3.8700000000000006,314.1,0.544174135723452,5.33199195171028,312.46666666666664,,,,,,,,0.0,,0.0,0.0,,,,,1.45,-1.0200000000000002,1.956666666666666,3.84,-0.050000000000000266,3.8700000000000006
1961-02-01,us,,,,29.84,0.0,1.4620877252635056,29.83,30.8,0.0,0.6535947712418277,30.76666666666667,6.9,0.8000000000000007,6.7,2.54,0.10000000000000009,1.9899999999999995,3.78,-0.15000000000000036,3.8200000000000003,316.5,0.7640878701050458,6.0656836461126185,314.3333333333333,,,,,,,,0.0,,0.0,0.0,,,,,2.54,0.10000000000000009,1.9899999999999995,3.78,-0.15000000000000036,3.8200000000000003
1961-03-01,us,,,,29.84,0.0,1.4620877252635056,29.84,30.9,0.32467532467532756,0.9803921568627416,30.833333333333332,6.9,0.3000000000000007,6.8,2.02,0.040000000000000036,2.003333333333333,3.74,-0.09999999999999964,3.786666666666667,318.3,0.5687203791469253,6.34814567323756,316.3,,,,,,,,0.0,,0.0,0.0,,,,,2.02,0.040000000000000036,2.003333333333333,3.74,-0.09999999999999964,3.786666666666667
1961-04-01,us,,,,29.81,-0.10053619302949901,0.9140148950575577,29.83,30.9,0.0,0.9803921568627416,30.866666666666664,7.0,0.40000000000000036,6.9333333333333345,1.49,0.040000000000000036,2.016666666666666,3.78,-0.06000000000000005,3.766666666666667,319.9,0.5026704366949408,6.597800733088954,318.2333333333333,,,,,,,,0.0,,0.0,0.0,,,,,1.49,0.040000000000000036,2.016666666666666,3.78,-0.06000000000000005,3.766666666666667
1961-05-01,us,,,,29.84,0.10063737001007045,0.9130875887723988,29.83,30.9,0.0,0.9803921568627416,30.9,7.1,0.1999999999999993,7.0,1.98,-0.56,1.8299999999999994,3.71,-0.06999999999999984,3.7433333333333336,322.2,0.7189746795873697,7.078763708873392,320.1333333333334,,,,,,,,0.0,,0.0,0.0,,,,,1.98,-0.56,1.8299999999999994,3.71,-0.06999999999999984,3.7433333333333336
1961-06-01,us,,,,29.84,0.0,0.7767646065518496,29.83,31.0,0.3236245954692629,0.9771986970684043,30.933333333333334,6.9,0.0,7.0,1.73,-0.29000000000000004,1.7333333333333327,3.88,0.13999999999999968,3.7900000000000005,324.3,0.6517690875232907,7.277538868673505,322.1333333333333,,,,,,,,0.0,,0.0,0.0,,,,,1.73,-0.29000000000000004,1.7333333333333327,3.88,0.13999999999999968,3.7900000000000005
1961-07-01,us,,,,29.92,0.2680965147453085,1.25211505922167,29.866666666666664,31.0,0.0,1.3071895424836555,30.96666666666667,7.0,0.0,7.0,1.17,-0.32000000000000006,1.626666666666666,3.92,0.14000000000000012,3.8366666666666673,325.6,0.4008633980882026,7.070042749095684,324.03333333333336,,,,,,,,0.0,,0.0,0.0,,,,,1.17,-0.32000000000000006,1.626666666666666,3.92,0.14000000000000012,3.8366666666666673
1961-08-01,us,,,,29.94,0.06684491978610207,1.1144883485309176,29.900000000000002,31.1,0.3225806451612856,1.6339869281045694,31.03333333333333,6.6,-0.5,6.833333333333333,2.0,0.020000000000000018,1.6333333333333329,4.04,0.33000000000000007,3.9466666666666668,327.6,0.6142506142506221,6.744868035190632,325.83333333333337,,,,,,,,0.0,,0.0,0.0,,,,,2.0,0.020000000000000018,1.6333333333333329,4.04,0.33000000000000007,3.9466666666666668
1961-09-01,us,,,,29.98,0.13360053440214514,1.249577845322536,29.94666666666667,31.1,0.0,1.6339869281045694,31.066666666666666,6.7,-0.20000000000000018,6.766666666666667,1.88,0.1499999999999999,1.6833333333333327,3.98,0.10000000000000009,3.9800000000000004,329.5,0.5799755799755779,6.841763942931256,327.56666666666666,,,,,,,,0.0,,0.0,0.0,,,,,1.88,0.1499999999999999,1.6833333333333327,3.98,0.10000000000000009,3.9800000000000004
1961-10-01,us,,,,29.98,0.0,0.7731092436974896,29.96666666666667,31.1,0.0,0.9740259740259827,31.1,6.5,-0.5,6.6000000000000005,2.26,1.0899999999999999,2.046666666666666,3.92,0.0,3.9800000000000004,331.1,0.48558421851290223,6.97899838449112,329.40000000000003,,,,,,,,0.0,,0.0,0.0,,,,,2.26,1.0899999999999999,2.046666666666666,3.92,0.0,3.9800000000000004
1961-11-01,us,,,,29.98,0.0,0.671591672263272,29.98,31.2,0.3215434083601254,1.298701298701288,31.133333333333336,6.1,-0.5,6.433333333333334,2.61,0.6099999999999999,2.2499999999999996,3.94,-0.10000000000000009,3.9466666666666668,333.4,0.6946541830262554,7.2370537150209024,331.3333333333333,,,,,,,,0.0,,0.0,0.0,,,,,2.61,0.6099999999999999,2.2499999999999996,3.94,-0.10000000000000009,3.9466666666666668
1961-12-01,us,,,,30.01,0.10006671114075605,0.6709158000671067,29.99,31.2,0.0,1.6286644951140072,31.166666666666668,6.0,-0.7000000000000002,6.2,2.33,0.4500000000000002,2.399999999999999,4.06,0.07999999999999963,3.9733333333333327,335.5,0.6298740251949653,7.3943661971831,333.3333333333333,,,,,,,,0.0,,0.0,0.0,,,,,2.33,0.4500000000000002,2.399999999999999,4.06,0.07999999999999963,3.9733333333333327
1962-01-01,us,,,,30.04,0.09996667777407708,0.6702412868632601,30.01,31.2,0.0,1.298701298701288,31.2,5.8,-0.7000000000000002,5.966666666666666,2.15,-0.10999999999999988,2.363333333333333,4.08,0.16000000000000014,4.026666666666666,337.5,0.5961251862891315,7.44985673352434,335.46666666666664,,,,,,,,0.0,,0.0,0.0,,,,,2.15,-0.10999999999999988,2.363333333333333,4.08,0.16000000000000014,4.026666666666666
1962-02-01,us,,,,30.11,0.23302263648468102,0.9048257372654245,30.05333333333333,31.2,0.0,1.298701298701288,31.2,5.5,-0.5999999999999996,5.766666666666667,2.37,-0.23999999999999977,2.2833333333333328,4.04,0.10000000000000009,4.06,340.1,0.7703703703703768,7.456556082148502,337.7,,,,,,,,0.0,,0.0,0.0,,,,,2.37,-0.23999999999999977,2.2833333333333328,4.04,0.10000000000000009,4.06
1962-03-01,us,,,,30.17,0.19926934573231136,1.1058981233244003,30.106666666666666,31.3,0.3205128205128194,1.2944983818770295,31.233333333333334,5.6,-0.40000000000000036,5.633333333333333,2.85,0.52,2.4566666666666657,3.93,-0.12999999999999945,4.016666666666667,343.1,0.8820935019111964,7.791391768771594,340.23333333333335,,,,,,,,0.0,,0.0,0.0,,,,,2.85,0.52,2.4566666666666657,3.93,-0.12999999999999945,4.016666666666667
1962-04-01,us,,,,30.21,0.13258203513424327,1.3418316001341912,30.163333333333338,31.3,0.0,1.2944983818770295,31.266666666666666,5.6,-0.20000000000000018,5.566666666666666,2.78,0.6299999999999999,2.666666666666666,3.84,-0.2400000000000002,3.936666666666667,345.5,0.6995045176333425,8.002500781494227,342.90000000000003,,,,,,,,0.0,,0.0,0.0,,,,,2.78,0.6299999999999999,2.666666666666666,3.84,-0.2400000000000002,3.936666666666667
1962-05-01,us,,,,30.24,0.09930486593843213,1.3404825737265424,30.206666666666667,31.4,0.31948881789136685,1.6181229773462702,31.333333333333332,5.5,0.0,5.566666666666666,2.36,-0.010000000000000231,2.6633333333333327,3.87,-0.16999999999999993,3.8800000000000003,347.5,0.5788712011577379,7.852265673494729,345.3666666666666,,,,,,,,0.0,,0.0,0.0,,,,,2.36,-0.010000000000000231,2.6633333333333327,3.87,-0.16999999999999993,3.8800000000000003
1962-06-01,us,,,,30.21,-0.09920634920633775,1.2399463806970434,30.22,31.4,0.0,1.2903225806451646,31.366666666666664,5.5,-0.09999999999999964,5.533333333333334,2.68,-0.16999999999999993,2.606666666666666,3.91,-0.020000000000000018,3.8733333333333335,349.3,0.5179856115107961,7.70891150169597,347.43333333333334,,,,,,,,0.0,,0.0,0.0,,,,,2.68,-0.16999999999999993,2.606666666666666,3.91,-0.020000000000000018,3.8733333333333335
1962-07-01,us,,,,30.22,0.033101621979469975,1.0026737967914423,30.223333333333333,31.4,0.0,1.2903225806451646,31.4,5.4,-0.1999999999999993,5.466666666666666,2.71,-0.06999999999999984,2.5833333333333326,4.01,0.16999999999999993,3.93,350.8,0.4294302891497237,7.739557739557745,349.2,,,,,,,,0.0,,0.0,0.0,,,,,2.71,-0.06999999999999984,2.5833333333333326,4.01,0.16999999999999993,3.93
1962-08-01,us,,,,30.28,0.19854401058903015,1.135604542418167,30.236666666666668,31.5,0.31847133757962887,1.2861736334405016,31.433333333333334,5.7,0.20000000000000018,5.533333333333334,2.93,0.5700000000000003,2.773333333333333,3.98,0.10999999999999988,3.966666666666667,352.8,0.5701254275940704,7.692307692307687,350.9666666666667,,,,,,,,0.0,,0.0,0.0,,,,,2.93,0.5700000000000003,2.773333333333333,3.98,0.10999999999999988,3.966666666666667
1962-09-01,us,,,,30.42,0.4623513870541718,1.4676450967311627,30.30666666666667,31.5,0.0,1.2861736334405016,31.46666666666667,5.6,0.09999999999999964,5.566666666666666,2.9,0.21999999999999975,2.8466666666666662,3.98,0.06999999999999984,3.9899999999999998,354.9,0.5952380952380931,7.708649468892248,352.8333333333333,,,,,,,,0.0,,0.0,0.0,,,,,2.9,0.21999999999999975,2.8466666666666662,3.98,0.06999999999999984,3.9899999999999998
1962-10-01,us,,,,30.38,-0.13149243918475495,1.3342228152101399,30.36,31.5,0.0,1.2861736334405016,31.5,5.4,0.0,5.566666666666667,2.9,0.18999999999999995,2.9099999999999997,3.93,-0.07999999999999963,3.9633333333333334,357.2,0.6480698788391193,7.88281485955904,354.9666666666667,,,,,,,,0.0,,0.0,0.0,,,,,2.9,0.18999999999999995,2.9099999999999997,3.93,-0.07999999999999963,3.9633333333333334
1962-11-01,us,,,,30.38,0.0,1.3342228152101399,30.39333333333333,31.5,0.0,0.9615384615384581,31.5,5.7,0.0,5.566666666666667,2.94,0.009999999999999787,2.9133333333333327,3.92,-0.06000000000000005,3.9433333333333334,359.8,0.7278835386338223,7.918416316736665,357.3,,,,,,,,0.0,,0.0,0.0,,,,,2.94,0.009999999999999787,2.9133333333333327,3.92,-0.06000000000000005,3.9433333333333334
1962-12-01,us,,,,30.38,0.0,1.2329223592135952,30.38,31.6,0.31746031746031633,1.2820512820512997,31.53333333333333,5.5,-0.09999999999999964,5.533333333333334,2.93,0.03000000000000025,2.9233333333333325,3.86,-0.1200000000000001,3.9033333333333338,362.7,0.8060033351862117,8.107302533532046,359.8999999999999,,,,,,,,0.0,,0.0,0.0,,,,,2.93,0.03000000000000025,2.9233333333333325,3.86,-0.1200000000000001,3.9033333333333338
1963-01-01,us,,,,30.44,0.19749835418039208,1.331557922769644,30.400000000000002,31.5,-0.31645569620253333,0.9615384615384581,31.53333333333333,5.7,0.2999999999999998,5.633333333333334,2.92,0.020000000000000018,2.9299999999999993,3.83,-0.10000000000000009,3.8699999999999997,365.2,0.6892748828232653,8.207407407407397,362.56666666666666,,,,,,,,0.0,,0.0,0.0,,,,,2.92,0.020000000000000018,2.9299999999999993,3.83,-0.10000000000000009,3.8699999999999997
1963-02-01,us,,,,30.48,0.13140604467805073,1.2288276320159497,30.433333333333337,31.6,0.31746031746031633,1.2820512820512997,31.566666666666666,5.9,0.20000000000000018,5.7,3.0,0.06000000000000005,2.9499999999999993,3.92,0.0,3.8699999999999997,367.9,0.7393209200438067,8.174066451043792,365.26666666666665,,,,,,,,0.0,,0.0,0.0,,,,,3.0,0.06000000000000005,2.9499999999999993,3.92,0.0,3.8699999999999997
1963-03-01,us,,,,30.51,0.09842519685039353,1.1269472986410234,30.47666666666667,31.7,0.31645569620253333,1.2779552715654896,31.599999999999998,5.7,0.20000000000000018,5.766666666666668,2.98,0.04999999999999982,2.9666666666666663,3.93,0.07000000000000028,3.893333333333333,370.7,0.7610763794509312,8.044301952783428,367.93333333333334,,,,,,,,0.0,,0.0,0.0,,,,,2.98,0.04999999999999982,2.9666666666666663,3.93,0.07000000000000028,3.893333333333333
1963-04-01,us,,,,30.48,-0.0983284169124965,0.893743793445867,30.49,31.7,0.0,1.2779552715654896,31.666666666666668,5.7,0.0,5.766666666666667,2.9,-0.020000000000000018,2.9599999999999995,3.97,0.14000000000000012,3.94,373.3,0.7013757755597538,8.046309696092614,370.63333333333327,,,,,,,,0.0,,0.0,0.0,,,,,2.9,-0.020000000000000018,2.9599999999999995,3.97,0.14000000000000012,3.94
1963-05-01,us,,,,30.51,0.09842519685039353,0.8928571428571619,30.5,31.7,0.0,0.9554140127388644,31.7,5.9,0.0,5.766666666666667,3.0,0.0,2.9599999999999995,3.93,0.010000000000000231,3.9433333333333334,376.1,0.7500669702652063,8.230215827338139,373.36666666666673,,,,,,,,0.0,,0.0,0.0,,,,,3.0,0.0,2.9599999999999995,3.93,0.010000000000000231,3.9433333333333334
1963-06-01,us,,,,30.61,0.32776138970829205,1.3240648791790655,30.53333333333333,31.8,0.3154574132492094,1.273885350318471,31.73333333333333,5.6,-0.10000000000000053,5.733333333333334,2.99,0.010000000000000231,2.963333333333333,3.99,0.06000000000000005,3.9633333333333334,378.4,0.611539484179735,8.330947609504724,375.93333333333334,,,,,,,,0.0,,0.0,0.0,,,,,2.99,0.010000000000000231,2.963333333333333,3.99,0.06000000000000005,3.9633333333333334
1963-07-01,us,,,,30.69,0.2613524991832872,1.5552614162806178,30.603333333333335,31.8,0.0,1.273885350318471,31.766666666666666,5.6,-0.10000000000000053,5.7,3.02,0.1200000000000001,3.0033333333333325,4.02,0.04999999999999938,3.98,381.1,0.7135306553911258,8.637400228050174,378.53333333333336,,,,,,,,0.0,,0.0,0.0,,,,,3.02,0.1200000000000001,3.0033333333333325,4.02,0.04999999999999938,3.98
1963-08-01,us,,,,30.75,0.19550342130987275,1.5521796565389767,30.683333333333334,31.9,0.3144654088050203,1.2698412698412653,31.833333333333332,5.4,-0.5,5.533333333333334,3.49,0.4900000000000002,3.166666666666666,4.0,0.06999999999999984,4.003333333333333,383.6,0.6559958016268741,8.730158730158744,381.0333333333333,,,,,,,,0.0,,0.0,0.0,,,,,3.49,0.4900000000000002,3.166666666666666,4.0,0.06999999999999984,4.003333333333333
1963-09-01,us,,,,30.72,-0.09756097560975618,0.9861932938855844,30.72,31.9,0.0,1.2698412698412653,31.866666666666664,5.5,-0.09999999999999964,5.5,3.48,0.48999999999999977,3.3299999999999996,4.08,0.08999999999999986,4.033333333333333,386.0,0.6256517205422307,8.763031839954927,383.56666666666666,,,,,,,,0.0,,0.0,0.0,,,,,3.48,0.48999999999999977,3.3299999999999996,4.08,0.08999999999999986,4.033333333333333
1963-10-01,us,,,,30.75,0.09765625,1.2179065174456882,30.74,32.0,0.31347962382446415,1.5873015873015817,31.933333333333334,5.5,-0.09999999999999964,5.466666666666668,3.5,0.48,3.4899999999999998,4.11,0.09000000000000075,4.0633333333333335,388.3,0.5958549222798037,8.706606942889138,385.9666666666667,,,,,,,,0.0,,0.0,0.0,,,,,3.5,0.48,3.4899999999999998,4.11,0.09000000000000075,4.0633333333333335
1963-11-01,us,,,,30.78,0.09756097560975618,1.3166556945358954,30.75,32.0,0.0,1.5873015873015817,31.966666666666665,5.7,0.2999999999999998,5.566666666666667,3.48,-0.010000000000000231,3.486666666666666,4.12,0.1200000000000001,4.1033333333333335,391.5,0.8241050733968525,8.810450250138956,388.6000000000001,,,,,,,,0.0,,0.0,0.0,,,,,3.48,-0.010000000000000231,3.486666666666666,4.12,0.1200000000000001,4.1033333333333335
1963-12-01,us,,,,30.88,0.32488628979856493,1.6458196181698526,30.80333333333333,32.1,0.31250000000000444,1.5822784810126667,32.03333333333333,5.5,0.0,5.566666666666667,3.38,-0.10000000000000009,3.4533333333333327,4.13,0.04999999999999982,4.12,393.2,0.43422733077904674,8.409153570443895,391.0,,,,,,,,0.0,,0.0,0.0,,,,,3.38,-0.10000000000000009,3.4533333333333327,4.13,0.04999999999999982,4.12
1964-01-01,us,,,,30.94,0.19430051813471572,1.6425755584756896,30.866666666666664,32.2,0.31152647975078995,2.2222222222222365,32.1,5.6,0.09999999999999964,5.6000000000000005,3.48,-0.020000000000000018,3.446666666666666,4.17,0.05999999999999961,4.140000000000001,395.2,0.508646998982698,8.214676889375694,393.3,,,,,,,,0.0,,0.0,0.0,,,,,3.48,-0.020000000000000018,3.446666666666666,4.17,0.05999999999999961,4.140000000000001
1964-02-01,us,,,,30.91,-0.09696186166774368,1.4107611548556331,30.91,32.2,0.0,1.8987341772152,32.166666666666664,5.4,-0.2999999999999998,5.5,3.48,0.0,3.446666666666666,4.15,0.03000000000000025,4.1499999999999995,397.6,0.6072874493927127,8.072845882033164,395.3333333333333,,,,,,,,0.0,,0.0,0.0,,,,,3.48,0.0,3.446666666666666,4.15,0.03000000000000025,4.1499999999999995
1964-03-01,us,,,,30.94,0.09705596894209467,1.4093739757456536,30.930000000000003,32.2,0.0,1.5772870662460692,32.2,5.4,-0.09999999999999964,5.466666666666668,3.43,0.050000000000000266,3.463333333333333,4.22,0.08999999999999986,4.180000000000001,399.8,0.5533199195171035,7.8500134879956995,397.5333333333333,,,,,,,,0.0,,0.0,0.0,,,,,3.43,0.050000000000000266,3.463333333333333,4.22,0.08999999999999986,4.180000000000001
1964-04-01,us,,,,30.95,0.03232062055591456,1.5419947506561726,30.933333333333334,32.2,0.0,1.5772870662460692,32.2,5.3,-0.2999999999999998,5.366666666666667,3.47,-0.009999999999999787,3.4599999999999995,4.23,0.0600000000000005,4.2,401.7,0.47523761880940985,7.607822126975616,399.7,,,,,,,,0.0,,0.0,0.0,,,,,3.47,-0.009999999999999787,3.4599999999999995,4.23,0.0600000000000005,4.2
1964-05-01,us,,,,30.98,0.09693053311794486,1.5404785316289749,30.956666666666667,32.2,0.0,1.5772870662460692,32.2,5.1,-0.3000000000000007,5.266666666666667,3.5,0.020000000000000018,3.4666666666666663,4.2,0.04999999999999982,4.216666666666666,404.2,0.6223549912870219,7.471417176282902,401.90000000000003,,,,,,,,0.0,,0.0,0.0,,,,,3.5,0.020000000000000018,3.4666666666666663,4.2,0.04999999999999982,4.216666666666666
1964-06-01,us,,,,31.01,0.09683666881858954,1.3067624959163693,30.98,32.3,0.31055900621115295,1.5723270440251458,32.23333333333333,5.2,-0.20000000000000018,5.2,3.5,0.06999999999999984,3.4899999999999998,4.17,-0.04999999999999982,4.2,407.1,0.7174666006927399,7.584566596194509,404.3333333333333,,,,,,,,0.0,,0.0,0.0,,,,,3.5,0.06999999999999984,3.4899999999999998,4.17,-0.04999999999999982,4.2
1964-07-01,us,,,,31.02,0.032247662044504466,1.0752688172043001,31.00333333333333,32.3,0.0,1.5723270440251458,32.26666666666667,4.9,-0.39999999999999947,5.066666666666667,3.42,-0.050000000000000266,3.4733333333333327,4.19,-0.040000000000000036,4.1866666666666665,410.1,0.736919675755332,7.609551298871686,407.1333333333334,,,,,,,,0.0,,0.0,0.0,,,,,3.42,-0.050000000000000266,3.4733333333333327,4.19,-0.040000000000000036,4.1866666666666665
1964-08-01,us,,,,31.05,0.09671179883945502,0.9756097560975618,31.026666666666667,32.3,0.0,1.2539184952978122,32.3,5.0,-0.09999999999999964,5.033333333333334,3.5,0.0,3.4733333333333327,4.19,-0.009999999999999787,4.183333333333334,413.4,0.8046817849304944,7.76850886339937,410.2,,,,,,,,0.0,,0.0,0.0,,,,,3.5,0.0,3.4733333333333327,4.19,-0.009999999999999787,4.183333333333334
1964-09-01,us,,,,31.08,0.09661835748790981,1.171875,31.049999999999997,32.3,0.0,1.2539184952978122,32.3,5.1,-0.10000000000000053,5.000000000000001,3.45,-0.04999999999999982,3.4566666666666657,4.2,0.03000000000000025,4.193333333333334,416.9,0.8466376390904751,8.005181347150248,413.4666666666667,,,,,,,,0.0,,0.0,0.0,,,,,3.45,-0.04999999999999982,3.4566666666666657,4.2,0.03000000000000025,4.193333333333334
1964-10-01,us,,,,31.12,0.12870012870014325,1.2032520325203189,31.083333333333332,32.4,0.3095975232198178,1.2499999999999956,32.33333333333333,5.1,0.1999999999999993,5.066666666666667,3.36,-0.06000000000000005,3.436666666666666,4.19,0.0,4.193333333333334,419.1,0.5277044854881341,7.932011331444766,416.46666666666664,,,,,,,,0.0,,0.0,0.0,,,,,3.36,-0.06000000000000005,3.436666666666666,4.19,0.0,4.193333333333334
1964-11-01,us,,,,31.21,0.2892030848329119,1.3970110461338558,31.136666666666667,32.5,0.30864197530864335,1.5625,32.4,4.8,-0.20000000000000018,5.0,3.52,0.020000000000000018,3.443333333333333,4.15,-0.040000000000000036,4.18,422.1,0.7158196134574135,7.816091954022997,419.36666666666673,,,,,,,,0.0,,0.0,0.0,,,,,3.52,0.020000000000000018,3.443333333333333,4.15,-0.040000000000000036,4.18
1964-12-01,us,,,,31.25,0.1281640499839698,1.1981865284974136,31.19333333333334,32.5,0.0,1.2461059190031154,32.46666666666667,5.0,-0.09999999999999964,4.966666666666668,3.85,0.3999999999999999,3.576666666666666,4.18,-0.020000000000000462,4.173333333333333,424.8,0.6396588486140775,8.036622583926768,422.0,,,,,,,,0.0,,0.0,0.0,,,,,3.85,0.3999999999999999,3.576666666666666,4.18,-0.020000000000000462,4.173333333333333
1965-01-01,us,,,,31.28,0.09600000000000719,1.098901098901095,31.24666666666667,32.6,0.3076923076923199,1.2422360248447228,32.53333333333333,4.9,-0.1999999999999993,4.8999999999999995,3.9,0.54,3.7566666666666664,4.19,0.0,4.173333333333333,427.5,0.6355932203389703,8.173076923076916,424.8,,,,,,,,0.0,,0.0,0.0,,,,,3.9,0.54,3.7566666666666664,4.19,0.0,4.173333333333333
1965-02-01,us,,,,31.28,0.0,1.1970236169524417,31.27,32.6,0.0,1.2422360248447228,32.56666666666667,5.1,0.2999999999999998,5.0,3.98,0.45999999999999996,3.9099999999999997,4.21,0.05999999999999961,4.193333333333334,430.4,0.6783625730994114,8.249496981891348,427.5666666666666,,,,,,,,0.0,,0.0,0.0,,,,,3.98,0.45999999999999996,3.9099999999999997,4.21,0.05999999999999961,4.193333333333334
1965-03-01,us,,,,31.31,0.09590792838873874,1.1958629605688387,31.290000000000003,32.6,0.0,1.2422360248447228,32.6,4.7,-0.2999999999999998,4.9,4.05,0.19999999999999973,3.976666666666666,4.21,0.03000000000000025,4.203333333333334,433.2,0.6505576208178487,8.354177088544269,430.3666666666666,,,,,,,,0.0,,0.0,0.0,,,,,4.05,0.19999999999999973,3.976666666666666,4.21,0.03000000000000025,4.203333333333334
1965-04-01,us,,,,31.38,0.2235707441711865,1.3893376413570246,31.323333333333334,32.7,0.30674846625766694,1.552795031055898,32.63333333333333,4.8,-0.10000000000000053,4.866666666666667,4.09,0.18999999999999995,4.039999999999999,4.2,0.009999999999999787,4.206666666666667,435.5,0.5309325946445176,8.414239482200658,433.0333333333333,,,,,,,,0.0,,0.0,0.0,,,,,4.09,0.18999999999999995,4.039999999999999,4.2,0.009999999999999787,4.206666666666667
1965-05-01,us,,,,31.48,0.31867431485022024,1.6139444803098701,31.39,32.7,0.0,1.552795031055898,32.666666666666664,4.6,-0.5,4.7,4.1,0.11999999999999966,4.079999999999999,4.21,0.0,4.206666666666666,437.1,0.36739380022963175,8.139534883720945,435.26666666666665,,,,,,,,0.0,,0.0,0.0,,,,,4.1,0.11999999999999966,4.079999999999999,4.21,0.0,4.206666666666666
1965-06-01,us,,,,31.61,0.41296060991105055,1.9348597226700903,31.49,32.7,0.0,1.2383900928792713,32.7,4.6,-0.10000000000000053,4.666666666666667,4.05,0.0,4.079999999999999,4.21,0.0,4.206666666666667,440.1,0.6863417982155173,8.106116433308763,437.56666666666666,,,,,,,,0.0,,0.0,0.0,,,,,4.05,0.0,4.079999999999999,4.21,0.0,4.206666666666667
1965-07-01,us,,,,31.58,-0.0949066751028238,1.8052869116698789,31.55666666666667,32.7,0.0,1.2383900928792713,32.7,4.4,-0.39999999999999947,4.533333333333334,4.09,0.0,4.079999999999999,4.2,0.0,4.206666666666667,442.9,0.6362190411270063,7.9980492562789385,440.0333333333333,,,,,,,,0.0,,0.0,0.0,,,,,4.09,0.0,4.079999999999999,4.2,0.0,4.206666666666667
1965-08-01,us,,,,31.55,-0.09499683343887622,1.6103059581320522,31.58,32.7,0.0,1.2383900928792713,32.7,4.4,-0.1999999999999993,4.466666666666668,4.12,0.020000000000000462,4.086666666666666,4.25,0.040000000000000036,4.22,445.8,0.6547753443215232,7.8374455732946435,442.9333333333334,,,,,,,,0.0,,0.0,0.0,,,,,4.12,0.020000000000000462,4.086666666666666,4.25,0.040000000000000036,4.22
1965-09-01,us,,,,31.62,0.22187004754359307,1.737451737451745,31.583333333333332,32.8,0.3058103975535076,1.5479876160990669,32.73333333333333,4.3,-0.2999999999999998,4.366666666666667,4.02,-0.03000000000000025,4.076666666666665,4.29,0.08000000000000007,4.246666666666666,449.5,0.8299685957828595,7.819621012233147,446.0666666666666,,,,,,,,0.0,,0.0,0.0,,,,,4.02,-0.03000000000000025,4.076666666666665,4.29,0.08000000000000007,4.246666666666666
1965-10-01,us,,,,31.65,0.0948766603415585,1.7030848329048665,31.606666666666666,32.8,0.0,1.2345679012345734,32.76666666666667,4.2,-0.20000000000000018,4.300000000000001,4.08,-0.009999999999999787,4.073333333333332,4.35,0.14999999999999947,4.296666666666667,452.6,0.6896551724137945,7.9933190169410695,449.3,,,,,,,,0.0,,0.0,0.0,,,,,4.08,-0.009999999999999787,4.073333333333332,4.35,0.14999999999999947,4.296666666666667
1965-11-01,us,,,,31.75,0.3159557661927437,1.7302146747837144,31.673333333333332,32.9,0.3048780487804992,1.2307692307692353,32.83333333333333,4.1,-0.3000000000000007,4.2,4.1,-0.020000000000000462,4.0666666666666655,4.45,0.20000000000000018,4.363333333333333,455.7,0.6849315068493178,7.96019900497511,452.59999999999997,,,,,,,,0.0,,0.0,0.0,,,,,4.1,-0.020000000000000462,4.0666666666666655,4.45,0.20000000000000018,4.363333333333333
1965-12-01,us,,,,31.85,0.31496062992126816,1.9200000000000106,31.75,33.0,0.3039513677811634,1.538461538461533,32.9,4.0,-0.2999999999999998,4.1000000000000005,4.32,0.3000000000000007,4.166666666666666,4.62,0.33000000000000007,4.473333333333334,459.2,0.7680491551459223,8.097928436911484,455.8333333333333,,,,,,,,0.0,,0.0,0.0,,,,,4.32,0.3000000000000007,4.166666666666666,4.62,0.33000000000000007,4.473333333333334
1966-01-01,us,,,,31.88,0.09419152276295417,1.9181585677749302,31.826666666666668,33.0,0.0,1.2269938650306678,32.96666666666667,4.0,-0.20000000000000018,4.033333333333334,4.42,0.33999999999999986,4.279999999999999,4.61,0.2600000000000007,4.56,462.0,0.6097560975609762,8.070175438596493,458.9666666666667,,,,,,,,0.0,,0.0,0.0,,,,,4.42,0.33999999999999986,4.279999999999999,4.61,0.2600000000000007,4.56
1966-02-01,us,,,,32.08,0.6273525721455453,2.5575447570332477,31.936666666666667,33.1,0.3030303030303161,1.5337423312883347,33.03333333333333,3.8,-0.2999999999999998,3.9333333333333336,4.6,0.5,4.446666666666666,4.83,0.3799999999999999,4.6866666666666665,464.6,0.5627705627705648,7.946096654275103,461.93333333333334,,,,,,,,0.0,,0.0,0.0,,,,,4.6,0.5,4.446666666666666,4.83,0.3799999999999999,4.6866666666666665
1966-03-01,us,,,,32.18,0.31172069825435855,2.7786649632705274,32.04666666666666,33.1,0.0,1.5337423312883347,33.06666666666667,3.8,-0.20000000000000018,3.866666666666667,4.66,0.33999999999999986,4.56,4.87,0.25,4.7700000000000005,467.2,0.5596211795092509,7.848568790397037,464.59999999999997,,,,,,,,0.0,,0.0,0.0,,,,,4.66,0.33999999999999986,4.56,4.87,0.25,4.7700000000000005
1966-04-01,us,,,,32.28,0.3107520198881275,2.8680688336520044,32.18,33.3,0.6042296072507503,1.83486238532109,33.166666666666664,3.8,-0.20000000000000018,3.8,4.67,0.25,4.643333333333333,4.75,0.13999999999999968,4.816666666666666,469.3,0.44948630136987244,7.76119402985076,467.0333333333333,,,,,,,,0.0,,0.0,0.0,,,,,4.67,0.25,4.643333333333333,4.75,0.13999999999999968,4.816666666666666
1966-05-01,us,,,,32.35,0.21685254027261625,2.763659466327839,32.27,33.4,0.30030030030030463,2.1406727828745975,33.26666666666667,3.9,0.10000000000000009,3.8333333333333335,4.9,0.3000000000000007,4.743333333333333,4.78,-0.04999999999999982,4.8,470.1,0.17046665246112092,7.549759780370624,468.8666666666666,,,,,,,,0.0,,0.0,0.0,,,,,4.9,0.3000000000000007,4.743333333333333,4.78,-0.04999999999999982,4.8
1966-06-01,us,,,,32.38,0.09273570324574987,2.4359379943056148,32.336666666666666,33.5,0.29940119760478723,2.4464831804281273,33.4,3.8,0.0,3.8333333333333335,5.17,0.5099999999999998,4.913333333333333,4.81,-0.0600000000000005,4.78,471.2,0.23399276749627163,7.06657577823222,470.2,,,,,,,,0.0,,0.0,0.0,,,,,5.17,0.5099999999999998,4.913333333333333,4.81,-0.0600000000000005,4.78
1966-07-01,us,,,,32.45,0.21618282890674134,2.754908169727699,32.39333333333334,33.6,0.29850746268658135,2.752293577981657,33.5,3.8,0.0,3.8333333333333335,5.3,0.6299999999999999,5.123333333333332,5.02,0.2699999999999996,4.87,470.8,-0.0848896434634927,6.299390381575987,470.7,,,,,,,,0.0,,0.0,0.0,,,,,5.3,0.6299999999999999,5.123333333333332,5.02,0.2699999999999996,4.87
1966-08-01,us,,,,32.65,0.6163328197226425,3.4865293185419866,32.49333333333333,33.7,0.29761904761904656,3.0581039755351647,33.6,3.8,-0.10000000000000009,3.8,5.53,0.6299999999999999,5.333333333333333,5.22,0.4399999999999995,5.016666666666667,472.6,0.38232795242141293,6.011664423508312,471.5333333333333,,,,,,,,0.0,,0.0,0.0,,,,,5.53,0.6299999999999999,5.333333333333333,5.22,0.4399999999999995,5.016666666666667
1966-09-01,us,,,,32.75,0.3062787136294043,3.5736875395319334,32.61666666666667,33.8,0.2967359050444873,3.0487804878048808,33.7,3.7,-0.09999999999999964,3.766666666666667,5.4,0.23000000000000043,5.409999999999999,5.18,0.3700000000000001,5.14,475.4,0.5924672027084021,5.761957730812006,472.93333333333334,,,,,,,,0.0,,0.0,0.0,,,,,5.4,0.23000000000000043,5.409999999999999,5.18,0.3700000000000001,5.14
1966-10-01,us,,,,32.85,0.3053435114503955,3.791469194312813,32.75,34.0,0.591715976331364,3.658536585365857,33.833333333333336,3.7,-0.09999999999999964,3.733333333333334,5.53,0.23000000000000043,5.4866666666666655,5.01,-0.009999999999999787,5.136666666666666,475.7,0.06310475389146308,5.103844454264239,474.56666666666666,,,,,,,,0.0,,0.0,0.0,,,,,5.53,0.23000000000000043,5.4866666666666655,5.01,-0.009999999999999787,5.136666666666666
1966-11-01,us,,,,32.88,0.09132420091324533,3.5590551181102548,32.82666666666667,34.0,0.0,3.3434650455927084,33.93333333333333,3.6,-0.19999999999999973,3.6666666666666674,5.76,0.22999999999999954,5.563333333333333,5.16,-0.05999999999999961,5.116666666666666,477.3,0.33634643682993737,4.739960500329166,476.1333333333334,,,,,,,,0.0,,0.0,0.0,,,,,5.76,0.22999999999999954,5.563333333333333,5.16,-0.05999999999999961,5.116666666666666
1966-12-01,us,,,,32.92,0.12165450121655041,3.3594976452119285,32.88333333333333,34.1,0.2941176470588225,3.3333333333333437,34.03333333333333,3.8,0.09999999999999964,3.7000000000000006,5.4,0.0,5.563333333333333,4.84,-0.33999999999999986,5.003333333333333,480.2,0.6075843285145544,4.57317073170731,477.73333333333335,,,,,,,,0.0,,0.0,0.0,,,,,5.4,0.0,5.563333333333333,4.84,-0.33999999999999986,5.003333333333333
1967-01-01,us,,,,32.9,-0.060753341433783525,3.19949811794229,32.900000000000006,34.2,0.2932551319648091,3.6363636363636376,34.1,3.9,0.19999999999999973,3.766666666666667,4.94,-0.5899999999999999,5.366666666666666,4.58,-0.4299999999999997,4.86,481.6,0.291545189504383,4.2424242424242475,479.7,,,,,,,,0.0,,0.0,0.0,,,,,4.94,-0.5899999999999999,5.366666666666666,4.58,-0.4299999999999997,4.86
1967-02-01,us,,,,33.0,0.3039513677811634,2.8678304239401653,32.94,34.2,0.0,3.3232628398791597,34.166666666666664,3.8,0.19999999999999973,3.8333333333333335,5.0,-0.7599999999999998,5.113333333333333,4.63,-0.5300000000000002,4.683333333333334,485.1,0.7267441860465018,4.412397761515274,482.3,,,,,,,,0.0,,0.0,0.0,,,,,5.0,-0.7599999999999998,5.113333333333333,4.63,-0.5300000000000002,4.683333333333334
1967-03-01,us,,,,33.0,0.0,2.5481665630826544,32.96666666666667,34.3,0.29239766081869956,3.6253776435045237,34.23333333333334,3.8,0.0,3.8333333333333335,4.53,-0.8700000000000001,4.823333333333333,4.54,-0.2999999999999998,4.583333333333333,489.7,0.9482580911152283,4.815924657534243,485.4666666666667,,,,,,,,0.0,,0.0,0.0,,,,,4.53,-0.8700000000000001,4.823333333333333,4.54,-0.2999999999999998,4.583333333333333
1967-04-01,us,,,,33.1,0.3030303030303161,2.5402726146220633,33.03333333333333,34.4,0.291545189504383,3.3033033033033066,34.3,3.8,-0.10000000000000009,3.8,4.05,-0.8900000000000006,4.526666666666666,4.59,0.009999999999999787,4.586666666666667,492.1,0.4900959771288571,4.858299595141702,488.9666666666667,,,,,,,,0.0,,0.0,0.0,,,,,4.05,-0.8900000000000006,4.526666666666666,4.59,0.009999999999999787,4.586666666666667
1967-05-01,us,,,,33.1,0.0,2.3183925811437467,33.06666666666666,34.5,0.29069767441860517,3.293413173652704,34.4,3.8,0.0,3.8,3.94,-1.06,4.173333333333333,4.85,0.21999999999999975,4.659999999999999,497.2,1.0363747205852425,5.764730908317373,493.0,,,,,,,,0.0,,0.0,0.0,,,,,3.94,-1.06,4.173333333333333,4.85,0.21999999999999975,4.659999999999999
1967-06-01,us,,,,33.3,0.6042296072507503,2.8412600370598895,33.166666666666664,34.6,0.28985507246377384,3.2835820895522394,34.5,3.9,0.10000000000000009,3.8333333333333335,3.98,-0.5500000000000003,3.9899999999999998,5.02,0.47999999999999954,4.819999999999999,502.0,0.9654062751407899,6.536502546689316,497.09999999999997,,,,,,,,0.0,,0.0,0.0,,,,,3.98,-0.5500000000000003,3.9899999999999998,5.02,0.47999999999999954,4.819999999999999
1967-07-01,us,,,,33.4,0.30030030030030463,2.9275808936825687,33.266666666666666,34.7,0.28901734104047616,3.2738095238095344,34.6,3.8,0.0,3.8333333333333335,3.79,-0.2599999999999998,3.9033333333333324,5.16,0.5700000000000003,5.01,506.3,0.8565737051792865,7.540356839422269,501.8333333333333,,,,,,,,0.0,,0.0,0.0,,,,,3.79,-0.2599999999999998,3.9033333333333324,5.16,0.5700000000000003,5.01
1967-08-01,us,,,,33.5,0.29940119760478723,2.6033690658499253,33.4,34.9,0.5763688760806795,3.5608308605341144,34.733333333333334,3.8,0.0,3.8333333333333335,3.9,-0.040000000000000036,3.8899999999999992,5.28,0.4300000000000006,5.153333333333333,510.8,0.888801106063597,8.082945408379171,506.3666666666666,,,,,,,,0.0,,0.0,0.0,,,,,3.9,-0.040000000000000036,3.8899999999999992,5.28,0.4300000000000006,5.153333333333333
1967-09-01,us,,,,33.6,0.29850746268658135,2.595419847328251,33.5,35.0,0.2865329512893977,3.550295857988184,34.86666666666667,3.8,-0.10000000000000009,3.8,3.99,0.010000000000000231,3.8933333333333326,5.3,0.28000000000000025,5.246666666666667,514.7,0.7635082223962586,8.266722759781242,510.59999999999997,,,,,,,,0.0,,0.0,0.0,,,,,3.99,0.010000000000000231,3.8933333333333326,5.3,0.28000000000000025,5.246666666666667
1967-10-01,us,,,,33.7,0.29761904761904656,2.5875190258751957,33.6,35.1,0.28571428571428914,3.2352941176470695,35.0,4.0,0.20000000000000018,3.866666666666667,3.88,0.08999999999999986,3.9233333333333325,5.48,0.3200000000000003,5.353333333333334,518.2,0.6800077715173991,8.934202228295153,514.5666666666667,,,,,,,,0.0,,0.0,0.0,,,,,3.88,0.08999999999999986,3.9233333333333325,5.48,0.3200000000000003,5.353333333333334
1967-11-01,us,,,,33.9,0.5934718100890191,3.10218978102188,33.733333333333334,35.2,0.2849002849002913,3.529411764705892,35.1,3.9,0.10000000000000009,3.9000000000000004,4.13,0.22999999999999998,3.9999999999999996,5.75,0.46999999999999975,5.510000000000001,521.2,0.5789270551910475,9.197569662685945,518.0333333333334,,,,,,,,0.0,,0.0,0.0,,,,,4.13,0.22999999999999998,3.9999999999999996,5.75,0.46999999999999975,5.510000000000001
1967-12-01,us,,,,34.0,0.2949852507374784,3.280680437424044,33.86666666666667,35.4,0.5681818181818121,3.8123167155425186,35.233333333333334,3.8,0.0,3.9000000000000004,4.51,0.5199999999999996,4.173333333333333,5.7,0.40000000000000036,5.6433333333333335,524.8,0.6907137375287586,9.287796751353605,521.4,,,,,,,,0.0,,0.0,0.0,,,,,4.51,0.5199999999999996,4.173333333333333,5.7,0.40000000000000036,5.6433333333333335
1968-01-01,us,,,,34.1,0.2941176470588225,3.647416413373872,34.0,35.5,0.28248587570622874,3.801169590643272,35.36666666666667,3.7,-0.2999999999999998,3.8000000000000003,4.61,0.7300000000000004,4.416666666666667,5.53,0.04999999999999982,5.66,527.4,0.4954268292682862,9.509966777408629,524.4666666666667,,,,,,,,0.0,,0.0,0.0,,,,,4.61,0.7300000000000004,4.416666666666667,5.53,0.04999999999999982,5.66
1968-02-01,us,,,,34.2,0.2932551319648091,3.6363636363636376,34.1,35.7,0.5633802816901401,4.385964912280693,35.53333333333334,3.8,-0.10000000000000009,3.766666666666667,4.71,0.5800000000000001,4.609999999999999,5.56,-0.1900000000000004,5.596666666666667,530.4,0.5688282138794021,9.338280766852192,527.5333333333333,,,,,,,,0.0,,0.0,0.0,,,,,4.71,0.5800000000000001,4.609999999999999,5.56,-0.1900000000000004,5.596666666666667
1968-03-01,us,,,,34.3,0.29239766081869956,3.9393939393939315,34.199999999999996,35.8,0.28011204481790397,4.37317784256559,35.666666666666664,3.7,-0.09999999999999964,3.733333333333334,5.05,0.54,4.789999999999999,5.74,0.040000000000000036,5.61,533.2,0.52790346907996,8.8829895854605,530.3333333333334,,,,,,,,0.0,,0.0,0.0,,,,,5.05,0.54,4.789999999999999,5.74,0.040000000000000036,5.61
1968-04-01,us,,,,34.4,0.291545189504383,3.92749244712991,34.300000000000004,35.9,0.27932960893854997,4.3604651162790775,35.800000000000004,3.5,-0.20000000000000018,3.6666666666666665,5.76,1.1499999999999995,5.173333333333333,5.64,0.10999999999999943,5.646666666666666,535.7,0.46886721680419186,8.85998780735624,533.1,,,,,,,,0.0,,0.0,0.0,,,,,5.76,1.1499999999999995,5.173333333333333,5.64,0.10999999999999943,5.646666666666666
1968-05-01,us,,,,34.5,0.29069767441860517,4.229607250755274,34.4,36.0,0.278551532033422,4.347826086956519,35.9,3.5,-0.2999999999999998,3.566666666666667,6.12,1.4100000000000001,5.6433333333333335,5.87,0.3100000000000005,5.75,538.9,0.5973492626469845,8.386967015285606,535.9333333333334,,,,,,,,0.0,,0.0,0.0,,,,,6.12,1.4100000000000001,5.6433333333333335,5.87,0.3100000000000005,5.75
1968-06-01,us,,,,34.7,0.5797101449275477,4.2042042042042205,34.53333333333334,36.2,0.5555555555555536,4.6242774566473965,36.03333333333333,3.7,0.0,3.566666666666667,6.07,1.0200000000000005,5.983333333333332,5.72,-0.020000000000000462,5.743333333333332,542.6,0.6865837817777054,8.08764940239044,539.0666666666667,,,,,,,,0.0,,0.0,0.0,,,,,6.07,1.0200000000000005,5.983333333333332,5.72,-0.020000000000000462,5.743333333333332
1968-07-01,us,,,,34.9,0.5763688760806795,4.491017964071853,34.699999999999996,36.4,0.5524861878452914,4.899135446685876,36.199999999999996,3.7,0.20000000000000018,3.6333333333333333,6.03,0.27000000000000046,6.073333333333333,5.5,-0.13999999999999968,5.696666666666666,545.6,0.5528934758569859,7.762196326288762,542.3666666666667,,,,,,,,0.0,,0.0,0.0,,,,,6.03,0.27000000000000046,6.073333333333333,5.5,-0.13999999999999968,5.696666666666666
1968-08-01,us,,,,35.0,0.2865329512893977,4.477611940298498,34.86666666666667,36.5,0.27472527472527375,4.5845272206303855,36.36666666666667,3.5,0.0,3.6333333333333333,6.03,-0.08999999999999986,6.043333333333333,5.42,-0.4500000000000002,5.546666666666667,549.4,0.6964809384164106,7.55677368833203,545.8666666666667,,,,,,,,0.0,,0.0,0.0,,,,,6.03,-0.08999999999999986,6.043333333333333,5.42,-0.4500000000000002,5.546666666666667
1968-09-01,us,,,,35.1,0.28571428571428914,4.464285714285721,35.0,36.7,0.5479452054794498,4.857142857142871,36.53333333333334,3.4,-0.30000000000000027,3.5333333333333337,5.78,-0.29000000000000004,5.946666666666666,5.46,-0.2599999999999998,5.46,553.5,0.7462686567164312,7.538371867107041,549.5,,,,,,,,0.0,,0.0,0.0,,,,,5.78,-0.29000000000000004,5.946666666666666,5.46,-0.2599999999999998,5.46
1968-10-01,us,,,,35.3,0.5698005698005604,4.7477744807121525,35.13333333333333,36.9,0.5449591280653809,5.12820512820511,36.699999999999996,3.4,-0.30000000000000027,3.4333333333333336,5.91,-0.1200000000000001,5.906666666666666,5.58,0.08000000000000007,5.486666666666667,557.6,0.7407407407407529,7.603241991509058,553.5,,,,,,,,0.0,,0.0,0.0,,,,,5.91,-0.1200000000000001,5.906666666666666,5.58,0.08000000000000007,5.486666666666667
1968-11-01,us,,,,35.4,0.28328611898016387,4.424778761061954,35.26666666666667,37.1,0.5420054200542035,5.397727272727271,36.9,3.4,-0.10000000000000009,3.4,5.82,-0.20999999999999996,5.836666666666666,5.7,0.28000000000000025,5.580000000000001,562.4,0.8608321377331363,7.90483499616268,557.8333333333334,,,,,,,,0.0,,0.0,0.0,,,,,5.82,-0.20999999999999996,5.836666666666666,5.7,0.28000000000000025,5.580000000000001
1968-12-01,us,,,,35.6,0.5649717514124353,4.705882352941182,35.43333333333333,37.2,0.26954177897573484,5.084745762711873,37.06666666666667,3.4,0.0,3.4,6.02,0.23999999999999932,5.916666666666665,6.03,0.5700000000000003,5.77,566.9,0.8001422475106601,8.022103658536594,562.3000000000001,,,,,,,,0.0,,0.0,0.0,,,,,6.02,0.23999999999999932,5.916666666666665,6.03,0.5700000000000003,5.77
1969-01-01,us,,,,35.7,0.2808988764045006,4.692082111436946,35.56666666666667,37.3,0.2688172043010528,5.070422535211261,37.2,3.4,0.0,3.4,6.3,0.3899999999999997,6.046666666666666,6.04,0.45999999999999996,5.923333333333335,569.3,0.42335508908095676,7.9446340538490645,566.1999999999999,,,,,,,,0.0,,0.0,0.0,,,,,6.3,0.3899999999999997,6.046666666666666,6.04,0.45999999999999996,5.923333333333335
1969-02-01,us,,,,35.8,0.28011204481790397,4.678362573099393,35.7,37.6,0.8042895442359255,5.3221288515406195,37.36666666666667,3.4,0.0,3.4,6.61,0.79,6.309999999999999,6.19,0.4900000000000002,6.086666666666667,571.9,0.456701212014754,7.824283559577672,569.3666666666667,,,,,,,,0.0,,0.0,0.0,,,,,6.61,0.79,6.309999999999999,6.19,0.4900000000000002,6.086666666666667
1969-03-01,us,,,,36.1,0.8379888268156499,5.247813411078739,35.86666666666667,37.8,0.5319148936170137,5.586592178770955,37.56666666666666,3.4,0.0,3.4,6.79,0.7700000000000005,6.5666666666666655,6.3,0.2699999999999996,6.176666666666667,574.4,0.4371393600279827,7.726931732933218,571.8666666666667,,,,,,,,0.0,,0.0,0.0,,,,,6.79,0.7700000000000005,6.5666666666666655,6.3,0.2699999999999996,6.176666666666667
1969-04-01,us,,,,36.3,0.5540166204986097,5.523255813953476,36.06666666666666,38.1,0.793650793650813,6.1281337047353945,37.833333333333336,3.4,0.0,3.4,7.41,1.1100000000000003,6.9366666666666665,6.17,0.1299999999999999,6.22,575.7,0.226323119777172,7.466865783087551,574.0,,,,,,,,0.0,,0.0,0.0,,,,,7.41,1.1100000000000003,6.9366666666666665,6.17,0.1299999999999999,6.22
1969-05-01,us,,,,36.4,0.27548209366392573,5.507246376811592,36.266666666666666,38.1,0.0,5.833333333333335,38.0,3.4,0.0,3.4,8.67,2.0599999999999996,7.623333333333332,6.32,0.1299999999999999,6.263333333333333,576.5,0.13896126454751023,6.977175728335494,575.5333333333333,,,,,,,,0.0,,0.0,0.0,,,,,8.67,2.0599999999999996,7.623333333333332,6.32,0.1299999999999999,6.263333333333333
1969-06-01,us,,,,36.6,0.5494505494505475,5.475504322766556,36.43333333333333,38.3,0.5249343832020914,5.80110497237567,38.166666666666664,3.5,0.10000000000000009,3.4333333333333336,8.9,2.1100000000000003,8.326666666666666,6.57,0.27000000000000046,6.353333333333334,578.5,0.3469210754553309,6.616291927755258,576.9,,,,,,,,0.0,,0.0,0.0,,,,,8.9,2.1100000000000003,8.326666666666666,6.57,0.27000000000000046,6.353333333333334
1969-07-01,us,,,,36.8,0.5464480874316724,5.4441260744985565,36.6,38.5,0.5221932114882533,5.769230769230771,38.300000000000004,3.5,0.10000000000000009,3.466666666666667,8.61,1.1999999999999993,8.726666666666667,6.72,0.5499999999999998,6.536666666666666,579.5,0.17286084701815252,6.213343108504388,578.1666666666666,,,,,,,,0.0,,0.0,0.0,,,,,8.61,1.1999999999999993,8.726666666666667,6.72,0.5499999999999998,6.536666666666666
1969-08-01,us,,,,36.9,0.27173913043478937,5.428571428571427,36.766666666666666,38.7,0.5194805194805197,6.02739726027397,38.5,3.5,0.10000000000000009,3.5,9.19,0.5199999999999996,8.899999999999999,6.69,0.3700000000000001,6.66,580.1,0.10353753235547991,5.587914088096113,579.3666666666667,,,,,,,,0.0,,0.0,0.0,,,,,9.19,0.5199999999999996,8.899999999999999,6.69,0.3700000000000001,6.66
1969-09-01,us,,,,37.1,0.5420054200542035,5.698005698005693,36.93333333333333,38.9,0.5167958656330685,5.9945504087193235,38.699999999999996,3.7,0.20000000000000018,3.566666666666667,9.15,0.25,8.983333333333333,7.16,0.5899999999999999,6.8566666666666665,582.1,0.3447681434235461,5.167118337850041,580.5666666666666,,,,,,,,0.0,,0.0,0.0,,,,,9.15,0.25,8.983333333333333,7.16,0.5899999999999999,6.8566666666666665
1969-10-01,us,,,,37.3,0.5390835579514697,5.665722379603411,37.1,39.1,0.5141388174807249,5.962059620596216,38.9,3.7,0.20000000000000018,3.633333333333334,9.0,0.39000000000000057,9.113333333333332,7.1,0.3799999999999999,6.983333333333334,583.4,0.22332932485826795,4.626972740315627,581.8666666666667,,,,,,,,0.0,,0.0,0.0,,,,,9.0,0.39000000000000057,9.113333333333332,7.1,0.3799999999999999,6.983333333333334
1969-11-01,us,,,,37.5,0.536193029490617,5.932203389830515,37.300000000000004,39.2,0.2557544757033181,5.660377358490565,39.06666666666667,3.5,0.0,3.633333333333334,8.85,-0.33999999999999986,9.0,7.14,0.4499999999999993,7.133333333333333,585.4,0.34281796366129047,4.089615931721191,583.6333333333333,,,,,,,,0.0,,0.0,0.0,,,,,8.85,-0.33999999999999986,9.0,7.14,0.4499999999999993,7.133333333333333
1969-12-01,us,,,,37.7,0.5333333333333412,5.89887640449438,37.5,39.4,0.5102040816326481,5.913978494623651,39.233333333333334,3.5,-0.20000000000000018,3.566666666666667,8.97,-0.17999999999999972,8.94,7.65,0.4900000000000002,7.296666666666667,587.9,0.42705842159207474,3.7043570294584605,585.5666666666667,,,,,,,,0.0,,0.0,0.0,,,,,8.97,-0.17999999999999972,8.94,7.65,0.4900000000000002,7.296666666666667
1970-01-01,us,,,,37.9,0.5305039787798282,6.162464985994376,37.699999999999996,39.6,0.5076142131979822,6.166219839142095,39.4,3.9,0.19999999999999973,3.6333333333333333,8.98,-0.019999999999999574,8.933333333333334,7.79,0.6900000000000004,7.526666666666666,589.6,0.28916482394965026,3.5657825399613596,587.6333333333333,,,,,,,,0.0,,0.0,0.0,,,,,8.98,-0.019999999999999574,8.933333333333334,7.79,0.6900000000000004,7.526666666666666
1970-02-01,us,,,,38.1,0.5277044854881341,6.424581005586605,37.9,39.8,0.5050505050504972,5.8510638297872175,39.6,4.2,0.7000000000000002,3.866666666666667,8.98,0.13000000000000078,8.976666666666667,7.24,0.10000000000000053,7.56,586.3,-0.5597014925373234,2.517922713761145,587.9333333333333,,,,,,,,0.0,,0.0,0.0,,,,,8.98,0.13000000000000078,8.976666666666667,7.24,0.10000000000000053,7.56
1970-03-01,us,,,,38.3,0.5249343832020914,6.094182825484751,38.1,40.1,0.7537688442211143,6.084656084656093,39.833333333333336,4.4,0.9000000000000004,4.166666666666667,7.76,-1.2100000000000009,8.573333333333332,7.07,-0.5800000000000001,7.366666666666667,587.3,0.17056114617091112,2.2458217270195036,587.7333333333332,,,,,,,,0.0,,0.0,0.0,,,,,7.76,-1.2100000000000009,8.573333333333332,7.07,-0.5800000000000001,7.366666666666667
1970-04-01,us,,,,38.5,0.5221932114882533,6.060606060606077,38.300000000000004,40.4,0.7481296758104605,6.036745406824129,40.1,4.6,0.6999999999999997,4.4,8.1,-0.8800000000000008,8.28,7.39,-0.40000000000000036,7.233333333333333,588.4,0.18729780350759118,2.2060100746916778,587.3333333333334,,,,,,,,0.0,,0.0,0.0,,,,,8.1,-0.8800000000000008,8.28,7.39,-0.40000000000000036,7.233333333333333
1970-05-01,us,,,,38.6,0.25974025974027093,6.043956043956045,38.46666666666667,40.5,0.24752475247524774,6.299212598425186,40.333333333333336,4.8,0.5999999999999996,4.6000000000000005,7.95,-1.0300000000000002,7.9366666666666665,7.91,0.6699999999999999,7.456666666666667,591.5,0.52685248130524,2.601908065915004,589.0666666666666,,,,,,,,0.0,,0.0,0.0,,,,,7.95,-1.0300000000000002,7.9366666666666665,7.91,0.6699999999999999,7.456666666666667
1970-06-01,us,,,,38.8,0.5181347150258864,6.010928961748618,38.63333333333333,40.8,0.7407407407407307,6.5274151436031325,40.56666666666666,4.9,0.5,4.766666666666667,7.61,-0.14999999999999947,7.886666666666666,7.84,0.7699999999999996,7.713333333333334,595.2,0.6255283178360216,2.886776145203118,591.7,,,,,,,,0.0,,0.0,0.0,,,,,7.61,-0.14999999999999947,7.886666666666666,7.84,0.7699999999999996,7.713333333333334
1970-07-01,us,,,,38.9,0.2577319587628857,5.7065217391304435,38.76666666666667,40.9,0.2450980392156854,6.233766233766236,40.73333333333333,5.0,0.40000000000000036,4.900000000000001,7.21,-0.8899999999999997,7.59,7.46,0.07000000000000028,7.736666666666667,599.1,0.6552419354838745,3.3822260569456475,595.2666666666668,,,,,,,,0.0,,0.0,0.0,,,,,7.21,-0.8899999999999997,7.59,7.46,0.07000000000000028,7.736666666666667
1970-08-01,us,,,,39.0,0.25706940874037354,5.691056910569103,38.9,41.1,0.4889975550122383,6.201550387596888,40.93333333333333,5.1,0.2999999999999998,5.0,6.62,-1.33,7.146666666666666,7.53,-0.3799999999999999,7.609999999999999,604.9,0.9681188449340627,4.275124978451994,599.7333333333333,,,,,,,,0.0,,0.0,0.0,,,,,6.62,-1.33,7.146666666666666,7.53,-0.3799999999999999,7.609999999999999
1970-09-01,us,,,,39.2,0.512820512820511,5.660377358490565,39.03333333333333,41.3,0.48661800486617945,6.169665809768632,41.1,5.4,0.5,5.166666666666668,6.29,-1.3200000000000003,6.706666666666666,7.39,-0.4500000000000002,7.46,611.2,1.0414944618945432,4.99914104105823,605.0666666666667,,,,,,,,0.0,,0.0,0.0,,,,,6.29,-1.3200000000000003,6.706666666666666,7.39,-0.4500000000000002,7.46
1970-10-01,us,,,,39.4,0.5102040816326481,5.630026809651478,39.199999999999996,41.5,0.4842615012106588,6.13810741687979,41.300000000000004,5.5,0.5,5.333333333333335,6.2,-1.0099999999999998,6.37,7.33,-0.1299999999999999,7.416666666666667,616.4,0.8507853403141308,5.656496400411393,610.8333333333334,,,,,,,,0.0,,0.0,0.0,,,,,6.2,-1.0099999999999998,6.37,7.33,-0.1299999999999999,7.416666666666667
1970-11-01,us,,,,39.6,0.5076142131979822,5.600000000000005,39.4,41.8,0.7228915662650603,6.632653061224469,41.53333333333333,5.9,0.8000000000000007,5.6000000000000005,5.6,-1.0200000000000005,6.0299999999999985,6.84,-0.6900000000000004,7.1866666666666665,621.1,0.7624918883841758,6.098394260334827,616.2333333333333,,,,,,,,0.0,,0.0,0.0,,,,,5.6,-1.0200000000000005,6.0299999999999985,6.84,-0.6900000000000004,7.1866666666666665
1970-12-01,us,,,,39.8,0.5050505050504972,5.570291777188308,39.6,42.0,0.4784688995215447,6.598984771573613,41.76666666666666,6.1,0.6999999999999993,5.833333333333335,4.9,-1.3899999999999997,5.566666666666666,6.39,-1.0,6.853333333333333,626.6,0.8855256802447364,6.582752168736183,621.3666666666667,,,,,,,,0.0,,0.0,0.0,,,,,4.9,-1.3899999999999997,5.566666666666666,6.39,-1.0,6.853333333333333
1971-01-01,us,,,,39.9,0.2512562814070307,5.277044854881274,39.766666666666666,42.1,0.23809523809523725,6.313131313131315,41.96666666666666,5.9,0.40000000000000036,5.966666666666668,4.14,-2.0600000000000005,4.879999999999999,6.24,-1.0899999999999999,6.489999999999999,633.0,1.0213852537503953,7.360922659430114,626.9,,,,,,,,0.0,,0.0,0.0,,,,,4.14,-2.0600000000000005,4.879999999999999,6.24,-1.0899999999999999,6.489999999999999
1971-02-01,us,,,,39.9,0.0,4.724409448818889,39.86666666666667,42.2,0.23752969121140222,6.030150753768848,42.1,5.9,0.0,5.966666666666668,3.72,-1.8799999999999994,4.253333333333333,6.11,-0.7299999999999995,6.246666666666667,641.0,1.2638230647709303,9.329694695548362,633.5333333333333,,,,,,,,0.0,,0.0,0.0,,,,,3.72,-1.8799999999999994,4.253333333333333,6.11,-0.7299999999999995,6.246666666666667
1971-03-01,us,,,,40.0,0.25062656641603454,4.438642297650142,39.93333333333334,42.2,0.0,5.2369077306733125,42.16666666666667,6.0,-0.09999999999999964,5.9333333333333345,3.71,-1.1900000000000004,3.856666666666666,5.7,-0.6899999999999995,6.016666666666667,649.9,1.3884555382215336,10.65894772688576,641.3000000000001,,,,,,,,0.0,,0.0,0.0,,,,,3.71,-1.1900000000000004,3.856666666666666,5.7,-0.6899999999999995,6.016666666666667
1971-04-01,us,,,,40.1,0.24999999999999467,4.155844155844157,40.0,42.4,0.4739336492890933,4.950495049504955,42.26666666666667,5.9,0.0,5.933333333333334,4.16,0.020000000000000462,3.8633333333333333,5.83,-0.41000000000000014,5.88,658.4,1.3078935220803167,11.896668932698852,649.7666666666668,,,,,,,,0.0,,0.0,0.0,,,,,4.16,0.020000000000000462,3.8633333333333333,5.83,-0.41000000000000014,5.88
1971-05-01,us,,,,40.3,0.4987531172069737,4.404145077720201,40.13333333333333,42.6,0.4716981132075526,5.185185185185182,42.4,5.9,0.0,5.9333333333333345,4.63,0.9099999999999997,4.166666666666666,6.39,0.27999999999999936,5.973333333333334,666.7,1.2606318347509138,12.713440405748111,658.3333333333334,,,,,,,,0.0,,0.0,0.0,,,,,4.63,0.9099999999999997,4.166666666666666,6.39,0.27999999999999936,5.973333333333334
1971-06-01,us,,,,40.5,0.496277915632759,4.381443298969079,40.300000000000004,42.8,0.46948356807510194,4.90196078431373,42.6,5.9,-0.09999999999999964,5.9,4.91,1.2000000000000002,4.566666666666666,6.52,0.8199999999999994,6.246666666666667,673.0,0.9449527523623713,13.071236559139777,666.0333333333333,,,,,,,,0.0,,0.0,0.0,,,,,4.91,1.2000000000000002,4.566666666666666,6.52,0.8199999999999994,6.246666666666667
1971-07-01,us,,,,40.6,0.24691358024691024,4.370179948586128,40.46666666666667,42.9,0.23364485981309802,4.88997555012225,42.76666666666667,6.0,0.09999999999999964,5.933333333333334,5.31,1.1499999999999995,4.949999999999999,6.73,0.9000000000000004,6.546666666666667,679.6,0.980683506686475,13.436821899515937,673.1,,,,,,,,0.0,,0.0,0.0,,,,,5.31,1.1499999999999995,4.949999999999999,6.73,0.9000000000000004,6.546666666666667
1971-08-01,us,,,,40.7,0.24630541871921707,4.358974358974366,40.6,43.0,0.2331002331002363,4.622871046228716,42.9,6.1,0.1999999999999993,6.000000000000001,5.57,0.9400000000000004,5.263333333333333,6.58,0.1900000000000004,6.609999999999999,685.5,0.8681577398469642,13.324516448999834,679.3666666666667,,,,,,,,0.0,,0.0,0.0,,,,,5.57,0.9400000000000004,5.263333333333333,6.58,0.1900000000000004,6.609999999999999
1971-09-01,us,,,,40.8,0.24570024570023108,4.081632653061207,40.699999999999996,43.0,0.0,4.1162227602905554,42.96666666666667,6.0,0.09999999999999964,6.033333333333334,5.55,0.6399999999999997,5.476666666666667,6.14,-0.3799999999999999,6.483333333333333,692.5,1.0211524434719177,13.301701570680624,685.8666666666667,,,,,,,,0.0,,0.0,0.0,,,,,5.55,0.6399999999999997,5.476666666666667,6.14,-0.3799999999999999,6.483333333333333
1971-10-01,us,,,,40.9,0.2450980392156854,3.8071065989847774,40.800000000000004,43.1,0.23255813953488857,3.855421686746996,43.03333333333333,5.8,-0.20000000000000018,5.966666666666666,5.2,-0.10999999999999943,5.44,5.93,-0.8000000000000007,6.216666666666666,698.4,0.8519855595667813,13.303049967553537,692.1333333333333,,,,,,,,0.0,,0.0,0.0,,,,,5.2,-0.10999999999999943,5.44,5.93,-0.8000000000000007,6.216666666666666
1971-11-01,us,,,,41.0,0.24449877750611915,3.535353535353525,40.9,43.2,0.23201856148491462,3.349282296650724,43.1,6.0,-0.09999999999999964,5.9333333333333345,4.91,-0.6600000000000001,5.22,5.81,-0.7700000000000005,5.96,704.6,0.8877434135166062,13.443889872806313,698.5,,,,,,,,0.0,,0.0,0.0,,,,,4.91,-0.6600000000000001,5.22,5.81,-0.7700000000000005,5.96
1971-12-01,us,,,,41.1,0.24390243902439046,3.266331658291466,41.0,43.3,0.23148148148146586,3.0952380952380842,43.199999999999996,6.0,0.0,5.9333333333333345,4.14,-1.4100000000000001,4.749999999999999,5.93,-0.20999999999999996,5.89,710.3,0.8089696281578185,13.357804021704434,704.4333333333334,,,,,,,,0.0,,0.0,0.0,,,,,4.14,-1.4100000000000001,4.749999999999999,5.93,-0.20999999999999996,5.89
1972-01-01,us,,,,41.2,0.24330900243310083,3.2581453634085378,41.1,43.5,0.46189376443419583,3.325415676959609,43.333333333333336,5.8,0.0,5.933333333333334,3.51,-1.6900000000000004,4.1866666666666665,5.95,0.020000000000000462,5.896666666666666,717.7,1.0418133183162093,13.380726698262247,710.8666666666667,,,,,,,,0.0,,0.0,0.0,,,,,3.51,-1.6900000000000004,4.1866666666666665,5.95,0.020000000000000462,5.896666666666666
1972-02-01,us,,,,41.4,0.4854368932038833,3.759398496240607,41.233333333333334,43.6,0.22988505747125743,3.3175355450236976,43.46666666666667,5.7,-0.2999999999999998,5.833333333333333,3.3,-1.6100000000000003,3.65,6.08,0.27000000000000046,5.986666666666667,725.7,1.1146718684687196,13.21372854914198,717.9,,,,,,,,0.0,,0.0,0.0,,,,,3.3,-1.6100000000000003,3.65,6.08,0.27000000000000046,5.986666666666667
1972-03-01,us,,,,41.4,0.0,3.499999999999992,41.333333333333336,43.6,0.0,3.3175355450236976,43.56666666666666,5.8,-0.20000000000000018,5.766666666666667,3.83,-0.3099999999999996,3.5466666666666664,6.07,0.14000000000000057,6.033333333333334,733.5,1.0748243075651143,12.863517464225271,725.6333333333333,,,,,,,,0.0,,0.0,0.0,,,,,3.83,-0.3099999999999996,3.5466666666666664,6.07,0.14000000000000057,6.033333333333334
1972-04-01,us,,,,41.5,0.24154589371980784,3.4912718204488824,41.43333333333334,43.8,0.4587155963302614,3.301886792452824,43.666666666666664,5.7,-0.09999999999999964,5.733333333333334,4.17,0.6600000000000001,3.766666666666666,6.19,0.2400000000000002,6.113333333333334,738.4,0.6680299931833611,12.150668286755772,732.5333333333333,,,,,,,,0.0,,0.0,0.0,,,,,4.17,0.6600000000000001,3.766666666666666,6.19,0.2400000000000002,6.113333333333334
1972-05-01,us,,,,41.6,0.24096385542169418,3.2258064516129226,41.5,43.9,0.22831050228311334,3.0516431924882514,43.76666666666667,5.7,0.0,5.733333333333334,4.27,0.9699999999999998,4.09,6.13,0.04999999999999982,6.13,743.3,0.6635969664138708,11.48942552872354,738.4,,,,,,,,0.0,,0.0,0.0,,,,,4.27,0.9699999999999998,4.09,6.13,0.04999999999999982,6.13
1972-06-01,us,,,,41.7,0.24038461538462563,2.9629629629629672,41.6,44.0,0.2277904328018332,2.8037383177570208,43.9,5.7,-0.09999999999999964,5.7,4.46,0.6299999999999999,4.3,6.11,0.040000000000000036,6.1433333333333335,749.7,0.8610251580788431,11.396731054977716,743.8000000000001,,,,,,,,0.0,,0.0,0.0,,,,,4.46,0.6299999999999999,4.3,6.11,0.040000000000000036,6.1433333333333335
1972-07-01,us,,,,41.8,0.23980815347719453,2.9556650246305383,41.7,44.1,0.2272727272727204,2.7972027972028135,44.0,5.6,-0.10000000000000053,5.666666666666667,4.55,0.3799999999999999,4.426666666666666,6.11,-0.08000000000000007,6.116666666666667,759.5,1.3071895424836555,11.75691583284284,750.8333333333334,,,,,,,,0.0,,0.0,0.0,,,,,4.55,0.3799999999999999,4.426666666666666,6.11,-0.08000000000000007,6.116666666666667
1972-08-01,us,,,,41.9,0.23923444976077235,2.9484029484029284,41.800000000000004,44.3,0.45351473922901064,3.023255813953485,44.133333333333326,5.6,-0.10000000000000053,5.633333333333334,4.81,0.54,4.6066666666666665,6.21,0.08000000000000007,6.1433333333333335,768.7,1.2113232389730166,12.137126185266233,759.3000000000001,,,,,,,,0.0,,0.0,0.0,,,,,4.81,0.54,4.6066666666666665,6.21,0.08000000000000007,6.1433333333333335
1972-09-01,us,,,,42.1,0.4773269689737569,3.1862745098039325,41.93333333333333,44.3,0.0,3.023255813953485,44.23333333333333,5.5,-0.20000000000000018,5.566666666666667,4.87,0.41000000000000014,4.743333333333333,6.55,0.4399999999999995,6.29,778.3,1.2488617145830494,12.389891696750887,768.8333333333334,,,,,,,,0.0,,0.0,0.0,,,,,4.87,0.41000000000000014,4.743333333333333,6.55,0.4399999999999995,6.29
1972-10-01,us,,,,42.2,0.23752969121140222,3.1784841075794823,42.06666666666667,44.4,0.22573363431150906,3.0162412993039345,44.333333333333336,5.6,0.0,5.566666666666667,5.05,0.5,4.909999999999999,6.48,0.3700000000000001,6.413333333333334,786.9,1.104972375690605,12.671821305841924,777.9666666666666,,,,,,,,0.0,,0.0,0.0,,,,,5.05,0.5,4.909999999999999,6.48,0.3700000000000001,6.413333333333334
1972-11-01,us,,,,42.4,0.4739336492890933,3.4146341463414664,42.23333333333334,44.4,0.0,2.777777777777768,44.36666666666667,5.3,-0.2999999999999998,5.466666666666668,5.06,0.25,4.993333333333332,6.28,0.07000000000000028,6.436666666666667,793.9,0.8895666539585623,12.673857507805831,786.3666666666667,,,,,,,,0.0,,0.0,0.0,,,,,5.06,0.25,4.993333333333332,6.28,0.07000000000000028,6.436666666666667
1972-12-01,us,,,,42.5,0.2358490566037874,3.406326034063256,42.36666666666667,44.6,0.45045045045044585,3.002309468822184,44.46666666666667,5.2,-0.2999999999999998,5.366666666666667,5.33,0.45999999999999996,5.146666666666666,6.36,-0.1899999999999995,6.373333333333334,802.3,1.058067766721238,12.952273687174443,794.3666666666667,,,,,,,,0.0,,0.0,0.0,,,,,5.33,0.45999999999999996,5.146666666666666,6.36,-0.1899999999999995,6.373333333333334
1973-01-01,us,,,,42.7,0.47058823529413374,3.6407766990291357,42.53333333333333,44.6,0.0,2.5287356321839205,44.53333333333333,4.9,-0.6999999999999993,5.133333333333334,5.94,0.8900000000000006,5.4433333333333325,6.46,-0.020000000000000462,6.366666666666667,810.3,0.9971332419294487,12.902326877525416,802.1666666666666,,,,,,,,0.0,,0.0,0.0,,,,,5.94,0.8900000000000006,5.4433333333333325,6.46,-0.020000000000000462,6.366666666666667
1973-02-01,us,,,,43.0,0.7025761124121788,3.864734299516903,42.73333333333333,44.8,0.4484304932735439,2.752293577981635,44.666666666666664,5.0,-0.2999999999999998,5.033333333333334,6.58,1.5200000000000005,5.95,6.64,0.35999999999999943,6.486666666666667,814.1,0.4689621127977439,12.18134215240456,808.9,,,,,,,,0.0,,0.0,0.0,,,,,6.58,1.5200000000000005,5.95,6.64,0.35999999999999943,6.486666666666667
1973-03-01,us,,,,43.4,0.9302325581395321,4.8309178743961345,43.03333333333333,45.0,0.44642857142858094,3.2110091743119185,44.800000000000004,4.9,-0.2999999999999998,4.9333333333333345,7.09,1.7599999999999998,6.536666666666666,6.71,0.34999999999999964,6.603333333333334,815.3,0.14740203906153937,11.15201090661213,813.2333333333332,,,,,,,,0.0,,0.0,0.0,,,,,7.09,1.7599999999999998,6.536666666666666,6.71,0.34999999999999964,6.603333333333334
1973-04-01,us,,,,43.7,0.691244239631339,5.301204819277117,43.366666666666674,45.1,0.22222222222223476,2.9680365296803846,44.96666666666667,5.0,0.09999999999999964,4.966666666666668,7.12,1.1799999999999997,6.93,6.67,0.20999999999999996,6.673333333333333,819.7,0.5396786458972347,11.010292524377041,816.3666666666667,,,,,,,,0.0,,0.0,0.0,,,,,7.12,1.1799999999999997,6.93,6.67,0.20999999999999996,6.673333333333333
1973-05-01,us,,,,43.9,0.4576659038901587,5.528846153846145,43.666666666666664,45.3,0.44345898004434225,3.1890660592255093,45.13333333333333,4.9,-0.09999999999999964,4.9333333333333345,7.84,1.2599999999999998,7.3500000000000005,6.85,0.20999999999999996,6.743333333333332,826.8,0.866170550201284,11.233687609309829,820.6,,,,,,,,0.0,,0.0,0.0,,,,,7.84,1.2599999999999998,7.3500000000000005,6.85,0.20999999999999996,6.743333333333332
1973-06-01,us,,,,44.2,0.6833712984054774,5.995203836930463,43.93333333333334,45.4,0.22075055187638082,3.1818181818181746,45.26666666666667,4.9,0.0,4.9333333333333345,8.49,1.4000000000000004,7.816666666666666,6.9,0.1900000000000004,6.8066666666666675,833.2,0.7740686985970191,11.137788448712826,826.5666666666666,,,,,,,,0.0,,0.0,0.0,,,,,8.49,1.4000000000000004,7.816666666666666,6.9,0.1900000000000004,6.8066666666666675
1973-07-01,us,,,,44.2,0.0,5.741626794258381,44.1,45.5,0.22026431718062955,3.1746031746031633,45.4,4.8,-0.20000000000000018,4.866666666666667,10.4,3.2800000000000002,8.909999999999998,7.13,0.45999999999999996,6.96,836.5,0.3960633701392213,10.138248847926267,832.1666666666666,,,,,,,,0.0,,0.0,0.0,,,,,10.4,3.2800000000000002,8.909999999999998,7.13,0.45999999999999996,6.96
1973-08-01,us,,,,45.0,1.8099547511312153,7.398568019093088,44.46666666666667,45.7,0.439560439560438,3.1602708803611934,45.53333333333333,4.8,-0.10000000000000053,4.833333333333334,10.5,2.66,9.796666666666667,7.4,0.5500000000000007,7.1433333333333335,838.8,0.27495517035265316,9.119292311695059,836.1666666666666,,,,,,,,0.0,,0.0,0.0,,,,,10.5,2.66,9.796666666666667,7.4,0.5500000000000007,7.1433333333333335
1973-09-01,us,,,,45.2,0.4444444444444473,7.3634204275534465,44.800000000000004,46.0,0.6564551422319376,3.8374717832957206,45.73333333333333,4.8,-0.10000000000000053,4.8,10.78,2.289999999999999,10.559999999999999,7.09,0.1899999999999995,7.206666666666667,839.3,0.05960896518837355,7.837594757805477,838.1999999999999,,,,,,,,0.0,,0.0,0.0,,,,,10.78,2.289999999999999,10.559999999999999,7.09,0.1899999999999995,7.206666666666667
1973-10-01,us,,,,45.6,0.8849557522123908,8.056872037914697,45.26666666666667,46.3,0.6521739130434634,4.279279279279269,46.0,4.6,-0.20000000000000018,4.733333333333333,10.01,-0.39000000000000057,10.43,6.79,-0.33999999999999986,7.093333333333334,842.6,0.3931847968545288,7.078408946498915,840.2333333333332,,,,,,,,0.0,,0.0,0.0,,,,,10.01,-0.39000000000000057,10.43,6.79,-0.33999999999999986,7.093333333333334
1973-11-01,us,,,,45.9,0.6578947368421018,8.25471698113207,45.56666666666666,46.5,0.4319654427645814,4.729729729729737,46.26666666666667,4.8,0.0,4.733333333333333,10.03,-0.47000000000000064,10.273333333333332,6.73,-0.6699999999999999,6.87,848.9,0.7476857346309096,6.927824663055793,843.6,,,,,,,,0.0,,0.0,0.0,,,,,10.03,-0.47000000000000064,10.273333333333332,6.73,-0.6699999999999999,6.87
1973-12-01,us,,,,46.3,0.8714596949890963,8.94117647058823,45.93333333333334,46.7,0.43010752688172893,4.7085201793722,46.5,4.9,0.10000000000000053,4.7666666666666675,9.95,-0.8300000000000001,9.996666666666666,6.74,-0.34999999999999964,6.753333333333333,855.5,0.7774767345977152,6.630936058830872,849.0,,,,,,,,0.0,,0.0,0.0,,,,,9.95,-0.8300000000000001,9.996666666666666,6.74,-0.34999999999999964,6.753333333333333
1974-01-01,us,,,,46.8,1.0799136069114423,9.601873536299754,46.333333333333336,46.9,0.4282655246252487,5.156950672645744,46.699999999999996,5.1,0.5,4.9333333333333345,9.65,-0.35999999999999943,9.876666666666665,6.99,0.20000000000000018,6.82,859.7,0.49094097019286576,6.096507466370493,854.7000000000002,,,,,,,,0.0,,0.0,0.0,,,,,9.65,-0.35999999999999943,9.876666666666665,6.99,0.20000000000000018,6.82
1974-02-01,us,,,,47.3,1.0683760683760646,9.999999999999986,46.79999999999999,47.2,0.6396588486140775,5.35714285714286,46.93333333333334,5.2,0.40000000000000036,5.066666666666667,8.97,-1.0599999999999987,9.523333333333332,6.96,0.22999999999999954,6.896666666666667,864.2,0.5234384087472455,6.154035130819313,859.8000000000001,,,,,,,,0.0,,0.0,0.0,,,,,8.97,-1.0599999999999987,9.523333333333332,6.96,0.22999999999999954,6.896666666666667
1974-03-01,us,,,,47.8,1.0570824524312794,10.138248847926267,47.300000000000004,47.6,0.8474576271186418,5.777777777777771,47.23333333333333,5.1,0.1999999999999993,5.133333333333334,9.35,-0.5999999999999996,9.323333333333332,7.21,0.46999999999999975,7.053333333333334,870.1,0.6827123351076159,6.721452226174418,864.6666666666666,,,,,,,,0.0,,0.0,0.0,,,,,9.35,-0.5999999999999996,9.323333333333332,7.21,0.46999999999999975,7.053333333333334
1974-04-01,us,,,,48.1,0.6276150627615218,10.068649885583515,47.73333333333333,47.9,0.6302521008403339,6.208425720620836,47.56666666666666,5.1,0.0,5.133333333333334,10.51,0.8599999999999994,9.61,7.51,0.5199999999999996,7.226666666666667,872.9,0.32180209171359664,6.490179333902635,869.0666666666666,,,,,,,,0.0,,0.0,0.0,,,,,10.51,0.8599999999999994,9.61,7.51,0.5199999999999996,7.226666666666667
1974-05-01,us,,,,48.6,1.039501039501034,10.70615034168565,48.166666666666664,48.5,1.2526096033403045,7.064017660044164,48.0,5.1,-0.10000000000000053,5.1,11.31,2.34,10.39,7.58,0.6200000000000001,7.433333333333333,874.6,0.19475312177799076,5.781325592646347,872.5333333333333,,,,,,,,0.0,,0.0,0.0,,,,,11.31,2.34,10.39,7.58,0.6200000000000001,7.433333333333333
1974-06-01,us,,,,49.0,0.8230452674897082,10.859728506787313,48.56666666666666,49.0,1.0309278350515427,7.929515418502198,48.46666666666667,5.4,0.3000000000000007,5.2,11.93,2.58,11.25,7.54,0.33000000000000007,7.543333333333333,877.8,0.3658815458495335,5.352856457033117,875.1,,,,,,,,0.0,,0.0,0.0,,,,,11.93,2.58,11.25,7.54,0.33000000000000007,7.543333333333333
1974-07-01,us,,,,49.3,0.6122448979591688,11.538461538461519,48.96666666666667,49.5,1.0204081632652962,8.791208791208781,49.0,5.5,0.40000000000000036,5.333333333333335,12.92,2.41,12.053333333333333,7.81,0.2999999999999998,7.6433333333333335,881.4,0.41011619958988277,5.36760310818889,877.9333333333334,,,,,,,,0.0,,0.0,0.0,,,,,12.92,2.41,12.053333333333333,7.81,0.2999999999999998,7.6433333333333335
1974-08-01,us,,,,49.9,1.2170385395537497,10.888888888888882,49.4,50.2,1.4141414141414232,9.84682713347922,49.56666666666666,5.5,0.40000000000000036,5.466666666666668,12.01,0.6999999999999993,12.286666666666667,8.04,0.4599999999999991,7.796666666666667,884.1,0.30633083730429167,5.400572246065827,881.1,,,,,,,,0.0,,0.0,0.0,,,,,12.01,0.6999999999999993,12.286666666666667,8.04,0.4599999999999991,7.796666666666667
1974-09-01,us,,,,50.6,1.4028056112224574,11.946902654867241,49.93333333333334,50.7,0.9960159362549792,10.217391304347823,50.13333333333333,5.9,0.5,5.633333333333334,11.34,-0.5899999999999999,12.089999999999998,8.04,0.4999999999999991,7.963333333333334,887.9,0.42981563171586856,5.79053973549386,884.4666666666666,,,,,,,,0.0,,0.0,0.0,,,,,11.34,-0.5899999999999999,12.089999999999998,8.04,0.4999999999999991,7.963333333333334
1974-10-01,us,,,,51.0,0.7905138339920903,11.842105263157897,50.5,51.2,0.9861932938856066,10.583153347732189,50.699999999999996,6.0,0.5,5.800000000000001,10.06,-2.8599999999999994,11.136666666666665,7.9,0.09000000000000075,7.993333333333332,893.3,0.6081765964635721,6.0170899596486915,888.4333333333334,,,,,,,,0.0,,0.0,0.0,,,,,10.06,-2.8599999999999994,11.136666666666665,7.9,0.09000000000000075,7.993333333333332
1974-11-01,us,,,,51.5,0.9803921568627416,12.200435729847502,51.03333333333333,51.6,0.78125,10.967741935483865,51.166666666666664,6.6,1.0999999999999996,6.166666666666668,9.45,-2.5600000000000005,10.283333333333333,7.68,-0.35999999999999943,7.873333333333332,898.6,0.5933057203627135,5.854635410531284,893.2666666666668,,,,,,,,0.0,,0.0,0.0,,,,,9.45,-2.5600000000000005,10.283333333333333,7.68,-0.35999999999999943,7.873333333333332
1974-12-01,us,,,,51.9,0.7766990291262044,12.095032397408211,51.46666666666667,52.0,0.7751937984496138,11.34903640256959,51.6,7.2,1.2999999999999998,6.6000000000000005,8.53,-2.8100000000000005,9.346666666666666,7.43,-0.6099999999999994,7.669999999999999,902.1,0.38949476964167395,5.447106954997083,898.0,,,,,,,,0.0,,0.0,0.0,,,,,8.53,-2.8100000000000005,9.346666666666666,7.43,-0.6099999999999994,7.669999999999999
1975-01-01,us,,,,52.3,0.7707129094412402,11.752136752136755,51.9,52.3,0.5769230769230749,11.513859275053306,51.96666666666667,8.1,2.0999999999999996,7.3,7.13,-2.9300000000000006,8.37,7.5,-0.40000000000000036,7.536666666666666,906.3,0.4655803126039082,5.4204955216936135,902.3333333333334,,,,,,,,0.0,,0.0,0.0,,,,,7.13,-2.9300000000000006,8.37,7.5,-0.40000000000000036,7.536666666666666
1975-02-01,us,,,,52.6,0.5736137667304186,11.205073995771686,52.26666666666667,52.8,0.9560229445506607,11.864406779661007,52.36666666666667,8.1,1.5,7.800000000000001,6.24,-3.209999999999999,7.3,7.39,-0.29000000000000004,7.44,914.1,0.8606421714664192,5.774126359638965,907.5,,,,,,,,0.0,,0.0,0.0,,,,,6.24,-3.209999999999999,7.3,7.39,-0.29000000000000004,7.44
1975-03-01,us,,,,52.8,0.3802281368821214,10.460251046025103,52.56666666666666,53.0,0.37878787878788955,11.344537815126055,52.699999999999996,8.6,1.3999999999999995,8.266666666666667,5.54,-2.9899999999999993,6.303333333333332,7.73,0.3000000000000007,7.54,925.0,1.1924297122853034,6.309619583955861,915.1333333333333,,,,,,,,0.0,,0.0,0.0,,,,,5.54,-2.9899999999999993,6.303333333333332,7.73,0.3000000000000007,7.54
1975-04-01,us,,,,53.0,0.37878787878788955,10.187110187110182,52.800000000000004,53.3,0.5660377358490454,11.27348643006263,53.03333333333333,8.8,0.7000000000000011,8.5,5.49,-1.6399999999999997,5.756666666666667,8.23,0.7300000000000004,7.783333333333334,935.1,1.091891891891894,7.125673043876746,924.7333333333332,,,,,,,,0.0,,0.0,0.0,,,,,5.49,-1.6399999999999997,5.756666666666667,8.23,0.7300000000000004,7.783333333333334
1975-05-01,us,,,,53.1,0.18867924528302993,9.259259259259256,52.96666666666667,53.5,0.37523452157599557,10.309278350515472,53.26666666666667,9.0,0.9000000000000004,8.799999999999999,5.22,-1.0200000000000005,5.416666666666665,8.06,0.6700000000000008,8.006666666666668,947.9,1.3688375574804734,8.380974159615828,936.0,,,,,,,,0.0,,0.0,0.0,,,,,5.22,-1.0200000000000005,5.416666666666665,8.06,0.6700000000000008,8.006666666666668
1975-06-01,us,,,,53.5,0.7532956685499137,9.183673469387754,53.199999999999996,53.8,0.5607476635513864,9.795918367346923,53.53333333333333,8.8,0.20000000000000107,8.866666666666667,5.55,0.009999999999999787,5.419999999999999,7.86,0.1299999999999999,8.05,963.0,1.5929950416710748,9.70608339029393,948.6666666666666,,,,,,,,0.0,,0.0,0.0,,,,,5.55,0.009999999999999787,5.419999999999999,7.86,0.1299999999999999,8.05
1975-07-01,us,,,,54.0,0.9345794392523255,9.533468559837743,53.53333333333333,54.0,0.3717472118959231,9.090909090909083,53.76666666666667,8.6,-0.20000000000000107,8.8,6.1,0.6099999999999994,5.623333333333332,8.06,-0.16999999999999993,7.993333333333333,975.1,1.2564901349948032,10.630814613115502,962.0,,,,,,,,0.0,,0.0,0.0,,,,,6.1,0.6099999999999994,5.623333333333332,8.06,-0.16999999999999993,7.993333333333333
1975-08-01,us,,,,54.2,0.37037037037037646,8.617234468937895,53.9,54.2,0.37037037037037646,7.968127490039834,54.0,8.4,-0.5999999999999996,8.600000000000001,6.14,0.9199999999999999,5.93,8.4,0.33999999999999986,8.106666666666667,983.1,0.8204286739821542,11.197828299966073,973.7333333333332,,,,,,,,0.0,,0.0,0.0,,,,,6.14,0.9199999999999999,5.93,8.4,0.33999999999999986,8.106666666666667
1975-09-01,us,,,,54.6,0.7380073800737907,7.905138339920947,54.26666666666667,54.5,0.5535055350553542,7.495069033530566,54.23333333333333,8.4,-0.40000000000000036,8.466666666666667,6.24,0.6900000000000004,6.159999999999999,8.43,0.5699999999999994,8.296666666666667,991.5,0.8544400366188531,11.66798062844916,983.2333333333332,,,,,,,,0.0,,0.0,0.0,,,,,6.24,0.6900000000000004,6.159999999999999,8.43,0.5699999999999994,8.296666666666667
1975-10-01,us,,,,54.9,0.5494505494505475,7.647058823529407,54.56666666666666,54.8,0.5504587155963359,7.031249999999978,54.5,8.4,-0.1999999999999993,8.4,5.82,-0.27999999999999936,6.066666666666666,8.14,0.08000000000000007,8.323333333333332,997.8,0.6354009077155887,11.6981976939438,990.8000000000001,,,,,,,,0.0,,0.0,0.0,,,,,5.82,-0.27999999999999936,6.066666666666666,8.14,0.08000000000000007,8.323333333333332
1975-11-01,us,,,,55.3,0.7285974499089187,7.37864077669903,54.93333333333334,55.2,0.7299270072992803,6.976744186046524,54.833333333333336,8.3,-0.09999999999999964,8.366666666666667,5.22,-0.9199999999999999,5.759999999999999,8.05,-0.34999999999999964,8.206666666666667,1007.0,0.9220284626177744,12.063209436901845,998.7666666666668,,,,,,,,0.0,,0.0,0.0,,,,,5.22,-0.9199999999999999,5.759999999999999,8.05,-0.34999999999999964,8.206666666666667
1975-12-01,us,,,,55.6,0.5424954792043524,7.129094412331405,55.26666666666667,55.5,0.5434782608695565,6.730769230769229,55.166666666666664,8.2,-0.20000000000000107,8.300000000000002,5.2,-1.04,5.413333333333333,8.0,-0.4299999999999997,8.063333333333333,1016.3,0.9235352532274144,12.659350404611459,1007.0333333333333,,,,,,,,0.0,,0.0,0.0,,,,,5.2,-1.04,5.413333333333333,8.0,-0.4299999999999997,8.063333333333333
1976-01-01,us,,,,55.8,0.3597122302158251,6.692160611854692,55.56666666666666,55.9,0.7207207207207134,6.883365200764824,55.53333333333333,7.9,-0.5,8.133333333333335,4.87,-0.9500000000000002,5.096666666666667,7.74,-0.40000000000000036,7.93,1026.7,1.0233198858604853,13.28478428776345,1016.6666666666666,,,,,,,,0.0,,0.0,0.0,,,,,4.87,-0.9500000000000002,5.096666666666667,7.74,-0.40000000000000036,7.93
1976-02-01,us,,,,55.9,0.17921146953405742,6.273764258555126,55.76666666666667,56.2,0.5366726296959001,6.439393939393945,55.86666666666667,7.7,-0.6000000000000005,7.933333333333334,4.77,-0.4500000000000002,4.946666666666666,7.79,-0.2600000000000007,7.843333333333333,1040.3,1.324632317132557,13.805929329395017,1027.7666666666667,,,,,,,,0.0,,0.0,0.0,,,,,4.77,-0.4500000000000002,4.946666666666666,7.79,-0.2600000000000007,7.843333333333333
1976-03-01,us,,,,56.0,0.17889087656530744,6.060606060606055,55.9,56.5,0.5338078291814874,6.60377358490567,56.199999999999996,7.6,-0.5999999999999996,7.733333333333334,4.84,-0.3600000000000003,4.826666666666665,7.73,-0.2699999999999996,7.753333333333333,1049.9,0.9228107276747277,13.502702702702706,1038.966666666667,,,,,,,,0.0,,0.0,0.0,,,,,4.84,-0.3600000000000003,4.826666666666665,7.73,-0.2699999999999996,7.753333333333333
1976-04-01,us,,,,56.1,0.17857142857142794,5.849056603773595,56.0,56.7,0.3539823008849696,6.378986866791747,56.46666666666667,7.7,-0.20000000000000018,7.666666666666667,4.82,-0.04999999999999982,4.81,7.56,-0.1800000000000006,7.6933333333333325,1060.8,1.0381941137250994,13.44241257619505,1050.3333333333333,,,,,,,,0.0,,0.0,0.0,,,,,4.82,-0.04999999999999982,4.81,7.56,-0.1800000000000006,7.6933333333333325
1976-05-01,us,,,,56.4,0.5347593582887722,6.214689265536721,56.166666666666664,57.0,0.5291005291005346,6.542056074766345,56.73333333333334,7.4,-0.2999999999999998,7.566666666666667,5.29,0.5200000000000005,4.983333333333333,7.9,0.11000000000000032,7.7299999999999995,1072.1,1.0652337858220173,13.10264795864542,1060.9333333333332,,,,,,,,0.0,,0.0,0.0,,,,,5.29,0.5200000000000005,4.983333333333333,7.9,0.11000000000000032,7.7299999999999995
1976-06-01,us,,,,56.7,0.5319148936170359,5.981308411214958,56.4,57.2,0.35087719298245723,6.3197026022304925,56.96666666666667,7.6,0.0,7.566666666666667,5.48,0.6400000000000006,5.196666666666666,7.86,0.1299999999999999,7.773333333333333,1077.6,0.5130118459099053,11.900311526479745,1070.1666666666665,,,,,,,,0.0,,0.0,0.0,,,,,5.48,0.6400000000000006,5.196666666666666,7.86,0.1299999999999999,7.773333333333333
1976-07-01,us,,,,57.0,0.5291005291005346,5.555555555555558,56.70000000000001,57.6,0.6993006993006867,6.666666666666665,57.26666666666667,7.8,0.09999999999999964,7.6000000000000005,5.31,0.4899999999999993,5.359999999999999,7.83,0.27000000000000046,7.863333333333333,1086.3,0.807349665924284,11.403958568351946,1078.6666666666667,,,,,,,,0.0,,0.0,0.0,,,,,5.31,0.4899999999999993,5.359999999999999,7.83,0.27000000000000046,7.863333333333333
1976-08-01,us,,,,57.3,0.5263157894736858,5.719557195571956,57.0,57.9,0.5208333333333259,6.826568265682642,57.56666666666666,7.8,0.39999999999999947,7.733333333333334,5.29,0.0,5.359999999999999,7.77,-0.13000000000000078,7.819999999999999,1098.7,1.1414894596336378,11.758722408707145,1087.5333333333333,,,,,,,,0.0,,0.0,0.0,,,,,5.29,0.0,5.359999999999999,7.77,-0.13000000000000078,7.819999999999999
1976-09-01,us,,,,57.6,0.523560209424101,5.494505494505497,57.300000000000004,58.2,0.5181347150259086,6.788990825688068,57.900000000000006,7.6,0.0,7.733333333333334,5.25,-0.23000000000000043,5.283333333333332,7.59,-0.27000000000000046,7.7299999999999995,1110.8,1.1013015381814872,12.032274331820458,1098.6000000000001,,,,,,,,0.0,,0.0,0.0,,,,,5.25,-0.23000000000000043,5.283333333333332,7.59,-0.27000000000000046,7.7299999999999995
1976-10-01,us,,,,57.9,0.5208333333333259,5.464480874316946,57.6,58.5,0.5154639175257714,6.751824817518259,58.199999999999996,7.7,-0.09999999999999964,7.7,5.02,-0.29000000000000004,5.1866666666666665,7.41,-0.41999999999999993,7.589999999999999,1125.0,1.2783579402232625,12.7480457005412,1111.5,,,,,,,,0.0,,0.0,0.0,,,,,5.02,-0.29000000000000004,5.1866666666666665,7.41,-0.41999999999999993,7.589999999999999
1976-11-01,us,,,,58.1,0.3454231433505983,5.063291139240511,57.86666666666667,58.7,0.34188034188034067,6.340579710144922,58.46666666666667,7.8,0.0,7.7,4.95,-0.33999999999999986,5.073333333333333,7.29,-0.47999999999999954,7.43,1138.3,1.1822222222222178,13.038728897715979,1124.7,,,,,,,,0.0,,0.0,0.0,,,,,4.95,-0.33999999999999986,5.073333333333333,7.29,-0.47999999999999954,7.43
1976-12-01,us,,,,58.4,0.5163511187607606,5.035971223021574,58.13333333333333,58.9,0.34071550255536653,6.12612612612613,58.70000000000001,7.8,0.20000000000000018,7.766666666666667,4.65,-0.5999999999999996,4.873333333333333,6.87,-0.7199999999999998,7.189999999999999,1152.1,1.2123341825529321,13.362196201908883,1138.4666666666667,,,,,,,,0.0,,0.0,0.0,,,,,4.65,-0.5999999999999996,4.873333333333333,6.87,-0.7199999999999998,7.189999999999999
1977-01-01,us,,,,58.7,0.5136986301369939,5.197132616487465,58.4,59.3,0.679117147707986,6.082289803220031,58.96666666666667,7.5,-0.20000000000000018,7.7,4.61,-0.40999999999999925,4.7366666666666655,7.21,-0.20000000000000018,7.123333333333332,1165.2,1.1370540751670877,13.489821759033793,1151.8666666666666,,,,,,,,0.0,,0.0,0.0,,,,,4.61,-0.40999999999999925,4.7366666666666655,7.21,-0.20000000000000018,7.123333333333332
1977-02-01,us,,,,59.3,1.0221465076660996,6.082289803220031,58.800000000000004,59.7,0.6745362563237878,6.227758007117434,59.29999999999999,7.6,-0.20000000000000018,7.633333333333334,4.68,-0.27000000000000046,4.646666666666666,7.39,0.09999999999999964,7.156666666666666,1177.5,1.0556127703398532,13.188503316351063,1164.9333333333334,,,,,,,,0.0,,0.0,0.0,,,,,4.68,-0.27000000000000046,4.646666666666666,7.39,0.09999999999999964,7.156666666666666
1977-03-01,us,,,,59.6,0.5059021922428464,6.428571428571428,59.199999999999996,60.0,0.5025125628140614,6.194690265486735,59.666666666666664,7.4,-0.39999999999999947,7.5,4.69,0.040000000000000036,4.659999999999999,7.46,0.5899999999999999,7.353333333333332,1188.4,0.9256900212314401,13.191732545956757,1177.0333333333335,,,,,,,,0.0,,0.0,0.0,,,,,4.69,0.040000000000000036,4.659999999999999,7.46,0.5899999999999999,7.353333333333332
1977-04-01,us,,,,60.0,0.6711409395973034,6.951871657754016,59.63333333333333,60.3,0.49999999999998934,6.349206349206349,60.0,7.2,-0.2999999999999998,7.400000000000001,4.73,0.1200000000000001,4.699999999999999,7.37,0.16000000000000014,7.406666666666666,1199.6,0.9424436216761922,13.084464555052788,1188.5,,,,,,,,0.0,,0.0,0.0,,,,,4.73,0.1200000000000001,4.699999999999999,7.37,0.16000000000000014,7.406666666666666
1977-05-01,us,,,,60.2,0.33333333333334103,6.737588652482285,59.93333333333334,60.6,0.4975124378109541,6.315789473684208,60.300000000000004,7.0,-0.5999999999999996,7.2,5.35,0.6699999999999999,4.923333333333333,7.46,0.07000000000000028,7.43,1209.0,0.783594531510512,12.769331219102709,1199.0,,,,,,,,0.0,,0.0,0.0,,,,,5.35,0.6699999999999999,4.923333333333333,7.46,0.07000000000000028,7.43
1977-06-01,us,,,,60.5,0.4983388704318914,6.701940035273357,60.23333333333334,61.0,0.660066006600668,6.643356643356646,60.63333333333333,7.2,-0.20000000000000018,7.133333333333334,5.39,0.6999999999999993,5.156666666666666,7.28,-0.17999999999999972,7.37,1217.8,0.7278742762613755,13.01039346696362,1208.8,,,,,,,,0.0,,0.0,0.0,,,,,5.39,0.6999999999999993,5.156666666666666,7.28,-0.17999999999999972,7.37
1977-07-01,us,,,,60.8,0.49586776859502635,6.666666666666665,60.5,61.2,0.3278688524590123,6.25,60.93333333333334,6.9,-0.2999999999999998,7.033333333333334,5.42,0.6899999999999995,5.386666666666666,7.33,-0.040000000000000036,7.356666666666666,1226.8,0.7390376088027617,12.933812022461577,1217.8666666666668,,,,,,,,0.0,,0.0,0.0,,,,,5.42,0.6899999999999995,5.386666666666666,7.33,-0.040000000000000036,7.356666666666666
1977-08-01,us,,,,61.1,0.49342105263159297,6.631762652705064,60.79999999999999,61.5,0.4901960784313708,6.217616580310881,61.23333333333334,7.0,0.0,7.033333333333334,5.9,0.5500000000000007,5.569999999999999,7.4,-0.05999999999999961,7.336666666666666,1237.1,0.8395826540593454,12.596705197051051,1227.2333333333333,,,,,,,,0.0,,0.0,0.0,,,,,5.9,0.5500000000000007,5.569999999999999,7.4,-0.05999999999999961,7.336666666666666
1977-09-01,us,,,,61.3,0.3273322422258529,6.423611111111094,61.06666666666666,61.8,0.4878048780487809,6.185567010309279,61.5,6.8,-0.40000000000000036,6.900000000000001,6.14,0.75,5.819999999999999,7.34,0.05999999999999961,7.356666666666666,1246.3,0.7436747231428287,12.19841555635579,1236.7333333333333,,,,,,,,0.0,,0.0,0.0,,,,,6.14,0.75,5.819999999999999,7.34,0.05999999999999961,7.356666666666666
1977-10-01,us,,,,61.6,0.4893964110930016,6.390328151986191,61.333333333333336,62.0,0.3236245954692629,5.982905982905984,61.76666666666666,6.8,-0.10000000000000053,6.866666666666667,6.47,1.0499999999999998,6.169999999999999,7.52,0.1899999999999995,7.419999999999999,1254.0,0.6178287731685828,11.466666666666669,1245.8,,,,,,,,0.0,,0.0,0.0,,,,,6.47,1.0499999999999998,6.169999999999999,7.52,0.1899999999999995,7.419999999999999
1977-11-01,us,,,,62.0,0.6493506493506551,6.712564543889843,61.63333333333333,62.3,0.4838709677419395,6.132879045996575,62.03333333333333,6.8,-0.20000000000000018,6.8,6.51,0.6099999999999994,6.373333333333332,7.58,0.17999999999999972,7.4799999999999995,1262.4,0.6698564593301537,10.902222612668023,1254.2333333333333,,,,,,,,0.0,,0.0,0.0,,,,,6.51,0.6099999999999994,6.373333333333332,7.58,0.17999999999999972,7.4799999999999995
1977-12-01,us,,,,62.3,0.4838709677419395,6.67808219178081,61.96666666666667,62.7,0.6420545746388617,6.451612903225823,62.333333333333336,6.4,-0.39999999999999947,6.666666666666667,6.56,0.41999999999999993,6.513333333333333,7.69,0.35000000000000053,7.596666666666667,1270.4,0.6337135614702172,10.268205884905846,1262.2666666666667,,,,,,,,0.0,,0.0,0.0,,,,,6.56,0.41999999999999993,6.513333333333333,7.69,0.35000000000000053,7.596666666666667
1978-01-01,us,,,,62.7,0.6420545746388617,6.814310051107331,62.333333333333336,63.1,0.6379585326953707,6.408094435075884,62.70000000000001,6.4,-0.39999999999999947,6.533333333333334,6.7,0.23000000000000043,6.59,7.96,0.4400000000000004,7.743333333333332,1279.7,0.7320528967254436,9.82663920357021,1270.8333333333333,,,,,,,,0.0,,0.0,0.0,,,,,6.7,0.23000000000000043,6.59,7.96,0.4400000000000004,7.743333333333332
1978-02-01,us,,,,63.0,0.4784688995215225,6.2394603709949426,62.666666666666664,63.4,0.47543581616480424,6.1976549413735205,63.06666666666666,6.3,-0.5,6.366666666666667,6.78,0.27000000000000046,6.68,8.03,0.4499999999999993,7.8933333333333335,1285.4,0.4454168945846826,9.163481953290887,1278.5,,,,,,,,0.0,,0.0,0.0,,,,,6.78,0.27000000000000046,6.68,8.03,0.4499999999999993,7.8933333333333335
1978-03-01,us,,,,63.4,0.6349206349206327,6.375838926174482,63.03333333333333,63.8,0.6309148264984188,6.333333333333324,63.43333333333334,6.3,-0.10000000000000053,6.333333333333333,6.79,0.23000000000000043,6.756666666666667,8.04,0.34999999999999876,8.01,1292.1,0.5212385249727669,8.726018175698403,1285.7333333333333,,,,,,,,0.0,,0.0,0.0,,,,,6.79,0.23000000000000043,6.756666666666667,8.04,0.34999999999999876,8.01
1978-04-01,us,,,,63.9,0.7886435331230235,6.499999999999995,63.43333333333334,64.3,0.7836990595611271,6.633499170812596,63.833333333333336,6.1,-0.3000000000000007,6.233333333333334,6.89,0.1899999999999995,6.82,8.15,0.1900000000000004,8.073333333333332,1300.3,0.6346258029564344,8.394464821607217,1292.6000000000001,,,,,,,,0.0,,0.0,0.0,,,,,6.89,0.1899999999999995,6.82,8.15,0.1900000000000004,8.073333333333332
1978-05-01,us,,,,64.5,0.9389671361502261,7.14285714285714,63.93333333333334,64.7,0.6220839813374957,6.765676567656764,64.26666666666667,6.0,-0.2999999999999998,6.133333333333333,7.36,0.5800000000000001,7.013333333333333,8.35,0.3200000000000003,8.18,1310.5,0.784434361301245,8.395368072787424,1300.9666666666665,,,,,,,,0.0,,0.0,0.0,,,,,7.36,0.5800000000000001,7.013333333333333,8.35,0.3200000000000003,8.18
1978-06-01,us,,,,65.0,0.7751937984496138,7.438016528925617,64.46666666666667,65.2,0.7727975270479082,6.8852459016393475,64.73333333333333,5.9,-0.39999999999999947,6.0,7.6,0.8099999999999996,7.283333333333332,8.46,0.4200000000000017,8.32,1318.5,0.6104540251812285,8.2690096896042,1309.7666666666667,,,,,,,,0.0,,0.0,0.0,,,,,7.6,0.8099999999999996,7.283333333333332,8.46,0.4200000000000017,8.32
1978-07-01,us,,,,65.5,0.7692307692307665,7.7302631578947345,65.0,65.6,0.6134969325153339,7.189542483660127,65.16666666666667,6.2,0.10000000000000053,6.033333333333334,7.81,0.9199999999999999,7.589999999999999,8.64,0.4900000000000002,8.483333333333334,1324.2,0.4323094425483509,7.939354417998046,1317.7333333333333,,,,,,,,0.0,,0.0,0.0,,,,,7.81,0.9199999999999999,7.589999999999999,8.64,0.4900000000000002,8.483333333333334
1978-08-01,us,,,,65.9,0.6106870229007688,7.855973813420625,65.46666666666667,66.1,0.7621951219512146,7.479674796747959,65.63333333333333,5.9,-0.09999999999999964,6.000000000000001,8.04,0.6799999999999988,7.8166666666666655,8.41,0.0600000000000005,8.503333333333334,1333.5,0.7023108291798863,7.792417751192304,1325.3999999999999,,,,,,,,0.0,,0.0,0.0,,,,,8.04,0.6799999999999988,7.8166666666666655,8.41,0.0600000000000005,8.503333333333334
1978-09-01,us,,,,66.5,0.9104704097116834,8.482871125611746,65.96666666666667,66.7,0.9077155824508409,7.928802588996775,66.13333333333333,6.0,0.09999999999999964,6.033333333333334,8.45,0.8499999999999996,8.1,8.42,-0.040000000000000924,8.49,1345.1,0.8698912635920486,7.927465297279945,1334.2666666666667,,,,,,,,0.0,,0.0,0.0,,,,,8.45,0.8499999999999996,8.1,8.42,-0.040000000000000924,8.49
1978-10-01,us,,,,67.1,0.9022556390977376,8.92857142857142,66.5,67.2,0.7496251874062887,8.387096774193559,66.66666666666667,5.8,-0.40000000000000036,5.900000000000001,8.96,1.1500000000000012,8.483333333333333,8.64,0.0,8.49,1352.4,0.5427105791391051,7.846889952153124,1343.6666666666667,,,,,,,,0.0,,0.0,0.0,,,,,8.96,1.1500000000000012,8.483333333333333,8.64,0.0,8.49
1978-11-01,us,,,,67.5,0.5961251862891315,8.870967741935477,67.03333333333333,67.6,0.5952380952380931,8.50722311396468,67.16666666666667,5.9,0.0,5.900000000000001,9.76,1.7200000000000006,9.056666666666667,8.81,0.40000000000000036,8.623333333333333,1359.2,0.5028098195799968,7.667934093789608,1352.2333333333333,,,,,,,,0.0,,0.0,0.0,,,,,9.76,1.7200000000000006,9.056666666666667,8.81,0.40000000000000036,8.623333333333333
1978-12-01,us,,,,67.9,0.5925925925926112,8.988764044943842,67.5,68.0,0.591715976331364,8.452950558213711,67.60000000000001,6.0,0.0,5.900000000000001,10.03,1.58,9.583333333333334,9.01,0.5899999999999999,8.82,1366.1,0.507651559741018,7.5330604534004975,1359.2333333333333,,,,,,,,0.0,,0.0,0.0,,,,,10.03,1.58,9.583333333333334,9.01,0.5899999999999999,8.82
1979-01-01,us,,,,68.5,0.8836524300441795,9.250398724082931,67.96666666666667,68.5,0.7352941176470562,8.557844690966721,68.03333333333332,5.9,0.10000000000000053,5.9333333333333345,10.07,1.1099999999999994,9.953333333333333,9.1,0.4599999999999991,8.973333333333334,1371.6,0.4026059585681807,7.181370633742268,1365.6333333333332,,,,,,,,0.0,,0.0,0.0,,,,,10.07,1.1099999999999994,9.953333333333333,9.1,0.4599999999999991,8.973333333333334
1979-02-01,us,,,,69.2,1.0218978102189746,9.84126984126985,68.53333333333335,69.2,1.0218978102189746,9.14826498422714,68.56666666666666,5.9,0.0,5.9333333333333345,10.06,0.3000000000000007,10.053333333333333,9.1,0.28999999999999915,9.07,1377.7,0.444736074657337,7.180644157460714,1371.8,,,,,,,,0.0,,0.0,0.0,,,,,10.06,0.3000000000000007,10.053333333333333,9.1,0.28999999999999915,9.07
1979-03-01,us,,,,69.9,1.0115606936416333,10.252365930599371,69.2,69.8,0.8670520231213841,9.404388714733546,69.16666666666667,5.8,-0.20000000000000018,5.866666666666667,10.09,0.0600000000000005,10.073333333333332,9.12,0.10999999999999943,9.106666666666667,1387.7,0.7258474268708737,7.398808141784707,1379.0,,,,,,,,0.0,,0.0,0.0,,,,,10.09,0.0600000000000005,10.073333333333332,9.12,0.10999999999999943,9.106666666666667
1979-04-01,us,,,,70.6,1.0014306151645114,10.485133020344284,69.89999999999999,70.3,0.7163323782235054,9.331259720062214,69.76666666666667,5.8,-0.10000000000000053,5.833333333333333,10.01,-0.0600000000000005,10.053333333333333,9.18,0.08000000000000007,9.133333333333333,1402.1,1.037688261151537,7.828962547104501,1389.1666666666667,,,,,,,,0.0,,0.0,0.0,,,,,10.01,-0.0600000000000005,10.053333333333333,9.18,0.08000000000000007,9.133333333333333
1979-05-01,us,,,,71.4,1.1331444759207,10.697674418604652,70.63333333333334,70.8,0.7112375533428139,9.428129829984533,70.3,5.6,-0.3000000000000007,5.733333333333334,10.24,0.17999999999999972,10.113333333333332,9.25,0.15000000000000036,9.183333333333332,1410.2,0.5777048712645394,7.607783288821057,1400.0,,,,,,,,0.0,,0.0,0.0,,,,,10.24,0.17999999999999972,10.113333333333332,9.25,0.15000000000000036,9.183333333333332
1979-06-01,us,,,,72.2,1.1204481792717047,11.076923076923073,71.39999999999999,71.3,0.7062146892655274,9.355828220858896,70.8,5.7,-0.09999999999999964,5.7,10.29,0.1999999999999993,10.18,8.91,-0.20999999999999908,9.113333333333333,1423.0,0.9076726705431915,7.925673113386433,1411.7666666666667,,,,,,,,0.0,,0.0,0.0,,,,,10.29,0.1999999999999993,10.18,8.91,-0.20999999999999908,9.113333333333333
1979-07-01,us,,,,73.0,1.1080332409972193,11.45038167938932,72.2,71.9,0.8415147265077305,9.60365853658538,71.33333333333333,5.7,-0.09999999999999964,5.666666666666667,10.47,0.46000000000000085,10.333333333333334,8.95,-0.23000000000000043,9.036666666666667,1434.8,0.829234012649338,8.352212656698388,1422.6666666666667,,,,,,,,0.0,,0.0,0.0,,,,,10.47,0.46000000000000085,10.333333333333334,8.95,-0.23000000000000043,9.036666666666667
1979-08-01,us,,,,73.7,0.9589041095890538,11.836115326251884,72.96666666666665,72.7,1.112656467315709,9.984871406959162,71.96666666666665,6.0,0.40000000000000036,5.800000000000001,10.94,0.6999999999999993,10.566666666666665,9.03,-0.22000000000000064,8.963333333333333,1446.6,0.8224142737663698,8.481439820022496,1434.8,,,,,,,,0.0,,0.0,0.0,,,,,10.94,0.6999999999999993,10.566666666666665,9.03,-0.22000000000000064,8.963333333333333
1979-09-01,us,,,,74.4,0.9497964721845387,11.879699248120312,73.7,73.3,0.8253094910591452,9.8950524737631,72.63333333333333,5.9,0.20000000000000018,5.866666666666667,11.43,1.1400000000000006,10.946666666666665,9.33,0.41999999999999993,9.103333333333333,1454.2,0.5253698327111866,8.110921121106252,1445.2,,,,,,,,0.0,,0.0,0.0,,,,,11.43,1.1400000000000006,10.946666666666665,9.33,0.41999999999999993,9.103333333333333
1979-10-01,us,,,,75.2,1.0752688172043001,12.071535022354718,74.43333333333334,74.0,0.9549795361528002,10.119047619047606,73.33333333333333,6.0,0.2999999999999998,5.966666666666668,13.77,3.299999999999999,12.046666666666667,10.3,1.3500000000000014,9.553333333333333,1460.4,0.4263512584238738,7.985803016858917,1453.7333333333333,,,,,,,,0.0,,0.0,0.0,,,,,13.77,3.299999999999999,12.046666666666667,10.3,1.3500000000000014,9.553333333333333
1979-11-01,us,,,,76.0,1.0638297872340496,12.592592592592599,75.2,74.8,1.08108108108107,10.650887573964507,74.03333333333332,5.9,-0.09999999999999964,5.9333333333333345,13.18,2.24,12.793333333333331,10.65,1.620000000000001,10.093333333333334,1465.9,0.37660914817858604,7.850206003531501,1460.1666666666667,,,,,,,,0.0,,0.0,0.0,,,,,13.18,2.24,12.793333333333331,10.65,1.620000000000001,10.093333333333334
1979-12-01,us,,,,76.9,1.1842105263157876,13.254786450662737,76.03333333333333,75.7,1.2032085561497485,11.32352941176471,74.83333333333333,6.0,0.09999999999999964,5.966666666666668,13.78,2.3499999999999996,13.576666666666666,10.39,1.0600000000000005,10.446666666666667,1473.9,0.545739818541513,7.89107678793648,1466.7333333333336,,,,,,,,0.0,,0.0,0.0,,,,,13.78,2.3499999999999996,13.576666666666666,10.39,1.0600000000000005,10.446666666666667
1980-01-01,us,,,,78.0,1.4304291287386084,13.868613138686126,76.96666666666667,76.7,1.3210039630118908,11.970802919708024,75.73333333333333,6.3,0.2999999999999998,6.066666666666667,13.82,0.05000000000000071,13.593333333333332,10.8,0.5,10.613333333333335,1482.7,0.5970554311690135,8.100029163021304,1474.1666666666667,,,,,,,,0.0,,0.0,0.0,,,,,13.82,0.05000000000000071,13.593333333333332,10.8,0.5,10.613333333333335
1980-02-01,us,,,,79.0,1.2820512820512775,14.161849710982644,77.96666666666667,77.5,1.04302477183833,11.994219653179194,76.63333333333333,6.3,0.39999999999999947,6.2,14.13,0.9500000000000011,13.909999999999998,12.41,1.7599999999999998,11.200000000000001,1494.4,0.7891009644567459,8.470639471583086,1483.6666666666667,,,,,,,,0.0,,0.0,0.0,,,,,14.13,0.9500000000000011,13.909999999999998,12.41,1.7599999999999998,11.200000000000001
1980-03-01,us,,,,80.1,1.3924050632911245,14.592274678111572,79.03333333333333,78.6,1.4193548387096744,12.60744985673352,77.60000000000001,6.3,0.2999999999999998,6.3,17.19,3.410000000000002,15.046666666666667,12.75,2.3599999999999994,11.986666666666666,1499.7,0.35465738758029275,8.070908697845347,1492.2666666666667,,,,,,,,0.0,,0.0,0.0,,,,,17.19,3.410000000000002,15.046666666666667,12.75,2.3599999999999994,11.986666666666666
1980-04-01,us,,,,80.9,0.998751560549338,14.589235127478762,80.0,79.5,1.1450381679389388,13.086770981507833,78.53333333333332,6.9,0.6000000000000005,6.5,17.61,3.789999999999999,16.31,11.47,0.6699999999999999,12.209999999999999,1502.2,0.166700006668008,7.139291063404896,1498.7666666666667,,,,,,,,0.0,,0.0,0.0,,,,,17.61,3.789999999999999,16.31,11.47,0.6699999999999999,12.209999999999999
1980-05-01,us,,,,81.7,0.9888751545117369,14.425770308123242,80.89999999999999,80.1,0.7547169811320753,13.13559322033897,79.39999999999999,7.5,1.2000000000000002,6.900000000000001,10.98,-3.1500000000000004,15.26,10.18,-2.2300000000000004,11.466666666666669,1512.4,0.6790041272799918,7.247198978868252,1504.7666666666667,,,,,,,,0.0,,0.0,0.0,,,,,10.98,-3.1500000000000004,15.26,10.18,-2.2300000000000004,11.466666666666669
1980-06-01,us,,,,82.5,0.9791921664626724,14.265927977839322,81.7,81.0,1.1235955056179803,13.604488078541376,80.19999999999999,7.6,1.2999999999999998,7.333333333333333,9.47,-7.720000000000001,12.686666666666667,9.78,-2.9700000000000006,10.476666666666667,1529.2,1.110817244115303,7.463106113843998,1514.6000000000001,,,,,,,,0.0,,0.0,0.0,,,,,9.47,-7.720000000000001,12.686666666666667,9.78,-2.9700000000000006,10.476666666666667
1980-07-01,us,,,,82.6,0.12121212121212199,13.15068493150684,82.26666666666667,80.8,-0.24691358024692134,12.37830319888733,80.63333333333333,7.8,0.8999999999999995,7.633333333333334,9.03,-8.58,9.826666666666666,10.25,-1.2200000000000006,10.07,1545.5,1.0659168192518997,7.715361025926959,1529.0333333333335,,,,,,,,0.0,,0.0,0.0,,,,,9.03,-8.58,9.826666666666666,10.25,-1.2200000000000006,10.07
1980-08-01,us,,,,83.2,0.7263922518159882,12.890094979647216,82.76666666666667,81.3,0.6188118811881083,11.82943603851443,81.03333333333332,7.7,0.20000000000000018,7.7,9.61,-1.370000000000001,9.37,11.1,0.9199999999999999,10.376666666666667,1561.5,1.0352636687156247,7.942762339278309,1545.3999999999999,,,,,,,,0.0,,0.0,0.0,,,,,9.61,-1.370000000000001,9.37,11.1,0.9199999999999999,10.376666666666667
1980-09-01,us,,,,83.9,0.8413461538461675,12.768817204301076,83.23333333333333,82.1,0.9840098400983877,12.005457025920862,81.39999999999999,7.5,-0.09999999999999964,7.666666666666667,10.87,1.3999999999999986,9.836666666666666,11.51,1.7300000000000004,10.953333333333333,1574.0,0.8005123278898463,8.238206574061335,1560.3333333333333,,,,,,,,0.0,,0.0,0.0,,,,,10.87,1.3999999999999986,9.836666666666666,11.51,1.7300000000000004,10.953333333333333
1980-10-01,us,,,,84.7,0.9535160905840279,12.632978723404253,83.93333333333334,83.0,1.0962241169305775,12.162162162162172,82.13333333333333,7.5,-0.2999999999999998,7.566666666666667,12.81,3.780000000000001,11.096666666666666,11.75,1.5,11.453333333333333,1584.7,0.679796696315127,8.511366748835925,1573.4000000000003,,,,,,,,0.0,,0.0,0.0,,,,,12.81,3.780000000000001,11.096666666666666,11.75,1.5,11.453333333333333
1980-11-01,us,,,,85.6,1.0625737898465104,12.631578947368416,84.73333333333333,83.9,1.0843373493975905,12.165775401069535,83.0,7.5,-0.20000000000000018,7.5,15.85,6.24,13.176666666666668,12.68,1.58,11.979999999999999,1595.7,0.6941376916766551,8.854628555836008,1584.8000000000002,,,,,,,,0.0,,0.0,0.0,,,,,15.85,6.24,13.176666666666668,12.68,1.58,11.979999999999999
1980-12-01,us,,,,86.4,0.9345794392523477,12.353706111833551,85.56666666666666,84.9,1.1918951132300348,12.153236459709383,83.93333333333334,7.2,-0.2999999999999998,7.400000000000001,18.9,8.03,15.853333333333333,12.84,1.33,12.423333333333334,1599.9,0.26320736980636195,8.548748219010793,1593.4333333333334,,,,,,,,0.0,,0.0,0.0,,,,,18.9,8.03,15.853333333333333,12.84,1.33,12.423333333333334
1981-01-01,us,,,,87.2,0.92592592592593,11.794871794871797,86.40000000000002,85.4,0.5889281507656108,11.342894393741854,84.73333333333333,7.5,0.0,7.400000000000001,19.08,6.269999999999998,17.94333333333333,12.57,0.8200000000000003,12.696666666666667,1607.0,0.44377773610850824,8.383354690766831,1600.8666666666668,,,,,,,,0.0,,0.0,0.0,,,,,19.08,6.269999999999998,17.94333333333333,12.57,0.8200000000000003,12.696666666666667
1981-02-01,us,,,,88.0,0.917431192660545,11.392405063291132,87.2,85.9,0.5854800936768045,10.838709677419356,85.39999999999999,7.4,-0.09999999999999964,7.366666666666667,15.93,0.08000000000000007,17.97,13.19,0.5099999999999998,12.866666666666667,1618.6,0.7218419415059074,8.311027837259077,1608.5,,,,,,,,0.0,,0.0,0.0,,,,,15.93,0.08000000000000007,17.97,13.19,0.5099999999999998,12.866666666666667
1981-03-01,us,,,,88.6,0.6818181818181834,10.611735330836458,87.93333333333334,86.4,0.5820721769499437,9.92366412213741,85.89999999999999,7.4,0.20000000000000018,7.4333333333333345,14.7,-4.199999999999999,16.569999999999997,13.12,0.27999999999999936,12.959999999999999,1636.5,1.105893982453976,9.121824364872966,1620.6999999999998,,,,,,,,0.0,,0.0,0.0,,,,,14.7,-4.199999999999999,16.569999999999997,13.12,0.27999999999999936,12.959999999999999
1981-04-01,us,,,,89.1,0.5643340857787837,10.135970333745359,88.56666666666666,87.0,0.694444444444442,9.433962264150942,86.43333333333334,7.2,-0.2999999999999998,7.333333333333335,15.72,-3.3599999999999977,15.450000000000001,13.68,1.1099999999999994,13.329999999999998,1659.2,1.3871066300030543,10.451338037544943,1638.0999999999997,,,,,,,,0.0,,0.0,0.0,,,,,15.72,-3.3599999999999977,15.450000000000001,13.68,1.1099999999999994,13.329999999999998
1981-05-01,us,,,,89.7,0.6734006734006925,9.79192166462668,89.13333333333333,87.8,0.9195402298850519,9.612983770287142,87.06666666666666,7.5,0.09999999999999964,7.366666666666667,18.52,2.59,16.313333333333333,14.1,0.9100000000000001,13.633333333333333,1664.3,0.30737704918031294,10.043639248875946,1653.3333333333333,,,,,,,,0.0,,0.0,0.0,,,,,18.52,2.59,16.313333333333333,14.1,0.9100000000000001,13.633333333333333
1981-06-01,us,,,,90.5,0.8918617614269708,9.696969696969692,89.76666666666667,88.6,0.9111617312072884,9.3827160493827,87.8,7.5,0.09999999999999964,7.400000000000001,19.1,4.400000000000002,17.779999999999998,13.47,0.3500000000000014,13.75,1670.4,0.3665204590518556,9.233586188856924,1664.6333333333334,,,,,,,,0.0,,0.0,0.0,,,,,19.1,4.400000000000002,17.779999999999998,13.47,0.3500000000000014,13.75
1981-07-01,us,,,,91.5,1.104972375690605,10.774818401937058,90.56666666666666,89.8,1.3544018058690765,11.138613861386148,88.73333333333333,7.2,0.0,7.400000000000001,19.04,3.3199999999999985,18.886666666666667,14.28,0.5999999999999996,13.950000000000001,1681.9,0.6884578544061215,8.825622775800724,1672.2,,,,,,,,0.0,,0.0,0.0,,,,,19.04,3.3199999999999985,18.886666666666667,14.28,0.5999999999999996,13.950000000000001
1981-08-01,us,,,,92.2,0.7650273224043769,10.817307692307686,91.40000000000002,90.7,1.0022271714922093,11.56211562115621,89.69999999999999,7.4,-0.09999999999999964,7.366666666666667,17.82,-0.6999999999999993,18.653333333333332,14.94,0.8399999999999999,14.229999999999999,1694.3,0.7372614305249936,8.504642971501752,1682.2,,,,,,,,0.0,,0.0,0.0,,,,,17.82,-0.6999999999999993,18.653333333333332,14.94,0.8399999999999999,14.229999999999999
1981-09-01,us,,,,93.1,0.9761388286333883,10.96543504171632,92.26666666666667,91.8,1.2127894156560126,11.814859926918398,90.76666666666667,7.6,0.09999999999999964,7.400000000000001,15.87,-3.230000000000002,17.576666666666664,15.32,1.8499999999999996,14.846666666666666,1706.0,0.690550669893164,8.38627700127066,1694.0666666666668,,,,,,,,0.0,,0.0,0.0,,,,,15.87,-3.230000000000002,17.576666666666664,15.32,1.8499999999999996,14.846666666666666
1981-10-01,us,,,,93.4,0.3222341568206444,10.271546635182993,92.90000000000002,92.1,0.32679738562091387,10.963855421686741,91.53333333333332,7.9,0.7000000000000002,7.633333333333334,15.08,-3.959999999999999,16.256666666666664,15.15,0.870000000000001,15.136666666666665,1721.7,0.9202813599062054,8.645169432700195,1707.3333333333333,,,,,,,,0.0,,0.0,0.0,,,,,15.08,-3.959999999999999,16.256666666666664,15.15,0.870000000000001,15.136666666666665
1981-11-01,us,,,,93.8,0.4282655246252487,9.579439252336464,93.43333333333334,92.5,0.43431053203040193,10.250297973778299,92.13333333333333,8.3,0.9000000000000004,7.9333333333333345,13.31,-4.51,14.753333333333332,13.39,-1.549999999999999,14.62,1736.0,0.8305744322471886,8.79237951995988,1721.2333333333333,,,,,,,,0.0,,0.0,0.0,,,,,13.31,-4.51,14.753333333333332,13.39,-1.549999999999999,14.62
1981-12-01,us,,,,94.1,0.31982942430703876,8.912037037037024,93.76666666666667,93.0,0.540540540540535,9.540636042402827,92.53333333333332,8.5,0.9000000000000004,8.233333333333334,12.37,-3.5,13.586666666666668,13.72,-1.5999999999999996,14.086666666666668,1755.5,1.123271889400912,9.725607850490658,1737.7333333333333,,,,,,,,0.0,,0.0,0.0,,,,,12.37,-3.5,13.586666666666668,13.72,-1.5999999999999996,14.086666666666668
1982-01-01,us,,,,94.4,0.31880977683316214,8.25688073394495,94.10000000000001,93.3,0.3225806451612856,9.250585480093676,92.93333333333332,8.6,0.6999999999999993,8.466666666666667,13.22,-1.8599999999999994,12.966666666666667,14.59,-0.5600000000000005,13.9,1770.4,0.8487610367416742,10.168014934660864,1753.966666666667,,,,,,,,0.0,,0.0,0.0,,,,,13.22,-1.8599999999999994,12.966666666666667,14.59,-0.5600000000000005,13.9
1982-02-01,us,,,,94.7,0.3177966101694851,7.613636363636367,94.39999999999999,93.8,0.5359056806002238,9.196740395809066,93.36666666666666,8.9,0.5999999999999996,8.666666666666666,14.78,1.4699999999999989,13.456666666666665,14.43,1.0399999999999991,14.246666666666668,1774.4,0.2259376412110159,9.625602372420627,1766.7666666666667,,,,,,,,0.0,,0.0,0.0,,,,,14.78,1.4699999999999989,13.456666666666665,14.43,1.0399999999999991,14.246666666666668
1982-03-01,us,,,,94.7,0.0,6.884875846501148,94.60000000000001,93.9,0.10660980810235365,8.680555555555557,93.66666666666667,9.0,0.5,8.833333333333334,14.68,2.3100000000000005,14.226666666666667,13.86,0.1399999999999988,14.293333333333335,1786.4,0.6762849413886274,9.159792239535602,1777.0666666666668,,,,,,,,0.0,,0.0,0.0,,,,,14.68,2.3100000000000005,14.226666666666667,13.86,0.1399999999999988,14.293333333333335
1982-04-01,us,,,,95.0,0.31678986272438703,6.621773288439958,94.8,94.7,0.8519701810436597,8.850574712643677,94.13333333333333,9.3,0.7000000000000011,9.066666666666668,14.94,1.7199999999999989,14.799999999999999,13.87,-0.7200000000000006,14.053333333333333,1804.0,0.9852216748768461,8.72709739633557,1788.2666666666667,,,,,,,,0.0,,0.0,0.0,,,,,14.94,1.7199999999999989,14.799999999999999,13.87,-0.7200000000000006,14.053333333333333
1982-05-01,us,,,,95.9,0.9473684210526301,6.911928651059096,95.2,95.4,0.7391763463569179,8.656036446469262,94.66666666666667,9.4,0.5,9.233333333333334,14.45,-0.33000000000000007,14.69,13.62,-0.8100000000000005,13.783333333333331,1815.7,0.6485587583148655,9.09691762302469,1802.0333333333335,,,,,,,,0.0,,0.0,0.0,,,,,14.45,-0.33000000000000007,14.69,13.62,-0.8100000000000005,13.783333333333331
1982-06-01,us,,,,97.0,1.147028154327412,7.182320441988943,95.96666666666668,96.1,0.7337526205450695,8.465011286681712,95.39999999999999,9.6,0.5999999999999996,9.433333333333335,14.15,-0.5299999999999994,14.513333333333334,14.3,0.4400000000000013,13.93,1826.2,0.5782893649832088,9.32710727969348,1815.3,,,,,,,,0.0,,0.0,0.0,,,,,14.15,-0.5299999999999994,14.513333333333334,14.3,0.4400000000000013,13.93
1982-07-01,us,,,,97.5,0.5154639175257714,6.557377049180335,96.80000000000001,96.7,0.624349635796051,7.683741648106901,96.06666666666666,9.8,0.5,9.600000000000001,12.59,-2.3499999999999996,13.729999999999999,13.95,0.08000000000000007,13.956666666666665,1831.6,0.29569598072498593,8.900648076580042,1824.5,,,,,,,,0.0,,0.0,0.0,,,,,12.59,-2.3499999999999996,13.729999999999999,13.95,0.08000000000000007,13.956666666666665
1982-08-01,us,,,,97.7,0.20512820512821328,5.965292841648595,97.39999999999999,97.1,0.4136504653567741,7.056229327453134,96.63333333333333,9.8,0.40000000000000036,9.733333333333334,10.12,-4.33,12.286666666666667,13.06,-0.5599999999999987,13.770000000000001,1845.1,0.7370604935575509,8.900430856400865,1834.3,,,,,,,,0.0,,0.0,0.0,,,,,10.12,-4.33,12.286666666666667,13.06,-0.5599999999999987,13.770000000000001
1982-09-01,us,,,,97.7,0.0,4.940923737916236,97.63333333333333,97.2,0.1029866117404854,5.882352941176472,97.0,10.1,0.5,9.9,10.31,-3.84,11.006666666666666,12.34,-1.9600000000000009,13.116666666666665,1858.3,0.7154083789496557,8.92731535756155,1845.0,,,,,,,,0.0,,0.0,0.0,,,,,10.31,-3.84,11.006666666666666,12.34,-1.9600000000000009,13.116666666666665
1982-10-01,us,,,,98.1,0.4094165813715467,5.032119914346889,97.83333333333333,97.5,0.30864197530864335,5.863192182410426,97.26666666666665,10.4,0.5999999999999996,10.100000000000001,9.71,-2.879999999999999,10.046666666666667,10.91,-3.039999999999999,12.103333333333333,1869.4,0.5973201313028031,8.578730324679107,1857.5999999999997,,,,,,,,0.0,,0.0,0.0,,,,,9.71,-2.879999999999999,10.046666666666667,10.91,-3.039999999999999,12.103333333333333
1982-11-01,us,,,,98.0,-0.10193679918449883,4.47761194029852,97.93333333333334,97.3,-0.20512820512821328,5.189189189189181,97.33333333333333,10.8,1.0,10.433333333333335,9.2,-0.9199999999999999,9.74,10.55,-2.51,11.266666666666666,1883.4,0.7489033914624965,8.490783410138247,1870.3666666666668,,,,,,,,0.0,,0.0,0.0,,,,,9.2,-0.9199999999999999,9.74,10.55,-2.51,11.266666666666666
1982-12-01,us,,,,97.7,-0.3061224489795844,3.825717321997879,97.93333333333334,97.2,-0.10277492291880241,4.516129032258065,97.33333333333333,10.8,0.7000000000000011,10.666666666666666,8.95,-1.3600000000000012,9.286666666666667,10.54,-1.8000000000000007,10.666666666666666,1905.9,1.1946479770627683,8.567359726573631,1886.2333333333336,,,,,,,,0.0,,0.0,0.0,,,,,8.95,-1.3600000000000012,9.286666666666667,10.54,-1.8000000000000007,10.666666666666666
1983-01-01,us,,,,97.9,0.20470829068577334,3.7076271186440746,97.86666666666667,97.6,0.411522633744843,4.608788853161849,97.36666666666667,10.4,0.0,10.666666666666666,8.68,-1.0300000000000011,8.943333333333333,10.46,-0.4499999999999993,10.516666666666667,1959.4,2.807072774017527,10.67555354722096,1916.2333333333336,,,,,,,,0.0,,0.0,0.0,,,,,8.68,-1.0300000000000011,8.943333333333333,10.46,-0.4499999999999993,10.516666666666667
1983-02-01,us,,,,98.0,0.10214504596526286,3.484688489968324,97.86666666666667,98.0,0.4098360655737654,4.47761194029852,97.59999999999998,10.4,-0.40000000000000036,10.533333333333333,8.51,-0.6899999999999995,8.713333333333333,10.72,0.16999999999999993,10.573333333333332,1996.7,1.9036439726446863,12.528178539224522,1954.0,,,,,,,,0.0,,0.0,0.0,,,,,8.51,-0.6899999999999995,8.713333333333333,10.72,0.16999999999999993,10.573333333333332
1983-03-01,us,,,,98.1,0.10204081632652073,3.5902851108764455,98.0,98.2,0.20408163265306367,4.579339723109688,97.93333333333334,10.3,-0.5,10.366666666666667,8.77,-0.17999999999999972,8.653333333333334,10.51,-0.02999999999999936,10.563333333333334,2015.2,0.9265287724745885,12.807881773399021,1990.4333333333334,,,,,,,,0.0,,0.0,0.0,,,,,8.77,-0.17999999999999972,8.653333333333334,10.51,-0.02999999999999936,10.563333333333334
1983-04-01,us,,,,98.8,0.7135575942915473,4.0000000000000036,98.3,98.6,0.40733197556006573,4.118268215417098,98.26666666666665,10.2,-0.20000000000000107,10.300000000000002,8.8,0.120000000000001,8.693333333333333,10.4,-0.0600000000000005,10.543333333333335,2028.9,0.6798332671695162,12.466740576496683,2013.6000000000001,,,,,,,,0.0,,0.0,0.0,,,,,8.8,0.120000000000001,8.693333333333333,10.4,-0.0600000000000005,10.543333333333335
1983-05-01,us,,,,99.2,0.4048582995951566,3.44108446298228,98.7,98.9,0.30425963488844854,3.6687631027253698,98.56666666666666,10.1,-0.3000000000000007,10.200000000000001,8.63,0.120000000000001,8.733333333333334,10.38,-0.33999999999999986,10.430000000000001,2043.6,0.7245305337867824,12.551632979016357,2029.2333333333336,,,,,,,,0.0,,0.0,0.0,,,,,8.63,0.120000000000001,8.733333333333334,10.38,-0.33999999999999986,10.430000000000001
1983-06-01,us,,,,99.4,0.20161290322580072,2.4742268041237248,99.13333333333333,99.2,0.30333670374114163,3.2258064516129226,98.89999999999999,10.1,-0.20000000000000107,10.133333333333333,8.98,0.21000000000000085,8.803333333333333,10.85,0.33999999999999986,10.543333333333335,2053.8,0.49911920140928157,12.463038002409377,2042.1000000000001,,,,,,,,0.0,,0.0,0.0,,,,,8.98,0.21000000000000085,8.803333333333333,10.85,0.33999999999999986,10.543333333333335
1983-07-01,us,,,,99.8,0.4024144869215096,2.358974358974364,99.46666666666665,99.8,0.6048387096774244,3.205791106514999,99.3,9.4,-0.7999999999999989,9.866666666666667,9.37,0.5699999999999985,8.993333333333332,11.38,0.9800000000000004,10.87,2064.9,0.5404615834063708,12.737497270146324,2054.1,,,,,,,,0.0,,0.0,0.0,,,,,9.37,0.5699999999999985,8.993333333333332,11.38,0.9800000000000004,10.87
1983-08-01,us,,,,100.1,0.30060120240480437,2.456499488229258,99.76666666666667,100.1,0.30060120240480437,3.0895983522142068,99.69999999999999,9.5,-0.5999999999999996,9.666666666666666,9.56,0.9299999999999997,9.303333333333333,11.85,1.4699999999999989,11.36,2073.9,0.43585645793984273,12.400411901793952,2064.2000000000003,,,,,,,,0.0,,0.0,0.0,,,,,9.56,0.9299999999999997,9.303333333333333,11.85,1.4699999999999989,11.36
1983-09-01,us,,,,100.4,0.29970029970030065,2.763561924257929,100.10000000000001,100.5,0.3996003996004083,3.3950617283950546,100.13333333333333,9.2,-0.9000000000000004,9.366666666666667,9.45,0.46999999999999886,9.459999999999999,11.65,0.8000000000000007,11.626666666666665,2083.0,0.438786826751536,12.091696712048638,2073.9333333333334,,,,,,,,0.0,,0.0,0.0,,,,,9.45,0.46999999999999886,9.459999999999999,11.65,0.8000000000000007,11.626666666666665
1983-10-01,us,,,,100.8,0.3984063745019917,2.752293577981657,100.43333333333332,101.0,0.4975124378109541,3.589743589743599,100.53333333333332,8.8,-0.5999999999999996,9.166666666666668,9.48,0.11000000000000121,9.496666666666666,11.54,0.15999999999999837,11.68,2098.8,0.7585213634181631,12.271317000106997,2085.233333333333,,,,,,,,0.0,,0.0,0.0,,,,,9.48,0.11000000000000121,9.496666666666666,11.54,0.15999999999999837,11.68
1983-11-01,us,,,,101.1,0.29761904761904656,3.1632653061224536,100.76666666666667,101.5,0.4950495049504955,4.316546762589923,101.0,8.5,-1.0,8.833333333333334,9.34,-0.22000000000000064,9.423333333333334,11.69,-0.16000000000000014,11.626666666666665,2111.9,0.624166190203912,12.13231390039291,2097.9,,,,,,,,0.0,,0.0,0.0,,,,,9.34,-0.22000000000000064,9.423333333333334,11.69,-0.16000000000000014,11.626666666666665
1983-12-01,us,,,,101.4,0.29673590504453173,3.7871033776867957,101.09999999999998,101.8,0.2955665024630516,4.732510288065828,101.43333333333332,8.3,-0.8999999999999986,8.533333333333335,9.47,0.02000000000000135,9.43,11.83,0.17999999999999972,11.686666666666667,2123.4,0.5445333585870626,11.411931371005824,2111.366666666667,,,,,,,,0.0,,0.0,0.0,,,,,9.47,0.02000000000000135,9.43,11.83,0.17999999999999972,11.686666666666667
1984-01-01,us,,,,102.1,0.6903353057199135,4.290091930541351,101.53333333333335,102.5,0.6876227897838927,5.020491803278704,101.93333333333332,8.0,-0.8000000000000007,8.266666666666667,9.56,0.08000000000000007,9.456666666666667,11.67,0.13000000000000078,11.729999999999999,2138.0,0.687576528209477,9.115035214861678,2124.4333333333334,,,,,,,,0.0,,0.0,0.0,,,,,9.56,0.08000000000000007,9.456666666666667,11.67,0.13000000000000078,11.729999999999999
1984-02-01,us,,,,102.6,0.48971596474045587,4.693877551020398,102.03333333333335,102.8,0.29268292682926855,4.8979591836734615,102.36666666666666,7.8,-0.7000000000000002,8.033333333333335,9.59,0.25,9.540000000000001,11.84,0.15000000000000036,11.780000000000001,2158.2,0.9448082319925,8.088345770521354,2139.8666666666663,,,,,,,,0.0,,0.0,0.0,,,,,9.59,0.25,9.540000000000001,11.84,0.15000000000000036,11.780000000000001
1984-03-01,us,,,,102.9,0.29239766081872176,4.892966360856277,102.53333333333335,103.2,0.3891050583657574,5.0916496945010215,102.83333333333333,7.8,-0.5000000000000009,7.866666666666667,9.91,0.4399999999999995,9.686666666666666,12.32,0.4900000000000002,11.943333333333333,2175.3,0.7923269391159504,7.9446208813021,2157.1666666666665,,,,,,,,0.0,,0.0,0.0,,,,,9.91,0.4399999999999995,9.686666666666666,12.32,0.4900000000000002,11.943333333333333
1984-04-01,us,,,,103.3,0.38872691933915515,4.5546558704453455,102.93333333333334,103.7,0.4844961240310086,5.1724137931034475,103.23333333333333,7.7,-0.2999999999999998,7.766666666666667,10.29,0.7299999999999986,9.93,12.63,0.9600000000000009,12.263333333333334,2192.1,0.7723072679630238,8.043767558775672,2175.2000000000003,,,,,,,,0.0,,0.0,0.0,,,,,10.29,0.7299999999999986,9.93,12.63,0.9600000000000009,12.263333333333334
1984-05-01,us,,,,103.5,0.1936108422071703,4.3346774193548265,103.23333333333333,104.1,0.38572806171648377,5.257836198179966,103.66666666666667,7.4,-0.39999999999999947,7.633333333333334,10.32,0.7300000000000004,10.173333333333334,13.41,1.5700000000000003,12.786666666666667,2204.8,0.579353131700211,7.888040712468203,2190.7333333333336,,,,,,,,0.0,,0.0,0.0,,,,,10.32,0.7300000000000004,10.173333333333334,13.41,1.5700000000000003,12.786666666666667
1984-06-01,us,,,,103.7,0.19323671497584183,4.325955734406439,103.5,104.5,0.3842459173871271,5.3427419354838745,104.10000000000001,7.2,-0.5999999999999996,7.4333333333333345,11.06,1.1500000000000004,10.556666666666667,13.56,1.2400000000000002,13.200000000000001,2215.6,0.4898403483309055,7.878079657220738,2204.1666666666665,,,,,,,,0.0,,0.0,0.0,,,,,11.06,1.1500000000000004,10.556666666666667,13.56,1.2400000000000002,13.200000000000001
1984-07-01,us,,,,104.1,0.38572806171648377,4.308617234468937,103.76666666666665,105.0,0.4784688995215225,5.210420841683372,104.53333333333332,7.5,-0.20000000000000018,7.366666666666667,11.23,0.9400000000000013,10.87,13.36,0.7299999999999986,13.443333333333333,2223.6,0.3610760064993723,7.685602208339382,2214.6666666666665,,,,,,,,0.0,,0.0,0.0,,,,,11.23,0.9400000000000013,10.87,13.36,0.7299999999999986,13.443333333333333
1984-08-01,us,,,,104.4,0.2881844380403509,4.295704295704317,104.06666666666666,105.4,0.3809523809523929,5.294705294705304,104.96666666666665,7.5,0.09999999999999964,7.400000000000001,11.64,1.3200000000000003,11.31,12.72,-0.6899999999999995,13.213333333333333,2230.2,0.2968159740960541,7.536525386952109,2223.133333333333,,,,,,,,0.0,,0.0,0.0,,,,,11.64,1.3200000000000003,11.31,12.72,-0.6899999999999995,13.213333333333333
1984-09-01,us,,,,104.7,0.2873563218390718,4.2828685258964105,104.39999999999999,105.8,0.3795066413662118,5.273631840796011,105.39999999999999,7.3,0.09999999999999964,7.433333333333334,11.3,0.2400000000000002,11.39,12.52,-1.040000000000001,12.866666666666665,2244.2,0.6277463904582614,7.738838214114252,2232.6666666666665,,,,,,,,0.0,,0.0,0.0,,,,,11.3,0.2400000000000002,11.39,12.52,-1.040000000000001,12.866666666666665
1984-10-01,us,,,,105.1,0.3820439350525229,4.265873015873023,104.73333333333333,106.2,0.3780718336483968,5.148514851485153,105.8,7.4,-0.09999999999999964,7.400000000000001,9.99,-1.2400000000000002,10.976666666666668,12.16,-1.1999999999999993,12.466666666666667,2258.4,0.6327421798413724,7.604345340194385,2244.2666666666664,,,,,,,,0.0,,0.0,0.0,,,,,9.99,-1.2400000000000002,10.976666666666668,12.16,-1.1999999999999993,12.466666666666667
1984-11-01,us,,,,105.3,0.19029495718363432,4.154302670623156,105.03333333333335,106.4,0.18832391713747842,4.827586206896561,106.13333333333333,7.2,-0.2999999999999998,7.300000000000001,9.43,-2.210000000000001,10.24,11.57,-1.1500000000000004,12.083333333333334,2280.9,0.9962805526036123,8.002272834888014,2261.1666666666665,,,,,,,,0.0,,0.0,0.0,,,,,9.43,-2.210000000000001,10.24,11.57,-1.1500000000000004,12.083333333333334
1984-12-01,us,,,,105.5,0.18993352326686086,4.043392504930954,105.3,106.8,0.3759398496240518,4.911591355599221,106.46666666666665,7.3,0.0,7.300000000000001,8.38,-2.92,9.266666666666667,11.5,-1.0199999999999996,11.743333333333334,2306.3,1.1135955105440853,8.613544315720079,2281.866666666667,,,,,,,,0.0,,0.0,0.0,,,,,8.38,-2.92,9.266666666666667,11.5,-1.0199999999999996,11.743333333333334
1985-01-01,us,,,,105.7,0.18957345971564177,3.52595494613126,105.5,107.1,0.2808988764045006,4.4878048780487845,106.76666666666665,7.3,-0.10000000000000053,7.266666666666668,8.35,-1.6400000000000006,8.72,11.38,-0.7799999999999994,11.483333333333334,2332.1,1.118674933876762,9.078578110383528,2306.4333333333334,,,,,,,,0.0,,0.0,0.0,,,,,8.35,-1.6400000000000006,8.72,11.38,-0.7799999999999994,11.483333333333334
1985-02-01,us,,,,106.3,0.5676442762535316,3.6062378167641462,105.83333333333333,107.7,0.5602240896358524,4.76653696498055,107.19999999999999,7.2,0.0,7.266666666666667,8.5,-0.9299999999999997,8.41,11.51,-0.0600000000000005,11.463333333333333,2353.9,0.9347798121864592,9.067741636548998,2330.7666666666664,,,,,,,,0.0,,0.0,0.0,,,,,8.5,-0.9299999999999997,8.41,11.51,-0.0600000000000005,11.463333333333333
1985-03-01,us,,,,106.8,0.470366886171214,3.790087463556846,106.26666666666667,108.1,0.3714020427112219,4.748062015503862,107.63333333333333,7.2,-0.09999999999999964,7.233333333333334,8.58,0.1999999999999993,8.476666666666667,11.86,0.35999999999999943,11.583333333333334,2366.3,0.5267853349760099,8.78039810600837,2350.766666666667,,,,,,,,0.0,,0.0,0.0,,,,,8.58,0.1999999999999993,8.476666666666667,11.86,0.35999999999999943,11.583333333333334
1985-04-01,us,,,,107.0,0.18726591760300781,3.581800580832528,106.7,108.4,0.2775208140610719,4.532304725168768,108.06666666666666,7.3,0.0,7.233333333333334,8.27,-0.08000000000000007,8.450000000000001,11.43,0.049999999999998934,11.6,2375.8,0.40147065038245167,8.380092149080799,2365.3333333333335,,,,,,,,0.0,,0.0,0.0,,,,,8.27,-0.08000000000000007,8.450000000000001,11.43,0.049999999999998934,11.6
1985-05-01,us,,,,107.2,0.18691588785046953,3.5748792270531515,107.0,108.8,0.36900369003689537,4.514889529298749,108.43333333333332,7.2,0.0,7.233333333333334,7.97,-0.5300000000000002,8.273333333333333,10.85,-0.6600000000000001,11.38,2390.4,0.6145298425793477,8.417997097242381,2377.5000000000005,,,,,,,,0.0,,0.0,0.0,,,,,7.97,-0.5300000000000002,8.273333333333333,10.85,-0.6600000000000001,11.38
1985-06-01,us,,,,107.5,0.2798507462686617,3.6644165863066513,107.23333333333333,109.1,0.27573529411764053,4.401913875598074,108.76666666666665,7.4,0.20000000000000018,7.300000000000001,7.53,-1.0499999999999998,7.923333333333335,10.16,-1.6999999999999993,10.813333333333333,2413.3,0.9579986613119207,8.92309081061564,2393.166666666667,,,,,,,,0.0,,0.0,0.0,,,,,7.53,-1.0499999999999998,7.923333333333335,10.16,-1.6999999999999993,10.813333333333333
1985-07-01,us,,,,107.7,0.18604651162790198,3.458213256484166,107.46666666666665,109.4,0.2749770852429112,4.190476190476189,109.09999999999998,7.4,0.10000000000000053,7.333333333333333,7.88,-0.3899999999999997,7.793333333333333,10.31,-1.1199999999999992,10.44,2429.6,0.675423693697419,9.264256161180073,2411.1000000000004,,,,,,,,0.0,,0.0,0.0,,,,,7.88,-0.3899999999999997,7.793333333333333,10.31,-1.1199999999999992,10.44
1985-08-01,us,,,,107.9,0.18570102135562205,3.3524904214559337,107.7,109.8,0.3656307129798808,4.174573055028463,109.43333333333332,7.1,-0.10000000000000053,7.300000000000001,7.9,-0.0699999999999994,7.7700000000000005,10.33,-0.5199999999999996,10.266666666666666,2443.9,0.5885742509055047,9.582100260066383,2428.9333333333334,,,,,,,,0.0,,0.0,0.0,,,,,7.9,-0.0699999999999994,7.7700000000000005,10.33,-0.5199999999999996,10.266666666666666
1985-09-01,us,,,,108.1,0.1853568118628246,3.2473734479465,107.89999999999999,110.0,0.18214936247722413,3.969754253308122,109.73333333333333,7.1,-0.3000000000000007,7.2,7.92,0.3899999999999997,7.8999999999999995,10.37,0.20999999999999908,10.336666666666668,2456.2,0.5032939154629767,9.446573389181001,2443.233333333333,,,,,,,,0.0,,0.0,0.0,,,,,7.92,0.3899999999999997,7.8999999999999995,10.37,0.20999999999999908,10.336666666666668
1985-10-01,us,,,,108.5,0.37002775208141436,3.2350142721217834,108.16666666666667,110.5,0.454545454545463,4.048964218455731,110.09999999999998,7.1,-0.3000000000000007,7.1,7.99,0.11000000000000032,7.936666666666667,10.24,-0.07000000000000028,10.313333333333333,2467.6,0.46413158537579324,9.263195182430039,2455.9,,,,,,,,0.0,,0.0,0.0,,,,,7.99,0.11000000000000032,7.936666666666667,10.24,-0.07000000000000028,10.313333333333333
1985-11-01,us,,,,109.0,0.4608294930875667,3.5137701804368593,108.53333333333332,111.1,0.5429864253393646,4.417293233082686,110.53333333333332,7.0,-0.09999999999999964,7.066666666666667,8.05,0.15000000000000036,7.986666666666667,9.78,-0.5500000000000007,10.13,2477.3,0.3930945047819767,8.61063615239599,2467.0333333333333,,,,,,,,0.0,,0.0,0.0,,,,,8.05,0.15000000000000036,7.986666666666667,9.78,-0.5500000000000007,10.13
1985-12-01,us,,,,109.5,0.4587155963302836,3.791469194312791,109.0,111.4,0.27002700270029045,4.307116104868913,111.0,7.0,-0.09999999999999964,7.033333333333334,8.27,0.34999999999999964,8.103333333333333,9.26,-1.1099999999999994,9.76,2492.0,0.5933879627013194,8.05185795429908,2478.9666666666667,,,,,,,,0.0,,0.0,0.0,,,,,8.27,0.34999999999999964,8.103333333333333,9.26,-1.1099999999999994,9.76
1986-01-01,us,,,,109.9,0.36529680365298134,3.9735099337748325,109.46666666666668,111.9,0.4488330341113178,4.481792717086841,111.46666666666665,6.7,-0.39999999999999947,6.900000000000001,8.14,0.15000000000000036,8.153333333333334,9.19,-1.0500000000000007,9.409999999999998,2501.6,0.3852327447833037,7.268127438789085,2490.2999999999997,,,,,,,,0.0,,0.0,0.0,,,,,8.14,0.15000000000000036,8.153333333333334,9.19,-1.0500000000000007,9.409999999999998
1986-02-01,us,,,,109.7,-0.18198362147406888,3.19849482596426,109.7,112.2,0.2680965147453085,4.178272980501396,111.83333333333333,7.2,0.20000000000000018,6.966666666666668,7.86,-0.1900000000000004,8.09,8.7,-1.08,9.049999999999999,2512.5,0.43572113847138993,6.737754365096227,2502.0333333333333,,,,,,,,0.0,,0.0,0.0,,,,,7.86,-0.1900000000000004,8.09,8.7,-1.08,9.049999999999999
1986-03-01,us,,,,109.1,-0.5469462169553352,2.1535580524344455,109.56666666666668,112.5,0.2673796791443861,4.070305272895469,112.2,7.2,0.20000000000000018,7.033333333333334,7.48,-0.7899999999999991,7.826666666666667,7.78,-1.4799999999999995,8.556666666666667,2533.1,0.819900497512438,7.048979419346657,2515.7333333333336,,,,,,,,0.0,,0.0,0.0,,,,,7.48,-0.7899999999999991,7.826666666666667,7.78,-1.4799999999999995,8.556666666666667
1986-04-01,us,,,,108.7,-0.36663611365719273,1.5887850467289688,109.16666666666667,112.9,0.3555555555555534,4.151291512915134,112.53333333333335,7.1,0.39999999999999947,7.166666666666668,6.99,-1.1500000000000004,7.443333333333334,7.3,-1.8899999999999997,7.926666666666667,2558.1,0.9869330069874893,7.673204815220114,2534.5666666666666,,,,,,,,0.0,,0.0,0.0,,,,,6.99,-1.1500000000000004,7.443333333333334,7.3,-1.8899999999999997,7.926666666666667
1986-05-01,us,,,,109.0,0.2759889604415866,1.679104477611948,108.93333333333334,113.1,0.1771479185119551,3.952205882352944,112.83333333333333,7.2,0.0,7.166666666666667,6.85,-1.0100000000000007,7.1066666666666665,7.71,-0.9899999999999993,7.596666666666667,2585.7,1.0789257652163764,8.170180722891551,2558.9666666666667,,,,,,,,0.0,,0.0,0.0,,,,,6.85,-1.0100000000000007,7.1066666666666665,7.71,-0.9899999999999993,7.596666666666667
1986-06-01,us,,,,109.4,0.3669724770642313,1.7674418604651132,109.03333333333335,113.4,0.2652519893899363,3.9413382218148607,113.13333333333333,7.2,0.0,7.166666666666668,6.92,-0.5600000000000005,6.920000000000001,7.8,0.019999999999999574,7.603333333333333,2605.7,0.7734849363808749,7.972485807815,2583.1666666666665,,,,,,,,0.0,,0.0,0.0,,,,,6.92,-0.5600000000000005,6.920000000000001,7.8,0.019999999999999574,7.603333333333333
1986-07-01,us,,,,109.5,0.0914076782449591,1.671309192200554,109.30000000000001,113.8,0.3527336860670083,4.021937842778778,113.43333333333332,7.0,-0.09999999999999964,7.133333333333334,6.56,-0.4300000000000006,6.776666666666666,7.3,0.0,7.603333333333333,2626.6,0.8020877307441499,8.10833058939744,2606.0,,,,,,,,0.0,,0.0,0.0,,,,,6.56,-0.4300000000000006,6.776666666666666,7.3,0.0,7.603333333333333
1986-08-01,us,,,,109.6,0.09132420091324533,1.575532900834098,109.5,114.2,0.35149384885764245,4.007285974499086,113.8,6.9,-0.2999999999999998,7.033333333333334,6.17,-0.6799999999999997,6.55,7.17,-0.54,7.423333333333333,2646.5,0.7576334424731712,8.29002823356111,2626.2666666666664,,,,,,,,0.0,,0.0,0.0,,,,,6.17,-0.6799999999999997,6.55,7.17,-0.54,7.423333333333333
1986-09-01,us,,,,110.0,0.36496350364965124,1.757631822386685,109.69999999999999,114.6,0.3502626970227629,4.181818181818175,114.19999999999999,7.0,-0.20000000000000018,6.966666666666668,5.89,-1.0300000000000002,6.206666666666666,7.45,-0.34999999999999964,7.3066666666666675,2667.9,0.8086151520876772,8.619004967022237,2647.0,,,,,,,,0.0,,0.0,0.0,,,,,5.89,-1.0300000000000002,6.206666666666666,7.45,-0.34999999999999964,7.3066666666666675
1986-10-01,us,,,,110.2,0.1818181818181941,1.5668202764977046,109.93333333333332,115.0,0.3490401396160525,4.072398190045257,114.59999999999998,7.0,0.0,6.966666666666668,5.85,-0.71,5.97,7.43,0.1299999999999999,7.349999999999999,2687.1,0.7196671539412947,8.895282865942612,2667.1666666666665,,,,,,,,0.0,,0.0,0.0,,,,,5.85,-0.71,5.97,7.43,0.1299999999999999,7.349999999999999
1986-11-01,us,,,,110.4,0.1814882032667997,1.2844036697247763,110.2,115.3,0.2608695652173809,3.7803780378037777,114.96666666666665,6.9,0.0,6.966666666666668,6.04,-0.1299999999999999,5.926666666666667,7.25,0.08000000000000007,7.376666666666668,2701.0,0.5172862937739664,9.02999233035966,2685.3333333333335,,,,,,,,0.0,,0.0,0.0,,,,,6.04,-0.1299999999999999,5.926666666666667,7.25,0.08000000000000007,7.376666666666668
1986-12-01,us,,,,110.8,0.36231884057971175,1.187214611872145,110.46666666666668,115.6,0.2601908065914982,3.7701974865349985,115.3,6.6,-0.40000000000000036,6.833333333333333,6.91,1.0200000000000005,6.266666666666666,7.11,-0.33999999999999986,7.263333333333333,2728.0,0.9996297667530518,9.47030497592296,2705.366666666667,,,,,,,,0.0,,0.0,0.0,,,,,6.91,1.0200000000000005,6.266666666666666,7.11,-0.33999999999999986,7.263333333333333
1987-01-01,us,,,,111.4,0.5415162454873723,1.364877161055511,110.86666666666667,115.9,0.2595155709342656,3.574620196604106,115.59999999999998,6.6,-0.40000000000000036,6.7,6.43,0.5800000000000001,6.460000000000001,7.08,-0.34999999999999964,7.146666666666667,2743.3,0.5608504398826986,9.66181643748003,2724.1,,,,,,,,0.0,,0.0,0.0,,,,,6.43,0.5800000000000001,6.460000000000001,7.08,-0.34999999999999964,7.146666666666667
1987-02-01,us,,,,111.8,0.35906642728904536,1.9143117593436676,111.33333333333333,116.2,0.2588438308886998,3.5650623885918,115.89999999999999,6.6,-0.3000000000000007,6.6,6.1,0.05999999999999961,6.4799999999999995,7.25,0.0,7.146666666666667,2747.0,0.13487405679291076,9.333333333333327,2739.433333333333,,,,,,,,0.0,,0.0,0.0,,,,,6.1,0.05999999999999961,6.4799999999999995,7.25,0.0,7.146666666666667
1987-03-01,us,,,,112.2,0.3577817531305927,2.8414298808432603,111.8,116.6,0.344234079173833,3.64444444444445,116.23333333333333,6.6,0.0,6.6,6.13,-0.7800000000000002,6.22,7.25,0.13999999999999968,7.193333333333334,2753.5,0.23662176920276057,8.700801389601676,2747.933333333333,,,,,,,,0.0,,0.0,0.0,,,,,6.13,-0.7800000000000002,6.22,7.25,0.13999999999999968,7.193333333333334
1987-04-01,us,,,,112.7,0.4456327985739694,3.679852805887762,112.23333333333335,117.3,0.6003430531732468,3.8972542072630567,116.69999999999999,6.3,-0.2999999999999998,6.5,6.37,-0.05999999999999961,6.2,8.02,0.9399999999999995,7.506666666666667,2767.8,0.5193390230615602,8.197490324850488,2756.1000000000004,,,,,,,,0.0,,0.0,0.0,,,,,6.37,-0.05999999999999961,6.2,8.02,0.9399999999999995,7.506666666666667
1987-05-01,us,,,,113.0,0.2661934338952898,3.669724770642202,112.63333333333333,117.7,0.34100596760444635,4.0671971706454535,117.2,6.3,-0.2999999999999998,6.3999999999999995,6.85,0.75,6.45,8.61,1.3599999999999994,7.96,2773.7,0.21316569116265338,7.270758401980126,2765.0,,,,,,,,0.0,,0.0,0.0,,,,,6.85,0.75,6.45,8.61,1.3599999999999994,7.96
1987-06-01,us,,,,113.5,0.4424778761061843,3.7477148080438782,113.06666666666668,117.9,0.1699235344095218,3.9682539682539764,117.63333333333333,6.2,-0.39999999999999947,6.266666666666668,6.73,0.6000000000000005,6.650000000000001,8.4,1.1500000000000004,8.343333333333334,2775.3,0.0576846811118914,6.508807614076839,2772.266666666667,,,,,,,,0.0,,0.0,0.0,,,,,6.73,0.6000000000000005,6.650000000000001,8.4,1.1500000000000004,8.343333333333334
1987-07-01,us,,,,113.8,0.2643171806167466,3.926940639269394,113.43333333333334,118.3,0.3392705682782049,3.9543057996485054,117.96666666666665,6.1,-0.20000000000000018,6.2,6.58,0.20999999999999996,6.72,8.45,0.4299999999999997,8.486666666666666,2779.0,0.13331892047705463,5.802177720246715,2776.0,,,,,,,,0.0,,0.0,0.0,,,,,6.58,0.20999999999999996,6.72,8.45,0.4299999999999997,8.486666666666666
1987-08-01,us,,,,114.3,0.4393673110720586,4.2883211678832245,113.86666666666667,118.7,0.33812341504648735,3.9404553415061327,118.3,6.0,-0.2999999999999998,6.1000000000000005,6.73,-0.11999999999999922,6.68,8.76,0.15000000000000036,8.536666666666667,2788.3,0.3346527527887888,5.358020026450028,2780.866666666667,,,,,,,,0.0,,0.0,0.0,,,,,6.73,-0.11999999999999922,6.68,8.76,0.15000000000000036,8.536666666666667
1987-09-01,us,,,,114.7,0.34995625546807574,4.2727272727272725,114.26666666666667,119.2,0.4212299915753892,4.013961605584648,118.73333333333333,5.9,-0.2999999999999998,6.0,7.22,0.4899999999999993,6.843333333333334,9.42,1.0199999999999996,8.876666666666667,2799.6,0.40526485672272017,4.936466884066104,2788.9666666666667,,,,,,,,0.0,,0.0,0.0,,,,,7.22,0.4899999999999993,6.843333333333334,9.42,1.0199999999999996,8.876666666666667
1987-10-01,us,,,,115.0,0.2615518744550904,4.355716878402904,114.66666666666667,119.8,0.503355704697972,4.17391304347825,119.23333333333333,6.0,-0.09999999999999964,5.966666666666668,7.29,0.71,7.080000000000001,9.52,1.0700000000000003,9.233333333333333,2814.7,0.5393627661094413,4.748613747162356,2800.8666666666663,,,,,,,,0.0,,0.0,0.0,,,,,7.29,0.71,7.080000000000001,9.52,1.0700000000000003,9.233333333333333
1987-11-01,us,,,,115.4,0.3478260869565375,4.528985507246386,115.03333333333335,120.1,0.25041736227044975,4.163052905464015,119.7,5.8,-0.20000000000000018,5.900000000000001,6.69,-0.040000000000000036,7.066666666666666,8.86,0.09999999999999964,9.266666666666666,2818.9,0.14921661278290976,4.365049981488345,2811.066666666667,,,,,,,,0.0,,0.0,0.0,,,,,6.69,-0.040000000000000036,7.066666666666666,8.86,0.09999999999999964,9.266666666666666
1987-12-01,us,,,,115.6,0.17331022530329143,4.332129963898912,115.33333333333333,120.4,0.24979184013322886,4.152249134948116,120.09999999999998,5.7,-0.20000000000000018,5.833333333333333,6.77,-0.4500000000000002,6.916666666666667,8.99,-0.4299999999999997,9.123333333333333,2826.7,0.2767036787399313,3.6180351906158315,2820.1,,,,,,,,0.0,,0.0,0.0,,,,,6.77,-0.4500000000000002,6.916666666666667,8.99,-0.4299999999999997,9.123333333333333
1988-01-01,us,,,,116.0,0.34602076124568004,4.129263913824044,115.66666666666667,120.9,0.41528239202657247,4.3140638481449445,120.46666666666665,5.7,-0.2999999999999998,5.733333333333334,6.83,-0.45999999999999996,6.763333333333333,8.67,-0.8499999999999996,8.840000000000002,2846.9,0.7146142144550227,3.776473590201568,2830.8333333333335,,,,,,,,0.0,,0.0,0.0,,,,,6.83,-0.45999999999999996,6.763333333333333,8.67,-0.8499999999999996,8.840000000000002
1988-02-01,us,,,,116.2,0.17241379310344307,3.9355992844364973,115.93333333333332,121.2,0.2481389578163684,4.302925989672968,120.83333333333333,5.7,-0.09999999999999964,5.7,6.58,-0.11000000000000032,6.726666666666667,8.21,-0.6499999999999986,8.623333333333335,2869.6,0.797358530331227,4.463050600655261,2847.7333333333336,,,,,,,,0.0,,0.0,0.0,,,,,6.58,-0.11000000000000032,6.726666666666667,8.21,-0.6499999999999986,8.623333333333335
1988-03-01,us,,,,116.5,0.2581755593803692,3.832442067736186,116.23333333333335,121.7,0.4125412541254203,4.373927958833623,121.26666666666665,5.7,0.0,5.7,6.58,-0.1899999999999995,6.663333333333333,8.37,-0.620000000000001,8.416666666666666,2890.2,0.7178700864231891,4.964590521154877,2868.8999999999996,,,,,,,,0.0,,0.0,0.0,,,,,6.58,-0.1899999999999995,6.663333333333333,8.37,-0.620000000000001,8.416666666666666
1988-04-01,us,,,,117.2,0.6008583690987113,3.9929015084294583,116.63333333333334,122.3,0.49301561216104073,4.262574595055413,121.73333333333333,5.4,-0.2999999999999998,5.600000000000001,6.87,0.040000000000000036,6.676666666666667,8.72,0.05000000000000071,8.433333333333332,2910.4,0.6989135699951632,5.152106366066911,2890.066666666667,,,,,,,,0.0,,0.0,0.0,,,,,6.87,0.040000000000000036,6.676666666666667,8.72,0.05000000000000071,8.433333333333332
1988-05-01,us,,,,117.5,0.25597269624573205,3.9823008849557473,117.06666666666666,122.7,0.3270645952575757,4.248088360237889,122.23333333333333,5.6,-0.10000000000000053,5.566666666666667,7.09,0.5099999999999998,6.846666666666667,9.09,0.879999999999999,8.726666666666667,2926.6,0.5566245189664532,5.512492338753283,2909.066666666666,,,,,,,,0.0,,0.0,0.0,,,,,7.09,0.5099999999999998,6.846666666666667,9.09,0.879999999999999,8.726666666666667
1988-06-01,us,,,,118.0,0.42553191489360653,3.96475770925111,117.56666666666666,123.2,0.4074979625101838,4.495335029686176,122.73333333333333,5.4,-0.2999999999999998,5.466666666666668,7.51,0.9299999999999997,7.156666666666666,8.92,0.5500000000000007,8.91,2939.0,0.4236998564887573,5.898461427593404,2925.3333333333335,,,,,,,,0.0,,0.0,0.0,,,,,7.51,0.9299999999999997,7.156666666666666,8.92,0.5500000000000007,8.91
1988-07-01,us,,,,118.5,0.4237288135593209,4.130052724077338,118.0,123.6,0.32467532467532756,4.480135249366013,123.16666666666667,5.4,0.0,5.466666666666668,7.75,0.8799999999999999,7.45,9.06,0.33999999999999986,9.023333333333333,2947.2,0.2790064647839374,6.052536883771142,2937.6,,,,,,,,0.0,,0.0,0.0,,,,,7.75,0.8799999999999999,7.45,9.06,0.33999999999999986,9.023333333333333
1988-08-01,us,,,,119.0,0.42194092827003704,4.111986001749779,118.5,124.0,0.3236245954692629,4.465037910699232,123.60000000000001,5.6,0.0,5.466666666666668,8.01,0.9199999999999999,7.756666666666667,9.26,0.16999999999999993,9.08,2952.1,0.16625950054289795,5.874547215148995,2946.1,,,,,,,,0.0,,0.0,0.0,,,,,8.01,0.9199999999999999,7.756666666666667,9.26,0.16999999999999993,9.08
1988-09-01,us,,,,119.5,0.42016806722688926,4.184829991281602,119.0,124.7,0.5645161290322553,4.614093959731536,124.09999999999998,5.4,0.0,5.466666666666668,8.19,0.6799999999999997,7.983333333333333,8.98,0.0600000000000005,9.1,2957.2,0.1727583753937889,5.629375625089295,2952.1666666666665,,,,,,,,0.0,,0.0,0.0,,,,,8.19,0.6799999999999997,7.983333333333333,8.98,0.0600000000000005,9.1
1988-10-01,us,,,,119.9,0.33472803347280866,4.260869565217407,119.46666666666668,125.2,0.400962309542896,4.507512520868118,124.63333333333333,5.4,0.0,5.466666666666668,8.3,0.5500000000000007,8.166666666666666,8.8,-0.2599999999999998,9.013333333333334,2965.4,0.2772893277424693,5.354034177709899,2958.2333333333336,,,,,,,,0.0,,0.0,0.0,,,,,8.3,0.5500000000000007,8.166666666666666,8.8,-0.2599999999999998,9.013333333333334
1988-11-01,us,,,,120.3,0.33361134278564464,4.246100519930662,119.90000000000002,125.6,0.31948881789136685,4.579517069109085,125.16666666666667,5.3,-0.2999999999999998,5.366666666666667,8.35,0.33999999999999986,8.280000000000001,8.96,-0.29999999999999893,8.913333333333334,2980.3,0.5024617252310071,5.725637660080185,2967.633333333333,,,,,,,,0.0,,0.0,0.0,,,,,8.35,0.33999999999999986,8.280000000000001,8.96,-0.29999999999999893,8.913333333333334
1988-12-01,us,,,,120.7,0.33250207813799726,4.4117647058823595,120.30000000000001,126.0,0.31847133757962887,4.6511627906976605,125.60000000000001,5.3,-0.10000000000000053,5.333333333333335,8.76,0.5700000000000003,8.47,9.11,0.129999999999999,8.956666666666667,2988.8,0.28520618729657166,5.734602186294979,2978.1666666666665,,,,,,,,0.0,,0.0,0.0,,,,,8.76,0.5700000000000003,8.47,9.11,0.129999999999999,8.956666666666667
1989-01-01,us,,,,121.2,0.41425020712511085,4.482758620689653,120.73333333333333,126.5,0.3968253968253954,4.631927212572373,126.03333333333332,5.4,0.0,5.333333333333333,9.12,0.8199999999999985,8.743333333333332,9.09,0.28999999999999915,9.053333333333333,2991.2,0.08029978586723274,5.0686711862025335,2986.766666666667,,,,,,,,0.0,,0.0,0.0,,,,,9.12,0.8199999999999985,8.743333333333332,9.09,0.28999999999999915,9.053333333333333
1989-02-01,us,,,,121.6,0.3300330033003229,4.647160068846801,121.16666666666667,126.9,0.3162055335968361,4.702970297029707,126.46666666666665,5.2,-0.09999999999999964,5.300000000000001,9.36,1.0099999999999998,9.079999999999998,9.17,0.20999999999999908,9.123333333333333,2991.2,0.0,4.23752439364371,2990.3999999999996,,,,,,,,0.0,,0.0,0.0,,,,,9.36,1.0099999999999998,9.079999999999998,9.17,0.20999999999999908,9.123333333333333
1989-03-01,us,,,,122.2,0.49342105263159297,4.892703862660941,121.66666666666667,127.4,0.3940110323088941,4.683648315529987,126.93333333333334,5.0,-0.2999999999999998,5.2,9.85,1.0899999999999999,9.443333333333333,9.36,0.25,9.206666666666665,2998.9,0.25742177052687776,3.7609853989343467,2993.7666666666664,,,,,,,,0.0,,0.0,0.0,,,,,9.85,1.0899999999999999,9.443333333333333,9.36,0.25,9.206666666666665
1989-04-01,us,,,,123.1,0.7364975450081745,5.034129692832767,122.3,127.8,0.31397174254317317,4.497138184791494,127.36666666666667,5.2,-0.20000000000000018,5.133333333333334,9.84,0.7200000000000006,9.683333333333334,9.18,0.08999999999999986,9.236666666666666,3005.5,0.22008069625529814,3.2675920835623984,2998.533333333333,,,,,,,,0.0,,0.0,0.0,,,,,9.84,0.7200000000000006,9.683333333333334,9.18,0.08999999999999986,9.236666666666666
1989-05-01,us,,,,123.7,0.4874086108854758,5.276595744680845,123.0,128.3,0.3912363067292812,4.563977180114098,127.83333333333333,5.2,0.0,5.133333333333334,9.81,0.45000000000000107,9.833333333333334,8.86,-0.3100000000000005,9.133333333333333,3012.1,0.21959740475794298,2.9214788491765287,3005.5,,,,,,,,0.0,,0.0,0.0,,,,,9.81,0.45000000000000107,9.833333333333334,8.86,-0.3100000000000005,9.133333333333333
1989-06-01,us,,,,124.1,0.3233629749393563,5.1694915254237195,123.63333333333333,128.8,0.3897116134060852,4.545454545454541,128.3,5.3,0.2999999999999998,5.233333333333334,9.53,-0.3200000000000003,9.726666666666667,8.28,-1.08,8.773333333333332,3028.6,0.5477905780020498,3.048656005444017,3015.4,,,,,,,,0.0,,0.0,0.0,,,,,9.53,-0.3200000000000003,9.726666666666667,8.28,-1.08,8.773333333333332
1989-07-01,us,,,,124.5,0.3223207091055613,5.063291139240511,124.09999999999998,129.2,0.31055900621115295,4.53074433656957,128.76666666666668,5.2,0.0,5.233333333333334,9.24,-0.5999999999999996,9.526666666666666,8.02,-1.1600000000000001,8.386666666666667,3052.5,0.7891434986462498,3.5728827361563686,3031.066666666667,,,,,,,,0.0,,0.0,0.0,,,,,9.24,-0.5999999999999996,9.526666666666666,8.02,-1.1600000000000001,8.386666666666667
1989-08-01,us,,,,124.5,0.0,4.621848739495804,124.36666666666667,129.5,0.23219814241486336,4.435483870967749,129.16666666666666,5.2,0.0,5.233333333333334,8.99,-0.8200000000000003,9.253333333333332,8.11,-0.75,8.136666666666665,3074.6,0.7239967239967227,4.149588428576267,3051.8999999999996,,,,,,,,0.0,,0.0,0.0,,,,,8.99,-0.8200000000000003,9.253333333333332,8.11,-0.75,8.136666666666665
1989-09-01,us,,,,124.8,0.24096385542169418,4.435146443514637,124.60000000000001,129.9,0.3088803088803216,4.170008019246185,129.53333333333333,5.3,0.0,5.233333333333333,9.02,-0.5099999999999998,9.083333333333334,8.19,-0.08999999999999986,8.106666666666667,3092.9,0.5951993755285212,4.588800216420941,3073.3333333333335,,,,,,,,0.0,,0.0,0.0,,,,,9.02,-0.5099999999999998,9.083333333333334,8.19,-0.08999999999999986,8.106666666666667
1989-10-01,us,,,,125.4,0.48076923076922906,4.587155963302747,124.89999999999999,130.6,0.5388760585065322,4.313099041533541,130.0,5.3,0.09999999999999964,5.266666666666667,8.84,-0.40000000000000036,8.95,8.01,-0.009999999999999787,8.103333333333333,3114.3,0.6919072714927754,5.021245025966148,3093.933333333333,,,,,,,,0.0,,0.0,0.0,,,,,8.84,-0.40000000000000036,8.95,8.01,-0.009999999999999787,8.103333333333333
1989-11-01,us,,,,125.9,0.3987240829345984,4.655029093931851,125.36666666666667,131.1,0.3828483920367498,4.378980891719753,130.53333333333333,5.4,0.20000000000000018,5.333333333333335,8.55,-0.4399999999999995,8.803333333333333,7.87,-0.23999999999999932,8.023333333333333,3133.6,0.6197219278810451,5.143777472066557,3113.6,,,,,,,,0.0,,0.0,0.0,,,,,8.55,-0.4399999999999995,8.803333333333333,7.87,-0.23999999999999932,8.023333333333333
1989-12-01,us,,,,126.3,0.3177124702144596,4.639602319801162,125.86666666666667,131.6,0.38138825324181,4.444444444444451,131.1,5.4,0.10000000000000053,5.366666666666667,8.45,-0.5700000000000003,8.613333333333333,7.84,-0.34999999999999964,7.906666666666666,3153.4,0.6318611182027034,5.507226980728053,3133.7666666666664,,,,,,,,0.0,,0.0,0.0,,,,,8.45,-0.5700000000000003,8.613333333333333,7.84,-0.34999999999999964,7.906666666666666
1990-01-01,us,,,,127.5,0.9501187648456089,5.198019801980203,126.56666666666668,132.1,0.37993920972645423,4.426877470355728,131.6,5.4,0.10000000000000053,5.4,8.23,-0.6099999999999994,8.41,8.21,0.20000000000000107,7.973333333333334,3166.3,0.4090822604173372,5.853837924578786,3151.1,,,,,,,,0.0,,0.0,0.0,,,,,8.23,-0.6099999999999994,8.41,8.21,0.20000000000000107,7.973333333333334
1990-02-01,us,,,,128.0,0.39215686274509665,5.263157894736836,127.26666666666665,132.7,0.4542013626040786,4.570527974783278,132.13333333333333,5.3,-0.10000000000000053,5.366666666666667,8.24,-0.3100000000000005,8.306666666666667,8.47,0.6000000000000005,8.173333333333334,3178.2,0.3758329911884406,6.251671569938488,3165.9666666666667,,,,,,,,0.0,,0.0,0.0,,,,,8.24,-0.3100000000000005,8.306666666666667,8.47,0.6000000000000005,8.173333333333334
1990-03-01,us,,,,128.6,0.46874999999999556,5.237315875613735,128.03333333333333,133.5,0.6028636021100375,4.788069073783352,132.76666666666665,5.2,-0.20000000000000018,5.300000000000001,8.28,-0.16999999999999993,8.25,8.59,0.75,8.423333333333334,3189.2,0.34610785979485303,6.345660075360948,3177.9,,,,,,,,0.0,,0.0,0.0,,,,,8.28,-0.16999999999999993,8.25,8.59,0.75,8.423333333333334
1990-04-01,us,,,,128.9,0.2332814930015692,4.711616571892785,128.5,134.0,0.3745318352059934,4.851330203442883,133.39999999999998,5.4,0.0,5.300000000000001,8.26,0.02999999999999936,8.26,8.79,0.5799999999999983,8.616666666666665,3201.2,0.37626991094945605,6.511395774413575,3189.533333333333,,,,,,,,0.0,,0.0,0.0,,,,,8.26,0.02999999999999936,8.26,8.79,0.5799999999999983,8.616666666666665
1990-05-01,us,,,,129.1,0.15515903801395226,4.365400161681476,128.86666666666667,134.4,0.29850746268658135,4.754481683554168,133.96666666666667,5.4,0.10000000000000053,5.333333333333335,8.18,-0.0600000000000005,8.24,8.76,0.28999999999999915,8.713333333333331,3201.3,0.003123828564288722,6.281331961090286,3197.2333333333336,,,,,,,,0.0,,0.0,0.0,,,,,8.18,-0.0600000000000005,8.24,8.76,0.28999999999999915,8.713333333333331
1990-06-01,us,,,,129.9,0.6196746707978429,4.673650282030639,129.29999999999998,135.1,0.5208333333333259,4.891304347826075,134.5,5.2,0.0,5.333333333333335,8.29,0.009999999999999787,8.243333333333332,8.48,-0.10999999999999943,8.676666666666668,3214.6,0.4154562209102375,6.141451495740613,3205.7000000000003,,,,,,,,0.0,,0.0,0.0,,,,,8.29,0.009999999999999787,8.243333333333332,8.48,-0.10999999999999943,8.676666666666668
1990-07-01,us,,,,130.5,0.4618937644341736,4.819277108433728,129.83333333333334,135.8,0.5181347150259086,5.10835913312695,135.1,5.5,0.09999999999999964,5.366666666666667,8.15,-0.10999999999999943,8.206666666666667,8.47,-0.3199999999999985,8.57,3224.7,0.3141915012754293,5.641277641277642,3213.5333333333333,,,,,,,,0.0,,0.0,0.0,,,,,8.15,-0.10999999999999943,8.206666666666667,8.47,-0.3199999999999985,8.57
1990-08-01,us,,,,131.6,0.8429118773946254,5.702811244979911,130.66666666666666,136.6,0.589101620029453,5.4826254826254806,135.83333333333334,5.7,0.2999999999999998,5.466666666666668,8.13,-0.049999999999998934,8.19,8.75,-0.009999999999999787,8.566666666666666,3242.1,0.5395850776816369,5.447863136668185,3227.133333333333,,,,,,,,0.0,,0.0,0.0,,,,,8.13,-0.049999999999998934,8.19,8.75,-0.009999999999999787,8.566666666666666
1990-09-01,us,,,,132.5,0.6838905775075954,6.169871794871806,131.53333333333333,137.1,0.36603221083455484,5.54272517321015,136.5,5.9,0.7000000000000002,5.7,8.2,-0.08999999999999986,8.159999999999998,8.89,0.41000000000000014,8.703333333333333,3254.7,0.3886369945405699,5.23133628633321,3240.5,,,,,,,,0.0,,0.0,0.0,,,,,8.2,-0.08999999999999986,8.159999999999998,8.89,0.41000000000000014,8.703333333333333
1990-10-01,us,,,,133.4,0.6792452830188811,6.379585326953752,132.5,137.6,0.3646973012399801,5.359877488514542,137.1,5.9,0.40000000000000036,5.833333333333335,8.11,-0.040000000000000924,8.146666666666667,8.72,0.25,8.786666666666667,3259.2,0.13826159093004442,4.652730950775452,3252.0,,,,,,,,0.0,,0.0,0.0,,,,,8.11,-0.040000000000000924,8.146666666666667,8.72,0.25,8.786666666666667
1990-11-01,us,,,,133.7,0.2248875562218755,6.195393169181873,133.2,138.0,0.29069767441860517,5.263157894736836,137.56666666666666,6.2,0.5,6.000000000000001,7.81,-0.3200000000000012,8.04,8.39,-0.35999999999999943,8.666666666666666,3262.8,0.11045655375554464,4.123053357161099,3258.9,,,,,,,,0.0,,0.0,0.0,,,,,7.81,-0.3200000000000012,8.04,8.39,-0.35999999999999943,8.666666666666666
1990-12-01,us,,,,134.2,0.37397157816005944,6.254948535233562,133.76666666666668,138.6,0.43478260869564966,5.319148936170204,138.0666666666667,6.3,0.39999999999999947,6.133333333333334,7.31,-0.8899999999999997,7.743333333333332,8.08,-0.8100000000000005,8.396666666666667,3272.5,0.2972906705896783,3.7768757531553288,3264.8333333333335,,,,,,,,0.0,,0.0,0.0,,,,,7.31,-0.8899999999999997,7.743333333333332,8.08,-0.8100000000000005,8.396666666666667
1991-01-01,us,,,,134.7,0.37257824143070994,5.647058823529405,134.2,139.5,0.6493506493506551,5.601816805450421,138.70000000000002,6.4,0.5,6.300000000000001,6.91,-1.1999999999999993,7.343333333333334,8.09,-0.6300000000000008,8.186666666666666,3287.4,0.455309396485859,3.8246533809177974,3274.2333333333336,,,,,,,,0.0,,0.0,0.0,,,,,6.91,-1.1999999999999993,7.343333333333334,8.09,-0.6300000000000008,8.186666666666666
1991-02-01,us,,,,134.8,0.07423904974017681,5.312500000000009,134.56666666666666,140.2,0.501792114695343,5.6518462697814575,139.4333333333333,6.6,0.39999999999999947,6.433333333333334,6.25,-1.5599999999999996,6.823333333333333,7.85,-0.5400000000000009,8.006666666666666,3303.6,0.4927906552290473,3.9456296016613157,3287.8333333333335,,,,,,,,0.0,,0.0,0.0,,,,,6.25,-1.5599999999999996,6.823333333333333,7.85,-0.5400000000000009,8.006666666666666
1991-03-01,us,,,,134.8,0.0,4.821150855365497,134.76666666666668,140.5,0.21398002853068032,5.243445692883886,140.06666666666663,6.8,0.5,6.6000000000000005,6.12,-1.1899999999999995,6.426666666666667,8.11,0.02999999999999936,8.016666666666666,3321.0,0.5266981474754795,4.1326978552615135,3304.0,,,,,,,,0.0,,0.0,0.0,,,,,6.12,-1.1899999999999995,6.426666666666667,8.11,0.02999999999999936,8.016666666666666
1991-04-01,us,,,,135.1,0.2225519287833766,4.809930178432875,134.9,140.9,0.2846975088967918,5.149253731343295,140.53333333333333,6.7,0.2999999999999998,6.7,5.91,-1.0,6.093333333333334,8.04,-0.05000000000000071,7.999999999999999,3331.9,0.3282143932550552,4.082843933524938,3318.8333333333335,,,,,,,,0.0,,0.0,0.0,,,,,5.91,-1.0,6.093333333333334,8.04,-0.05000000000000071,7.999999999999999
1991-05-01,us,,,,135.6,0.37009622501851247,5.034856700232382,135.16666666666666,141.3,0.2838892831795725,5.133928571428581,140.9,6.9,0.3000000000000007,6.800000000000001,5.78,-0.46999999999999975,5.936666666666667,8.07,0.22000000000000064,8.073333333333332,3343.6,0.351150994927818,4.445069190641293,3332.1666666666665,,,,,,,,0.0,,0.0,0.0,,,,,5.78,-0.46999999999999975,5.936666666666667,8.07,0.22000000000000064,8.073333333333332
1991-06-01,us,,,,136.0,0.2949852507374784,4.695919938414161,135.56666666666666,141.8,0.35385704175512345,4.959289415247969,141.33333333333334,6.9,0.10000000000000053,6.833333333333335,5.9,-0.21999999999999975,5.863333333333333,8.28,0.16999999999999993,8.13,3352.8,0.27515253020697905,4.2991351956697565,3342.7666666666664,,,,,,,,0.0,,0.0,0.0,,,,,5.9,-0.21999999999999975,5.863333333333333,8.28,0.16999999999999993,8.13
1991-07-01,us,,,,136.2,0.14705882352941124,4.367816091954024,135.93333333333334,142.3,0.35260930888576514,4.786450662739328,141.8,6.8,0.09999999999999964,6.866666666666667,5.82,-0.08999999999999986,5.833333333333333,8.27,0.23000000000000043,8.206666666666665,3356.2,0.101407778573126,4.0778987192606975,3350.866666666667,,,,,,,,0.0,,0.0,0.0,,,,,5.82,-0.08999999999999986,5.833333333333333,8.27,0.23000000000000043,8.206666666666665
1991-08-01,us,,,,136.6,0.2936857562408246,3.7993920972644313,136.26666666666665,142.9,0.42164441321153046,4.612005856515378,142.33333333333334,6.9,0.0,6.866666666666667,5.66,-0.1200000000000001,5.793333333333334,7.9,-0.16999999999999993,8.15,3355.0,-0.0357547226029431,3.482310847907222,3354.6666666666665,,,,,,,,0.0,,0.0,0.0,,,,,5.66,-0.1200000000000001,5.793333333333334,7.9,-0.16999999999999993,8.15
1991-09-01,us,,,,137.0,0.2928257686676483,3.396226415094339,136.6,143.4,0.3498950314905436,4.595185995623652,142.86666666666667,6.9,0.0,6.866666666666667,5.45,-0.4500000000000002,5.6433333333333335,7.65,-0.629999999999999,7.94,3355.0,0.0,3.0816972378406637,3355.4,,,,,,,,0.0,,0.0,0.0,,,,,5.45,-0.4500000000000002,5.6433333333333335,7.65,-0.629999999999999,7.94
1991-10-01,us,,,,137.2,0.14598540145984717,2.8485757121439192,136.9333333333333,143.7,0.20920502092049986,4.433139534883712,143.33333333333334,7.0,0.20000000000000018,6.9333333333333345,5.21,-0.6100000000000003,5.44,7.53,-0.7399999999999993,7.6933333333333325,3360.0,0.14903129657228842,3.0927835051546504,3356.6666666666665,,,,,,,,0.0,,0.0,0.0,,,,,5.21,-0.6100000000000003,5.44,7.53,-0.7399999999999993,7.6933333333333325
1991-11-01,us,,,,137.8,0.4373177842565745,3.0665669409125185,137.33333333333334,144.2,0.3479471120389599,4.492753623188395,143.76666666666668,7.0,0.09999999999999964,6.966666666666668,4.81,-0.8500000000000005,5.156666666666666,7.42,-0.4800000000000004,7.533333333333332,3365.8,0.17261904761904923,3.1567978423439946,3360.2666666666664,,,,,,,,0.0,,0.0,0.0,,,,,4.81,-0.8500000000000005,5.156666666666666,7.42,-0.4800000000000004,7.533333333333332
1991-12-01,us,,,,138.2,0.2902757619738683,2.980625931445613,137.73333333333332,144.7,0.34674063800277377,4.401154401154406,144.2,7.3,0.39999999999999947,7.1000000000000005,4.43,-1.0200000000000005,4.816666666666666,7.09,-0.5600000000000005,7.346666666666667,3373.0,0.21391645374055912,3.0710466004583603,3366.2666666666664,,,,,,,,0.0,,0.0,0.0,,,,,4.43,-1.0200000000000005,4.816666666666666,7.09,-0.5600000000000005,7.346666666666667
1992-01-01,us,,,,138.3,0.07235890014474222,2.672605790645899,138.10000000000002,145.1,0.27643400138217533,4.014336917562722,144.66666666666666,7.3,0.2999999999999998,7.2,4.03,-1.1799999999999997,4.423333333333333,7.03,-0.5,7.18,3380.9,0.23421286688407594,2.844192979254112,3373.2333333333336,,,,,,,,0.0,,0.0,0.0,,,,,4.03,-1.1799999999999997,4.423333333333333,7.03,-0.5,7.18
1992-02-01,us,,,,138.6,0.2169197396963085,2.8189910979228294,138.36666666666665,145.4,0.2067539627842896,3.708987161198296,145.06666666666666,7.4,0.40000000000000036,7.333333333333333,4.06,-0.75,4.173333333333333,7.34,-0.08000000000000007,7.153333333333333,3399.3,0.5442337839036915,2.8968398111151483,3384.4,,,,,,,,0.0,,0.0,0.0,,,,,4.06,-0.75,4.173333333333333,7.34,-0.08000000000000007,7.153333333333333
1992-03-01,us,,,,139.1,0.3607503607503615,3.189910979228472,138.66666666666666,145.9,0.3438789546079679,3.843416370106767,145.46666666666667,7.4,0.10000000000000053,7.366666666666667,3.98,-0.44999999999999973,4.023333333333333,7.54,0.4500000000000002,7.303333333333334,3403.1,0.11178772100137735,2.4721469436916665,3394.433333333333,,,,,,,,0.0,,0.0,0.0,,,,,3.98,-0.44999999999999973,4.023333333333333,7.54,0.4500000000000002,7.303333333333334
1992-04-01,us,,,,139.4,0.21567217828901697,3.1828275351591495,139.03333333333333,146.3,0.274160383824551,3.8325053229240735,145.86666666666667,7.4,0.10000000000000053,7.4,3.73,-0.30000000000000027,3.9233333333333333,7.48,0.4500000000000002,7.453333333333333,3399.2,-0.11460139284770188,2.0198685434736907,3400.5333333333333,,,,,,,,0.0,,0.0,0.0,,,,,3.73,-0.30000000000000027,3.9233333333333333,7.48,0.4500000000000002,7.453333333333333
1992-05-01,us,,,,139.7,0.21520803443326741,3.0235988200590036,139.4,146.8,0.34176349965824304,3.8924274593064467,146.33333333333334,7.6,0.1999999999999993,7.466666666666668,3.82,-0.23999999999999977,3.8433333333333333,7.39,0.04999999999999982,7.469999999999999,3399.1,-0.002941868674977144,1.6598875463572194,3400.4666666666667,,,,,,,,0.0,,0.0,0.0,,,,,3.82,-0.23999999999999977,3.8433333333333333,7.39,0.04999999999999982,7.469999999999999
1992-06-01,us,,,,140.1,0.28632784538296097,3.0147058823529305,139.73333333333335,147.1,0.2043596730245012,3.7376586741889817,146.73333333333335,7.8,0.39999999999999947,7.6000000000000005,3.76,-0.2200000000000002,3.7699999999999996,7.26,-0.28000000000000025,7.376666666666666,3394.0,-0.1500397163955114,1.2288236697685528,3397.433333333333,,,,,,,,0.0,,0.0,0.0,,,,,3.76,-0.2200000000000002,3.7699999999999996,7.26,-0.28000000000000025,7.376666666666666
1992-07-01,us,,,,140.5,0.2855103497501732,3.1571218795888534,140.1,147.6,0.3399048266485405,3.7245256500351154,147.16666666666666,7.7,0.2999999999999998,7.7,3.25,-0.48,3.61,6.84,-0.6400000000000006,7.163333333333333,3393.9,-0.0029463759575687476,1.1232942017758152,3395.6666666666665,,,,,,,,0.0,,0.0,0.0,,,,,3.25,-0.48,3.61,6.84,-0.6400000000000006,7.163333333333333
1992-08-01,us,,,,140.8,0.2135231316725994,3.0746705710102518,140.46666666666667,147.9,0.2032520325203402,3.4989503149055246,147.53333333333333,7.6,0.0,7.7,3.3,-0.52,3.436666666666666,6.59,-0.7999999999999998,6.896666666666666,3398.7,0.14143021302925884,1.3025335320417275,3395.533333333333,,,,,,,,0.0,,0.0,0.0,,,,,3.3,-0.52,3.436666666666666,6.59,-0.7999999999999998,6.896666666666666
1992-09-01,us,,,,141.1,0.21306818181816567,2.9927007299270114,140.79999999999998,148.1,0.13522650439485862,3.2775453277545274,147.86666666666667,7.6,-0.20000000000000018,7.633333333333333,3.22,-0.5399999999999996,3.2566666666666664,6.42,-0.8399999999999999,6.616666666666666,3410.4,0.34424927178040576,1.6512667660208757,3401.0,,,,,,,,0.0,,0.0,0.0,,,,,3.22,-0.5399999999999996,3.2566666666666664,6.42,-0.8399999999999999,6.616666666666666
1992-10-01,us,,,,141.7,0.425230333097093,3.279883381924198,141.2,148.8,0.47265361242405657,3.549060542797511,148.26666666666665,7.3,-0.40000000000000036,7.5,3.1,-0.1499999999999999,3.2066666666666666,6.59,-0.25,6.533333333333332,3423.9,0.3958479943701576,1.9017857142857197,3411.0,,,,,,,,0.0,,0.0,0.0,,,,,3.1,-0.1499999999999999,3.2066666666666666,6.59,-0.25,6.533333333333332
1992-11-01,us,,,,142.1,0.2822865208186309,3.1204644412191396,141.63333333333333,149.2,0.2688172043010528,3.4674063800277377,148.70000000000002,7.4,-0.1999999999999993,7.433333333333334,3.09,-0.20999999999999996,3.1366666666666667,6.87,0.28000000000000025,6.626666666666666,3426.9,0.08761938140717795,1.815318794937304,3420.4,,,,,,,,0.0,,0.0,0.0,,,,,3.09,-0.20999999999999996,3.1366666666666667,6.87,0.28000000000000025,6.626666666666666
1992-12-01,us,,,,142.3,0.14074595355384467,2.966714905933454,142.03333333333333,149.6,0.2680965147453085,3.386316516931598,149.2,7.4,-0.1999999999999993,7.366666666666667,2.92,-0.30000000000000027,3.0366666666666666,6.77,0.34999999999999964,6.743333333333332,3425.3,-0.046689427762702795,1.5505484731692887,3425.366666666667,,,,,,,,0.0,,0.0,0.0,,,,,2.92,-0.30000000000000027,3.0366666666666666,6.77,0.34999999999999964,6.743333333333332
1993-01-01,us,,,,142.8,0.35137034434293835,3.2537960954446943,142.4,150.1,0.33422459893048817,3.4458993797381154,149.63333333333333,7.3,0.0,7.366666666666667,3.02,-0.08000000000000007,3.0100000000000002,6.6,0.009999999999999787,6.746666666666666,3418.9,-0.1868449478877765,1.1239610754532725,3423.7000000000003,,,,,,,,0.0,,0.0,0.0,,,,,3.02,-0.08000000000000007,3.0100000000000002,6.6,0.009999999999999787,6.746666666666666
1993-02-01,us,,,,143.1,0.21008403361342243,3.2467532467532534,142.73333333333332,150.6,0.3331112591605567,3.576341127922955,150.1,7.1,-0.3000000000000007,7.266666666666668,3.03,-0.06000000000000005,2.99,6.26,-0.6100000000000003,6.543333333333332,3413.8,-0.14917078592528998,0.42655840908423226,3419.3333333333335,,,,,,,,0.0,,0.0,0.0,,,,,3.03,-0.06000000000000005,2.99,6.26,-0.6100000000000003,6.543333333333332
1993-03-01,us,,,,143.3,0.13976240391335715,3.0194104960460155,143.06666666666666,150.8,0.13280212483401943,3.358464701850594,150.5,7.0,-0.40000000000000036,7.133333333333333,3.07,0.1499999999999999,3.0400000000000005,5.98,-0.7899999999999991,6.2799999999999985,3410.9,-0.08494932333470429,0.22920278569540375,3414.5333333333333,,,,,,,,0.0,,0.0,0.0,,,,,3.07,0.1499999999999999,3.0400000000000005,5.98,-0.7899999999999991,6.2799999999999985
1993-04-01,us,,,,143.8,0.34891835310537633,3.1563845050215145,143.4,151.4,0.3978779840848823,3.4859876965140035,150.9333333333333,7.1,-0.20000000000000018,7.066666666666667,2.96,-0.06000000000000005,3.0199999999999996,5.97,-0.6299999999999999,6.07,3410.7,-0.005863555073448712,0.33831489762297107,3411.7999999999997,,,,,,,,0.0,,0.0,0.0,,,,,2.96,-0.06000000000000005,3.0199999999999996,5.97,-0.6299999999999999,6.07
1993-05-01,us,,,,144.2,0.2781641168289051,3.2211882605583497,143.76666666666668,151.8,0.26420079260238705,3.4059945504087086,151.33333333333334,7.1,0.0,7.066666666666667,3.0,-0.029999999999999805,3.0100000000000002,6.04,-0.21999999999999975,5.996666666666666,3437.5,0.7857624534553187,1.1297108058015315,3419.7000000000003,,,,,,,,0.0,,0.0,0.0,,,,,3.0,-0.029999999999999805,3.0100000000000002,6.04,-0.21999999999999975,5.996666666666666
1993-06-01,us,,,,144.3,0.06934812760057696,2.9978586723768963,144.1,152.1,0.19762845849802257,3.3990482664853827,151.76666666666668,7.0,0.0,7.066666666666667,3.04,-0.029999999999999805,3.0,5.96,-0.020000000000000462,5.989999999999999,3442.7,0.15127272727271102,1.4348850913376454,3430.2999999999997,,,,,,,,0.0,,0.0,0.0,,,,,3.04,-0.029999999999999805,3.0,5.96,-0.020000000000000462,5.989999999999999
1993-07-01,us,,,,144.5,0.1386001386001201,2.8469750889679624,144.33333333333334,152.3,0.13149243918475495,3.1842818428184483,152.06666666666666,6.9,-0.1999999999999993,7.0,3.06,0.10000000000000009,3.033333333333333,5.81,-0.16000000000000014,5.9366666666666665,3441.9,-0.02323757515902969,1.4143021302925884,3440.6999999999994,,,,,,,,0.0,,0.0,0.0,,,,,3.06,0.10000000000000009,3.033333333333333,5.81,-0.16000000000000014,5.9366666666666665
1993-08-01,us,,,,144.8,0.20761245674740803,2.840909090909083,144.53333333333333,152.8,0.32829940906107247,3.313049357674114,152.4,6.8,-0.2999999999999998,6.900000000000001,3.03,0.029999999999999805,3.043333333333333,5.68,-0.3600000000000003,5.816666666666666,3445.6,0.10749876521687352,1.379939388589757,3443.3999999999996,,,,,,,,0.0,,0.0,0.0,,,,,3.03,0.029999999999999805,3.043333333333333,5.68,-0.3600000000000003,5.816666666666666
1993-09-01,us,,,,145.0,0.13812154696131174,2.7639971651311157,144.76666666666668,152.9,0.06544502617800152,3.241053342336264,152.66666666666666,6.7,-0.2999999999999998,6.800000000000001,3.09,0.04999999999999982,3.06,5.36,-0.5999999999999996,5.616666666666666,3452.6,0.20315765033667166,1.2373915083274678,3446.7000000000003,,,,,,,,0.0,,0.0,0.0,,,,,3.09,0.04999999999999982,3.06,5.36,-0.5999999999999996,5.616666666666666
1993-10-01,us,,,,145.6,0.4137931034482678,2.752293577981657,145.13333333333333,153.4,0.3270111183780289,3.0913978494623517,153.03333333333333,6.8,-0.10000000000000053,6.766666666666667,2.99,-0.06999999999999984,3.0366666666666666,5.33,-0.47999999999999954,5.456666666666666,3456.9,0.12454382204716286,0.9638131954788465,3451.7000000000003,,,,,,,,0.0,,0.0,0.0,,,,,2.99,-0.06999999999999984,3.0366666666666666,5.33,-0.47999999999999954,5.456666666666666
1993-11-01,us,,,,146.0,0.27472527472527375,2.7445460942997935,145.53333333333333,153.9,0.32594524119948787,3.1501340482573914,153.4,6.6,-0.20000000000000018,6.7,3.02,-0.009999999999999787,3.033333333333333,5.72,0.040000000000000036,5.47,3470.7,0.39920159680637557,1.2781230850039238,3460.066666666666,,,,,,,,0.0,,0.0,0.0,,,,,3.02,-0.009999999999999787,3.033333333333333,5.72,0.040000000000000036,5.47
1993-12-01,us,,,,146.3,0.205479452054802,2.8109627547435068,145.96666666666667,154.3,0.2599090318388564,3.141711229946531,153.86666666666667,6.5,-0.20000000000000018,6.633333333333334,2.96,-0.1299999999999999,2.99,5.77,0.40999999999999925,5.606666666666666,3475.0,0.12389431526782513,1.4509677984410052,3467.5333333333333,,,,,,,,0.0,,0.0,0.0,,,,,2.96,-0.1299999999999999,2.99,5.77,0.40999999999999925,5.606666666666666
1994-01-01,us,,,,146.3,0.0,2.450980392156854,146.20000000000002,154.5,0.12961762799739152,2.931379080612939,154.23333333333335,6.6,-0.20000000000000018,6.566666666666666,3.05,0.05999999999999961,3.01,5.75,0.41999999999999993,5.746666666666666,3474.8,-0.0057553956834488496,1.6350288104361121,3473.5,,,,,,,,0.0,,0.0,0.0,,,,,3.05,0.05999999999999961,3.01,5.75,0.41999999999999993,5.746666666666666
1994-02-01,us,,,,146.7,0.2734107997265811,2.515723270440251,146.4333333333333,154.8,0.1941747572815622,2.788844621513964,154.53333333333333,6.6,0.0,6.566666666666667,3.25,0.22999999999999998,3.0866666666666664,5.97,0.25,5.829999999999999,3475.1,0.008633590422468806,1.7956529380748654,3474.9666666666667,,,,,,,,0.0,,0.0,0.0,,,,,3.25,0.22999999999999998,3.0866666666666664,5.97,0.25,5.829999999999999
1994-03-01,us,,,,147.1,0.27266530334015826,2.6517794836008246,146.70000000000002,155.3,0.322997416020665,2.984084880636595,154.86666666666667,6.5,0.0,6.566666666666667,3.34,0.3799999999999999,3.213333333333333,6.48,0.7100000000000009,6.066666666666666,3479.2,0.11798221633909645,2.0024040575800983,3476.3666666666663,,,,,,,,0.0,,0.0,0.0,,,,,3.34,0.3799999999999999,3.213333333333333,6.48,0.7100000000000009,6.066666666666666
1994-04-01,us,,,,147.2,0.06798096532969478,2.364394993045882,146.99999999999997,155.5,0.12878300064391723,2.7080581241743618,155.20000000000002,6.4,-0.1999999999999993,6.5,3.56,0.5100000000000002,3.3833333333333333,6.97,1.2199999999999998,6.473333333333333,3480.5,0.03736491147390275,2.046500718327615,3478.2666666666664,,,,,,,,0.0,,0.0,0.0,,,,,3.56,0.5100000000000002,3.3833333333333333,6.97,1.2199999999999998,6.473333333333333
1994-05-01,us,,,,147.5,0.20380434782609758,2.288488210818307,147.26666666666665,155.9,0.25723472668810476,2.7009222661396493,155.5666666666667,6.1,-0.5,6.333333333333335,4.01,0.7599999999999998,3.6366666666666667,7.18,1.21,6.876666666666666,3491.4,0.3131733946272197,1.5679999999999916,3483.7000000000003,,,,,,,,0.0,,0.0,0.0,,,,,4.01,0.7599999999999998,3.6366666666666667,7.18,1.21,6.876666666666666
1994-06-01,us,,,,147.9,0.2711864406779618,2.494802494802495,147.53333333333333,156.4,0.3207184092366866,2.827087442472065,155.9333333333333,6.1,-0.40000000000000036,6.2,4.25,0.9100000000000001,3.94,7.1,0.6199999999999992,7.083333333333332,3479.8,-0.33224494472131605,1.077642548000135,3483.9,,,,,,,,0.0,,0.0,0.0,,,,,4.25,0.9100000000000001,3.94,7.1,0.6199999999999992,7.083333333333332
1994-07-01,us,,,,148.4,0.33806626098715764,2.69896193771626,147.93333333333334,156.7,0.19181585677747748,2.8890347997373444,156.33333333333334,6.1,-0.3000000000000007,6.1,4.26,0.6999999999999997,4.173333333333333,7.3,0.33000000000000007,7.1933333333333325,3488.1,0.23851945514108408,1.342281879194629,3486.433333333333,,,,,,,,0.0,,0.0,0.0,,,,,4.26,0.6999999999999997,4.173333333333333,7.3,0.33000000000000007,7.1933333333333325
1994-08-01,us,,,,149.0,0.40431266846361336,2.900552486187835,148.43333333333334,157.1,0.2552648372686761,2.814136125654443,156.73333333333332,6.0,-0.09999999999999964,6.066666666666667,4.47,0.45999999999999996,4.326666666666667,7.24,0.0600000000000005,7.213333333333334,3485.6,-0.0716722571027173,1.160900859066638,3484.5,,,,,,,,0.0,,0.0,0.0,,,,,4.47,0.45999999999999996,4.326666666666667,7.24,0.0600000000000005,7.213333333333334
1994-09-01,us,,,,149.3,0.2013422818792021,2.965517241379323,148.9,157.5,0.25461489497136114,3.00850228907783,157.1,5.9,-0.1999999999999993,6.0,4.73,0.4800000000000004,4.486666666666667,7.46,0.3600000000000003,7.333333333333332,3486.7,0.031558411751198,0.9876614725134569,3486.7999999999997,,,,,,,,0.0,,0.0,0.0,,,,,4.73,0.4800000000000004,4.486666666666667,7.46,0.3600000000000003,7.333333333333332
1994-10-01,us,,,,149.4,0.06697923643670389,2.609890109890123,149.23333333333335,157.8,0.19047619047620756,2.8683181225554133,157.46666666666667,5.8,-0.2999999999999998,5.900000000000001,4.76,0.5,4.653333333333333,7.74,0.4400000000000004,7.4799999999999995,3484.8,-0.05449278687583714,0.8070814891955269,3485.7000000000003,,,,,,,,0.0,,0.0,0.0,,,,,4.76,0.5,4.653333333333333,7.74,0.4400000000000004,7.4799999999999995
1994-11-01,us,,,,149.8,0.2677376171352108,2.602739726027403,149.5,158.2,0.25348542458807355,2.7940220922676895,157.83333333333334,5.6,-0.40000000000000036,5.766666666666668,5.29,0.8200000000000003,4.926666666666667,7.96,0.7199999999999998,7.719999999999999,3487.8,0.08608815426998095,0.49269599792549634,3486.433333333333,,,,,,,,0.0,,0.0,0.0,,,,,5.29,0.8200000000000003,4.926666666666667,7.96,0.7199999999999998,7.719999999999999
1994-12-01,us,,,,150.1,0.20026702269690944,2.597402597402576,149.76666666666668,158.3,0.06321112515803584,2.5923525599481634,158.1,5.5,-0.40000000000000036,5.633333333333333,5.45,0.7199999999999998,5.166666666666667,7.81,0.34999999999999964,7.836666666666666,3486.7,-0.031538505648265325,0.3366906474820075,3486.433333333334,,,,,,,,0.0,,0.0,0.0,,,,,5.45,0.7199999999999998,5.166666666666667,7.81,0.34999999999999964,7.836666666666666
1995-01-01,us,,,,150.5,0.26648900732844094,2.8708133971291794,150.13333333333333,159.0,0.44219835754895076,2.9126213592232997,158.5,5.6,-0.20000000000000018,5.566666666666667,5.53,0.7700000000000005,5.423333333333333,7.78,0.040000000000000036,7.849999999999999,3492.2,0.15774227779850047,0.5007482445032796,3488.8999999999996,,,,,,,,0.0,,0.0,0.0,,,,,5.53,0.7700000000000005,5.423333333333333,7.78,0.040000000000000036,7.849999999999999
1995-02-01,us,,,,150.9,0.2657807308970028,2.862985685071595,150.5,159.4,0.2515723270440251,2.9715762273901714,158.9,5.4,-0.1999999999999993,5.5,5.92,0.6299999999999999,5.633333333333333,7.47,-0.4900000000000002,7.6866666666666665,3489.2,-0.08590573277590385,0.4057437196051783,3489.366666666667,,,,,,,,0.0,,0.0,0.0,,,,,5.92,0.6299999999999999,5.633333333333333,7.47,-0.4900000000000002,7.6866666666666665
1995-03-01,us,,,,151.2,0.1988071570576455,2.7872195785180187,150.86666666666667,159.9,0.31367628607277265,2.962009014810052,159.43333333333334,5.4,-0.09999999999999964,5.466666666666668,5.98,0.5300000000000002,5.81,7.2,-0.6099999999999994,7.483333333333333,3489.9,0.020061905307811045,0.3075419636698218,3490.433333333333,,,,,,,,0.0,,0.0,0.0,,,,,5.98,0.5300000000000002,5.81,7.2,-0.6099999999999994,7.483333333333333
1995-04-01,us,,,,151.8,0.3968253968254176,3.125000000000022,151.29999999999998,160.4,0.3126954346466482,3.1511254019292556,159.9,5.8,0.20000000000000018,5.533333333333334,6.05,0.5199999999999996,5.983333333333333,7.06,-0.7200000000000006,7.243333333333332,3498.2,0.2378291641594199,0.5085476224680363,3492.433333333333,,,,,,,,0.0,,0.0,0.0,,,,,6.05,0.5199999999999996,5.983333333333333,7.06,-0.7200000000000006,7.243333333333332
1995-05-01,us,,,,152.1,0.19762845849802257,3.1186440677966054,151.70000000000002,160.7,0.18703241895261513,3.078896728672209,160.33333333333334,5.6,0.1999999999999993,5.6000000000000005,6.01,0.08999999999999986,6.013333333333333,6.63,-0.8399999999999999,6.963333333333334,3525.1,0.7689668972614472,0.9652288480265669,3504.3999999999996,,,,,,,,0.0,,0.0,0.0,,,,,6.01,0.08999999999999986,6.013333333333333,6.63,-0.8399999999999999,6.963333333333334
1995-06-01,us,,,,152.4,0.19723865877712132,3.0425963488843744,152.1,161.1,0.24891101431239182,3.0051150895140655,160.73333333333332,5.6,0.1999999999999993,5.666666666666667,6.0,0.019999999999999574,6.02,6.17,-1.0300000000000002,6.62,3549.4,0.6893421463221028,2.0001149491350123,3524.2333333333336,,,,,,,,0.0,,0.0,0.0,,,,,6.0,0.019999999999999574,6.02,6.17,-1.0300000000000002,6.62
1995-07-01,us,,,,152.6,0.1312335958005173,2.8301886792452713,152.36666666666667,161.4,0.18621973929238145,2.999361837906833,161.06666666666663,5.7,-0.09999999999999964,5.633333333333333,5.85,-0.20000000000000018,5.953333333333333,6.28,-0.7799999999999994,6.359999999999999,3567.5,0.5099453428748513,2.276310885582422,3547.3333333333335,,,,,,,,0.0,,0.0,0.0,,,,,5.85,-0.20000000000000018,5.953333333333333,6.28,-0.7799999999999994,6.359999999999999
1995-08-01,us,,,,152.9,0.1965923984272644,2.6174496644295386,152.63333333333333,161.8,0.24783147459728205,2.991725015913449,161.43333333333337,5.7,0.10000000000000053,5.666666666666668,5.74,-0.2699999999999996,5.863333333333333,6.49,-0.13999999999999968,6.313333333333333,3588.9,0.5998598458304194,2.96362175809044,3568.6,,,,,,,,0.0,,0.0,0.0,,,,,5.74,-0.2699999999999996,5.863333333333333,6.49,-0.13999999999999968,6.313333333333333
1995-09-01,us,,,,153.1,0.1308044473512071,2.54521098459477,152.86666666666667,162.2,0.24721878862792313,2.984126984126978,161.79999999999998,5.6,0.0,5.666666666666667,5.8,-0.20000000000000018,5.796666666666667,6.2,0.03000000000000025,6.323333333333333,3602.9,0.39009167154280266,3.3326641236699484,3586.433333333333,,,,,,,,0.0,,0.0,0.0,,,,,5.8,-0.20000000000000018,5.796666666666667,6.2,0.03000000000000025,6.323333333333333
1995-10-01,us,,,,153.5,0.2612671456564408,2.7443105756358666,153.16666666666666,162.7,0.30826140567201676,3.1051964512040398,162.23333333333335,5.5,-0.20000000000000018,5.6000000000000005,5.76,-0.08999999999999986,5.766666666666666,6.04,-0.2400000000000002,6.243333333333332,3614.1,0.31086069555079643,3.710399449035795,3601.9666666666667,,,,,,,,0.0,,0.0,0.0,,,,,5.76,-0.08999999999999986,5.766666666666666,6.04,-0.2400000000000002,6.243333333333332
1995-11-01,us,,,,153.7,0.13029315960910726,2.603471295060067,153.43333333333334,163.0,0.18438844499077955,3.034134007585343,162.63333333333333,5.6,-0.10000000000000053,5.566666666666667,5.8,0.05999999999999961,5.786666666666666,5.93,-0.5600000000000005,6.056666666666666,3620.4,0.17431725740848503,3.801823499053847,3612.466666666667,,,,,,,,0.0,,0.0,0.0,,,,,5.8,0.05999999999999961,5.786666666666666,5.93,-0.5600000000000005,6.056666666666666
1995-12-01,us,,,,153.9,0.13012361743658385,2.5316455696202667,153.70000000000002,163.1,0.06134969325153339,3.032217308907126,162.93333333333334,5.6,0.0,5.566666666666666,5.6,-0.20000000000000018,5.72,5.71,-0.4900000000000002,5.8933333333333335,3629.8,0.2596398188045468,4.104167264175307,3621.433333333333,,,,,,,,0.0,,0.0,0.0,,,,,5.6,-0.20000000000000018,5.72,5.71,-0.4900000000000002,5.8933333333333335
1996-01-01,us,,,,154.7,0.5198180636777128,2.7906976744185963,154.1,163.7,0.3678724708767511,2.955974842767284,163.26666666666668,5.6,0.09999999999999964,5.6,5.56,-0.20000000000000018,5.653333333333333,5.65,-0.3899999999999997,5.763333333333333,3647.4,0.48487519973552384,4.444189908939933,3632.5333333333333,,,,,,,,0.0,,0.0,0.0,,,,,5.56,-0.20000000000000018,5.653333333333333,5.65,-0.3899999999999997,5.763333333333333
1996-02-01,us,,,,155.0,0.19392372333548735,2.717031146454607,154.53333333333333,164.0,0.18326206475260953,2.8858218318695172,163.6,5.5,-0.09999999999999964,5.566666666666667,5.22,-0.5800000000000001,5.46,5.81,-0.1200000000000001,5.723333333333333,3660.8,0.36738498656576635,4.918032786885251,3646.0,,,,,,,,0.0,,0.0,0.0,,,,,5.22,-0.5800000000000001,5.46,5.81,-0.1200000000000001,5.723333333333333
1996-03-01,us,,,,155.5,0.3225806451612856,2.8439153439153486,155.0666666666667,164.4,0.24390243902439046,2.814258911819878,164.03333333333333,5.5,-0.09999999999999964,5.533333333333334,5.31,-0.29000000000000004,5.363333333333333,6.27,0.5599999999999996,5.909999999999999,3685.4,0.6719842657342712,5.601879710020352,3664.5333333333333,,,,,,,,0.0,,0.0,0.0,,,,,5.31,-0.29000000000000004,5.363333333333333,6.27,0.5599999999999996,5.909999999999999
1996-04-01,us,,,,156.1,0.38585209003214604,2.832674571805005,155.53333333333333,164.6,0.12165450121652821,2.6184538653366562,164.33333333333334,5.6,0.0,5.533333333333334,5.22,-0.33999999999999986,5.25,6.51,0.8599999999999994,6.196666666666665,3696.4,0.29847506376512456,5.665770967926376,3680.866666666667,,,,,,,,0.0,,0.0,0.0,,,,,5.22,-0.33999999999999986,5.25,6.51,0.8599999999999994,6.196666666666665
1996-05-01,us,,,,156.4,0.19218449711724261,2.827087442472065,156.0,165.0,0.2430133657351119,2.675793403858129,164.66666666666666,5.6,0.09999999999999964,5.566666666666667,5.24,0.020000000000000462,5.256666666666667,6.74,0.9300000000000006,6.506666666666667,3710.7,0.3868628936262164,5.265098862443618,3697.5,,,,,,,,0.0,,0.0,0.0,,,,,5.24,0.020000000000000462,5.256666666666667,6.74,0.9300000000000006,6.506666666666667
1996-06-01,us,,,,156.7,0.19181585677747748,2.8215223097112663,156.4,165.4,0.24242424242424399,2.669149596523912,165.0,5.3,-0.20000000000000018,5.5,5.27,-0.040000000000000036,5.243333333333333,6.91,0.6400000000000006,6.72,3723.3,0.339558573853993,4.899419620217493,3710.133333333333,,,,,,,,0.0,,0.0,0.0,,,,,5.27,-0.040000000000000036,5.243333333333333,6.91,0.6400000000000006,6.72
1996-07-01,us,,,,157.0,0.19144862795150708,2.8833551769331667,156.70000000000002,165.7,0.1813784764207904,2.664188351920682,165.36666666666667,5.5,-0.09999999999999964,5.466666666666666,5.4,0.1800000000000006,5.303333333333334,6.87,0.3600000000000003,6.839999999999999,3737.5,0.38138210727043376,4.7652417659425295,3723.8333333333335,,,,,,,,0.0,,0.0,0.0,,,,,5.4,0.1800000000000006,5.303333333333334,6.87,0.3600000000000003,6.839999999999999
1996-08-01,us,,,,157.2,0.1273885350318471,2.8122956180510084,156.96666666666667,166.0,0.18105009052504784,2.595797280593315,165.70000000000002,5.1,-0.5,5.300000000000001,5.22,-0.020000000000000462,5.296666666666666,6.64,-0.10000000000000053,6.806666666666666,3744.1,0.17658862876253067,4.324444815960327,3734.9666666666667,,,,,,,,0.0,,0.0,0.0,,,,,5.22,-0.020000000000000462,5.296666666666666,6.64,-0.10000000000000053,6.806666666666666
1996-09-01,us,,,,157.7,0.31806615776082126,3.0045721750489918,157.29999999999998,166.5,0.3012048192771122,2.6510480887792953,166.0666666666667,5.2,-0.09999999999999964,5.266666666666667,5.3,0.03000000000000025,5.3066666666666675,6.83,-0.08000000000000007,6.78,3754.2,0.26975775219679754,4.199394931860434,3745.2666666666664,,,,,,,,0.0,,0.0,0.0,,,,,5.3,0.03000000000000025,5.3066666666666675,6.83,-0.08000000000000007,6.78
1996-10-01,us,,,,158.2,0.3170577045022105,3.0618892508143203,157.69999999999996,166.8,0.18018018018017834,2.5199754148740094,166.4333333333333,5.2,-0.2999999999999998,5.166666666666667,5.24,-0.16000000000000014,5.253333333333333,6.53,-0.33999999999999986,6.666666666666667,3773.4,0.511427201534298,4.407736365900239,3757.2333333333336,,,,,,,,0.0,,0.0,0.0,,,,,5.24,-0.16000000000000014,5.253333333333333,6.53,-0.33999999999999986,6.666666666666667
1996-11-01,us,,,,158.7,0.3160556257901348,3.2530904359141077,158.20000000000002,167.2,0.23980815347719453,2.5766871165644023,166.83333333333334,5.4,0.3000000000000007,5.2666666666666675,5.31,0.08999999999999986,5.283333333333333,6.2,-0.4399999999999995,6.52,3795.5,0.585678698256209,4.836482156667765,3774.366666666667,,,,,,,,0.0,,0.0,0.0,,,,,5.31,0.08999999999999986,5.283333333333333,6.2,-0.4399999999999995,6.52
1996-12-01,us,,,,159.1,0.2520478890989386,3.378817413905133,158.66666666666666,167.4,0.11961722488038617,2.636419374616805,167.13333333333333,5.4,0.20000000000000018,5.333333333333333,5.29,-0.009999999999999787,5.28,6.3,-0.5300000000000002,6.343333333333334,3818.7,0.6112501646686752,5.20414347897955,3795.866666666667,,,,,,,,0.0,,0.0,0.0,,,,,5.29,-0.009999999999999787,5.28,6.3,-0.5300000000000002,6.343333333333334
1997-01-01,us,,,,159.4,0.18856065367693908,3.0381383322559907,159.06666666666663,167.8,0.2389486260454099,2.504581551618834,167.46666666666667,5.3,0.09999999999999964,5.366666666666667,5.25,0.009999999999999787,5.283333333333332,6.58,0.04999999999999982,6.359999999999999,3834.0,0.4006599104407371,5.115973021878606,3816.066666666667,,,,,,,,0.0,,0.0,0.0,,,,,5.25,0.009999999999999787,5.283333333333332,6.58,0.04999999999999982,6.359999999999999
1997-02-01,us,,,,159.7,0.18820577164364583,3.0322580645161246,159.4,168.1,0.17878426698449967,2.499999999999991,167.76666666666668,5.2,-0.20000000000000018,5.300000000000001,5.19,-0.11999999999999922,5.243333333333333,6.42,0.21999999999999975,6.433333333333333,3845.0,0.2869066249348018,5.0316870629370625,3832.566666666667,,,,,,,,0.0,,0.0,0.0,,,,,5.19,-0.11999999999999922,5.243333333333333,6.42,0.21999999999999975,6.433333333333333
1997-03-01,us,,,,159.8,0.06261740763933155,2.7652733118971096,159.63333333333333,168.4,0.17846519928614857,2.4330900243308973,168.1,5.2,-0.20000000000000018,5.233333333333334,5.39,0.09999999999999964,5.276666666666667,6.69,0.39000000000000057,6.563333333333333,3859.5,0.37711313394017676,4.7240462365007785,3846.1666666666665,,,,,,,,0.0,,0.0,0.0,,,,,5.39,0.09999999999999964,5.276666666666667,6.69,0.39000000000000057,6.563333333333333
1997-04-01,us,,,,159.9,0.06257822277846437,2.434336963484962,159.8,168.9,0.2969121140142583,2.6123936816524918,168.46666666666667,5.1,-0.20000000000000018,5.166666666666667,5.51,0.2599999999999998,5.363333333333333,6.89,0.3099999999999996,6.666666666666667,3875.8,0.42233449928748,4.8533708473109005,3860.1,,,,,,,,0.0,,0.0,0.0,,,,,5.51,0.2599999999999998,5.363333333333333,6.89,0.3099999999999996,6.666666666666667
1997-05-01,us,,,,159.9,0.0,2.237851662404089,159.86666666666667,169.2,0.1776198934280604,2.5454545454545396,168.83333333333334,4.9,-0.2999999999999998,5.066666666666667,5.5,0.3099999999999996,5.466666666666666,6.71,0.29000000000000004,6.763333333333333,3890.5,0.3792765364569739,4.845446950710119,3875.2666666666664,,,,,,,,0.0,,0.0,0.0,,,,,5.5,0.3099999999999996,5.466666666666666,6.71,0.29000000000000004,6.763333333333333
1997-06-01,us,,,,160.2,0.18761726078797558,2.233567326100827,160.0,169.4,0.11820330969267712,2.41837968561065,169.16666666666666,5.0,-0.20000000000000018,5.000000000000001,5.56,0.16999999999999993,5.523333333333333,6.49,-0.20000000000000018,6.696666666666665,3907.1,0.4266803752730919,4.936481078613042,3891.133333333333,,,,,,,,0.0,,0.0,0.0,,,,,5.56,0.16999999999999993,5.523333333333333,6.49,-0.20000000000000018,6.696666666666665
1997-07-01,us,,,,160.4,0.12484394506866447,2.165605095541401,160.16666666666666,169.7,0.17709563164107767,2.4140012070005934,169.43333333333334,4.9,-0.1999999999999993,4.933333333333334,5.52,0.009999999999999787,5.526666666666666,6.22,-0.6699999999999999,6.473333333333333,3924.9,0.4555808656036442,5.014046822742468,3907.5,,,,,,,,0.0,,0.0,0.0,,,,,5.52,0.009999999999999787,5.526666666666666,6.22,-0.6699999999999999,6.473333333333333
1997-08-01,us,,,,160.8,0.24937655860348684,2.2900763358778775,160.46666666666667,169.8,0.05892751915146377,2.2891566265060392,169.63333333333335,4.8,-0.10000000000000053,4.900000000000001,5.54,0.040000000000000036,5.54,6.3,-0.41000000000000014,6.336666666666666,3957.7,0.8356900812759527,5.704975828637049,3929.9,,,,,,,,0.0,,0.0,0.0,,,,,5.54,0.040000000000000036,5.54,6.3,-0.41000000000000014,6.336666666666666
1997-09-01,us,,,,161.2,0.24875621890545485,2.21940393151554,160.8,170.2,0.2355712603062221,2.2222222222222143,169.9,4.9,-0.09999999999999964,4.866666666666668,5.54,-0.019999999999999574,5.533333333333334,6.21,-0.28000000000000025,6.243333333333332,3973.7,0.40427521034944736,5.846784934207028,3952.1,,,,,,,,0.0,,0.0,0.0,,,,,5.54,-0.019999999999999574,5.533333333333334,6.21,-0.28000000000000025,6.243333333333332
1997-10-01,us,,,,161.5,0.18610421836229296,2.0859671302149163,161.16666666666666,170.6,0.2350176263219872,2.278177458033559,170.20000000000002,4.7,-0.20000000000000018,4.800000000000001,5.5,-0.019999999999999574,5.526666666666666,6.03,-0.1899999999999995,6.18,3992.7,0.47814379545512153,5.811734775003963,3974.7000000000003,,,,,,,,0.0,,0.0,0.0,,,,,5.5,-0.019999999999999574,5.526666666666666,6.03,-0.1899999999999995,6.18
1997-11-01,us,,,,161.7,0.12383900928791824,1.8903591682419618,161.46666666666667,170.8,0.11723329425556983,2.1531100478469067,170.53333333333333,4.6,-0.20000000000000018,4.733333333333334,5.52,-0.020000000000000462,5.5200000000000005,5.88,-0.41999999999999993,6.039999999999999,4015.0,0.5585192977183295,5.783164273481756,3993.7999999999997,,,,,,,,0.0,,0.0,0.0,,,,,5.52,-0.020000000000000462,5.5200000000000005,5.88,-0.41999999999999993,6.039999999999999
1997-12-01,us,,,,161.8,0.06184291898578831,1.6970458830924073,161.66666666666666,171.2,0.23419203747070405,2.270011947431283,170.86666666666667,4.7,-0.20000000000000018,4.666666666666667,5.5,-0.040000000000000036,5.506666666666667,5.81,-0.40000000000000036,5.906666666666666,4033.0,0.4483188044831943,5.6118574383952735,4013.566666666667,,,,,,,,0.0,,0.0,0.0,,,,,5.5,-0.040000000000000036,5.506666666666667,5.81,-0.40000000000000036,5.906666666666666
1998-01-01,us,,,,162.0,0.12360939431395046,1.6311166875784044,161.83333333333334,171.6,0.23364485981309802,2.264600715137055,171.19999999999996,4.6,-0.10000000000000053,4.633333333333334,5.56,0.05999999999999961,5.526666666666666,5.54,-0.4900000000000002,5.743333333333332,4055.2,0.5504587155963359,5.769431403234226,4034.3999999999996,,,,,,,,0.0,,0.0,0.0,,,,,5.56,0.05999999999999961,5.526666666666666,5.54,-0.4900000000000002,5.743333333333332
1998-02-01,us,,,,162.0,0.0,1.440200375704448,161.93333333333334,171.9,0.17482517482518833,2.2605591909577782,171.5666666666667,4.6,0.0,4.633333333333334,5.51,-0.009999999999999787,5.523333333333333,5.57,-0.3099999999999996,5.64,4087.3,0.7915762477806343,6.301690507152147,4058.5,,,,,,,,0.0,,0.0,0.0,,,,,5.51,-0.009999999999999787,5.523333333333333,5.57,-0.3099999999999996,5.64
1998-03-01,us,,,,162.0,0.0,1.3767209011263937,162.0,172.2,0.17452006980802626,2.25653206650831,171.89999999999998,4.7,0.0,4.633333333333334,5.49,-0.009999999999999787,5.52,5.65,-0.15999999999999925,5.586666666666666,4112.4,0.6140973258630167,6.552662261951014,4084.9666666666667,,,,,,,,0.0,,0.0,0.0,,,,,5.49,-0.009999999999999787,5.52,5.65,-0.15999999999999925,5.586666666666666
1998-04-01,us,,,,162.2,0.12345679012344402,1.4383989993745905,162.06666666666666,172.5,0.17421602787457413,2.131438721136769,172.20000000000002,4.3,-0.2999999999999998,4.533333333333334,5.45,-0.10999999999999943,5.483333333333334,5.64,0.09999999999999964,5.62,4138.9,0.6443925688162544,6.788275968832225,4112.866666666667,,,,,,,,0.0,,0.0,0.0,,,,,5.45,-0.10999999999999943,5.483333333333334,5.64,0.09999999999999964,5.62
1998-05-01,us,,,,162.6,0.2466091245376223,1.6885553470919357,162.26666666666665,172.9,0.2318840579710102,2.1867612293144267,172.53333333333333,4.4,-0.1999999999999993,4.466666666666668,5.49,-0.019999999999999574,5.476666666666667,5.65,0.08000000000000007,5.646666666666666,4165.9,0.6523472420208343,7.078781647603116,4139.066666666667,,,,,,,,0.0,,0.0,0.0,,,,,5.49,-0.019999999999999574,5.476666666666667,5.65,0.08000000000000007,5.646666666666666
1998-06-01,us,,,,162.8,0.12300123001232066,1.6229712858926382,162.53333333333333,173.2,0.1735106998264735,2.2432113341204207,172.86666666666665,4.5,-0.20000000000000018,4.400000000000001,5.56,0.0699999999999994,5.5,5.5,-0.15000000000000036,5.596666666666667,4185.6,0.472887011210088,7.128048936551412,4163.466666666666,,,,,,,,0.0,,0.0,0.0,,,,,5.56,0.0699999999999994,5.5,5.5,-0.15000000000000036,5.596666666666667
1998-07-01,us,,,,163.2,0.24570024570023108,1.74563591022443,162.86666666666667,173.5,0.173210161662829,2.2392457277548683,173.19999999999996,4.5,0.20000000000000018,4.466666666666668,5.54,0.08999999999999986,5.53,5.46,-0.17999999999999972,5.536666666666666,4205.4,0.4730504587155737,7.146678896277603,4185.633333333333,,,,,,,,0.0,,0.0,0.0,,,,,5.54,0.08999999999999986,5.53,5.46,-0.17999999999999972,5.536666666666666
1998-08-01,us,,,,163.4,0.1225490196078427,1.6169154228855787,163.13333333333333,174.0,0.2881844380403509,2.473498233215543,173.5666666666667,4.5,0.09999999999999964,4.5,5.55,0.05999999999999961,5.55,5.34,-0.3100000000000005,5.433333333333333,4229.3,0.5683169258572374,6.862571695681852,4206.766666666666,,,,,,,,0.0,,0.0,0.0,,,,,5.55,0.05999999999999961,5.55,5.34,-0.3100000000000005,5.433333333333333
1998-09-01,us,,,,163.5,0.0611995104039087,1.4267990074441794,163.36666666666667,174.2,0.11494252873562871,2.3501762632197387,173.9,4.6,0.09999999999999964,4.533333333333334,5.51,-0.04999999999999982,5.533333333333334,4.81,-0.6900000000000004,5.203333333333333,4268.3,0.9221384153405898,7.4137453758462035,4234.333333333333,,,,,,,,0.0,,0.0,0.0,,,,,5.51,-0.04999999999999982,5.533333333333334,4.81,-0.6900000000000004,5.203333333333333
1998-10-01,us,,,,163.9,0.24464831804280607,1.4860681114551078,163.6,174.4,0.11481056257176547,2.2274325908558046,174.20000000000002,4.5,0.0,4.533333333333334,5.07,-0.46999999999999975,5.376666666666666,4.53,-0.9299999999999997,4.893333333333333,4308.2,0.9347983974884455,7.901921005835644,4268.599999999999,,,,,,,,0.0,,0.0,0.0,,,,,5.07,-0.46999999999999975,5.376666666666666,4.53,-0.9299999999999997,4.893333333333333
1998-11-01,us,,,,164.1,0.12202562538132788,1.4842300556586308,163.83333333333334,174.8,0.2293577981651307,2.3419203747072626,174.46666666666667,4.4,-0.09999999999999964,4.500000000000001,4.83,-0.7199999999999998,5.136666666666667,4.83,-0.5099999999999998,4.723333333333333,4346.8,0.8959658325983,8.264009962640095,4307.766666666667,,,,,,,,0.0,,0.0,0.0,,,,,4.83,-0.7199999999999998,5.136666666666667,4.83,-0.5099999999999998,4.723333333333333
1998-12-01,us,,,,164.4,0.1828153564899626,1.606922126081578,164.13333333333333,175.4,0.3432494279176135,2.453271028037385,174.86666666666667,4.4,-0.1999999999999993,4.4333333333333345,4.68,-0.8300000000000001,4.86,4.65,-0.15999999999999925,4.67,4375.5,0.660255820373612,8.49243739151997,4343.5,,,,,,,,0.0,,0.0,0.0,,,,,4.68,-0.8300000000000001,4.86,4.65,-0.15999999999999925,4.67
1999-01-01,us,,,,164.7,0.18248175182480342,1.6666666666666607,164.4,175.6,0.11402508551880963,2.331002331002341,175.26666666666668,4.3,-0.20000000000000018,4.366666666666667,4.63,-0.4400000000000004,4.713333333333334,4.72,0.1899999999999995,4.733333333333333,4401.7,0.5987887098617195,8.54458473071611,4374.666666666667,,,,,,,,0.0,,0.0,0.0,,,,,4.63,-0.4400000000000004,4.713333333333334,4.72,0.1899999999999995,4.733333333333333
1999-02-01,us,,,,164.7,0.0,1.6666666666666607,164.6,175.6,0.0,2.1524141942990127,175.5333333333333,4.4,0.0,4.366666666666667,4.76,-0.07000000000000028,4.6899999999999995,5.0,0.16999999999999993,4.789999999999999,4423.7,0.4998068927914323,8.230372128299845,4400.3,,,,,,,,0.0,,0.0,0.0,,,,,4.76,-0.07000000000000028,4.6899999999999995,5.0,0.16999999999999993,4.789999999999999
1999-03-01,us,,,,164.8,0.06071645415908211,1.7283950617283939,164.73333333333335,175.7,0.05694760820045275,2.0325203252032464,175.63333333333333,4.2,-0.20000000000000018,4.300000000000001,4.81,0.1299999999999999,4.733333333333333,5.23,0.5800000000000001,4.983333333333333,4430.1,0.14467527183128492,7.725415815582171,4418.5,,,,,,,,0.0,,0.0,0.0,,,,,4.81,0.1299999999999999,4.733333333333333,5.23,0.5800000000000001,4.983333333333333
1999-04-01,us,,,,165.9,0.6674757281553312,2.281134401972884,165.13333333333333,176.3,0.34149117814457064,2.2028985507246412,175.86666666666665,4.3,0.0,4.300000000000001,4.74,0.11000000000000032,4.77,5.18,0.45999999999999996,5.136666666666667,4459.9,0.6726710458003105,7.755683877358721,4437.9,,,,,,,,0.0,,0.0,0.0,,,,,4.74,0.11000000000000032,4.77,5.18,0.45999999999999996,5.136666666666667
1999-05-01,us,,,,166.0,0.06027727546713546,2.091020910209096,165.5666666666667,176.5,0.11344299489506326,2.0821283979178595,176.16666666666666,4.2,-0.20000000000000018,4.233333333333334,4.74,-0.019999999999999574,4.763333333333333,5.54,0.54,5.316666666666666,4487.9,0.6278167671920798,7.729422213687309,4459.3,,,,,,,,0.0,,0.0,0.0,,,,,4.74,-0.019999999999999574,4.763333333333333,5.54,0.54,5.316666666666666
1999-06-01,us,,,,166.0,0.0,1.9656019656019597,165.96666666666667,176.6,0.056657223796041656,1.9630484988452768,176.46666666666667,4.3,0.09999999999999964,4.266666666666667,4.76,-0.04999999999999982,4.746666666666667,5.9,0.6699999999999999,5.539999999999999,4510.1,0.4946634283295337,7.752771406727832,4485.966666666666,,,,,,,,0.0,,0.0,0.0,,,,,4.76,-0.04999999999999982,4.746666666666667,5.9,0.6699999999999999,5.539999999999999
1999-07-01,us,,,,166.7,0.42168674698794817,2.1446078431372584,166.23333333333332,177.1,0.28312570781428015,2.074927953890482,176.73333333333335,4.3,0.0,4.266666666666667,4.99,0.25,4.829999999999999,5.79,0.6100000000000003,5.743333333333333,4537.6,0.6097425777698895,7.899367479906805,4511.866666666667,,,,,,,,0.0,,0.0,0.0,,,,,4.99,0.25,4.829999999999999,5.79,0.6100000000000003,5.743333333333333
1999-08-01,us,,,,167.1,0.23995200959807672,2.2643818849449104,166.6,177.3,0.11293054771317479,1.8965517241379404,177.0,4.2,0.0,4.266666666666667,5.07,0.33000000000000007,4.94,5.94,0.40000000000000036,5.876666666666666,4553.6,0.35260930888576514,7.6679355921783765,4533.766666666667,,,,,,,,0.0,,0.0,0.0,,,,,5.07,0.33000000000000007,4.94,5.94,0.40000000000000036,5.876666666666666
1999-09-01,us,,,,167.8,0.418910831837227,2.629969418960254,167.20000000000002,177.8,0.28200789622110367,2.066590126291623,177.4,4.2,-0.09999999999999964,4.233333333333333,5.22,0.45999999999999996,5.093333333333333,5.92,0.019999999999999574,5.883333333333333,4569.5,0.3491742796907893,7.056673617130937,4553.566666666667,,,,,,,,0.0,,0.0,0.0,,,,,5.22,0.45999999999999996,5.093333333333333,5.92,0.019999999999999574,5.883333333333333
1999-10-01,us,,,,168.1,0.17878426698449967,2.56253813300793,167.66666666666666,178.1,0.16872890888637304,2.1215596330275144,177.73333333333335,4.1,-0.20000000000000018,4.166666666666667,5.2,0.20999999999999996,5.163333333333333,6.11,0.3200000000000003,5.989999999999999,4592.9,0.5120910384068145,6.608328304164157,4572.0,,,,,,,,0.0,,0.0,0.0,,,,,5.2,0.20999999999999996,5.163333333333333,6.11,0.3200000000000003,5.989999999999999
1999-11-01,us,,,,168.4,0.17846519928614857,2.6203534430225606,168.1,178.4,0.16844469399215356,2.0594965675057253,178.1,4.1,-0.10000000000000053,4.133333333333334,5.42,0.34999999999999964,5.28,6.03,0.08999999999999986,6.02,4611.9,0.41368198741535966,6.0987393024753755,4591.433333333333,,,,,,,,0.0,,0.0,0.0,,,,,5.42,0.34999999999999964,5.28,6.03,0.08999999999999986,6.02
1999-12-01,us,,,,168.8,0.23752969121140222,2.676399026763998,168.43333333333337,178.7,0.16816143497757619,1.8814139110604255,178.4,4.0,-0.20000000000000018,4.066666666666667,5.3,0.08000000000000007,5.306666666666667,6.28,0.3600000000000003,6.14,4639.1,0.5897786161885632,6.024454348074504,4614.633333333333,,,,,,,,0.0,,0.0,0.0,,,,,5.3,0.08000000000000007,5.306666666666667,6.28,0.3600000000000003,6.14
2000-01-01,us,,,,169.3,0.2962085308056972,2.792956891317555,168.83333333333334,179.3,0.3357582540570947,2.1070615034168627,178.79999999999998,4.0,-0.09999999999999964,4.033333333333334,5.45,0.25,5.39,6.66,0.5499999999999998,6.323333333333333,4666.1,0.5820094414864974,6.006770111547821,4639.033333333334,,,,,,,,0.0,,0.0,0.0,,,,,5.45,0.25,5.39,6.66,0.5499999999999998,6.323333333333333
2000-02-01,us,,,,170.0,0.41346721795627595,3.2179720704310855,169.36666666666667,179.4,0.0557724484104849,2.1640091116173155,179.13333333333333,4.1,0.0,4.033333333333334,5.73,0.3100000000000005,5.493333333333333,6.52,0.4899999999999993,6.4866666666666655,4678.7,0.2700327896958843,5.7644053620272695,4661.3,,,,,,,,0.0,,0.0,0.0,,,,,5.73,0.3100000000000005,5.493333333333333,6.52,0.4899999999999993,6.4866666666666655
2000-03-01,us,,,,171.0,0.588235294117645,3.762135922330101,170.1,180.0,0.33444816053511683,2.4473534433693933,179.5666666666667,4.0,0.0,4.033333333333334,5.85,0.5499999999999998,5.676666666666667,6.26,-0.020000000000000462,6.4799999999999995,4709.1,0.6497531365550424,6.297826234170789,4684.633333333334,,,,,,,,0.0,,0.0,0.0,,,,,5.85,0.5499999999999998,5.676666666666667,6.26,-0.020000000000000462,6.4799999999999995
2000-04-01,us,,,,170.9,-0.05847953216373547,3.013863773357439,170.63333333333335,180.3,0.16666666666667052,2.2688598979013097,179.9,3.8,-0.20000000000000018,3.9666666666666672,6.02,0.5699999999999994,5.866666666666667,5.99,-0.6699999999999999,6.256666666666665,4766.4,1.216793017774087,6.87235139801341,4718.066666666667,,,,,,,,0.0,,0.0,0.0,,,,,6.02,0.5699999999999994,5.866666666666667,5.99,-0.6699999999999999,6.256666666666665
2000-05-01,us,,,,171.2,0.17554125219425565,3.1325301204819134,171.0333333333333,180.7,0.2218524681086853,2.3796033994334165,180.33333333333334,4.0,-0.09999999999999964,3.9333333333333336,6.27,0.5399999999999991,6.046666666666667,6.44,-0.07999999999999918,6.2299999999999995,4757.5,-0.18672373279623455,6.0072639764700675,4744.333333333333,,,,,,,,0.0,,0.0,0.0,,,,,6.27,0.5399999999999991,6.046666666666667,6.44,-0.07999999999999918,6.2299999999999995
2000-06-01,us,,,,172.2,0.5841121495327117,3.7349397590361377,171.4333333333333,181.1,0.22136137244050946,2.5481313703284325,180.70000000000002,4.0,0.0,3.9333333333333336,6.53,0.6800000000000006,6.273333333333333,6.1,-0.16000000000000014,6.176666666666667,4775.8,0.38465580662112586,5.891221924125856,4766.566666666667,,,,,,,,0.0,,0.0,0.0,,,,,6.53,0.6800000000000006,6.273333333333333,6.1,-0.16000000000000014,6.176666666666667
2000-07-01,us,,,,172.7,0.29036004645761615,3.5992801439711952,172.0333333333333,181.5,0.2208724461623346,2.4844720496894457,181.1,4.0,0.20000000000000018,4.0,6.54,0.5200000000000005,6.446666666666666,6.05,0.05999999999999961,6.196666666666665,4793.4,0.36852464508563276,5.637341325810974,4775.566666666667,,,,,,,,0.0,,0.0,0.0,,,,,6.54,0.5200000000000005,6.446666666666666,6.05,0.05999999999999961,6.196666666666665
2000-08-01,us,,,,172.7,0.0,3.3512866546977715,172.5333333333333,181.9,0.22038567493112282,2.5944726452340694,181.5,4.1,0.09999999999999964,4.033333333333334,6.5,0.23000000000000043,6.523333333333333,5.83,-0.6100000000000003,5.993333333333332,4820.4,0.563274502440847,5.8591004919184675,4796.533333333334,,,,,,,,0.0,,0.0,0.0,,,,,6.5,0.23000000000000043,6.523333333333333,5.83,-0.6100000000000003,5.993333333333332
2000-09-01,us,,,,173.6,0.5211349160393786,3.45649582836709,173.0,182.3,0.21990104452995762,2.53093363329584,181.9,3.9,-0.10000000000000009,4.0,6.52,-0.010000000000000675,6.52,5.8,-0.2999999999999998,5.8933333333333335,4855.9,0.7364534063563299,6.267644162380992,4823.233333333333,,,,,,,,0.0,,0.0,0.0,,,,,6.52,-0.010000000000000675,6.52,5.8,-0.2999999999999998,5.8933333333333335
2000-10-01,us,,,,173.9,0.1728110599078514,3.4503271861986873,173.4,182.6,0.1645639056500281,2.5266704098820814,182.26666666666665,3.9,-0.10000000000000009,3.966666666666667,6.51,-0.03000000000000025,6.510000000000001,5.74,-0.3099999999999996,5.789999999999999,4871.4,0.3191993245330371,6.06370702606196,4849.233333333333,,,,,,,,0.0,,0.0,0.0,,,,,6.51,-0.03000000000000025,6.510000000000001,5.74,-0.3099999999999996,5.789999999999999
2000-11-01,us,,,,174.2,0.17251293847038163,3.444180522565321,173.9,183.1,0.27382256297918683,2.6345291479820565,182.66666666666666,3.9,-0.19999999999999973,3.9,6.51,0.009999999999999787,6.513333333333333,5.72,-0.11000000000000032,5.753333333333333,4882.6,0.2299133719259494,5.869598213317739,4869.966666666666,,,,,,,,0.0,,0.0,0.0,,,,,6.51,0.009999999999999787,6.513333333333333,5.72,-0.11000000000000032,5.753333333333333
2000-12-01,us,,,,174.6,0.22962112514350874,3.4360189573459543,174.23333333333332,183.3,0.10922992900055384,2.5741466144376224,183.0,3.9,0.0,3.9,6.4,-0.11999999999999922,6.473333333333334,5.24,-0.5599999999999996,5.566666666666666,4927.3,0.915495842379066,6.212411890237335,4893.766666666666,,,,,,,,0.0,,0.0,0.0,,,,,6.4,-0.11999999999999922,6.473333333333334,5.24,-0.5599999999999996,5.566666666666666
2001-01-01,us,,,,175.6,0.572737686139746,3.7212049616065945,174.79999999999998,183.9,0.3273322422258529,2.5655326268823275,183.4333333333333,4.2,0.30000000000000027,4.000000000000001,5.98,-0.5299999999999994,6.296666666666667,5.16,-0.5800000000000001,5.373333333333332,4976.8,1.004606985570189,6.658665695120125,4928.900000000001,,,,,,,,0.0,,0.0,0.0,,,,,5.98,-0.5299999999999994,6.296666666666667,5.16,-0.5800000000000001,5.373333333333332
2001-02-01,us,,,,176.0,0.2277904328018332,3.529411764705892,175.4,184.4,0.2718868950516651,2.7870680044593144,183.86666666666667,4.2,0.30000000000000027,4.1000000000000005,5.49,-1.0199999999999996,5.956666666666667,5.1,-0.6200000000000001,5.166666666666667,5014.9,0.765552162031824,7.185756727296044,4973.0,,,,,,,,0.0,,0.0,0.0,,,,,5.49,-1.0199999999999996,5.956666666666667,5.1,-0.6200000000000001,5.166666666666667
2001-03-01,us,,,,176.1,0.05681818181817455,2.9824561403508643,175.89999999999998,184.7,0.16268980477223138,2.6111111111110974,184.33333333333334,4.3,0.3999999999999999,4.233333333333334,5.31,-1.0900000000000007,5.593333333333334,4.89,-0.35000000000000053,5.049999999999999,5072.2,1.1425950667012241,7.710602875284023,5021.3,,,,,,,,0.0,,0.0,0.0,,,,,5.31,-1.0900000000000007,5.593333333333334,4.89,-0.35000000000000053,5.049999999999999
2001-04-01,us,,,,176.4,0.17035775127769437,3.2182562902282053,176.16666666666666,185.1,0.21656740660531693,2.66222961730449,184.73333333333335,4.4,0.20000000000000018,4.300000000000001,4.8,-1.1800000000000006,5.199999999999999,5.14,-0.020000000000000462,5.043333333333333,5137.9,1.295295926816764,7.7941423296408185,5075.0,,,,,,,,0.0,,0.0,0.0,,,,,4.8,-1.1800000000000006,5.199999999999999,5.14,-0.020000000000000462,5.043333333333333
2001-05-01,us,,,,177.3,0.5102040816326481,3.5630841121495394,176.6,185.3,0.10804970286333315,2.54565578306587,185.03333333333333,4.3,0.09999999999999964,4.333333333333335,4.21,-1.2800000000000002,4.773333333333333,5.39,0.29000000000000004,5.139999999999999,5139.1,0.02335584577357608,8.021019442984766,5116.400000000001,,,,,,,,0.0,,0.0,0.0,,,,,4.21,-1.2800000000000002,4.773333333333333,5.39,0.29000000000000004,5.139999999999999
2001-06-01,us,,,,177.7,0.2256063169768563,3.193960511033689,177.13333333333333,186.0,0.37776578521315773,2.705687465488693,185.46666666666667,4.5,0.20000000000000018,4.400000000000001,3.97,-1.3399999999999994,4.326666666666667,5.28,0.39000000000000057,5.27,5182.3,0.8406141153120217,8.511662967460953,5153.099999999999,,,,,,,,0.0,,0.0,0.0,,,,,3.97,-1.3399999999999994,4.326666666666667,5.28,0.39000000000000057,5.27
2001-07-01,us,,,,177.4,-0.16882386043892694,2.7214823393167498,177.46666666666667,186.4,0.21505376344086446,2.6997245179063434,185.9,4.6,0.1999999999999993,4.466666666666668,3.77,-1.0299999999999998,3.983333333333333,5.24,0.10000000000000053,5.303333333333332,5212.0,0.5731046060629463,8.732840989694179,5177.8,,,,,,,,0.0,,0.0,0.0,,,,,3.77,-1.0299999999999998,3.983333333333333,5.24,0.10000000000000053,5.303333333333332
2001-08-01,us,,,,177.4,0.0,2.7214823393167498,177.5,186.7,0.16094420600858417,2.638812534359536,186.36666666666667,4.9,0.6000000000000005,4.666666666666667,3.65,-0.56,3.796666666666667,4.97,-0.41999999999999993,5.163333333333333,5244.4,0.6216423637758872,8.795950543523357,5212.9,,,,,,,,0.0,,0.0,0.0,,,,,3.65,-0.56,3.796666666666667,4.97,-0.41999999999999993,5.163333333333333
2001-09-01,us,,,,178.1,0.3945885005636862,2.5921658986175045,177.63333333333333,187.1,0.2142474558114671,2.6330224904004274,186.73333333333335,5.0,0.5,4.833333333333333,3.07,-0.9000000000000004,3.496666666666666,4.73,-0.5499999999999998,4.9799999999999995,5355.9,2.126077339638477,10.296752404291688,5270.766666666666,,,,,,,,0.0,,0.0,0.0,,,,,3.07,-0.9000000000000004,3.496666666666666,4.73,-0.5499999999999998,4.9799999999999995
2001-10-01,us,,,,177.6,-0.28074115665356336,2.127659574468077,177.70000000000002,187.4,0.16034206306787535,2.6286966046002336,187.0666666666667,5.3,0.7000000000000002,5.066666666666667,2.49,-1.2799999999999998,3.0700000000000003,4.57,-0.6699999999999999,4.756666666666667,5344.0,-0.22218488022553995,9.701523176089012,5314.766666666666,,,,,,,,0.0,,0.0,0.0,,,,,2.49,-1.2799999999999998,3.0700000000000003,4.57,-0.6699999999999999,4.756666666666667
2001-11-01,us,,,,177.5,-0.05630630630630851,1.894374282433997,177.73333333333335,188.1,0.3735325506937004,2.730748225013646,187.5333333333333,5.5,0.5999999999999996,5.266666666666667,2.09,-1.56,2.55,4.65,-0.3199999999999994,4.6499999999999995,5387.5,0.8139970059880319,10.34080203170442,5362.466666666666,,,,,,,,0.0,,0.0,0.0,,,,,2.09,-1.56,2.55,4.65,-0.3199999999999994,4.6499999999999995
2001-12-01,us,,,,177.4,-0.05633802816901179,1.603665521191311,177.5,188.4,0.15948963317384823,2.782324058919805,187.96666666666667,5.7,0.7000000000000002,5.5,1.82,-1.2499999999999998,2.1333333333333333,5.09,0.35999999999999943,4.77,5440.1,0.9763341067285491,10.407322468694824,5390.533333333334,,,,,,,,0.0,,0.0,0.0,,,,,1.82,-1.2499999999999998,2.1333333333333333,5.09,0.35999999999999943,4.77
2002-01-01,us,,,,177.7,0.16910935738443378,1.1958997722095743,177.53333333333333,188.7,0.15923566878979223,2.610114192495905,188.4,5.7,0.40000000000000036,5.633333333333334,1.73,-0.7600000000000002,1.88,5.04,0.46999999999999975,4.926666666666666,5459.6,0.35844929321151575,9.701012698923005,5429.066666666667,,,,,,,,0.0,,0.0,0.0,,,,,1.73,-0.7600000000000002,1.88,5.04,0.46999999999999975,4.926666666666666
2002-02-01,us,,,,178.0,0.16882386043894915,1.1363636363636465,177.70000000000002,189.1,0.2119766825649183,2.5488069414316694,188.73333333333335,5.7,0.20000000000000018,5.7,1.74,-0.34999999999999987,1.7633333333333334,4.91,0.2599999999999998,5.013333333333333,5488.4,0.5275111729796889,9.441863247522386,5462.7,,,,,,,,0.0,,0.0,0.0,,,,,1.74,-0.34999999999999987,1.7633333333333334,4.91,0.2599999999999998,5.013333333333333
2002-03-01,us,,,,178.5,0.2808988764045006,1.3628620102214661,178.0666666666667,189.2,0.052882072977267214,2.4363833243096877,189.0,5.7,0.0,5.7,1.73,-0.09000000000000008,1.7333333333333332,5.28,0.1900000000000004,5.076666666666666,5499.8,0.20771080825012778,8.430266945309729,5482.599999999999,,,,,,,,0.0,,0.0,0.0,,,,,1.73,-0.09000000000000008,1.7333333333333332,5.28,0.1900000000000004,5.076666666666666
2002-04-01,us,,,,179.3,0.4481792717086819,1.643990929705219,178.6,189.7,0.26427061310783095,2.485143165856285,189.33333333333334,5.9,0.20000000000000018,5.766666666666668,1.75,0.020000000000000018,1.7400000000000002,5.21,0.16999999999999993,5.133333333333333,5501.3,0.027273719044318412,7.072928628427966,5496.5,,,,,,,,0.0,,0.0,0.0,,,,,1.75,0.020000000000000018,1.7400000000000002,5.21,0.16999999999999993,5.133333333333333
2002-05-01,us,,,,179.5,0.1115448968209698,1.2408347433727984,179.1,190.0,0.1581444385872599,2.5364274150026844,189.63333333333333,5.8,0.09999999999999964,5.800000000000001,1.75,0.010000000000000009,1.7433333333333334,5.16,0.25,5.216666666666666,5530.1,0.5235126242888022,7.6083360899768415,5510.400000000001,,,,,,,,0.0,,0.0,0.0,,,,,1.75,0.010000000000000009,1.7433333333333334,5.16,0.25,5.216666666666666
2002-06-01,us,,,,179.6,0.055710306406675514,1.0692177827799743,179.46666666666667,190.2,0.10526315789474161,2.2580645161290214,189.96666666666667,5.8,0.09999999999999964,5.833333333333333,1.75,0.020000000000000018,1.75,4.93,-0.35000000000000053,5.099999999999999,5555.3,0.455687962243001,7.1975763657063485,5528.900000000001,,,,,,,,0.0,,0.0,0.0,,,,,1.75,0.020000000000000018,1.75,4.93,-0.35000000000000053,5.099999999999999
2002-07-01,us,,,,180.0,0.22271714922048602,1.465614430665152,179.70000000000002,190.5,0.1577287066246047,2.1995708154506355,190.23333333333335,5.8,-0.10000000000000053,5.8,1.73,-0.020000000000000018,1.7433333333333334,4.65,-0.5599999999999996,4.913333333333333,5597.6,0.7614350260112035,7.398311588641593,5561.0,,,,,,,,0.0,,0.0,0.0,,,,,1.73,-0.020000000000000018,1.7433333333333334,4.65,-0.5599999999999996,4.913333333333333
2002-08-01,us,,,,180.5,0.2777777777777768,1.747463359639223,180.03333333333333,191.1,0.31496062992124596,2.3567220139260936,190.6,5.7,-0.09999999999999964,5.766666666666667,1.74,-0.010000000000000009,1.74,4.26,-0.9000000000000004,4.613333333333332,5638.5,0.7306702872659665,7.5146823278163355,5597.133333333334,,,,,,,,0.0,,0.0,0.0,,,,,1.74,-0.010000000000000009,1.74,4.26,-0.9000000000000004,4.613333333333332
2002-09-01,us,,,,180.8,0.16620498614958734,1.516002245929271,180.4333333333333,191.3,0.10465724751440586,2.2447888829502993,190.96666666666667,5.7,-0.09999999999999964,5.733333333333334,1.75,0.0,1.74,3.87,-1.0599999999999996,4.259999999999999,5662.9,0.4327392036889144,5.73199648985232,5633.0,,,,,,,,0.0,,0.0,0.0,,,,,1.75,0.0,1.74,3.87,-1.0599999999999996,4.259999999999999
2002-10-01,us,,,,181.2,0.22123893805308104,2.0270270270270174,180.83333333333334,191.5,0.1045478306325176,2.187833511205972,191.29999999999998,5.7,-0.09999999999999964,5.7,1.75,0.020000000000000018,1.7466666666666668,3.94,-0.7100000000000004,4.0233333333333325,5707.3,0.7840505747938487,6.798278443113781,5669.566666666666,,,,,,,,0.0,,0.0,0.0,,,,,1.75,0.020000000000000018,1.7466666666666668,3.94,-0.7100000000000004,4.0233333333333325
2002-11-01,us,,,,181.5,0.16556291390728006,2.2535211267605604,181.16666666666666,191.9,0.2088772845953102,2.020202020202033,191.5666666666667,5.9,0.20000000000000018,5.766666666666668,1.34,-0.3999999999999999,1.6133333333333333,4.05,-0.20999999999999996,3.953333333333333,5758.0,0.8883359907486899,6.877030162412989,5709.399999999999,,,,,,,,0.0,,0.0,0.0,,,,,1.34,-0.3999999999999999,1.6133333333333333,4.05,-0.20999999999999996,3.953333333333333
2002-12-01,us,,,,181.8,0.16528925619836432,2.4802705749718212,181.5,192.1,0.10422094841062712,1.9639065817409707,191.83333333333334,6.0,0.2999999999999998,5.866666666666667,1.24,-0.51,1.4433333333333334,4.03,0.16000000000000014,4.006666666666667,5779.0,0.36470996873914086,6.229664895865872,5748.100000000001,,,,,,,,0.0,,0.0,0.0,,,,,1.24,-0.51,1.4433333333333334,4.03,0.16000000000000014,4.006666666666667
2003-01-01,us,,,,182.6,0.44004400440043057,2.757456387169399,181.96666666666667,192.4,0.1561686621551317,1.9607843137255054,192.13333333333335,5.8,0.09999999999999964,5.900000000000001,1.24,-0.51,1.2733333333333332,4.05,0.10999999999999988,4.043333333333333,5811.1,0.5554594220453346,6.438200600776622,5782.7,,,,,,,,0.0,,0.0,0.0,,,,,1.24,-0.51,1.2733333333333332,4.05,0.10999999999999988,4.043333333333333
2003-02-01,us,,,,183.6,0.5476451259583737,3.146067415730336,182.66666666666666,192.5,0.05197505197505059,1.7979904812268632,192.33333333333334,5.9,0.0,5.900000000000001,1.26,-0.08000000000000007,1.2466666666666668,3.9,-0.1499999999999999,3.9933333333333327,5846.8,0.6143415188174295,6.530136287442612,5812.3,,,,,,,,0.0,,0.0,0.0,,,,,1.26,-0.08000000000000007,1.2466666666666668,3.9,-0.1499999999999999,3.9933333333333327
2003-03-01,us,,,,183.9,0.16339869281045694,3.025210084033625,183.36666666666667,192.5,0.0,1.744186046511631,192.46666666666667,5.9,-0.09999999999999964,5.866666666666667,1.25,0.010000000000000009,1.25,3.81,-0.2200000000000002,3.9199999999999995,5866.3,0.3335157693097113,6.663878686497693,5841.400000000001,,,,,,,,0.0,,0.0,0.0,,,,,1.25,0.010000000000000009,1.25,3.81,-0.2200000000000002,3.9199999999999995
2003-04-01,us,,,,183.2,-0.38064165307233333,2.175125488008911,183.56666666666663,192.5,0.0,1.4760147601476037,192.5,6.0,0.20000000000000018,5.933333333333334,1.26,0.020000000000000018,1.2566666666666666,3.96,-0.08999999999999986,3.8899999999999992,5904.9,0.6579956701839196,7.336447748713937,5872.666666666667,,,,,,,,0.0,,0.0,0.0,,,,,1.26,0.020000000000000018,1.2566666666666666,3.96,-0.08999999999999986,3.8899999999999992
2003-05-01,us,,,,182.9,-0.16375545851528006,1.8941504178273005,183.33333333333334,192.9,0.2077922077922123,1.5263157894736867,192.63333333333333,6.1,0.1999999999999993,6.000000000000001,1.26,0.0,1.2566666666666666,3.57,-0.33000000000000007,3.7799999999999994,5967.0,1.0516689529035173,7.9003996311097335,5912.733333333334,,,,,,,,0.0,,0.0,0.0,,,,,1.26,0.0,1.2566666666666666,3.57,-0.33000000000000007,3.7799999999999994
2003-06-01,us,,,,183.1,0.10934937124111865,1.948775055679297,183.0666666666667,193.0,0.051840331778119086,1.4721345951629994,192.79999999999998,6.3,0.39999999999999947,6.133333333333333,1.22,-0.030000000000000027,1.2466666666666666,3.33,-0.48,3.619999999999999,6003.9,0.6184012066364986,8.075171457887054,5958.599999999999,,,,,,,,0.0,,0.0,0.0,,,,,1.22,-0.030000000000000027,1.2466666666666666,3.33,-0.48,3.619999999999999
2003-07-01,us,,,,183.7,0.3276897870016393,2.055555555555544,183.23333333333332,193.4,0.2072538860103723,1.522309711286085,193.1,6.2,0.20000000000000018,6.2,1.01,-0.25,1.1633333333333333,3.98,0.020000000000000018,3.6266666666666665,6050.4,0.7744965772248147,8.089181077604678,6007.099999999999,,,,,,,,0.0,,0.0,0.0,,,,,1.01,-0.25,1.1633333333333333,3.98,0.020000000000000018,3.6266666666666665
2003-08-01,us,,,,184.5,0.4354926510615087,2.216066481994461,183.76666666666665,193.6,0.10341261633919352,1.3082155939298845,193.33333333333334,6.1,0.0,6.2,1.03,-0.22999999999999998,1.0866666666666667,4.45,0.8800000000000003,3.9199999999999995,6107.0,0.9354753404733573,8.308947415092671,6053.766666666666,,,,,,,,0.0,,0.0,0.0,,,,,1.03,-0.22999999999999998,1.0866666666666667,4.45,0.8800000000000003,3.9199999999999995
2003-09-01,us,,,,185.1,0.3252032520325132,2.378318584070782,184.4333333333333,193.7,0.05165289256197081,1.2545739675901668,193.5666666666667,6.1,-0.20000000000000018,6.133333333333334,1.01,-0.20999999999999996,1.0166666666666666,4.27,0.9399999999999995,4.2333333333333325,6080.0,-0.44211560504339165,7.365484115912357,6079.133333333334,,,,,,,,0.0,,0.0,0.0,,,,,1.01,-0.20999999999999996,1.0166666666666666,4.27,0.9399999999999995,4.2333333333333325
2003-10-01,us,,,,184.9,-0.10804970286331095,2.041942604856528,184.83333333333334,194.0,0.15487867836860847,1.305483028720622,193.76666666666665,6.0,-0.20000000000000018,6.066666666666667,1.01,0.0,1.0166666666666668,4.29,0.31000000000000005,4.336666666666666,6070.2,-0.1611842105263217,6.358523294727791,6085.733333333334,,,,,,,,0.0,,0.0,0.0,,,,,1.01,0.0,1.0166666666666668,4.29,0.31000000000000005,4.336666666666666
2003-11-01,us,,,,185.0,0.05408328826392861,1.9283746556473913,185.0,194.0,0.0,1.094319958311618,193.89999999999998,5.8,-0.2999999999999998,5.966666666666666,1.0,-0.030000000000000027,1.0066666666666666,4.3,-0.15000000000000036,4.286666666666666,6075.5,0.08731178544365559,5.514067384508503,6075.233333333334,,,,,,,,0.0,,0.0,0.0,,,,,1.0,-0.030000000000000027,1.0066666666666666,4.3,-0.15000000000000036,4.286666666666666
2003-12-01,us,,,,185.5,0.2702702702702675,2.0352035203520247,185.13333333333333,194.2,0.10309278350515427,1.0931806350858997,194.0666666666667,5.7,-0.39999999999999947,5.833333333333335,0.98,-0.030000000000000027,0.9966666666666666,4.27,0.0,4.286666666666666,6073.5,-0.03291910130853726,5.096037376708784,6073.066666666667,,,,,,,,0.0,,0.0,0.0,,,,,0.98,-0.030000000000000027,0.9966666666666666,4.27,0.0,4.286666666666666
2004-01-01,us,,,,186.3,0.43126684636118906,2.026286966046009,185.60000000000002,194.6,0.2059732234809486,1.1434511434511352,194.26666666666665,5.7,-0.2999999999999998,5.733333333333334,1.0,-0.010000000000000009,0.9933333333333333,4.15,-0.13999999999999968,4.239999999999999,6081.3,0.1284267720424781,4.6497220835986175,6076.766666666666,,,,,,,,0.0,,0.0,0.0,,,,,1.0,-0.010000000000000009,0.9933333333333333,4.15,-0.13999999999999968,4.239999999999999
2004-02-01,us,,,,186.7,0.21470746108425143,1.688453159041381,186.16666666666666,194.9,0.15416238437822027,1.2467532467532516,194.5666666666667,5.6,-0.20000000000000018,5.666666666666667,1.01,0.010000000000000009,0.9966666666666667,4.08,-0.21999999999999975,4.166666666666666,6120.7,0.6478877871507693,4.684613805842508,6091.833333333333,,,,,,,,0.0,,0.0,0.0,,,,,1.01,0.010000000000000009,0.9966666666666667,4.08,-0.21999999999999975,4.166666666666666
2004-03-01,us,,,,187.1,0.2142474558114671,1.7400761283306032,186.70000000000002,195.5,0.307850179579261,1.558441558441559,195.0,5.8,0.09999999999999964,5.7,1.0,0.020000000000000018,1.0033333333333332,3.83,-0.4399999999999995,4.02,6156.3,0.5816328197755238,4.943490786355964,6119.433333333333,,,,,,,,0.0,,0.0,0.0,,,,,1.0,0.020000000000000018,1.0033333333333332,3.83,-0.4399999999999995,4.02
2004-04-01,us,,,,187.4,0.16034206306787535,2.2925764192139875,187.06666666666663,195.9,0.2046035805626678,1.7662337662337713,195.4333333333333,5.6,-0.10000000000000053,5.666666666666667,1.0,0.0,1.0033333333333332,4.35,0.1999999999999993,4.086666666666666,6198.5,0.6854766661793521,4.972141780555139,6158.5,,,,,,,,0.0,,0.0,0.0,,,,,1.0,0.0,1.0033333333333332,4.35,0.1999999999999993,4.086666666666666
2004-05-01,us,,,,188.2,0.4268943436499306,2.8977583378895444,187.5666666666667,196.2,0.15313935681469104,1.710730948678063,195.86666666666667,5.6,0.0,5.666666666666667,1.0,-0.010000000000000009,1.0,4.72,0.6399999999999997,4.3,6277.2,1.2696620150036253,5.198592257415791,6210.666666666667,,,,,,,,0.0,,0.0,0.0,,,,,1.0,-0.010000000000000009,1.0,4.72,0.6399999999999997,4.3
2004-06-01,us,,,,188.9,0.37194473963868546,3.1676679410158393,188.16666666666666,196.6,0.20387359836901986,1.865284974093262,196.23333333333335,5.6,-0.20000000000000018,5.6,1.03,0.030000000000000027,1.01,4.73,0.9000000000000004,4.599999999999999,6279.3,0.03345440642326114,4.5870184380153,6251.666666666667,,,,,,,,0.0,,0.0,0.0,,,,,1.03,0.030000000000000027,1.01,4.73,0.9000000000000004,4.599999999999999
2004-07-01,us,,,,189.1,0.10587612493382359,2.939575394665228,188.73333333333335,196.8,0.10172939979655737,1.7580144777662898,196.53333333333333,5.5,-0.09999999999999964,5.566666666666667,1.26,0.26,1.0966666666666667,4.5,0.15000000000000036,4.6499999999999995,6292.3,0.20702944595736295,3.9980827713870237,6282.933333333333,,,,,,,,0.0,,0.0,0.0,,,,,1.26,0.26,1.0966666666666667,4.5,0.15000000000000036,4.6499999999999995
2004-08-01,us,,,,189.2,0.052882072977267214,2.5474254742547275,189.06666666666663,196.9,0.050813008130079496,1.7045454545454586,196.76666666666665,5.4,-0.1999999999999993,5.5,1.43,0.42999999999999994,1.24,4.28,-0.4399999999999995,4.503333333333333,6317.7,0.4036679751442174,3.4501391845423335,6296.433333333333,,,,,,,,0.0,,0.0,0.0,,,,,1.43,0.42999999999999994,1.24,4.28,-0.4399999999999995,4.503333333333333
2004-09-01,us,,,,189.8,0.3171247357294016,2.5391680172879516,189.36666666666667,197.5,0.3047232097511454,1.961796592669085,197.0666666666667,5.4,-0.1999999999999993,5.4333333333333345,1.61,0.5800000000000001,1.4333333333333333,4.13,-0.6000000000000005,4.303333333333332,6352.3,0.5476676638650257,4.478618421052638,6320.766666666666,,,,,,,,0.0,,0.0,0.0,,,,,1.61,0.5800000000000001,1.4333333333333333,4.13,-0.6000000000000005,4.303333333333332
2004-10-01,us,,,,190.8,0.5268703898840821,3.1909140075716547,189.9333333333333,197.9,0.20253164556962577,2.0103092783505083,197.43333333333337,5.5,0.0,5.4333333333333345,1.76,0.5,1.5999999999999999,4.1,-0.40000000000000036,4.169999999999999,6379.9,0.43448829557797275,5.101973575829466,6349.966666666667,,,,,,,,0.0,,0.0,0.0,,,,,1.76,0.5,1.5999999999999999,4.1,-0.40000000000000036,4.169999999999999
2004-11-01,us,,,,191.7,0.4716981132075304,3.621621621621607,190.76666666666668,198.3,0.20212228398182042,2.216494845360839,197.9,5.4,0.0,5.433333333333334,1.93,0.5,1.7666666666666668,4.19,-0.08999999999999986,4.14,6406.3,0.41379958933527305,5.444819356431574,6379.5,,,,,,,,0.0,,0.0,0.0,,,,,1.93,0.5,1.7666666666666668,4.19,-0.08999999999999986,4.14
2004-12-01,us,,,,191.7,0.0,3.3423180592991875,191.39999999999998,198.6,0.1512859304084735,2.2657054582904346,198.26666666666665,5.4,0.0,5.4333333333333345,2.16,0.55,1.95,4.23,0.10000000000000053,4.173333333333333,6424.3,0.28097341679285126,5.775911747756646,6403.5,,,,,,,,0.0,,0.0,0.0,,,,,2.16,0.55,1.95,4.23,0.10000000000000053,4.173333333333333
2005-01-01,us,,,,191.6,-0.052164840897228615,2.8448738593666034,191.66666666666666,199.0,0.20140986908359082,2.261048304213764,198.63333333333335,5.3,-0.20000000000000018,5.366666666666667,2.28,0.5199999999999998,2.1233333333333335,4.22,0.1200000000000001,4.213333333333332,6429.9,0.08716903008887389,5.732326969562429,6420.166666666667,,,,,,,,0.0,,0.0,0.0,,,,,2.28,0.5199999999999998,2.1233333333333335,4.22,0.1200000000000001,4.213333333333332
2005-02-01,us,,,,192.4,0.41753653444676075,3.0530262453133394,191.89999999999998,199.4,0.20100502512563345,2.308876346844535,199.0,5.4,0.0,5.366666666666667,2.5,0.5700000000000001,2.313333333333333,4.17,-0.020000000000000462,4.206666666666666,6437.7,0.12130826295899677,5.179146176090965,6430.633333333334,,,,,,,,0.0,,0.0,0.0,,,,,2.5,0.5700000000000001,2.313333333333333,4.17,-0.020000000000000462,4.206666666666666
2005-03-01,us,,,,193.1,0.36382536382535413,3.2068412613575736,192.36666666666667,200.1,0.35105315947843163,2.35294117647058,199.5,5.2,-0.20000000000000018,5.300000000000001,2.63,0.46999999999999975,2.4699999999999998,4.5,0.2699999999999996,4.296666666666666,6446.6,0.13824813209688536,4.715494696489775,6438.066666666667,,,,,,,,0.0,,0.0,0.0,,,,,2.63,0.46999999999999975,2.4699999999999998,4.5,0.2699999999999996,4.296666666666666
2005-04-01,us,,,,193.7,0.31071983428274663,3.3617929562433257,193.0666666666667,200.2,0.04997501249375258,2.1949974476773715,199.9,5.2,-0.09999999999999964,5.2666666666666675,2.79,0.5100000000000002,2.64,4.34,0.1200000000000001,4.336666666666666,6461.4,0.22957838240311723,4.241348713398407,6448.566666666666,,,,,,,,0.0,,0.0,0.0,,,,,2.79,0.5100000000000002,2.64,4.34,0.1200000000000001,4.336666666666666
2005-05-01,us,,,,193.6,-0.05162622612286949,2.869287991498415,193.46666666666667,200.5,0.14985014985016143,2.1916411824668858,200.26666666666665,5.1,-0.3000000000000007,5.166666666666667,3.0,0.5,2.8066666666666666,4.14,-0.03000000000000025,4.326666666666665,6480.6,0.2971492246262475,3.2402982221372723,6462.866666666666,,,,,,,,0.0,,0.0,0.0,,,,,3.0,0.5,2.8066666666666666,4.14,-0.03000000000000025,4.326666666666665
2005-06-01,us,,,,193.7,0.05165289256197081,2.541026998411855,193.66666666666666,200.6,0.04987531172069293,2.0345879959308144,200.4333333333333,5.0,-0.20000000000000018,5.1000000000000005,3.04,0.41000000000000014,2.9433333333333334,4.0,-0.5,4.159999999999999,6513.2,0.5030398419899385,3.724937493032665,6485.066666666667,,,,,,,,0.0,,0.0,0.0,,,,,3.04,0.41000000000000014,2.9433333333333334,4.0,-0.5,4.159999999999999
2005-07-01,us,,,,194.9,0.6195147134744561,3.067160232681121,194.0666666666667,200.9,0.14955134596212893,2.083333333333326,200.66666666666666,5.0,-0.20000000000000018,5.033333333333334,3.26,0.46999999999999975,3.1,4.18,-0.16000000000000014,4.106666666666666,6545.1,0.48977461155808033,4.017608823482677,6512.966666666667,,,,,,,,0.0,,0.0,0.0,,,,,3.26,0.46999999999999975,3.1,4.18,-0.16000000000000014,4.106666666666666
2005-08-01,us,,,,196.1,0.6157003591585442,3.6469344608879517,194.89999999999998,201.1,0.09955201592830587,2.1330624682579957,200.86666666666667,4.9,-0.1999999999999993,4.966666666666668,3.5,0.5,3.266666666666667,4.26,0.1200000000000001,4.146666666666666,6576.7,0.4828039296572939,4.099593206388397,6545.0,,,,,,,,0.0,,0.0,0.0,,,,,3.5,0.5,3.266666666666667,4.26,0.1200000000000001,4.146666666666666
2005-09-01,us,,,,198.8,1.37684854665987,4.741833508956805,196.60000000000002,201.3,0.09945300845350946,1.9240506329113893,201.1,5.0,0.0,4.966666666666668,3.62,0.5800000000000001,3.4599999999999995,4.2,0.20000000000000018,4.213333333333332,6610.2,0.5093740021591353,4.059946790926117,6577.333333333333,,,,,,,,0.0,,0.0,0.0,,,,,3.62,0.5800000000000001,3.4599999999999995,4.2,0.20000000000000018,4.213333333333332
2005-10-01,us,,,,199.1,0.15090543259557165,4.350104821802936,198.0,202.0,0.3477396920019915,2.071753410813537,201.46666666666667,5.0,0.0,4.966666666666668,3.78,0.52,3.6333333333333333,4.46,0.28000000000000025,4.306666666666666,6644.0,0.5113309733442373,4.139563316039441,6610.3,,,,,,,,0.0,,0.0,0.0,,,,,3.78,0.52,3.6333333333333333,4.46,0.28000000000000025,4.306666666666666
2005-11-01,us,,,,198.1,-0.5022601707684538,3.3385498174230532,198.66666666666666,202.5,0.24752475247524774,2.1180030257186067,201.9333333333333,5.0,0.09999999999999964,5.0,4.0,0.5,3.8000000000000003,4.54,0.28000000000000025,4.3999999999999995,6660.6,0.2498494882600788,3.9695299939122464,6638.266666666666,,,,,,,,0.0,,0.0,0.0,,,,,4.0,0.5,3.8000000000000003,4.54,0.28000000000000025,4.3999999999999995
2005-12-01,us,,,,198.1,0.0,3.3385498174230532,198.4333333333333,202.8,0.1481481481481639,2.114803625377659,202.43333333333337,4.9,-0.09999999999999964,4.966666666666668,4.16,0.54,3.9800000000000004,4.47,0.2699999999999996,4.489999999999999,6687.4,0.40236615319939606,4.095387824354391,6664.0,,,,,,,,0.0,,0.0,0.0,,,,,4.16,0.54,3.9800000000000004,4.47,0.2699999999999996,4.489999999999999
2006-01-01,us,,,,199.3,0.6057546693589266,4.018789144050117,198.5,203.2,0.19723865877709912,2.1105527638190846,202.83333333333334,4.7,-0.2999999999999998,4.866666666666667,4.29,0.5100000000000002,4.15,4.42,-0.040000000000000036,4.476666666666666,6728.4,0.6130932798995126,4.642373909392061,6692.133333333332,,,,,,,,0.0,,0.0,0.0,,,,,4.29,0.5100000000000002,4.15,4.42,-0.040000000000000036,4.476666666666666
2006-02-01,us,,,,199.4,0.050175614651282174,3.63825363825363,198.9333333333333,203.6,0.19685039370078705,2.106318956870612,203.20000000000002,4.8,-0.20000000000000018,4.800000000000001,4.49,0.4900000000000002,4.3133333333333335,4.57,0.03000000000000025,4.4866666666666655,6753.1,0.3671006479995409,4.899265265545161,6722.966666666667,,,,,,,,0.0,,0.0,0.0,,,,,4.49,0.4900000000000002,4.3133333333333335,4.57,0.03000000000000025,4.4866666666666655
2006-03-01,us,,,,199.7,0.15045135406217547,3.4179181771103018,199.46666666666667,204.3,0.34381139489194634,2.0989505247376306,203.69999999999996,4.7,-0.20000000000000018,4.733333333333334,4.59,0.4299999999999997,4.456666666666667,4.72,0.25,4.569999999999999,6766.9,0.20435059454175786,4.9685105326838785,6749.466666666666,,,,,,,,0.0,,0.0,0.0,,,,,4.59,0.4299999999999997,4.456666666666667,4.72,0.25,4.569999999999999
2006-04-01,us,,,,200.7,0.5007511266900355,3.613835828600931,199.9333333333333,204.8,0.24473813020069457,2.29770229770232,204.23333333333335,4.7,0.0,4.733333333333334,4.79,0.5,4.623333333333334,4.99,0.5700000000000003,4.759999999999999,6806.3,0.5822459324062779,5.337852477791194,6775.433333333334,,,,,,,,0.0,,0.0,0.0,,,,,4.79,0.5,4.623333333333334,4.99,0.5700000000000003,4.759999999999999
2006-05-01,us,,,,201.3,0.2989536621823774,3.9772727272727293,200.5666666666667,205.4,0.29296875,2.44389027431422,204.83333333333334,4.6,-0.20000000000000018,4.666666666666667,4.94,0.4500000000000002,4.773333333333333,5.11,0.54,4.9399999999999995,6815.7,0.13810734172752248,5.170817516896564,6796.299999999999,,,,,,,,0.0,,0.0,0.0,,,,,4.94,0.4500000000000002,4.773333333333333,5.11,0.54,4.9399999999999995
2006-06-01,us,,,,201.8,0.24838549428713996,4.1817243159525175,201.26666666666665,205.9,0.24342745861734016,2.6420737786640114,205.36666666666667,4.6,-0.10000000000000053,4.633333333333334,4.99,0.40000000000000036,4.906666666666667,5.11,0.39000000000000057,5.069999999999999,6854.0,0.561937878721186,5.232451022538842,6825.333333333333,,,,,,,,0.0,,0.0,0.0,,,,,4.99,0.40000000000000036,4.906666666666667,5.11,0.39000000000000057,5.069999999999999
2006-07-01,us,,,,202.9,0.5450941526263575,4.104669061056954,202.0,206.3,0.19426906265178623,2.6879044300647026,205.86666666666667,4.7,0.0,4.633333333333334,5.24,0.4500000000000002,5.0566666666666675,5.09,0.09999999999999964,5.103333333333333,6896.1,0.6142398599358057,5.362790484484581,6855.266666666666,,,,,,,,0.0,,0.0,0.0,,,,,5.24,0.4500000000000002,5.0566666666666675,5.09,0.09999999999999964,5.103333333333333
2006-08-01,us,,,,203.8,0.44356826022671214,3.926568077511483,202.83333333333334,206.8,0.2423654871546388,2.8344107409249197,206.33333333333334,4.7,0.10000000000000053,4.666666666666667,5.25,0.3099999999999996,5.16,4.88,-0.23000000000000043,5.026666666666666,6926.4,0.4393787793100401,5.317256374777624,6892.166666666667,,,,,,,,0.0,,0.0,0.0,,,,,5.25,0.3099999999999996,5.16,4.88,-0.23000000000000043,5.026666666666666
2006-09-01,us,,,,202.8,-0.4906771344455385,2.012072434607637,203.16666666666666,207.2,0.19342359767891004,2.930948832588176,206.76666666666665,4.5,-0.09999999999999964,4.633333333333334,5.25,0.2599999999999998,5.246666666666667,4.72,-0.39000000000000057,4.896666666666666,6952.8,0.3811503811503858,5.1828991558500626,6925.099999999999,,,,,,,,0.0,,0.0,0.0,,,,,5.25,0.2599999999999998,5.246666666666667,4.72,-0.39000000000000057,4.896666666666666
2006-10-01,us,,,,201.9,-0.4437869822485285,1.4063284781516971,202.83333333333334,207.6,0.19305019305020377,2.7722772277227747,207.20000000000002,4.4,-0.2999999999999998,4.533333333333334,5.25,0.009999999999999787,5.25,4.73,-0.35999999999999943,4.776666666666666,7002.1,0.7090668507651721,5.38982540638171,6960.433333333334,,,,,,,,0.0,,0.0,0.0,,,,,5.25,0.009999999999999787,5.25,4.73,-0.35999999999999943,4.776666666666666
2006-11-01,us,,,,202.0,0.04952947003467045,1.9687026754164672,202.23333333333335,207.8,0.09633911368016612,2.6172839506172885,207.53333333333333,4.5,-0.20000000000000018,4.466666666666668,5.25,0.0,5.25,4.6,-0.28000000000000025,4.683333333333333,7037.3,0.5027063309578583,5.655646638440981,6997.400000000001,,,,,,,,0.0,,0.0,0.0,,,,,5.25,0.0,5.25,4.6,-0.28000000000000025,4.683333333333333
2006-12-01,us,,,,203.1,0.544554455445545,2.5239777889954462,202.33333333333334,208.1,0.14436958614050255,2.6134122287968298,207.83333333333334,4.4,-0.09999999999999964,4.4333333333333345,5.24,-0.009999999999999787,5.246666666666667,4.56,-0.16000000000000014,4.63,7079.3,0.5968198030494642,5.860274546161448,7039.566666666667,,,,,,,,0.0,,0.0,0.0,,,,,5.24,-0.009999999999999787,5.246666666666667,4.56,-0.16000000000000014,4.63
2007-01-01,us,,,,203.437,0.1659281142294633,2.075765178123423,202.8456666666667,208.6,0.24026910139356428,2.657480314960625,208.16666666666666,4.6,0.1999999999999993,4.500000000000001,5.25,0.0,5.246666666666667,4.76,0.02999999999999936,4.639999999999999,7115.6,0.5127625612701747,5.754711372688903,7077.400000000001,,,,,,,,0.0,,0.0,0.0,,,,,5.25,0.0,5.246666666666667,4.76,0.02999999999999936,4.639999999999999
2007-02-01,us,,,,204.226,0.3878350545869269,2.420260782347028,203.58766666666668,209.135,0.2564717162032659,2.71856581532417,208.61166666666668,4.5,0.0,4.500000000000001,5.26,0.009999999999999787,5.250000000000001,4.72,0.1200000000000001,4.679999999999999,7131.9,0.22907414694472994,5.609275740030495,7108.933333333334,,,,,,,,0.0,,0.0,0.0,,,,,5.26,0.009999999999999787,5.250000000000001,4.72,0.1200000000000001,4.679999999999999
2007-03-01,us,,,,205.288,0.5200121434097538,2.798197295943927,204.317,209.418,0.13531929136683107,2.5051395007342103,209.05100000000002,4.4,0.0,4.500000000000001,5.26,0.019999999999999574,5.256666666666667,4.56,0.0,4.679999999999999,7164.7,0.45990549502936684,5.878615023127276,7137.400000000001,,,,,,,,0.0,,0.0,0.0,,,,,5.26,0.019999999999999574,5.256666666666667,4.56,0.0,4.679999999999999
2007-04-01,us,,,,205.904,0.3000662483924943,2.5929247633283525,205.13933333333333,209.747,0.15710206381496228,2.4155273437499902,209.4333333333333,4.5,-0.09999999999999964,4.466666666666668,5.25,0.0,5.256666666666667,4.69,-0.0699999999999994,4.656666666666666,7239.9,1.049590352701446,6.370568443941638,7178.833333333333,,,,,,,,0.0,,0.0,0.0,,,,,5.25,0.0,5.256666666666667,4.69,-0.0699999999999994,4.656666666666666
2007-05-01,us,,,,206.755,0.41329940166290324,2.709885742672613,205.98233333333334,210.058,0.14827387280866855,2.267770204479058,209.74099999999999,4.4,-0.09999999999999964,4.4333333333333345,5.25,-0.009999999999999787,5.253333333333334,4.75,0.03000000000000025,4.666666666666667,7257.1,0.23757234215944223,6.47622401220711,7220.566666666667,,,,,,,,0.0,,0.0,0.0,,,,,5.25,-0.009999999999999787,5.253333333333334,4.75,0.03000000000000025,4.666666666666667
2007-06-01,us,,,,207.234,0.23167517109623503,2.692765113974227,206.631,210.392,0.159003703738958,2.181641573579407,210.06566666666666,4.6,0.1999999999999993,4.500000000000001,5.25,-0.009999999999999787,5.25,5.1,0.54,4.846666666666667,7290.6,0.46161689931238925,6.370002918004092,7262.533333333333,,,,,,,,0.0,,0.0,0.0,,,,,5.25,-0.009999999999999787,5.25,5.1,0.54,4.846666666666667
2007-07-01,us,,,,207.603,0.17805958481715844,2.3178905864958077,207.19733333333332,210.773,0.18109053576180756,2.1682016480853106,210.40766666666664,4.7,0.20000000000000018,4.566666666666667,5.26,0.009999999999999787,5.253333333333333,5.0,0.3099999999999996,4.949999999999999,7321.8,0.42794831701093994,6.173054335058947,7289.833333333333,,,,,,,,0.0,,0.0,0.0,,,,,5.26,0.009999999999999787,5.253333333333333,5.0,0.3099999999999996,4.949999999999999
2007-08-01,us,,,,207.667,0.030828070885302594,1.897448478900876,207.50133333333335,211.119,0.1641576482756424,2.0884912959380886,210.76133333333334,4.6,0.1999999999999993,4.633333333333334,5.02,-0.23000000000000043,5.176666666666667,4.67,-0.08000000000000007,4.923333333333332,7397.0,1.0270698462126804,6.794294294294301,7336.466666666667,,,,,,,,0.0,,0.0,0.0,,,,,5.02,-0.23000000000000043,5.176666666666667,4.67,-0.08000000000000007,4.923333333333332
2007-09-01,us,,,,208.547,0.42375533907650365,2.8338264299802685,207.939,211.554,0.20604493200517826,2.101351351351366,211.14866666666663,4.7,0.10000000000000053,4.666666666666667,4.94,-0.3099999999999996,5.073333333333334,4.52,-0.5800000000000001,4.7299999999999995,7413.8,0.22711910233879085,6.6304222759176135,7377.533333333334,,,,,,,,0.0,,0.0,0.0,,,,,4.94,-0.3099999999999996,5.073333333333334,4.52,-0.5800000000000001,4.7299999999999995
2007-10-01,us,,,,209.19,0.3083237831280172,3.610698365527476,208.468,212.077,0.24721820433553088,2.1565510597302495,211.58333333333334,4.7,0.0,4.666666666666667,4.76,-0.5,4.906666666666666,4.53,-0.46999999999999975,4.573333333333333,7429.0,0.2050230650948226,6.0967424058496755,7413.266666666666,,,,,,,,0.0,,0.0,0.0,,,,,4.76,-0.5,4.906666666666666,4.53,-0.46999999999999975,4.573333333333333
2007-11-01,us,,,,210.834,0.7858884267890387,4.373267326732666,209.52366666666668,212.66,0.2749001541892726,2.3387872954764077,212.09699999999998,4.7,0.10000000000000053,4.7,4.49,-0.5299999999999994,4.73,4.15,-0.5199999999999996,4.3999999999999995,7454.0,0.33651904697806767,5.921305045969327,7432.266666666666,,,,,,,,0.0,,0.0,0.0,,,,,4.49,-0.5299999999999994,4.73,4.15,-0.5199999999999996,4.3999999999999995
2007-12-01,us,,,,211.445,0.2898014551732553,4.108813392417532,210.48966666666664,213.168,0.23887896172294365,2.4353676117251366,212.635,5.0,0.2999999999999998,4.800000000000001,4.24,-0.7000000000000002,4.496666666666667,4.1,-0.41999999999999993,4.26,7482.7,0.3850281727931337,5.698303504583779,7455.233333333334,,,,,,,,0.0,,0.0,0.0,,,,,4.24,-0.7000000000000002,4.496666666666667,4.1,-0.41999999999999993,4.26
2008-01-01,us,,,,212.174,0.3447705076970342,4.294695655165981,211.48433333333332,213.771,0.2828754784958143,2.4789069990412305,213.19966666666664,5.0,0.2999999999999998,4.900000000000001,3.94,-0.8199999999999998,4.223333333333334,3.74,-0.79,3.996666666666666,7513.6,0.4129525438678616,5.593344201472816,7483.433333333334,,,,,,,,0.0,,0.0,0.0,,,,,3.94,-0.8199999999999998,4.223333333333334,3.74,-0.79,3.996666666666666
2008-02-01,us,,,,212.687,0.24178268779397882,4.142959270611968,212.102,213.939,0.07858877022608457,2.29708083295479,213.626,4.9,0.20000000000000018,4.966666666666668,2.98,-1.5100000000000002,3.72,3.74,-0.41000000000000014,3.8599999999999994,7600.3,1.1539075809199328,6.567674813163404,7532.200000000001,,,,,,,,0.0,,0.0,0.0,,,,,2.98,-1.5100000000000002,3.72,3.74,-0.41000000000000014,3.8599999999999994
2008-03-01,us,,,,213.448,0.3578027806118822,3.9749035501344343,212.7696666666667,214.42,0.2248304423223324,2.388524386633417,214.04333333333332,5.1,0.09999999999999964,5.000000000000001,2.61,-1.6300000000000003,3.176666666666667,3.51,-0.5899999999999999,3.6633333333333327,7664.9,0.8499664486928182,6.981450723686966,7592.933333333333,,,,,,,,0.0,,0.0,0.0,,,,,2.61,-1.6300000000000003,3.176666666666667,3.51,-0.5899999999999999,3.6633333333333327
2008-04-01,us,,,,213.942,0.2314381020201539,3.9037609759888126,213.359,214.56,0.06529241675217179,2.294669292051843,214.30633333333333,5.0,0.0,5.000000000000001,2.28,-1.6600000000000001,2.6233333333333335,3.68,-0.06000000000000005,3.6433333333333326,7711.4,0.6066615350493798,6.512520891172535,7658.866666666666,,,,,,,,0.0,,0.0,0.0,,,,,2.28,-1.6600000000000001,2.6233333333333335,3.68,-0.06000000000000005,3.6433333333333326
2008-05-01,us,,,,215.208,0.5917491656617146,4.088413823123993,214.19933333333333,214.936,0.1752423564504113,2.3222157689781087,214.6386666666667,5.4,0.5,5.166666666666667,1.98,-1.0,2.2900000000000005,3.88,0.13999999999999968,3.6899999999999995,7728.3,0.21915605467230925,6.4929517300299056,7701.533333333333,,,,,,,,0.0,,0.0,0.0,,,,,1.98,-1.0,2.2900000000000005,3.88,0.13999999999999968,3.6899999999999995
2008-06-01,us,,,,217.463,1.04782350098509,4.935966105947864,215.5376666666667,215.424,0.22704432947482367,2.3917259211376996,214.97333333333336,5.6,0.5,5.333333333333333,2.0,-0.6099999999999999,2.0866666666666673,4.1,0.5899999999999999,3.8866666666666663,7747.3,0.24584966939689146,6.264230653169833,7729.0,,,,,,,,0.0,,0.0,0.0,,,,,2.0,-0.6099999999999999,2.0866666666666673,4.1,0.5899999999999999,3.8866666666666663
2008-07-01,us,,,,219.016,0.7141444751521009,5.497512078341837,217.229,215.965,0.2511326500297173,2.463313612274831,215.4416666666667,5.8,0.7999999999999998,5.6000000000000005,2.01,-0.27,1.9966666666666668,4.01,0.3299999999999996,3.996666666666666,7794.9,0.6144076000671239,6.461525854298111,7756.833333333333,,,,,,,,0.0,,0.0,0.0,,,,,2.01,-0.27,1.9966666666666668,4.01,0.3299999999999996,3.996666666666666
2008-08-01,us,,,,218.69,-0.14884757278006422,5.308017162091239,218.38966666666667,216.393,0.19818026069038375,2.4981171756213394,215.9273333333333,6.1,0.6999999999999993,5.833333333333333,2.0,0.020000000000000018,2.0033333333333334,3.89,0.010000000000000231,3.9999999999999996,7808.8,0.17832172317797657,5.5671218061376315,7783.666666666667,,,,,,,,0.0,,0.0,0.0,,,,,2.0,0.020000000000000018,2.0033333333333334,3.89,0.010000000000000231,3.9999999999999996
2008-09-01,us,,,,218.877,0.08550916822900323,4.953319875136075,218.86100000000002,216.713,0.14787909035873792,2.4386208722122937,216.357,6.1,0.5,6.0,1.81,-0.18999999999999995,1.9400000000000002,3.69,-0.4099999999999997,3.863333333333333,7873.6,0.8298330089130168,6.201947719118395,7825.766666666667,,,,,,,,0.0,,0.0,0.0,,,,,1.81,-0.18999999999999995,1.9400000000000002,3.69,-0.4099999999999997,3.863333333333333
2008-10-01,us,,,,216.995,-0.8598436564828615,3.7310578899565128,218.18733333333333,216.788,0.03460798383114749,2.2213629955157854,216.63133333333334,6.5,0.7000000000000002,6.233333333333333,0.97,-1.0399999999999998,1.5933333333333337,3.81,-0.19999999999999973,3.7966666666666664,7976.3,1.3043588701483477,7.367074976443666,7886.233333333334,,,,,,,,0.0,,0.0,0.0,,,,,0.97,-1.0399999999999998,1.5933333333333337,3.81,-0.19999999999999973,3.7966666666666664
2008-11-01,us,,,,213.153,-1.7705477084725474,1.0999174706166848,216.34166666666667,216.947,0.07334354300052581,2.015893915169764,216.816,6.8,0.7000000000000002,6.466666666666668,0.39,-1.6099999999999999,1.0566666666666669,3.53,-0.3600000000000003,3.676666666666666,8027.8,0.6456627759738209,7.697880332707263,7959.233333333334,,,,,,,,0.0,,0.0,0.0,,,,,0.39,-1.6099999999999999,1.0566666666666669,3.53,-0.3600000000000003,3.676666666666666
2008-12-01,us,,,,211.398,-0.8233522399403226,-0.02222800255385904,213.84866666666667,216.925,-0.010140725615004342,1.7624596562335837,216.88666666666668,7.3,1.2000000000000002,6.866666666666667,0.16,-1.6500000000000001,0.5066666666666669,2.42,-1.27,3.2533333333333325,8203.0,2.182416104038465,9.626204444919617,8069.033333333333,,,,,,,,0.0,,0.0,0.0,,,,,0.16,-1.6500000000000001,0.5066666666666669,2.42,-1.27,3.2533333333333325
2009-01-01,us,,,,211.933,0.2530771341261451,-0.11358601902212717,212.16133333333332,217.346,0.19407629364986967,1.6723503187990874,217.0726666666667,7.8,1.2999999999999998,7.3,0.15,-0.82,0.23333333333333361,2.52,-1.29,2.8233333333333324,8284.2,0.989881750579058,10.256068994889267,8171.666666666667,,,,,,,,0.0,,0.0,0.0,,,,,0.15,-0.82,0.23333333333333361,2.52,-1.29,2.8233333333333324
2009-02-01,us,,,,212.705,0.3642660652187324,0.008463140671510772,212.01199999999997,217.792,0.20520276425606276,1.800980653363804,217.35433333333336,8.3,1.5000000000000009,7.800000000000001,0.22,-0.17,0.17666666666666697,2.87,-0.6599999999999997,2.603333333333333,8314.7,0.3681707346514962,9.399628962014672,8267.300000000001,,,,,,,,0.0,,0.0,0.0,,,,,0.22,-0.17,0.17666666666666697,2.87,-0.6599999999999997,2.603333333333333
2009-03-01,us,,,,212.495,-0.0987282856538485,-0.4464787676623838,212.37766666666667,218.253,0.2116698501322345,1.7876130957932945,217.797,8.7,1.3999999999999995,8.266666666666667,0.18,0.01999999999999999,0.1833333333333336,2.82,0.3999999999999999,2.736666666666666,8380.5,0.7913695022069289,9.33606439744812,8326.466666666667,,,,,,,,0.0,,0.0,0.0,,,,,0.18,0.01999999999999999,0.1833333333333336,2.82,0.3999999999999999,2.736666666666666
2009-04-01,us,,,,212.709,0.10070825195886979,-0.5763244243767063,212.63633333333334,218.706,0.20755728443595522,1.93232662192393,218.25033333333332,9.0,1.2000000000000002,8.666666666666666,0.15,0.0,0.18333333333333365,2.93,0.41000000000000014,2.873333333333333,8390.2,0.11574488395680316,8.802552065772762,8361.800000000001,,,,,,,,0.0,,0.0,0.0,,,,,0.15,0.0,0.18333333333333365,2.93,0.41000000000000014,2.873333333333333
2009-05-01,us,,,,213.022,0.14714939189219844,-1.015761495855172,212.742,218.904,0.0905324956791409,1.8461309413034588,218.62099999999998,9.4,1.0999999999999996,9.033333333333333,0.18,-0.04000000000000001,0.1700000000000003,3.29,0.41999999999999993,3.0133333333333323,8452.9,0.7473004219207935,9.375930023420409,8407.866666666667,,,,,,,,0.0,,0.0,0.0,,,,,0.18,-0.04000000000000001,0.1700000000000003,3.29,0.41999999999999993,3.0133333333333323
2009-06-01,us,,,,214.79,0.8299612246622345,-1.2291746182109153,213.50699999999998,219.112,0.09501882103570836,1.7119726678550107,218.90733333333333,9.5,0.8000000000000007,9.299999999999999,0.21,0.03,0.18000000000000027,3.72,0.9000000000000004,3.3133333333333326,8462.9,0.1183025943758853,9.236766357311566,8435.333333333334,,,,,,,,0.0,,0.0,0.0,,,,,0.21,0.03,0.18000000000000027,3.72,0.9000000000000004,3.3133333333333326
2009-07-01,us,,,,214.726,-0.029796545463012247,-1.9587610037622771,214.17933333333335,219.263,0.06891452773012396,1.5270992984974363,219.093,9.5,0.5,9.466666666666667,0.16,0.010000000000000009,0.18333333333333365,3.56,0.6299999999999999,3.523333333333333,8467.3,0.051991634073411674,8.62615299747269,8461.033333333333,,,,,,,,0.0,,0.0,0.0,,,,,0.16,0.010000000000000009,0.18333333333333365,3.56,0.6299999999999999,3.523333333333333
2009-08-01,us,,,,215.445,0.33484533777929926,-1.4838355663267633,214.987,219.496,0.10626507892348425,1.4339650543224725,219.29033333333334,9.6,0.1999999999999993,9.533333333333333,0.16,-0.01999999999999999,0.17666666666666697,3.59,0.2999999999999998,3.6233333333333326,8466.2,-0.012991154204988753,8.418707099682422,8465.466666666667,,,,,,,,0.0,,0.0,0.0,,,,,0.16,-0.01999999999999999,0.17666666666666697,3.59,0.2999999999999998,3.6233333333333326
2009-09-01,us,,,,215.861,0.19308872334005134,-1.377942862886472,215.34399999999997,219.92,0.1931698071946597,1.4798373886199645,219.55966666666666,9.8,0.3000000000000007,9.633333333333335,0.15,-0.06,0.15666666666666698,3.4,-0.3200000000000003,3.5166666666666657,8462.7,-0.04134086130731518,7.481965047754535,8465.4,,,,,,,,0.0,,0.0,0.0,,,,,0.15,-0.06,0.15666666666666698,3.4,-0.3200000000000003,3.5166666666666657
2009-10-01,us,,,,216.509,0.3001931798703783,-0.22396829420033848,215.9383333333333,220.501,0.2641869770825922,1.7127331771131127,219.9723333333333,10.0,0.5,9.8,0.12,-0.04000000000000001,0.14333333333333362,3.39,-0.16999999999999993,3.459999999999999,8489.2,0.31313883276022914,6.430299763048031,8472.700000000003,,,,,,,,0.0,,0.0,0.0,,,,,0.12,-0.04000000000000001,0.14333333333333362,3.39,-0.16999999999999993,3.459999999999999
2009-11-01,us,,,,217.234,0.3348590589767664,1.9145871744709275,216.53466666666668,220.666,0.0748295926095599,1.714243571010421,220.36233333333334,9.9,0.3000000000000007,9.9,0.12,-0.04000000000000001,0.1300000000000003,3.4,-0.18999999999999995,3.396666666666666,8517.9,0.33807661499316577,6.105035003363302,8489.933333333332,,,,,,,,0.0,,0.0,0.0,,,,,0.12,-0.04000000000000001,0.1300000000000003,3.4,-0.18999999999999995,3.396666666666666
2009-12-01,us,,,,217.347,0.052017639964274665,2.8141231232083674,217.03,220.881,0.0974323185266357,1.8236717759594345,220.68266666666668,9.9,0.09999999999999964,9.933333333333334,0.12,-0.03,0.12,3.59,0.18999999999999995,3.4599999999999995,8510.6,-0.08570187487525471,3.749847616725588,8505.9,,,,,,,,0.0,,0.0,0.0,,,,,0.12,-0.03,0.12,3.59,0.18999999999999995,3.4599999999999995
2010-01-01,us,,,,217.488,0.06487322116246474,2.6211113889767157,217.3563333333333,220.633,-0.11227765176723414,1.5123351706495702,220.7266666666667,9.8,-0.1999999999999993,9.866666666666669,0.11,-0.009999999999999995,0.11666666666666696,3.73,0.33999999999999986,3.5733333333333324,8473.1,-0.44062698282142376,2.280244320513747,8500.533333333335,,,,,,,,0.0,,0.0,0.0,,,,,0.11,-0.009999999999999995,0.11666666666666696,3.73,0.33999999999999986,3.5733333333333324
2010-02-01,us,,,,217.281,-0.09517766497462166,2.151336357866529,217.37199999999999,220.731,0.04441765284430854,1.3494526888039982,220.74833333333333,9.8,-0.09999999999999964,9.833333333333334,0.13,0.010000000000000009,0.12000000000000029,3.69,0.29000000000000004,3.6699999999999995,8523.4,0.5936434126824874,2.510012387698879,8502.366666666667,,,,,,,,0.0,,0.0,0.0,,,,,0.13,0.010000000000000009,0.12000000000000029,3.69,0.29000000000000004,3.6699999999999995
2010-03-01,us,,,,217.353,0.03313681361922782,2.2861714393279886,217.37400000000002,220.783,0.023558086539732237,1.1592051426555505,220.7156666666667,9.9,0.0,9.833333333333334,0.16,0.04000000000000001,0.13333333333333364,3.73,0.14000000000000012,3.7166666666666663,8519.0,-0.0516225919234059,1.652646023506943,8505.166666666666,,,,,,,,0.0,,0.0,0.0,,,,,0.16,0.04000000000000001,0.13333333333333364,3.73,0.14000000000000012,3.7166666666666663
2010-04-01,us,,,,217.403,0.023004053314190642,2.2067707525304403,217.3456666666667,220.822,0.017664403509343174,0.9675088932173947,220.77866666666668,9.9,0.09999999999999964,9.866666666666669,0.2,0.09000000000000001,0.16333333333333364,3.85,0.1200000000000001,3.756666666666666,8554.3,0.4143678835544007,1.955853257371687,8532.233333333332,,,,,,,,0.0,,0.0,0.0,,,,,0.2,0.09000000000000001,0.16333333333333364,3.85,0.1200000000000001,3.756666666666666
2010-05-01,us,,,,217.29,-0.05197720362644098,2.003548929218568,217.34866666666667,220.962,0.06339948012425989,0.9401381427474931,220.85566666666668,9.6,-0.20000000000000107,9.800000000000002,0.2,0.07,0.18666666666666698,3.42,-0.27,3.666666666666666,8612.0,0.674514571618956,1.882194276520499,8561.766666666665,,,,,,,,0.0,,0.0,0.0,,,,,0.2,0.07,0.18666666666666698,3.42,-0.27,3.666666666666666
2010-06-01,us,,,,217.199,-0.041879515854381655,1.1215605940686268,217.2973333333333,221.194,0.10499542907829174,0.9501989849939774,220.99266666666665,9.4,-0.5,9.633333333333335,0.18,0.01999999999999999,0.1933333333333336,3.2,-0.5299999999999998,3.4899999999999998,8631.0,0.22062238736646478,1.9863167472143228,8599.099999999999,,,,,,,,0.0,,0.0,0.0,,,,,0.18,0.01999999999999999,0.1933333333333336,3.2,-0.5299999999999998,3.4899999999999998
2010-07-01,us,,,,217.605,0.18692535416828804,1.3407784804821077,217.3646666666667,221.363,0.07640351908280163,0.9577539302116689,221.173,9.4,-0.5,9.466666666666667,0.18,-0.020000000000000018,0.18666666666666698,3.01,-0.8400000000000003,3.2099999999999995,8642.3,0.13092341559493015,2.066774532613702,8628.433333333334,,,,,,,,0.0,,0.0,0.0,,,,,0.18,-0.020000000000000018,0.18666666666666698,3.01,-0.8400000000000003,3.2099999999999995
2010-08-01,us,,,,217.923,0.14613634796996067,1.1501775395112546,217.5756666666667,221.509,0.06595501506574397,0.9171009950067255,221.3553333333333,9.5,-0.09999999999999964,9.433333333333335,0.19,-0.010000000000000009,0.1833333333333336,2.7,-0.7199999999999998,2.9699999999999993,8690.5,0.5577219027342428,2.6493586260659896,8654.6,,,,,,,,0.0,,0.0,0.0,,,,,0.19,-0.010000000000000009,0.1833333333333336,2.7,-0.7199999999999998,2.9699999999999993
2010-09-01,us,,,,218.275,0.1615249422961318,1.1183122472331775,217.93433333333334,221.711,0.09119268291581939,0.8143870498363182,221.52766666666665,9.5,0.09999999999999964,9.466666666666669,0.19,0.010000000000000009,0.18666666666666698,2.65,-0.5500000000000003,2.7866666666666657,8719.6,0.33484839767563557,3.0356741938152076,8684.133333333333,,,,,,,,0.0,,0.0,0.0,,,,,0.19,0.010000000000000009,0.18666666666666698,2.65,-0.5500000000000003,2.7866666666666657
2010-10-01,us,,,,219.035,0.348184629481163,1.1666951489314625,218.41099999999997,221.83,0.05367347583113968,0.6027183550187942,221.6833333333333,9.4,0.0,9.466666666666667,0.19,0.010000000000000009,0.19,2.54,-0.46999999999999975,2.6299999999999994,8769.8,0.5757144823156812,3.3053762427554867,8726.633333333333,,,,,,,,0.0,,0.0,0.0,,,,,0.19,0.010000000000000009,0.19,2.54,-0.46999999999999975,2.6299999999999994
2010-11-01,us,,,,219.59,0.25338416234848005,1.084544776600338,218.96666666666667,222.149,0.14380381373122475,0.672056411046551,221.89666666666668,9.8,0.3000000000000007,9.566666666666668,0.19,0.0,0.19,2.76,0.05999999999999961,2.649999999999999,8790.3,0.23375675614039082,3.1979713309618463,8759.9,,,,,,,,0.0,,0.0,0.0,,,,,0.19,0.0,0.19,2.76,0.05999999999999961,2.649999999999999
2010-12-01,us,,,,220.472,0.4016576346828282,1.437793022217937,219.69899999999998,222.343,0.08732877483130785,0.6618948664665503,222.10733333333334,9.3,-0.1999999999999993,9.500000000000002,0.18,-0.010000000000000009,0.18666666666666695,3.29,0.6400000000000001,2.863333333333333,8822.0,0.36062477958660466,3.6589664653490894,8794.033333333333,,,,,,,,0.0,,0.0,0.0,,,,,0.18,-0.010000000000000009,0.18666666666666695,3.29,0.6400000000000001,2.863333333333333
2011-01-01,us,,,,221.187,0.3243042200370194,1.7007834915029774,220.41633333333334,222.803,0.20688755661297797,0.9835337415527112,222.43166666666664,9.1,-0.3000000000000007,9.4,0.17,-0.01999999999999999,0.1800000000000003,3.39,0.8500000000000001,3.146666666666666,8844.5,0.2550442076626691,4.383283567997531,8818.933333333332,,,,,,,,0.0,,0.0,0.0,,,,,0.17,-0.01999999999999999,0.1800000000000003,3.39,0.8500000000000001,3.146666666666666
2011-02-01,us,,,,221.898,0.321447463006419,2.124898173333145,221.18566666666666,223.213,0.18401906617055985,1.124445592146106,222.78633333333332,9.0,-0.8000000000000007,9.133333333333335,0.16,-0.03,0.1700000000000003,3.58,0.8200000000000003,3.4199999999999995,8909.9,0.7394425914410085,4.534575404181429,8858.800000000001,,,,,,,,0.0,,0.0,0.0,,,,,0.16,-0.03,0.1700000000000003,3.58,0.8200000000000003,3.4199999999999995
2011-03-01,us,,,,223.046,0.51735482068338,2.619241510354109,222.04366666666667,223.454,0.10796862189927925,1.2097851736773357,223.15666666666667,9.0,-0.3000000000000007,9.033333333333333,0.14,-0.03999999999999998,0.15666666666666698,3.41,0.1200000000000001,3.4599999999999995,8967.7,0.6487165961458707,5.267050123253902,8907.366666666667,,,,,,,,0.0,,0.0,0.0,,,,,0.14,-0.03999999999999998,0.15666666666666698,3.41,0.1200000000000001,3.4599999999999995
2011-04-01,us,,,,224.093,0.46940989750992035,3.0772344447868694,223.01233333333334,223.727,0.12217279619071153,1.3155392125784537,223.46466666666666,9.1,0.0,9.033333333333333,0.1,-0.07,0.13333333333333364,3.46,0.06999999999999984,3.483333333333333,9033.6,0.7348595515014988,5.603030055060043,8970.4,,,,,,,,0.0,,0.0,0.0,,,,,0.1,-0.07,0.13333333333333364,3.46,0.06999999999999984,3.483333333333333
2011-05-01,us,,,,224.806,0.3181714734507679,3.4589718808964998,223.98166666666665,224.175,0.2002440474328182,1.4540961794335727,223.78533333333334,9.0,0.0,9.033333333333333,0.09,-0.07,0.1100000000000003,3.17,-0.41000000000000014,3.3466666666666662,9109.4,0.83908962097059,5.775661867162096,9036.900000000001,,,,,,,,0.0,,0.0,0.0,,,,,0.09,-0.07,0.1100000000000003,3.17,-0.41000000000000014,3.3466666666666662
2011-06-01,us,,,,224.806,0.0,3.5023181506360412,224.56833333333336,224.697,0.2328537972565936,1.5836776766096738,224.19966666666667,9.1,0.09999999999999964,9.066666666666668,0.09,-0.05000000000000002,0.09333333333333364,3.0,-0.41000000000000014,3.2099999999999995,9184.2,0.8211298219421792,6.4094542926659726,9109.066666666666,,,,,,,,0.0,,0.0,0.0,,,,,0.09,-0.05000000000000002,0.09333333333333364,3.0,-0.41000000000000014,3.2099999999999995
2011-07-01,us,,,,225.395,0.26200368317570444,3.5798809769996165,225.00233333333335,225.218,0.2318678041985267,1.741483445742964,224.6966666666667,9.0,-0.09999999999999964,9.033333333333333,0.07,-0.03,0.08333333333333363,3.0,-0.45999999999999996,3.056666666666666,9346.9,1.7715206550379836,8.152922254492445,9213.5,,,,,,,,0.0,,0.0,0.0,,,,,0.07,-0.03,0.08333333333333363,3.0,-0.45999999999999996,3.056666666666666
2011-08-01,us,,,,226.106,0.3154462166418792,3.75499603070808,225.43566666666666,225.862,0.2859451731211493,1.9651571719433658,225.259,9.0,0.0,9.033333333333333,0.1,0.010000000000000009,0.08666666666666696,2.3,-0.8700000000000001,2.7666666666666657,9532.5,1.9856850934534487,9.688740578792942,9354.533333333333,,,,,,,,0.0,,0.0,0.0,,,,,0.1,0.010000000000000009,0.08666666666666696,2.3,-0.8700000000000001,2.7666666666666657
2011-09-01,us,,,,226.597,0.21715478580843772,3.812621692818685,226.03266666666664,226.118,0.11334354605909702,1.9877227562006272,225.73266666666666,9.0,-0.09999999999999964,9.0,0.08,-0.009999999999999995,0.08333333333333363,1.98,-1.02,2.426666666666666,9553.3,0.2182008916863376,9.56121840451396,9477.566666666668,,,,,,,,0.0,,0.0,0.0,,,,,0.08,-0.009999999999999995,0.08333333333333363,1.98,-1.02,2.426666666666666
2011-10-01,us,,,,226.75,0.0675207527019328,3.5222681306640524,226.48433333333332,226.506,0.1715918237380487,2.1079204796465634,226.162,8.8,-0.1999999999999993,8.933333333333335,0.07,0.0,0.08333333333333363,2.15,-0.8500000000000001,2.1433333333333326,9586.2,0.34438361613267077,9.309220278683682,9557.333333333334,,,,,,,,0.0,,0.0,0.0,,,,,0.07,0.0,0.08333333333333363,2.15,-0.8500000000000001,2.1433333333333326
2011-11-01,us,,,,227.169,0.18478500551268873,3.451432214581729,226.83866666666668,226.899,0.17350533760696063,2.138204538395394,226.50766666666667,8.6,-0.40000000000000036,8.8,0.08,-0.020000000000000004,0.07666666666666697,2.01,-0.29000000000000004,2.046666666666666,9639.5,0.556007594250052,9.660648669556227,9593.0,,,,,,,,0.0,,0.0,0.0,,,,,0.08,-0.020000000000000004,0.07666666666666697,2.01,-0.29000000000000004,2.046666666666666
2011-12-01,us,,,,227.223,0.023770849015480877,3.062066838419386,227.04733333333334,227.405,0.2230067122376056,2.276662633858506,226.93666666666664,8.5,-0.5,8.633333333333335,0.07,-0.009999999999999995,0.07333333333333364,1.98,0.0,2.0466666666666664,9683.5,0.4564552103324848,9.765359328950352,9636.4,,,,,,,,0.0,,0.0,0.0,,,,,0.07,-0.009999999999999995,0.07333333333333364,1.98,0.0,2.0466666666666664
2012-01-01,us,,,,227.842,0.27241960540966836,3.0087663379855023,227.41133333333335,227.877,0.2075592005452931,2.2773481506083826,227.3936666666667,8.3,-0.5,8.466666666666667,0.08,0.009999999999999995,0.07666666666666698,1.97,-0.17999999999999994,1.9866666666666661,9753.3,0.7208137553570415,10.275312341002873,9692.1,,,,,,,,0.0,,0.0,0.0,,,,,0.08,0.009999999999999995,0.07666666666666698,1.97,-0.17999999999999994,1.9866666666666661
2012-02-01,us,,,,228.329,0.21374461249461518,2.8981784423473878,227.798,228.034,0.0688968171425719,2.1598204405657295,227.77200000000002,8.3,-0.29999999999999893,8.366666666666669,0.1,0.020000000000000004,0.08333333333333363,1.97,-0.039999999999999813,1.9733333333333327,9806.3,0.5434058216193582,10.06071897552161,9747.699999999999,,,,,,,,0.0,,0.0,0.0,,,,,0.1,0.020000000000000004,0.08333333333333363,1.97,-0.039999999999999813,1.9733333333333327
2012-03-01,us,,,,228.807,0.20934703870292282,2.5828752813320977,228.326,228.478,0.1947078067305874,2.2483374654291177,228.12966666666668,8.2,-0.3000000000000007,8.266666666666667,0.13,0.06,0.10333333333333362,2.17,0.18999999999999995,2.0366666666666657,9849.3,0.4384936214474333,9.830837338447962,9802.966666666665,,,,,,,,0.0,,0.0,0.0,,,,,0.13,0.06,0.10333333333333362,2.17,0.18999999999999995,2.0366666666666657
2012-04-01,us,,,,229.187,0.16607883500068255,2.2731633741348567,228.77433333333332,228.905,0.18688889083413596,2.314427851801515,228.4723333333333,8.2,-0.10000000000000142,8.233333333333333,0.14,0.06000000000000001,0.12333333333333363,2.05,0.07999999999999985,2.0633333333333326,9905.0,0.5655224229133005,9.64620970598653,9853.533333333333,,,,,,,,0.0,,0.0,0.0,,,,,0.14,0.06000000000000001,0.12333333333333363,2.05,0.07999999999999985,2.0633333333333326
2012-05-01,us,,,,228.713,-0.2068180132381081,1.7379429374660749,228.90233333333333,229.224,0.13935912278018048,2.252258280361308,228.869,8.2,-0.10000000000000142,8.2,0.16,0.06,0.14333333333333365,1.8,-0.16999999999999993,2.006666666666666,9951.9,0.4734982332155413,9.24868816826574,9902.066666666666,,,,,,,,0.0,,0.0,0.0,,,,,0.16,0.06,0.14333333333333365,1.8,-0.16999999999999993,2.006666666666666
2012-06-01,us,,,,228.524,-0.08263631713106845,1.653870448297634,228.808,229.623,0.17406554287509035,2.192285611289857,229.25066666666666,8.2,0.0,8.2,0.16,0.03,0.15333333333333363,1.62,-0.5499999999999998,1.8233333333333326,10023.7,0.7214702720083732,9.140698155527982,9960.199999999999,,,,,,,,0.0,,0.0,0.0,,,,,0.16,0.03,0.15333333333333363,1.62,-0.5499999999999998,1.8233333333333326
2012-07-01,us,,,,228.59,0.02888099280600187,1.4175114798464783,228.609,229.97,0.15111726612753174,2.109955687378462,229.60566666666668,8.2,0.0,8.2,0.16,0.01999999999999999,0.16,1.53,-0.5199999999999998,1.6499999999999995,10076.0,0.5217634206929445,7.800447207095407,10017.199999999999,,,,,,,,0.0,,0.0,0.0,,,,,0.16,0.01999999999999999,0.16,1.53,-0.5199999999999998,1.6499999999999995
2012-08-01,us,,,,229.918,0.580952797585188,1.6859349154821235,229.01066666666668,230.233,0.11436274296647841,1.9352524993137443,229.942,8.1,-0.09999999999999964,8.166666666666666,0.13,-0.03,0.15000000000000027,1.68,-0.1200000000000001,1.6099999999999994,10147.8,0.7125843588725589,6.454760031471274,10082.5,,,,,,,,0.0,,0.0,0.0,,,,,0.13,-0.03,0.15000000000000027,1.68,-0.1200000000000001,1.6099999999999994
2012-09-01,us,,,,231.015,0.47712662775423187,1.9497168982819613,229.841,230.659,0.18502994792231053,2.0082434834909124,230.28733333333332,7.8,-0.39999999999999947,8.033333333333333,0.14,-0.01999999999999999,0.14333333333333365,1.72,0.09999999999999987,1.6433333333333326,10228.4,0.7942608250063987,7.06666806234495,10150.733333333334,,,,,,,,0.0,,0.0,0.0,,,,,0.14,-0.01999999999999999,0.14333333333333365,1.72,0.09999999999999987,1.6433333333333326
2012-10-01,us,,,,231.638,0.26967945804385884,2.1556780595369363,230.85699999999997,231.024,0.1582422537165229,1.9946491483669337,230.63866666666664,7.8,-0.39999999999999947,7.900000000000001,0.16,0.0,0.14333333333333362,1.75,0.21999999999999997,1.7166666666666661,10294.4,0.6452622110985073,7.387703156620962,10223.533333333333,,,,,,,,0.0,,0.0,0.0,,,,,0.16,0.0,0.14333333333333362,1.75,0.21999999999999997,1.7166666666666661
2012-11-01,us,,,,231.249,-0.16793444944266378,1.7960197033926262,231.30066666666664,231.33,0.13245377103678901,1.9528512686261434,231.00433333333334,7.7,-0.39999999999999947,7.766666666666667,0.16,0.03,0.15333333333333365,1.65,-0.030000000000000027,1.706666666666666,10365.6,0.6916381722101406,7.5325483686913275,10296.133333333333,,,,,,,,0.0,,0.0,0.0,,,,,0.16,0.03,0.15333333333333365,1.65,-0.030000000000000027,1.706666666666666
2012-12-01,us,,,,231.221,-0.012108160467716456,1.7595049796895523,231.36933333333332,231.725,0.1707517399386127,1.8996943778720743,231.3596666666667,7.9,0.10000000000000053,7.800000000000001,0.16,0.01999999999999999,0.16,1.72,0.0,1.706666666666666,10485.4,1.1557459288415561,8.281096710899982,10381.800000000001,,,,,,,,0.0,,0.0,0.0,,,,,0.16,0.01999999999999999,0.16,1.72,0.0,1.706666666666666
2013-01-01,us,,,,231.679,0.1980788942180789,1.684061762098299,231.383,232.229,0.2174991908512336,1.9098022178631435,231.76133333333337,8.0,0.20000000000000018,7.866666666666667,0.14,-0.01999999999999999,0.15333333333333363,1.91,0.15999999999999992,1.7599999999999991,10502.3,0.1611764930284032,7.679452082884763,10451.099999999999,,,,,,,,0.0,,0.0,0.0,,,,,0.14,-0.01999999999999999,0.15333333333333363,1.91,0.15999999999999992,1.7599999999999991
2013-02-01,us,,,,232.937,0.5429926752100966,2.0181404902574807,231.94566666666665,232.569,0.14640721012448843,1.9887385214485631,232.17433333333335,7.7,0.0,7.866666666666667,0.15,-0.010000000000000009,0.15000000000000033,1.98,0.33000000000000007,1.8699999999999992,10523.0,0.19709968292660474,7.308566941659955,10503.566666666666,,,,,,,,0.0,,0.0,0.0,,,,,0.15,-0.010000000000000009,0.15000000000000033,1.98,0.33000000000000007,1.8699999999999992
2013-03-01,us,,,,232.282,-0.28119191025899326,1.5187472411246183,232.29933333333335,232.794,0.09674548198599364,1.8890221377988237,232.53066666666666,7.5,-0.40000000000000036,7.733333333333334,0.14,-0.01999999999999999,0.14333333333333365,1.96,0.24,1.9499999999999993,10578.7,0.5293167347714567,7.405602428599001,10534.666666666666,,,,,,,,0.0,,0.0,0.0,,,,,0.14,-0.01999999999999999,0.14333333333333365,1.96,0.24,1.9499999999999993
2013-04-01,us,,,,231.797,-0.2087979266581219,1.138808047576867,232.33866666666668,232.832,0.016323444762322836,1.715558856294086,232.73166666666665,7.6,-0.40000000000000036,7.6000000000000005,0.15,0.009999999999999981,0.14666666666666697,1.76,-0.1499999999999999,1.8999999999999995,10608.9,0.28547931220281875,7.106511862695597,10570.2,,,,,,,,0.0,,0.0,0.0,,,,,0.15,0.009999999999999981,0.14666666666666697,1.76,-0.1499999999999999,1.8999999999999995
2013-05-01,us,,,,231.893,0.041415548950163306,1.3903888279197085,231.99066666666667,232.996,0.07043705332601125,1.6455519491850756,232.87400000000002,7.5,-0.20000000000000018,7.533333333333334,0.11,-0.039999999999999994,0.13333333333333364,1.93,-0.050000000000000044,1.8833333333333329,10646.5,0.3544194025770775,6.979571740069734,10611.366666666667,,,,,,,,0.0,,0.0,0.0,,,,,0.11,-0.039999999999999994,0.13333333333333364,1.93,-0.050000000000000044,1.8833333333333329
2013-06-01,us,,,,232.445,0.23804082055085551,1.7157935271568725,232.045,233.35,0.1519339387800578,1.6230952474272975,233.05933333333334,7.5,0.0,7.533333333333334,0.09,-0.05000000000000002,0.11666666666666697,2.3,0.33999999999999986,1.9966666666666661,10705.6,0.5551120086413341,6.802877181080835,10653.666666666666,,,,,,,,0.0,,0.0,0.0,,,,,0.09,-0.05000000000000002,0.11666666666666697,2.3,0.33999999999999986,1.9966666666666661
2013-07-01,us,,,,232.9,0.19574523005443378,1.885471805415806,232.4126666666667,233.88,0.22712663381188047,1.7002217680567089,233.40866666666668,7.3,-0.2999999999999998,7.433333333333334,0.09,-0.06,0.09666666666666696,2.58,0.8200000000000001,2.2699999999999996,10743.0,0.349349872963689,6.6196903533148,10698.366666666667,,,,,,,,0.0,,0.0,0.0,,,,,0.09,-0.06,0.09666666666666696,2.58,0.8200000000000001,2.2699999999999996
2013-08-01,us,,,,233.456,0.23872906826962748,1.538809488600279,232.93366666666665,234.336,0.19497178040022156,1.782107690904433,233.85533333333333,7.2,-0.2999999999999998,7.333333333333333,0.08,-0.03,0.08666666666666696,2.74,0.8100000000000003,2.5399999999999996,10803.6,0.5640882435073991,6.46248447939457,10750.733333333334,,,,,,,,0.0,,0.0,0.0,,,,,0.08,-0.03,0.08666666666666696,2.74,0.8100000000000003,2.5399999999999996
2013-09-01,us,,,,233.544,0.037694469193350066,1.0947341081747997,233.30000000000004,234.7,0.15533251399697523,1.7519368418314363,234.30533333333332,7.2,-0.2999999999999998,7.233333333333334,0.08,-0.009999999999999995,0.08333333333333363,2.81,0.5100000000000002,2.7099999999999995,10865.8,0.5757340145877254,6.231668687184699,10804.133333333333,,,,,,,,0.0,,0.0,0.0,,,,,0.08,-0.009999999999999995,0.08333333333333363,2.81,0.5100000000000002,2.7099999999999995
2013-10-01,us,,,,233.669,0.053523104853914205,0.8767991434911471,233.55633333333333,234.921,0.09416276097145015,1.686837731144819,234.65233333333333,7.2,-0.09999999999999964,7.2,0.09,0.0,0.08333333333333363,2.62,0.040000000000000036,2.7233333333333327,10989.2,1.1356733972648358,6.749300590612384,10886.2,,,,,,,,0.0,,0.0,0.0,,,,,0.09,0.0,0.08333333333333363,2.62,0.040000000000000036,2.7233333333333327
2013-11-01,us,,,,234.1,0.18444894273523804,1.2328701961954458,233.771,235.359,0.18644565619931885,1.7416677473738762,234.99333333333334,6.9,-0.2999999999999998,7.100000000000001,0.08,0.0,0.08333333333333363,2.72,-0.020000000000000018,2.7166666666666663,10999.8,0.0964583409165165,6.118314424635329,10951.6,,,,,,,,0.0,,0.0,0.0,,,,,0.08,0.0,0.08333333333333363,2.72,-0.020000000000000018,2.7166666666666663
2013-12-01,us,,,,234.719,0.2644169158479315,1.5128383667573297,234.1626666666667,235.759,0.16995313542289558,1.7408566188369834,235.34633333333332,6.7,-0.5,6.9333333333333345,0.09,0.009999999999999995,0.08666666666666696,2.9,0.08999999999999986,2.746666666666666,11062.4,0.5691012563864728,5.502889732389793,11017.133333333333,,,,,,,,0.0,,0.0,0.0,,,,,0.09,0.009999999999999995,0.08666666666666696,2.9,0.08999999999999986,2.746666666666666
2014-01-01,us,,,,235.288,0.24241752904536895,1.557758795574915,234.7023333333333,235.961,0.08568071632473195,1.6070344358370292,235.69299999999998,6.6,-0.6000000000000005,6.733333333333334,0.07,-0.01999999999999999,0.08000000000000031,2.86,0.23999999999999977,2.826666666666666,11127.5,0.5884798958634585,5.952981727812001,11063.233333333332,,,,,,,,0.0,,0.0,0.0,,,,,0.07,-0.01999999999999999,0.08000000000000031,2.86,0.23999999999999977,2.826666666666666
2014-02-01,us,,,,235.547,0.11007786202441583,1.1204746347724948,235.18466666666666,236.185,0.09493094197770002,1.5548073904948723,235.96833333333333,6.7,-0.20000000000000018,6.666666666666667,0.07,-0.009999999999999995,0.07666666666666697,2.71,-0.010000000000000231,2.8233333333333324,11191.9,0.5787463491350175,6.3565523139788915,11127.266666666668,,,,,,,,0.0,,0.0,0.0,,,,,0.07,-0.009999999999999995,0.07666666666666697,2.71,-0.010000000000000231,2.8233333333333324
2014-03-01,us,,,,236.028,0.204205530106516,1.6126949139408042,235.621,236.625,0.1862946419120659,1.6456609706435588,236.25699999999998,6.7,0.0,6.666666666666668,0.08,-0.009999999999999995,0.07333333333333364,2.72,-0.17999999999999972,2.763333333333333,11228.8,0.3297027314397072,6.145367578246841,11182.733333333332,,,,,,,,0.0,,0.0,0.0,,,,,0.08,-0.009999999999999995,0.07333333333333364,2.72,-0.17999999999999972,2.763333333333333
2014-04-01,us,,,,236.468,0.18641856050976013,2.015125303606169,236.01433333333333,237.072,0.18890649762282052,1.8210555250137483,236.62733333333335,6.2,-0.39999999999999947,6.533333333333334,0.09,0.01999999999999999,0.0800000000000003,2.71,-0.1499999999999999,2.713333333333333,11276.0,0.42034767740097845,6.288116581360947,11232.233333333332,,,,,,,,0.0,,0.0,0.0,,,,,0.09,0.01999999999999999,0.0800000000000003,2.71,-0.1499999999999999,2.713333333333333
2014-05-01,us,,,,236.918,0.19030059035471947,2.166947687079812,236.47133333333332,237.529,0.19276844165485585,1.9455269618362525,237.07533333333333,6.3,-0.40000000000000036,6.400000000000001,0.09,0.01999999999999999,0.08666666666666696,2.56,-0.1499999999999999,2.6633333333333327,11343.1,0.5950691734657676,6.542995350584713,11282.633333333333,,,,,,,,0.0,,0.0,0.0,,,,,0.09,0.01999999999999999,0.08666666666666696,2.56,-0.1499999999999999,2.6633333333333327
2014-06-01,us,,,,237.231,0.1321132206079767,2.0589816945944195,236.87233333333333,237.837,0.12966837733496828,1.9228626526676562,237.47933333333333,6.1,-0.6000000000000005,6.2,0.1,0.020000000000000004,0.09333333333333362,2.6,-0.1200000000000001,2.6233333333333326,11398.4,0.4875210480379977,6.471379464952909,11339.166666666666,,,,,,,,0.0,,0.0,0.0,,,,,0.1,0.020000000000000004,0.09333333333333362,2.6,-0.1200000000000001,2.6233333333333326
2014-07-01,us,,,,237.498,0.11254852864928111,1.9742378703305974,237.2156666666667,238.195,0.15052325752511475,1.8449632290063356,237.85366666666664,6.2,0.0,6.2,0.09,0.0,0.09333333333333364,2.54,-0.16999999999999993,2.566666666666666,11452.5,0.4746280179674267,6.604300474727731,11398.0,,,,,,,,0.0,,0.0,0.0,,,,,0.09,0.0,0.09333333333333364,2.54,-0.16999999999999993,2.566666666666666
2014-08-01,us,,,,237.46,-0.01600013473797013,1.7150983482969062,237.39633333333336,238.405,0.08816305967800364,1.73639560289498,238.14566666666667,6.1,-0.20000000000000018,6.133333333333333,0.09,0.0,0.09333333333333362,2.42,-0.14000000000000012,2.5199999999999996,11477.8,0.22091246452737856,6.240512421785316,11442.9,,,,,,,,0.0,,0.0,0.0,,,,,0.09,0.0,0.09333333333333362,2.42,-0.14000000000000012,2.5199999999999996
2014-09-01,us,,,,237.477,0.007159100480080838,1.6840509711232077,237.47833333333335,238.786,0.1598120844780837,1.7409458883681284,238.462,5.9,-0.1999999999999993,6.066666666666667,0.09,-0.010000000000000009,0.09,2.53,-0.07000000000000028,2.496666666666666,11520.7,0.37376500723136363,6.027167810929712,11483.666666666666,,,,,,,,0.0,,0.0,0.0,,,,,0.09,-0.010000000000000009,0.09,2.53,-0.07000000000000028,2.496666666666666
2014-10-01,us,,,,237.43,-0.019791390324119806,1.6095417021513292,237.45566666666664,239.191,0.16960793346343372,1.817632310436279,238.794,5.7,-0.5,5.900000000000001,0.09,0.0,0.09,2.3,-0.2400000000000002,2.416666666666666,11596.5,0.6579461317454571,5.526334947038913,11531.666666666666,,,,,,,,0.0,,0.0,0.0,,,,,0.09,0.0,0.09,2.3,-0.2400000000000002,2.416666666666666
2014-11-01,us,,,,236.983,-0.18826601524659647,1.231524989320798,237.29666666666665,239.458,0.11162627356380295,1.7415947552462452,239.145,5.8,-0.2999999999999998,5.800000000000001,0.09,0.0,0.09,2.33,-0.08999999999999986,2.3866666666666663,11638.9,0.3656275600396608,5.810105638284346,11585.366666666667,,,,,,,,0.0,,0.0,0.0,,,,,0.09,0.0,0.09,2.33,-0.08999999999999986,2.3866666666666663
2014-12-01,us,,,,236.252,-0.30846094445592387,0.6531213919623191,236.88833333333335,239.584,0.05261883085969643,1.6224195046636636,239.41099999999997,5.6,-0.3000000000000007,5.7,0.12,0.03,0.1000000000000003,2.21,-0.31999999999999984,2.2799999999999994,11721.2,0.7071114967909464,5.955308070581444,11652.199999999999,,,,,,,,0.0,,0.0,0.0,,,,,0.12,0.03,0.1000000000000003,2.21,-0.31999999999999984,2.2799999999999994
2015-01-01,us,,,,234.747,-0.6370316441765556,-0.22993097820542818,235.994,239.811,0.09474756244156612,1.631625565241701,239.61766666666668,5.7,0.0,5.7,0.11,0.020000000000000004,0.10666666666666696,1.88,-0.41999999999999993,2.1399999999999992,11806.2,0.7251817220079948,6.09930352729724,11722.1,,,,,,,,0.0,,0.0,0.0,,,,,0.11,0.020000000000000004,0.10666666666666696,1.88,-0.41999999999999993,2.1399999999999992
2015-02-01,us,,,,235.342,0.25346436802173855,-0.08703146293520536,235.44700000000003,240.172,0.15053521314700724,1.6880834938713285,239.85566666666668,5.5,-0.2999999999999998,5.6000000000000005,0.11,0.020000000000000004,0.11333333333333362,1.98,-0.3500000000000001,2.0233333333333325,11920.7,0.9698294116650574,6.51185232176843,11816.033333333333,,,,,,,,0.0,,0.0,0.0,,,,,0.11,0.020000000000000004,0.11333333333333362,1.98,-0.3500000000000001,2.0233333333333325
2015-03-01,us,,,,235.976,0.26939517808124425,-0.022031284423873476,235.35500000000002,240.755,0.2427427010642358,1.7453777073428434,240.24599999999998,5.4,-0.1999999999999993,5.533333333333334,0.11,-0.009999999999999995,0.11,2.04,-0.16999999999999993,1.9666666666666661,11919.1,-0.01342203058545266,6.147584781989179,11882.0,,,,,,,,0.0,,0.0,0.0,,,,,0.11,-0.009999999999999995,0.11,2.04,-0.16999999999999993,1.9666666666666661
2015-04-01,us,,,,236.222,0.10424788961589382,-0.10403098939391064,235.8466666666667,241.346,0.2454777678552844,1.802827832894649,240.75766666666667,5.4,-0.2999999999999998,5.4333333333333345,0.12,0.009999999999999995,0.11333333333333362,1.94,0.06000000000000005,1.9866666666666661,11953.4,0.28777340571015664,6.00744945015963,11931.066666666666,,,,,,,,0.0,,0.0,0.0,,,,,0.12,0.009999999999999995,0.11333333333333362,1.94,0.06000000000000005,1.9866666666666661
2015-05-01,us,,,,237.001,0.3297745341246827,0.03503321824429584,236.3996666666667,241.688,0.14170526961292396,1.7509440952473199,241.263,5.6,0.09999999999999964,5.466666666666668,0.12,0.009999999999999995,0.11666666666666696,2.2,0.2200000000000002,2.059999999999999,11981.9,0.23842588719527047,5.631617459072036,11951.466666666667,,,,,,,,0.0,,0.0,0.0,,,,,0.12,0.009999999999999995,0.11666666666666696,2.2,0.2200000000000002,2.059999999999999
2015-06-01,us,,,,237.657,0.27679208104607333,0.1795718097550525,236.96,242.064,0.15557247360233895,1.7772676244655061,241.69933333333333,5.3,-0.10000000000000053,5.433333333333334,0.13,0.020000000000000004,0.12333333333333363,2.36,0.31999999999999984,2.166666666666666,12020.9,0.3254909488478397,5.461292813026386,11985.4,,,,,,,,0.0,,0.0,0.0,,,,,0.13,0.020000000000000004,0.12333333333333363,2.36,0.31999999999999984,2.166666666666666
2015-07-01,us,,,,238.034,0.15863197801873063,0.22568611104094582,237.564,242.565,0.20697005750545117,1.8346312894897077,242.10566666666668,5.2,-0.20000000000000018,5.366666666666667,0.13,0.010000000000000009,0.12666666666666695,2.32,0.3799999999999999,2.293333333333333,12063.5,0.3543827833190516,5.335079676926435,12022.099999999999,,,,,,,,0.0,,0.0,0.0,,,,,0.13,0.010000000000000009,0.12666666666666695,2.32,0.3799999999999999,2.293333333333333
2015-08-01,us,,,,238.033,-0.000420108051790713,0.2413037985344868,237.908,242.817,0.10388967905510249,1.8506323273421277,242.48199999999997,5.1,-0.5,5.2,0.14,0.020000000000000018,0.13333333333333364,2.17,-0.03000000000000025,2.2833333333333328,12110.1,0.38628921954657613,5.5088954329227,12064.833333333334,,,,,,,,0.0,,0.0,0.0,,,,,0.14,0.020000000000000018,0.13333333333333364,2.17,-0.03000000000000025,2.2833333333333328
2015-09-01,us,,,,237.498,-0.22475875193775918,0.008842961634170088,237.855,243.316,0.20550455692969205,1.8970961446650891,242.89933333333332,5.0,-0.2999999999999998,5.1000000000000005,0.14,0.010000000000000009,0.13666666666666696,2.17,-0.18999999999999995,2.2199999999999993,12172.7,0.5169238899761286,5.659378336385812,12115.433333333334,,,,,,,,0.0,,0.0,0.0,,,,,0.14,0.010000000000000009,0.13666666666666696,2.17,-0.18999999999999995,2.2199999999999993
2015-10-01,us,,,,237.733,0.09894820166906904,0.12761656067050708,237.75466666666662,243.768,0.18576665735092757,1.9135335359607986,243.30033333333336,5.0,-0.20000000000000018,5.033333333333334,0.12,-0.010000000000000009,0.13333333333333364,2.07,-0.25,2.136666666666666,12228.4,0.4575813089947145,5.449057905402488,12170.4,,,,,,,,0.0,,0.0,0.0,,,,,0.12,-0.010000000000000009,0.13333333333333364,2.07,-0.25,2.136666666666666
2015-11-01,us,,,,238.017,0.11946174910508756,0.4363182169185187,237.74933333333334,244.241,0.19403695316859704,1.9974275238246353,243.775,5.1,0.0,5.033333333333334,0.12,-0.020000000000000018,0.12666666666666695,2.26,0.08999999999999986,2.166666666666666,12322.7,0.771155670406598,5.875125656204627,12241.266666666668,,,,,,,,0.0,,0.0,0.0,,,,,0.12,-0.020000000000000018,0.12666666666666695,2.26,0.08999999999999986,2.166666666666666
2015-12-01,us,,,,237.761,-0.10755534268560574,0.6387247515364791,237.837,244.547,0.1252860903779407,2.0715072792840905,244.18533333333335,5.0,0.0,5.033333333333334,0.24,0.09999999999999998,0.16000000000000028,2.24,0.07000000000000028,2.1899999999999995,12393.6,0.5753609192790554,5.736613998566686,12314.9,,,,,,,,0.0,,0.0,0.0,,,,,0.24,0.09999999999999998,0.16000000000000028,2.24,0.07000000000000028,2.1899999999999995
2016-01-01,us,,,,237.652,-0.04584435630738959,1.2375025026943876,237.80999999999997,244.955,0.16683909432542166,2.145022538582464,244.58100000000002,4.8,-0.20000000000000018,4.966666666666667,0.34,0.22000000000000003,0.23333333333333361,2.09,0.020000000000000018,2.196666666666666,12522.2,1.0376323263620035,6.064610120106395,12412.833333333334,,,,,,,,0.0,,0.0,0.0,,,,,0.34,0.22000000000000003,0.23333333333333361,2.09,0.020000000000000018,2.196666666666666
2016-02-01,us,,,,237.336,-0.13296753235823022,0.8472775790126619,237.583,245.51,0.22657222755197992,2.222573822094165,245.00400000000002,4.9,-0.1999999999999993,4.9,0.38,0.26,0.3200000000000003,1.78,-0.47999999999999976,2.036666666666666,12604.4,0.656434172908904,5.735401444546029,12506.733333333335,,,,,,,,0.0,,0.0,0.0,,,,,0.38,0.26,0.3200000000000003,1.78,-0.47999999999999976,2.036666666666666
2016-03-01,us,,,,238.08,0.31347962382444194,0.8916160965521946,237.68933333333334,245.913,0.164148099873751,2.142426948557663,245.45933333333335,5.0,0.0,4.900000000000001,0.36,0.12,0.3600000000000003,1.89,-0.3500000000000003,1.9199999999999993,12662.2,0.45857002316651574,6.234531130706178,12596.266666666668,,,,,,,,0.0,,0.0,0.0,,,,,0.36,0.12,0.3600000000000003,1.89,-0.3500000000000003,1.9199999999999993
2016-04-01,us,,,,238.992,0.38306451612901693,1.1726257503534843,238.136,246.551,0.25944134714308564,2.156654761214183,245.9913333333333,5.1,0.2999999999999998,5.000000000000001,0.37,0.02999999999999997,0.3700000000000003,1.81,-0.2799999999999998,1.8266666666666662,12741.9,0.6294324840864896,6.5964495457359495,12669.5,,,,,,,,0.0,,0.0,0.0,,,,,0.37,0.02999999999999997,0.3700000000000003,1.81,-0.2799999999999998,1.8266666666666662
2016-05-01,us,,,,239.557,0.23640958693178504,1.0784764621246223,238.8763333333333,247.137,0.2376790197565759,2.2545595974976074,246.53366666666668,4.8,-0.10000000000000053,4.966666666666668,0.37,-0.010000000000000009,0.366666666666667,1.81,0.030000000000000027,1.836666666666666,12800.7,0.4614696395357054,6.833640741451696,12734.933333333334,,,,,,,,0.0,,0.0,0.0,,,,,0.37,-0.010000000000000009,0.366666666666667,1.81,0.030000000000000027,1.836666666666666
2016-06-01,us,,,,240.222,0.2775957287827202,1.0792865347959424,239.59033333333332,247.54,0.1630674484192962,2.2622116465067066,247.076,4.9,-0.09999999999999964,4.933333333333334,0.38,0.020000000000000018,0.3733333333333336,1.64,-0.25,1.7533333333333327,12849.3,0.37966673697531483,6.891330931960171,12797.300000000001,,,,,,,,0.0,,0.0,0.0,,,,,0.38,0.020000000000000018,0.3733333333333336,1.64,-0.25,1.7533333333333327
2016-07-01,us,,,,240.101,-0.05037007434789409,0.8683633430518256,239.96,247.829,0.11674880827341472,2.1701399624842965,247.50200000000004,4.8,-0.2999999999999998,4.833333333333334,0.39,0.020000000000000018,0.38000000000000034,1.5,-0.31000000000000005,1.6499999999999995,12907.3,0.4513864568497894,6.994653292991249,12852.433333333334,,,,,,,,0.0,,0.0,0.0,,,,,0.39,0.020000000000000018,0.38000000000000034,1.5,-0.31000000000000005,1.6499999999999995
2016-08-01,us,,,,240.545,0.18492217858316895,1.0553158595656864,240.2893333333333,248.423,0.23968139321870474,2.3087345614186683,247.93066666666664,4.9,0.10000000000000053,4.866666666666668,0.4,0.030000000000000027,0.3900000000000003,1.56,-0.25,1.5666666666666662,12986.7,0.6151557645673433,7.2385859736913805,12914.433333333334,,,,,,,,0.0,,0.0,0.0,,,,,0.4,0.030000000000000027,0.3900000000000003,1.56,-0.25,1.5666666666666662
2016-09-01,us,,,,241.176,0.26232097944252075,1.5486446201652182,240.60733333333334,248.842,0.16866393208359032,2.271120682569183,248.3646666666667,5.0,0.09999999999999964,4.900000000000001,0.4,0.020000000000000018,0.396666666666667,1.63,-0.010000000000000009,1.5633333333333328,13052.7,0.508212247915174,7.229291775859092,12982.233333333332,,,,,,,,0.0,,0.0,0.0,,,,,0.4,0.020000000000000018,0.396666666666667,1.63,-0.010000000000000009,1.5633333333333328
2016-10-01,us,,,,241.741,0.23426874979268764,1.685924966243646,241.154,249.142,0.12055842663214467,2.2045551507991146,248.80233333333334,4.9,0.10000000000000053,4.9333333333333345,0.4,0.010000000000000009,0.4,1.76,0.26,1.6499999999999995,13124.5,0.5500777616891384,7.328023290046115,13054.633333333333,,,,,,,,0.0,,0.0,0.0,,,,,0.4,0.010000000000000009,0.4,1.76,0.26,1.6499999999999995
2016-11-01,us,,,,242.026,0.11789477167711837,1.6843334719788938,241.64766666666665,249.481,0.13606698188182165,2.1454219398053587,249.155,4.7,-0.20000000000000018,4.866666666666667,0.41,0.009999999999999953,0.4033333333333336,2.14,0.5800000000000001,1.8433333333333326,13214.2,0.683454607794598,7.234615790370613,13130.466666666667,,,,,,,,0.0,,0.0,0.0,,,,,0.41,0.009999999999999953,0.4033333333333336,2.14,0.5800000000000001,1.8433333333333326
2016-12-01,us,,,,242.637,0.2524522158776188,2.0507989115119862,242.13466666666667,249.92,0.17596530397103738,2.197123661300271,249.51433333333333,4.7,-0.2999999999999998,4.7666666666666675,0.54,0.14,0.45000000000000034,2.49,0.8600000000000003,2.1299999999999994,13240.6,0.19978507968700931,6.834172476116707,13193.1,,,,,,,,0.0,,0.0,0.0,,,,,0.54,0.14,0.45000000000000034,2.49,0.8600000000000003,2.1299999999999994
2017-01-01,us,,,,243.618,0.4043076694815628,2.5103933482571117,242.76033333333336,250.467,0.2188700384122999,2.2502092221020176,249.956,4.7,-0.20000000000000018,4.7,0.65,0.25,0.5333333333333337,2.43,0.6700000000000002,2.353333333333333,13318.9,0.5913629291723899,6.362300554215694,13257.9,,,,,,,,0.0,,0.0,0.0,,,,,0.65,0.25,0.5333333333333337,2.43,0.6700000000000002,2.353333333333333
2017-02-01,us,,,,244.006,0.15926573570097524,2.8103616813294208,243.42033333333333,250.998,0.21200397657175074,2.2353468290497336,250.46166666666667,4.6,-0.10000000000000053,4.666666666666668,0.66,0.25000000000000006,0.616666666666667,2.42,0.2799999999999998,2.446666666666666,13395.2,0.572870131917802,6.2739995557107076,13318.233333333332,,,,,,,,0.0,,0.0,0.0,,,,,0.66,0.25000000000000006,0.616666666666667,2.42,0.2799999999999998,2.446666666666666
2017-03-01,us,,,,243.892,-0.04672016261895173,2.44119623655914,243.83866666666668,250.944,-0.021514115650322907,2.045845481938735,250.803,4.4,-0.2999999999999998,4.566666666666667,0.79,0.25,0.7000000000000003,2.48,-0.010000000000000231,2.443333333333333,13464.6,0.5180960344003838,6.336971458356366,13392.900000000001,,,,,,,,0.0,,0.0,0.0,,,,,0.79,0.25,0.7000000000000003,2.48,-0.010000000000000231,2.443333333333333
2017-04-01,us,,,,244.193,0.12341528217407749,2.176223471915395,244.03033333333335,251.227,0.11277416475390378,1.8965650108902388,251.05633333333333,4.4,-0.2999999999999998,4.466666666666668,0.9,0.25,0.7833333333333337,2.3,-0.13000000000000034,2.399999999999999,13520.3,0.41367734652346666,6.1089790376631425,13460.033333333333,,,,,,,,0.0,,0.0,0.0,,,,,0.9,0.25,0.7833333333333337,2.3,-0.13000000000000034,2.399999999999999
2017-05-01,us,,,,244.004,-0.07739779600562935,1.8563431667619756,244.02966666666666,251.43,0.08080341683018855,1.7370931912259246,251.20033333333333,4.4,-0.1999999999999993,4.4,0.91,0.25,0.866666666666667,2.3,-0.1200000000000001,2.3599999999999994,13567.4,0.3483650510713643,5.9895161983329,13517.433333333334,,,,,,,,0.0,,0.0,0.0,,,,,0.91,0.25,0.866666666666667,2.3,-0.1200000000000001,2.3599999999999994
2017-06-01,us,,,,244.163,0.0651628661825221,1.640565809959127,244.12,251.746,0.12568110408464062,1.6991193342490218,251.46766666666667,4.3,-0.10000000000000053,4.366666666666668,1.04,0.25,0.9500000000000003,2.19,-0.29000000000000004,2.2633333333333323,13577.0,0.07075784601324742,5.663343528441245,13554.9,,,,,,,,0.0,,0.0,0.0,,,,,1.04,0.25,0.9500000000000003,2.19,-0.29000000000000004,2.2633333333333323
2017-07-01,us,,,,244.243,0.03276499715354486,1.7251073506566073,244.13666666666668,251.985,0.09493696026947607,1.6769627444729984,251.72033333333334,4.3,-0.10000000000000053,4.333333333333335,1.15,0.2499999999999999,1.0333333333333337,2.32,0.020000000000000018,2.2699999999999996,13638.5,0.45297193783604417,5.6650112726906565,13594.299999999997,,,,,,,,0.0,,0.0,0.0,,,,,1.15,0.2499999999999999,1.0333333333333337,2.32,0.020000000000000018,2.2699999999999996
2017-08-01,us,,,,245.183,0.38486261632881824,1.92812155729698,244.52966666666666,252.535,0.2182669603349341,1.6552412618799472,252.08866666666665,4.4,0.0,4.333333333333333,1.16,0.2499999999999999,1.116666666666667,2.21,-0.08999999999999986,2.239999999999999,13695.0,0.41426843127909674,5.45404144239876,13636.833333333334,,,,,,,,0.0,,0.0,0.0,,,,,1.16,0.2499999999999999,1.116666666666667,2.21,-0.08999999999999986,2.239999999999999
2017-09-01,us,,,,246.435,0.5106389920997767,2.1805652303711787,245.287,252.812,0.10968776605224662,1.5953898457655935,252.444,4.3,0.0,4.333333333333334,1.15,0.10999999999999988,1.1533333333333335,2.2,0.010000000000000231,2.2433333333333327,13743.0,0.35049288061337336,5.288560987381907,13692.166666666666,,,,,,,,0.0,,0.0,0.0,,,,,1.15,0.10999999999999988,1.1533333333333335,2.2,0.010000000000000231,2.2433333333333327
2017-10-01,us,,,,246.626,0.07750522450138408,2.020757753132485,246.08133333333333,253.526,0.2824233026913259,1.7596390813271245,252.95766666666668,4.2,-0.09999999999999964,4.300000000000001,1.15,0.0,1.1533333333333335,2.36,0.040000000000000036,2.256666666666666,13801.5,0.42567125081860446,5.158291744447419,13746.5,,,,,,,,0.0,,0.0,0.0,,,,,1.15,0.0,1.1533333333333335,2.36,0.040000000000000036,2.256666666666666
2017-11-01,us,,,,247.284,0.2668007428251684,2.172493864295566,246.78166666666667,253.816,0.11438669012251435,1.7376072726981162,253.38466666666667,4.2,-0.20000000000000018,4.233333333333333,1.16,0.0,1.1533333333333335,2.35,0.14000000000000012,2.303333333333333,13849.1,0.34489004818316626,4.804679814139323,13797.866666666667,,,,,,,,0.0,,0.0,0.0,,,,,1.16,0.0,1.1533333333333335,2.35,0.14000000000000012,2.303333333333333
2017-12-01,us,,,,247.805,0.21068892447551058,2.129930719552253,247.23833333333334,254.344,0.20802471081413643,1.770166453265043,253.89533333333335,4.1,-0.20000000000000018,4.166666666666667,1.3,0.15000000000000013,1.2033333333333334,2.4,0.19999999999999973,2.369999999999999,13887.3,0.27583019835222267,4.884219748349761,13845.966666666667,,,,,,,,0.0,,0.0,0.0,,,,,1.3,0.15000000000000013,1.2033333333333334,2.4,0.19999999999999973,2.369999999999999
2018-01-01,us,,,,248.859,0.42533443635115464,2.151318868063945,247.9826666666667,255.204,0.33812474444061547,1.8912671130328462,254.45466666666667,4.0,-0.20000000000000018,4.1000000000000005,1.41,0.26,1.2900000000000003,2.58,0.2200000000000002,2.443333333333333,13902.4,0.10873243899103269,4.3809924242993015,13879.6,,,,,,,,0.0,,0.0,0.0,,,,,1.41,0.26,1.2900000000000003,2.58,0.2200000000000002,2.443333333333333
2018-02-01,us,,,,249.529,0.26922876006090224,2.263468931091861,248.731,255.711,0.1986645977335888,1.87770420481439,255.08633333333333,4.1,-0.10000000000000053,4.066666666666667,1.42,0.26,1.376666666666667,2.86,0.5099999999999998,2.613333333333333,13949.8,0.3409483254689816,4.14028905876731,13913.166666666666,,,,,,,,0.0,,0.0,0.0,,,,,1.42,0.26,1.376666666666667,2.86,0.5099999999999998,2.613333333333333
2018-03-01,us,,,,249.577,0.0192362410782021,2.3309497646499366,249.32166666666663,256.271,0.21899722733866867,2.1227843662331214,255.72866666666667,4.0,-0.09999999999999964,4.033333333333334,1.51,0.20999999999999996,1.446666666666667,2.84,0.43999999999999995,2.7599999999999993,14014.5,0.46380593270154424,4.084042600597115,13955.566666666666,,,,,,,,0.0,,0.0,0.0,,,,,1.51,0.20999999999999996,1.446666666666667,2.84,0.43999999999999995,2.7599999999999993
2018-04-01,us,,,,250.227,0.2604406656061986,2.4709963021052994,249.77766666666665,256.63,0.1400860807504456,2.150644636125887,256.204,4.0,0.0,4.033333333333334,1.69,0.28,1.5400000000000003,2.87,0.29000000000000004,2.856666666666666,14034.8,0.14484997680972445,3.8053889336775004,13999.699999999999,,,,,,,,0.0,,0.0,0.0,,,,,1.69,0.28,1.5400000000000003,2.87,0.29000000000000004,2.856666666666666
2018-05-01,us,,,,250.792,0.2257949781598212,2.781921607842497,250.19866666666667,257.145,0.20067801893777215,2.272998448872432,256.682,3.8,-0.2999999999999998,3.9333333333333336,1.7,0.28,1.6333333333333335,2.98,0.1200000000000001,2.896666666666666,14091.0,0.4004332088807905,3.8592508513053403,14046.766666666668,,,,,,,,0.0,,0.0,0.0,,,,,1.7,0.28,1.6333333333333335,2.98,0.1200000000000001,2.896666666666666
2018-06-01,us,,,,251.018,0.09011451720948305,2.8075506935940187,250.679,257.399,0.0987769546364925,2.245517307127032,257.058,4.0,0.0,3.9333333333333336,1.82,0.31000000000000005,1.736666666666667,2.91,0.07000000000000028,2.9199999999999995,14133.2,0.2994819388262071,4.096634013405032,14086.333333333334,,,,,,,,0.0,,0.0,0.0,,,,,1.82,0.31000000000000005,1.736666666666667,2.91,0.07000000000000028,2.9199999999999995
2018-07-01,us,,,,251.214,0.07808204989283585,2.854124785561929,251.008,257.699,0.11655056934953834,2.267595293370639,257.41433333333333,3.8,-0.20000000000000018,3.866666666666667,1.91,0.21999999999999997,1.8100000000000003,2.89,0.020000000000000018,2.926666666666666,14170.0,0.2603798149038994,3.8970561278732996,14131.4,,,,,,,,0.0,,0.0,0.0,,,,,1.91,0.21999999999999997,1.8100000000000003,2.89,0.020000000000000018,2.926666666666666
2018-08-01,us,,,,251.663,0.17873207703393845,2.6429238568742575,251.29833333333332,257.891,0.07450552776688824,2.1208941334864617,257.663,3.8,0.0,3.866666666666667,1.91,0.20999999999999996,1.8800000000000001,2.89,-0.08999999999999986,2.896666666666666,14221.3,0.36203246294987945,3.843008397225267,14174.833333333334,,,,,,,,0.0,,0.0,0.0,,,,,1.91,0.20999999999999996,1.8800000000000001,2.89,-0.08999999999999986,2.896666666666666
2018-09-01,us,,,,252.182,0.2062281702117419,2.332055105808828,251.68633333333332,258.368,0.18496186373311296,2.1976804898501623,257.98600000000005,3.7,-0.2999999999999998,3.766666666666667,1.95,0.1299999999999999,1.9233333333333336,3.0,0.08999999999999986,2.926666666666666,14243.9,0.1589165547453586,3.6447646074365014,14211.733333333332,,,,,,,,0.0,,0.0,0.0,,,,,1.95,0.1299999999999999,1.9233333333333336,3.0,0.08999999999999986,2.926666666666666
2018-10-01,us,,,,252.772,0.2339580144498754,2.492032470218053,252.20566666666664,258.917,0.212487614565271,2.126409125691242,258.392,3.8,0.0,3.766666666666667,2.19,0.28,2.016666666666667,3.15,0.2599999999999998,3.0133333333333323,14257.6,0.09618152331876129,3.3047132558055248,14240.933333333334,,,,,,,,0.0,,0.0,0.0,,,,,2.19,0.28,2.016666666666667,3.15,0.2599999999999998,3.0133333333333323
2018-11-01,us,,,,252.594,-0.07041919199911595,2.147328577667773,252.516,259.439,0.2016090098371448,2.2153843729315836,258.90799999999996,3.8,0.0,3.766666666666667,2.2,0.29000000000000026,2.1133333333333337,3.12,0.22999999999999998,3.0899999999999994,14288.4,0.21602513747054353,3.1720472810507383,14263.300000000001,,,,,,,,0.0,,0.0,0.0,,,,,2.2,0.29000000000000026,2.1133333333333337,3.12,0.22999999999999998,3.0899999999999994
2018-12-01,us,,,,252.767,0.06848935445813442,2.0023809043401064,252.711,260.063,0.24051896592260924,2.2485295505299874,259.473,3.9,0.19999999999999973,3.833333333333334,2.27,0.32000000000000006,2.22,2.83,-0.16999999999999993,3.0333333333333328,14392.0,0.7250636880266503,3.6342557588588287,14312.666666666666,,,,,,,,0.0,,0.0,0.0,,,,,2.27,0.32000000000000006,2.22,2.83,-0.16999999999999993,3.0333333333333328
2019-01-01,us,,,,252.561,-0.08149798035343991,1.4875893578291333,252.64066666666668,260.766,0.270319114983697,2.1794329242488475,260.08933333333334,4.0,0.20000000000000018,3.9000000000000004,2.4,0.20999999999999996,2.2900000000000005,2.71,-0.43999999999999995,2.8866666666666663,14460.2,0.4738743746525831,4.012256876510545,14380.199999999999,,,,,,,,0.0,,0.0,0.0,,,,,2.4,0.20999999999999996,2.2900000000000005,2.71,-0.43999999999999995,2.8866666666666663
2019-02-01,us,,,,253.319,0.3001255142321968,1.5188615351321877,252.88233333333332,261.186,0.16106394238510902,2.1410889637129227,260.6716666666667,3.8,0.0,3.9000000000000004,2.4,0.19999999999999973,2.356666666666667,2.68,-0.43999999999999995,2.7399999999999998,14506.6,0.3208807623684251,3.991455074624728,14452.933333333334,,,,,,,,0.0,,0.0,0.0,,,,,2.4,0.19999999999999973,2.356666666666667,2.68,-0.43999999999999995,2.7399999999999998
2019-03-01,us,,,,254.277,0.37817929172307974,1.8831863513063984,253.38566666666665,261.567,0.1458730559831034,2.06656235001228,261.173,3.8,-0.10000000000000009,3.866666666666667,2.41,0.14000000000000012,2.4033333333333338,2.57,-0.26000000000000023,2.653333333333333,14559.5,0.36466160230514966,3.8888294266652412,14508.766666666668,,,,,,,,0.0,,0.0,0.0,,,,,2.41,0.14000000000000012,2.4033333333333338,2.57,-0.26000000000000023,2.653333333333333
2019-04-01,us,,,,255.233,0.3759679404743643,2.000583470209061,254.27633333333333,261.997,0.1643938264383582,2.0913377235709074,261.5833333333333,3.7,-0.2999999999999998,3.766666666666667,2.42,0.020000000000000018,2.41,2.53,-0.18000000000000016,2.5933333333333324,14594.0,0.23695868676809617,3.9843816798244447,14553.366666666669,,,,,,,,0.0,,0.0,0.0,,,,,2.42,0.020000000000000018,2.41,2.53,-0.18000000000000016,2.5933333333333324
2019-05-01,us,,,,255.296,0.02468332856644384,1.7959105553606136,254.93533333333335,262.217,0.08397042714227698,1.97242800754438,261.92699999999996,3.6,-0.19999999999999973,3.7000000000000006,2.39,-0.009999999999999787,2.4066666666666667,2.4,-0.28000000000000025,2.4999999999999996,14703.2,0.7482527065917566,4.344617131502382,14618.9,,,,,,,,0.0,,0.0,0.0,,,,,2.39,-0.009999999999999787,2.4066666666666667,2.4,-0.28000000000000025,2.4999999999999996
2019-06-01,us,,,,255.213,-0.03251128102280676,1.671194894390049,255.24733333333333,262.739,0.1990717611749071,2.0746001344216447,262.31766666666664,3.6,-0.19999999999999973,3.633333333333334,2.38,-0.03000000000000025,2.396666666666667,2.07,-0.5,2.3333333333333326,14798.8,0.6501985962239498,4.709478391305577,14698.666666666666,,,,,,,,0.0,,0.0,0.0,,,,,2.38,-0.03000000000000025,2.396666666666667,2.07,-0.5,2.3333333333333326
2019-07-01,us,,,,255.802,0.23078761661827762,1.826331335037068,255.43699999999998,263.28,0.2059077639787077,2.1657049503490455,262.7453333333333,3.7,0.0,3.633333333333334,2.4,-0.020000000000000018,2.3900000000000006,2.06,-0.46999999999999975,2.176666666666666,14882.7,0.5669378598264885,5.02964008468596,14794.9,,,,,,,,0.0,,0.0,0.0,,,,,2.4,-0.020000000000000018,2.3900000000000006,2.06,-0.46999999999999975,2.176666666666666
2019-08-01,us,,,,256.036,0.09147700174354512,1.7376412106666406,255.68366666666665,263.877,0.2267547857794039,2.321135673598529,263.29866666666663,3.6,0.0,3.633333333333334,2.13,-0.26000000000000023,2.3033333333333332,1.63,-0.77,1.9199999999999993,14974.4,0.6161516391514965,5.295577760120396,14885.300000000001,,,,,,,,0.0,,0.0,0.0,,,,,2.13,-0.26000000000000023,2.3033333333333332,1.63,-0.77,1.9199999999999993
2019-09-01,us,,,,256.43,0.1538846099767177,1.6844977040391562,256.08933333333334,264.388,0.19365082974263093,2.3300099083477743,263.8483333333333,3.5,-0.10000000000000009,3.600000000000001,2.04,-0.33999999999999986,2.19,1.7,-0.3699999999999999,1.796666666666666,15047.2,0.4861630516080906,5.639607130069724,14968.1,,,,,,,,0.0,,0.0,0.0,,,,,2.04,-0.33999999999999986,2.19,1.7,-0.3699999999999999,1.796666666666666
2019-10-01,us,,,,257.155,0.2827282299262768,1.7339736996186295,256.5403333333333,264.97,0.2201310195621753,2.3378148209658223,264.4116666666667,3.6,-0.10000000000000009,3.566666666666667,1.83,-0.5699999999999998,2.0,1.71,-0.3500000000000001,1.6799999999999995,15185.6,0.9197724493593462,6.508809336774779,15069.066666666666,,,,,,,,0.0,,0.0,0.0,,,,,1.83,-0.5699999999999998,2.0,1.71,-0.3500000000000001,1.6799999999999995
2019-11-01,us,,,,257.879,0.281542260504386,2.092290394862917,257.1546666666667,265.548,0.2181379024040364,2.3546960942649298,264.96866666666665,3.6,0.0,3.5666666666666678,1.55,-0.5799999999999998,1.8066666666666669,1.81,0.18000000000000016,1.7399999999999993,15301.3,0.7619060162258995,7.088967274152447,15178.033333333333,,,,,,,,0.0,,0.0,0.0,,,,,1.55,-0.5799999999999998,1.8066666666666669,1.81,0.18000000000000016,1.7399999999999993
2019-12-01,us,,,,258.63,0.29122185210892493,2.3195274699624457,257.888,266.02,0.17774564297226014,2.2905988164406255,265.5126666666667,3.6,0.10000000000000009,3.6,1.55,-0.49,1.6433333333333338,1.86,0.16000000000000014,1.7933333333333328,15351.5,0.3280766993654094,6.666898276820454,15279.466666666667,,,,,,,,0.0,,0.0,0.0,,,,,1.55,-0.49,1.6433333333333338,1.86,0.16000000000000014,1.7933333333333328
2020-01-01,us,,,,259.127,0.19216641534238743,2.599767976845202,258.5453333333333,266.716,0.2616344635741674,2.2817391837892886,266.0946666666667,3.6,0.0,3.6,1.55,-0.28,1.55,1.76,0.050000000000000044,1.8099999999999994,15425.0,0.4787805751880869,6.672106886488427,15359.266666666668,,,,,,,,0.0,,0.0,0.0,,,,,1.55,-0.28,1.55,1.76,0.050000000000000044,1.8099999999999994
2020-02-01,us,,,,259.25,0.04746707213065804,2.3413166797595197,259.00233333333335,267.37,0.2452046371421268,2.3676613601035346,266.702,3.5,-0.10000000000000009,3.5666666666666678,1.58,0.030000000000000027,1.5600000000000005,1.5,-0.31000000000000005,1.706666666666666,15492.8,0.4395461912479748,6.798284918588782,15423.1,,,,,,,,0.0,,0.0,0.0,,,,,1.58,0.030000000000000027,1.5600000000000005,1.5,-0.31000000000000005,1.706666666666666
2020-03-01,us,,,,258.076,-0.4528447444551498,1.4940399642909163,258.81766666666664,267.054,-0.11818827841568735,2.097741687598198,267.0466666666667,4.4,0.8000000000000003,3.8333333333333344,0.65,-0.9,1.2600000000000005,0.87,-0.9900000000000001,1.376666666666666,16034.4,3.4958174119591012,10.130155568529142,15650.733333333332,,,,,,,,0.0,,0.0,0.0,,,,,0.65,-0.9,1.2600000000000005,0.87,-0.9900000000000001,1.376666666666666
2020-04-01,us,,,,256.032,-0.7920147553434065,0.3130472940411133,257.786,265.746,-0.48978858208451603,1.4309324152566472,266.7233333333333,14.8,11.200000000000001,7.566666666666667,0.05,-1.5,0.7600000000000003,0.66,-1.1,1.0099999999999996,17064.0,6.421194431971267,16.924763601480052,16197.066666666666,,,,,,,,0.0,,0.0,0.0,,,,,0.05,-1.5,0.7600000000000003,0.66,-1.1,1.0099999999999996
2020-05-01,us,,,,255.802,-0.08983252093487382,0.1982013035848551,256.63666666666666,265.412,-0.12568392374673332,1.2184564692601985,266.0706666666667,13.2,9.7,10.800000000000002,0.05,-1.53,0.2500000000000003,0.67,-0.83,0.7333333333333328,17931.9,5.086146272855152,21.95916535176017,17010.1,,,,,,,,0.0,,0.0,0.0,,,,,0.05,-1.53,0.2500000000000003,0.67,-0.83,0.7333333333333328
2020-06-01,us,,,,257.042,0.4847499237691677,0.7166562831830481,256.292,265.849,0.16464967672902286,1.1836841884912408,265.669,11.0,6.6,13.0,0.08,-0.5700000000000001,0.060000000000000296,0.73,-0.14,0.6866666666666661,18180.0,1.3835678316296507,22.84779847014624,17725.3,,,,,,,,0.0,,0.0,0.0,,,,,0.08,-0.5700000000000001,0.060000000000000296,0.73,-0.14,0.6866666666666661
2020-07-01,us,,,,258.352,0.5096443382793581,0.9968647625897997,257.0653333333333,267.389,0.5792762056656242,1.560695837131587,266.21666666666664,10.2,-4.600000000000001,11.466666666666667,0.09,0.039999999999999994,0.07333333333333364,0.62,-0.040000000000000036,0.6733333333333328,18331.4,0.8327832783278311,23.172542616595116,18147.766666666666,,,,,,,,0.0,,0.0,0.0,,,,,0.09,0.039999999999999994,0.07333333333333364,0.62,-0.040000000000000036,0.6733333333333328
2020-08-01,us,,,,259.316,0.3731343283582156,1.2810698495523853,258.2366666666666,268.422,0.38632853258735445,1.7223933878284248,267.22,8.4,-4.799999999999999,9.866666666666667,0.1,0.05,0.0900000000000003,0.65,-0.020000000000000018,0.6666666666666661,18413.3,0.446774387117177,22.965193930975538,18308.233333333334,,,,,,,,0.0,,0.0,0.0,,,,,0.1,0.05,0.0900000000000003,0.65,-0.020000000000000018,0.6666666666666661
2020-09-01,us,,,,259.997,0.2626139536318739,1.3910228912373812,259.22166666666664,268.933,0.19037187711885561,1.7190644053436621,268.248,7.8,-3.2,8.8,0.09,0.009999999999999995,0.09333333333333362,0.68,-0.04999999999999993,0.6499999999999995,18605.0,1.0410952952485397,23.644266042851815,18449.899999999998,,,,,,,,0.0,,0.0,0.0,,,,,0.09,0.009999999999999995,0.09333333333333362,0.68,-0.04999999999999993,0.6499999999999995
2020-10-01,us,,,,260.319,0.1238475828567287,1.2303863428671624,259.8773333333333,269.306,0.1386962552011095,1.6364116692455521,268.887,6.9,-3.299999999999999,7.700000000000002,0.09,0.0,0.09333333333333364,0.79,0.17000000000000004,0.7066666666666661,18759.9,0.8325718892770784,23.537430197028762,18592.733333333334,,,,,,,,0.0,,0.0,0.0,,,,,0.09,0.0,0.09333333333333364,0.79,0.17000000000000004,0.7066666666666661
2020-11-01,us,,,,260.911,0.2274132890799363,1.1757452138405844,260.40900000000005,269.981,0.25064424854999157,1.6693780408814973,269.4066666666667,6.7,-1.7000000000000002,7.133333333333334,0.09,-0.010000000000000009,0.09,0.87,0.21999999999999997,0.7799999999999995,19002.4,1.2926508137036885,24.18814087691896,18789.100000000002,,,,,,,,0.0,,0.0,0.0,,,,,0.09,-0.010000000000000009,0.09,0.87,0.21999999999999997,0.7799999999999995
2020-12-01,us,,,,262.045,0.4346309661148906,1.3204191315779434,261.09166666666664,270.341,0.13334271670970566,1.624313961356294,269.876,6.7,-1.0999999999999996,6.766666666666667,0.09,0.0,0.09,0.93,0.25,0.8633333333333327,19119.4,0.6157116995747947,24.544181350356652,18960.566666666666,,,,,,,,0.0,,0.0,0.0,,,,,0.09,0.0,0.09,0.93,0.25,0.8633333333333327
2021-01-01,us,,,,262.687,0.24499608845809373,1.3738437137002402,261.881,270.387,0.017015547031329348,1.3763703714812836,270.23633333333333,6.4,-0.5,6.600000000000001,0.09,0.0,0.09,1.08,0.29000000000000004,0.9599999999999994,19375.3,1.3384311223155532,25.60972447325769,19165.7,,,,,,,,0.0,,0.0,0.0,,,,,0.09,0.0,0.09,1.08,0.29000000000000004,0.9599999999999994
2021-02-01,us,,,,263.579,0.33956762230333837,1.6698167791706853,262.7703333333333,270.793,0.15015514799159302,1.280248344990098,270.507,6.2,-0.5,6.4333333333333345,0.08,-0.009999999999999995,0.08666666666666696,1.26,0.39,1.0899999999999994,19641.4,1.3733980893199105,26.777599917381,19378.7,,,,,,,,0.0,,0.0,0.0,,,,,0.08,-0.009999999999999995,0.08666666666666696,1.26,0.39,1.0899999999999994
2021-03-01,us,,,,264.961,0.524320981565296,2.6678187820641908,263.7423333333333,271.459,0.2459443190924393,1.6494791315614155,270.8796666666667,6.1,-0.6000000000000005,6.233333333333334,0.07,-0.01999999999999999,0.0800000000000003,1.61,0.68,1.3166666666666662,19874.5,1.1867789465109357,23.94913436112358,19630.399999999998,,,,,,,,0.0,,0.0,0.0,,,,,0.07,-0.01999999999999999,0.0800000000000003,1.61,0.68,1.3166666666666662
2021-04-01,us,,,,266.614,0.6238653990587206,4.133077115360573,265.05133333333333,273.66,0.8108038414641028,2.9780316542864504,271.97066666666666,6.1,-0.3000000000000007,6.133333333333333,0.07,-0.01999999999999999,0.07333333333333364,1.64,0.5599999999999998,1.5033333333333327,20174.1,1.50745930715237,18.2260900140647,19896.666666666668,,,,,,,,0.0,,0.0,0.0,,,,,0.07,-0.01999999999999999,0.07333333333333364,1.64,0.5599999999999998,1.5033333333333327
2021-05-01,us,,,,268.383,0.6635060424433847,4.918257089467626,266.6526666666666,275.465,0.6595775780164903,3.7876961101984907,273.528,5.8,-0.40000000000000036,6.0,0.06,-0.020000000000000004,0.06666666666666697,1.62,0.3600000000000001,1.6233333333333329,20457.2,1.4032844092177754,14.08272408389517,20168.600000000002,,,,,,,,0.0,,0.0,0.0,,,,,0.06,-0.020000000000000004,0.06666666666666697,1.62,0.3600000000000001,1.6233333333333329
2021-06-01,us,,,,270.654,0.8461787818155431,5.295632620349999,268.5503333333333,277.651,0.7935672408473149,4.439362194328367,275.592,5.9,-0.1999999999999993,5.933333333333334,0.08,0.009999999999999995,0.0700000000000003,1.52,-0.09000000000000008,1.5933333333333326,20472.1,0.07283499208101674,12.607810781078111,20367.8,,,,,,,,0.0,,0.0,0.0,,,,,0.08,0.009999999999999995,0.0700000000000003,1.52,-0.09000000000000008,1.5933333333333326
2021-07-01,us,,,,271.903,0.4614747980816958,5.245169381309234,270.3133333333333,278.648,0.359083885885525,4.210719214328185,277.25466666666665,5.4,-0.6999999999999993,5.7,0.1,0.03,0.0800000000000003,1.32,-0.31999999999999984,1.4866666666666661,20629.1,0.7668973871757245,12.534230882529407,20519.466666666664,,,,,,,,0.0,,0.0,0.0,,,,,0.1,0.03,0.0800000000000003,1.32,-0.31999999999999984,1.4866666666666661
2021-08-01,us,,,,272.676,0.2842925602144719,5.152015301793966,271.7443333333333,278.997,0.1252476242427747,3.9396919775577244,278.432,5.1,-0.7000000000000002,5.466666666666668,0.09,0.03,0.0900000000000003,1.28,-0.3400000000000001,1.3733333333333329,20843.2,1.0378542932071744,13.196439530122262,20648.133333333335,,,,,,,,0.0,,0.0,0.0,,,,,0.09,0.03,0.0900000000000003,1.28,-0.3400000000000001,1.3733333333333329
2021-09-01,us,,,,273.91,0.4525517463950024,5.351215590949132,272.8296666666667,279.698,0.25125718197684943,4.002855729865806,279.1143333333334,4.7,-1.2000000000000002,5.066666666666667,0.08,0.0,0.0900000000000003,1.37,-0.1499999999999999,1.3233333333333328,20984.5,0.6779189375911487,12.789572695511954,20818.933333333334,,,,,,,,0.0,,0.0,0.0,,,,,0.08,0.0,0.0900000000000003,1.37,-0.1499999999999999,1.3233333333333328
2021-10-01,us,,,,276.55,0.9638202329232071,6.235042390298062,274.3786666666667,281.668,0.704331099972122,4.590317334184912,280.12100000000004,4.5,-0.9000000000000004,4.766666666666667,0.08,-0.020000000000000004,0.08333333333333363,1.58,0.26,1.4099999999999995,21163.3,0.852057470990486,12.811368930538002,20997.0,,,,,,,,0.0,,0.0,0.0,,,,,0.08,-0.020000000000000004,0.08333333333333363,1.58,0.26,1.4099999999999995
2021-11-01,us,,,,278.919,0.8566262881938069,6.901970403700863,276.4596666666667,283.406,0.6170384992260303,4.972572143965692,281.59066666666666,4.1,-1.0,4.4333333333333345,0.08,-0.009999999999999995,0.08,1.56,0.28,1.5033333333333327,21340.1,0.8354084665434858,12.302130257230658,21162.63333333333,,,,,,,,0.0,,0.0,0.0,,,,,0.08,-0.009999999999999995,0.08,1.56,0.28,1.5033333333333327
2021-12-01,us,,,,280.845,0.6905230550805275,7.174340285065539,278.7713333333333,285.18,0.6259571074712644,5.488993530393094,283.41800000000006,3.9,-0.8000000000000003,4.166666666666667,0.08,0.0,0.08,1.47,0.09999999999999987,1.5366666666666662,21502.0,0.7586656107515966,12.46168812828854,21335.13333333333,,,,,,,,0.0,,0.0,0.0,,,,,0.08,0.0,0.08,1.47,0.09999999999999987,1.5366666666666662
2022-01-01,us,,,,282.543,0.6046039630400957,7.558805726967832,280.76899999999995,286.757,0.5529840802300345,6.05428515424189,285.1143333333333,4.0,-0.5,4.000000000000001,0.08,0.0,0.08,1.76,0.17999999999999994,1.596666666666666,21646.4,0.6715654357734246,11.721624955484566,21496.166666666668,,,,,,,,0.0,,0.0,0.0,,,,,0.08,0.0,0.08,1.76,0.17999999999999994,1.596666666666666
2022-02-01,us,,,,284.5,0.6926379347568234,7.937278766517819,282.6293333333333,288.273,0.5286706165847699,6.4551151617656455,286.7366666666667,3.9,-0.19999999999999973,3.9333333333333336,0.08,0.0,0.08,1.93,0.3699999999999999,1.7199999999999995,21724.7,0.361722965481559,10.606677731729919,21624.36666666667,,,,,,,,0.0,,0.0,0.0,,,,,0.08,0.0,0.08,1.93,0.3699999999999999,1.7199999999999995
2022-03-01,us,,,,287.674,1.115641476274165,8.572204966013853,284.9056666666666,289.056,0.27161752921707194,6.482378554404167,288.02866666666665,3.7,-0.19999999999999973,3.866666666666667,0.2,0.12000000000000001,0.12000000000000029,2.13,0.6599999999999999,1.9399999999999995,21787.2,0.2876909692653973,9.623889909180106,21719.433333333334,,,,,,,,0.0,,0.0,0.0,,,,,0.2,0.12000000000000001,0.12000000000000029,2.13,0.6599999999999999,1.9399999999999995
2022-04-01,us,,,,288.561,0.30833512934780316,8.231750770777225,286.91166666666663,290.514,0.5044005313849409,6.158737119052837,289.281,3.7,-0.2999999999999998,3.766666666666667,0.33,0.25,0.20333333333333367,2.75,0.99,2.2699999999999996,21767.6,-0.08996107806419351,7.898741455628744,21759.833333333332,,,,,,,,0.0,,0.0,0.0,,,,,0.33,0.25,0.20333333333333367,2.75,0.99,2.2699999999999996
2022-05-01,us,,,,291.298,0.9484996239963239,8.538171195642065,289.17766666666665,292.063,0.5331928925972562,6.0254478790408905,290.5443333333333,3.6,-0.2999999999999998,3.6666666666666674,0.77,0.6900000000000001,0.4333333333333336,2.9,0.97,2.5933333333333324,21717.4,-0.23061798268985134,6.160178323524246,21757.399999999998,,,,,,,,0.0,,0.0,0.0,,,,,0.77,0.6900000000000001,0.4333333333333336,2.9,0.97,2.5933333333333324
2022-06-01,us,,,,294.957,1.2561019986405686,8.979361103105798,291.60533333333336,294.05,0.6803326679517774,5.906335651591377,292.209,3.6,-0.10000000000000009,3.633333333333334,1.21,1.01,0.7700000000000004,3.14,1.0100000000000002,2.9299999999999997,21646.7,-0.32554541519703717,5.737564783290439,21710.56666666667,,,,,,,,0.0,,0.0,0.0,,,,,1.21,1.01,0.7700000000000004,3.14,1.0100000000000002,2.9299999999999997
2022-07-01,us,,,,294.913,-0.014917428642136077,8.462576727730099,293.7226666666666,295.088,0.35300119027377175,5.899916740834321,293.7336666666667,3.5,-0.20000000000000018,3.5666666666666678,1.68,1.3499999999999999,1.2200000000000004,2.9,0.1499999999999999,2.979999999999999,21649.2,0.011549104482444505,4.94495639654664,21671.100000000002,,,,,,,,0.0,,0.0,0.0,,,,,1.68,1.3499999999999999,1.2200000000000004,2.9,0.1499999999999999,2.979999999999999
2022-08-01,us,,,,295.097,0.062391281496565476,8.222579178218826,294.989,296.535,0.4903621970395289,6.286089097732228,295.22433333333333,3.6,0.0,3.5666666666666678,2.33,1.56,1.7400000000000002,2.9,0.0,2.979999999999999,21641.9,-0.03371949078949665,3.8319451907576685,21645.933333333334,,,,,,,,0.0,,0.0,0.0,,,,,2.33,1.56,1.7400000000000002,2.9,0.0,2.979999999999999
2022-09-01,us,,,,296.349,0.42426727482827165,8.192106896425821,295.453,298.226,0.5702530898544778,6.624287624509306,296.61633333333333,3.5,-0.10000000000000009,3.5333333333333337,2.56,1.35,2.1900000000000004,3.52,0.3799999999999999,3.106666666666666,21541.3,-0.4648390390862289,2.6533870237556156,21610.8,,,,,,,,0.0,,0.0,0.0,,,,,2.56,1.35,2.1900000000000004,3.52,0.3799999999999999,3.106666666666666
2022-10-01,us,,,,298.007,0.5594754832984217,7.758813957693,296.4843333333333,299.399,0.3933258669599482,6.294999786983246,298.05333333333334,3.6,0.10000000000000009,3.5666666666666678,3.08,1.4000000000000001,2.656666666666667,3.98,1.08,3.4666666666666663,21464.1,-0.3583813418874482,1.4213284317663,21549.1,,,,,,,,0.0,,0.0,0.0,,,,,3.08,1.4000000000000001,2.656666666666667,3.98,1.08,3.4666666666666663
2022-11-01,us,,,,298.786,0.2614032556282231,7.122856456533988,297.714,300.325,0.30928627016122423,5.969880665899807,299.31666666666666,3.6,0.0,3.5666666666666678,3.78,1.4499999999999997,3.1400000000000006,3.89,0.9900000000000002,3.7966666666666664,21409.4,-0.2548441350906705,0.3247407462945384,21471.6,,,,,,,,0.0,,0.0,0.0,,,,,3.78,1.4499999999999997,3.1400000000000006,3.89,0.9900000000000002,3.7966666666666664
2022-12-01,us,,,,298.832,0.01539563433359259,6.404600402357152,298.54166666666663,301.394,0.35594772329976543,5.685531944736666,300.37266666666665,3.5,0.0,3.5666666666666678,4.1,1.5399999999999996,3.6533333333333338,3.62,0.10000000000000009,3.8299999999999996,21293.1,-0.5432193335637714,-0.9715375313924302,21388.866666666665,,,,,,,,0.0,,0.0,0.0,,,,,4.1,1.5399999999999996,3.6533333333333338,3.62,0.10000000000000009,3.8299999999999996
2023-01-01,us,,,,300.42,0.5314022594635093,6.327178517960097,299.346,302.642,0.4140759271916483,5.539533472591773,301.45366666666666,3.5,-0.10000000000000009,3.5333333333333337,4.33,1.25,4.07,3.53,-0.4500000000000002,3.6799999999999997,21274.0,-0.0897004193846751,-1.7203784463005412,21325.5,,,,,,,,0.0,,0.0,0.0,,,,,4.33,1.25,4.07,3.53,-0.4500000000000002,3.6799999999999997
2023-02-01,us,,,,301.45,0.3428533386591992,5.957820738137087,300.234,304.123,0.4893570621394172,5.498260329618088,302.7196666666667,3.6,0.0,3.5333333333333337,4.57,0.7900000000000005,4.333333333333334,3.75,-0.14000000000000012,3.633333333333333,21240.2,-0.15887938328476015,-2.2301803937453735,21269.100000000002,,,,,,,,0.0,,0.0,0.0,,,,,4.57,0.7900000000000005,4.333333333333334,3.75,-0.14000000000000012,3.633333333333333
2023-03-01,us,,,,301.821,0.12307181953890023,4.917719362889961,301.2303333333333,305.147,0.3367058722950844,5.566741392671326,303.97066666666666,3.5,0.0,3.5333333333333337,4.65,0.5500000000000007,4.5166666666666675,3.66,0.040000000000000036,3.646666666666666,20942.3,-1.4025291663920414,-3.877965043695386,21152.166666666668,,,,,,,,0.0,,0.0,0.0,,,,,4.65,0.5500000000000007,4.5166666666666675,3.66,0.040000000000000036,3.646666666666666
2023-04-01,us,,,,302.845,0.3392739405144063,4.950079879124369,302.03866666666664,306.534,0.4545350273802429,5.514364195873522,305.268,3.4,-0.10000000000000009,3.5000000000000004,4.83,0.5,4.6833333333333345,3.46,-0.06999999999999984,3.6233333333333326,20758.3,-0.8786045467785275,-4.636707767507664,20980.266666666666,,,,,,,,0.0,,0.0,0.0,,,,,4.83,0.5,4.6833333333333345,3.46,-0.06999999999999984,3.6233333333333326
2023-05-01,us,,,,303.334,0.1614687381333635,4.131851231385042,302.6666666666667,307.652,0.3647229997324919,5.337547036084689,306.44433333333336,3.6,0.0,3.5000000000000004,5.06,0.4899999999999993,4.846666666666668,3.57,-0.18000000000000016,3.5633333333333326,20829.6,0.3434770670045273,-4.087966331144621,20843.399999999998,,,,,,,,0.0,,0.0,0.0,,,,,5.06,0.4899999999999993,4.846666666666668,3.57,-0.18000000000000016,3.5633333333333326
2023-06-01,us,,,,304.014,0.224175331482801,3.070617072997095,303.3976666666667,308.322,0.2177785289873002,4.853596327155252,307.5026666666667,3.6,0.10000000000000009,3.5333333333333337,5.08,0.4299999999999997,4.990000000000001,3.75,0.08999999999999986,3.5933333333333324,20798.9,-0.14738641164495636,-3.9165323120845197,20795.600000000002,,,,,,,,0.0,,0.0,0.0,,,,,5.08,0.4299999999999997,4.990000000000001,3.75,0.08999999999999986,3.5933333333333324
2023-07-01,us,,,,304.609,0.1957146710348745,3.287749268428297,303.98566666666665,308.96,0.20692652486684615,4.700970557935236,308.3113333333333,3.5,0.10000000000000009,3.566666666666667,5.12,0.29000000000000004,5.086666666666667,3.9,0.43999999999999995,3.7399999999999998,20792.2,-0.032213242046452706,-3.958575836520517,20806.899999999998,,,,,,,,0.0,,0.0,0.0,,,,,5.12,0.29000000000000004,5.086666666666667,3.9,0.43999999999999995,3.7399999999999998
2023-08-01,us,,,,306.082,0.4835707415079771,3.722504803505289,304.90166666666664,309.58,0.20067322630761275,4.399143440066089,308.95399999999995,3.7,0.10000000000000009,3.600000000000001,5.33,0.27000000000000046,5.176666666666668,4.17,0.6000000000000001,3.939999999999999,20782.0,-0.04905685786016356,-3.9733110309168818,20791.033333333336,,,,,,,,0.0,,0.0,0.0,,,,,5.33,0.27000000000000046,5.176666666666668,4.17,0.6000000000000001,3.939999999999999
2023-09-01,us,,,,307.276,0.3900915440960384,3.687206638119256,305.989,310.539,0.3097745332385715,4.128747996485882,309.693,3.7,0.10000000000000009,3.633333333333334,5.33,0.25,5.260000000000001,4.38,0.6299999999999999,4.1499999999999995,20753.6,-0.13665672216341962,-3.656696671045856,20775.93333333333,,,,,,,,0.0,,0.0,0.0,,,,,5.33,0.25,5.260000000000001,4.38,0.6299999999999999,4.1499999999999995
2023-10-01,us,,,,307.696,0.13668493471667986,3.2512659098611785,307.01800000000003,311.457,0.29561504352111356,4.027401561127464,310.5253333333333,3.9,0.3999999999999999,3.7666666666666675,5.33,0.20999999999999996,5.33,4.8,0.8999999999999999,4.449999999999999,20737.5,-0.07757690232055303,-3.385187359358177,20757.7,,,,,,,,0.0,,0.0,0.0,,,,,5.33,0.20999999999999996,5.33,4.8,0.8999999999999999,4.449999999999999
2023-11-01,us,,,,308.148,0.14689823722116024,3.1333462745911866,307.70666666666665,312.392,0.30020195404181216,4.017980521102138,311.4626666666667,3.7,0.0,3.766666666666667,5.33,0.0,5.33,4.5,0.33000000000000007,4.56,20749.7,0.05883062085594304,-3.0813567872056247,20746.933333333334,,,,,,,,0.0,,0.0,0.0,,,,,5.33,0.0,5.33,4.5,0.33000000000000007,4.56
2023-12-01,us,,,,308.741,0.1924399963653789,3.3159099427102934,308.195,313.195,0.25704883607775564,3.9154727698627045,312.34799999999996,3.8,0.09999999999999964,3.8000000000000007,5.33,0.0,5.33,4.02,-0.3600000000000003,4.439999999999999,20779.9,0.14554427292925443,-2.410170430796821,20755.7,,,,,,,,0.0,,0.0,0.0,,,,,5.33,0.0,5.33,4.02,-0.3600000000000003,4.439999999999999
2024-01-01,us,,,,309.698,0.30996854969052023,3.0883429864855705,308.8623333333333,314.319,0.3588818467727739,3.8583540949372663,313.302,3.7,-0.19999999999999973,3.7333333333333343,5.33,0.0,5.33,4.06,-0.7400000000000002,4.1933333333333325,20835.5,0.2675662539280754,-2.0612014665789213,20788.36666666667,,,,,,,,0.0,,0.0,0.0,,,,,5.33,0.0,5.33,4.06,-0.7400000000000002,4.1933333333333325
2024-02-01,us,,,,310.967,0.40975401843086345,3.157074141648697,309.80199999999996,315.564,0.39609441363710474,3.7619647313751337,314.3593333333333,3.9,0.19999999999999973,3.8000000000000007,5.33,0.0,5.33,4.21,-0.29000000000000004,4.096666666666667,20921.7,0.41371697343477454,-1.4995150704795623,20845.7,,,,,,,,0.0,,0.0,0.0,,,,,5.33,0.0,5.33,4.21,-0.29000000000000004,4.096666666666667
2024-03-01,us,,,,312.345,0.4431338373525273,3.4868349120836584,311.00333333333333,316.792,0.3891445158509699,3.8161935067360986,315.55833333333334,3.9,0.10000000000000009,3.833333333333334,5.33,0.0,5.33,4.21,0.1900000000000004,4.159999999999999,20965.9,0.21126390302892428,0.11269058317378011,20907.7,,,,,,,,0.0,,0.0,0.0,,,,,5.33,0.0,5.33,4.21,0.1900000000000004,4.159999999999999
2024-04-01,us,,,,313.023,0.21706766556210955,3.3607951262196734,312.1116666666667,317.649,0.27052450819466944,3.6260251717590952,316.66833333333335,3.9,0.19999999999999973,3.9,5.33,0.0,5.33,4.54,0.4800000000000004,4.319999999999999,20955.5,-0.049604357552035516,0.9499814532018647,20947.7,,,,,,,,0.0,,0.0,0.0,,,,,5.33,0.0,5.33,4.54,0.4800000000000004,4.319999999999999
2024-05-01,us,,,,313.175,0.04855873210594108,3.244278584003113,312.84766666666667,318.095,0.14040654936740005,3.394419668976645,317.512,3.9,0.0,3.9,5.33,0.0,5.33,4.48,0.27000000000000046,4.409999999999999,21021.7,0.3159075183126081,0.92224526635174,20981.033333333336,,,,,,,,0.0,,0.0,0.0,,,,,5.33,0.0,5.33,4.48,0.27000000000000046,4.409999999999999
2024-06-01,us,,,,313.044,-0.041829647960411886,2.9702579486470926,313.0806666666667,318.39,0.09273959037392476,3.2654173234475614,318.04466666666667,4.1,0.19999999999999973,3.9666666666666672,5.33,0.0,5.33,4.31,0.09999999999999964,4.4433333333333325,21070.7,0.2330924711131832,1.3067998788397484,21015.966666666667,,,,,,,,0.0,,0.0,0.0,,,,,5.33,0.0,5.33,4.31,0.09999999999999964,4.4433333333333325
2024-07-01,us,,,,313.569,0.16770805381991494,2.9414757935583014,313.2626666666667,318.94,0.17274411884795615,3.2301916105644812,318.47499999999997,4.2,0.30000000000000027,4.066666666666667,5.33,0.0,5.33,4.25,-0.29000000000000004,4.346666666666667,21098.8,0.13336054331369862,1.4745914333259558,21063.733333333334,,,,,,,,0.0,,0.0,0.0,,,,,5.33,0.0,5.33,4.25,-0.29000000000000004,4.346666666666667
2024-08-01,us,,,,314.062,0.1572221743858515,2.607144490692037,313.55833333333334,319.75,0.25396626324700744,3.2850959364300047,319.02666666666664,4.2,0.30000000000000027,4.166666666666667,5.33,0.0,5.33,3.87,-0.6100000000000003,4.1433333333333335,21191.9,0.4412573226913574,1.9723799441824674,21120.46666666667,,,,,,,,0.0,,0.0,0.0,,,,,5.33,0.0,5.33,3.87,-0.6100000000000003,4.1433333333333335
2024-09-01,us,,,,314.732,0.2133336729690294,2.4264830315416708,314.121,320.732,0.30711493354182995,3.2823574494668994,319.80733333333336,4.1,0.0,4.166666666666668,5.13,-0.20000000000000018,5.2633333333333345,3.72,-0.5899999999999994,3.946666666666666,21275.5,0.3944903477271833,2.514744429882043,21188.733333333334,,,,,,,,0.0,,0.0,0.0,,,,,5.13,-0.20000000000000018,5.2633333333333345,3.72,-0.5899999999999994,3.946666666666666
2024-10-01,us,,,,315.631,0.2856398459641696,2.578844053871343,314.80833333333334,321.731,0.3114750009353573,3.298689706765301,320.73766666666666,4.1,-0.10000000000000053,4.133333333333334,4.83,-0.5,5.096666666666668,4.1,-0.15000000000000036,3.896666666666666,21336.7,0.28765481422292627,2.8894514767932478,21268.033333333333,,,,,,,,0.0,,0.0,0.0,,,,,4.83,-0.5,5.096666666666668,4.1,-0.15000000000000036,3.896666666666666
2024-11-01,us,,,,316.528,0.28419261732848256,2.719472461284833,315.63033333333334,322.657,0.28781808405158316,3.2859356193500444,321.70666666666665,4.2,0.0,4.133333333333334,4.64,-0.6900000000000004,4.866666666666667,4.36,0.4900000000000002,4.06,21454.8,0.5535063997712752,3.3981214186229236,21355.666666666668,,,,,,,,0.0,,0.0,0.0,,,,,4.64,-0.6900000000000004,4.866666666666667,4.36,0.4900000000000002,4.06
2024-12-01,us,,,,317.604,0.3399383308901438,2.870690967509981,316.5876666666666,323.259,0.18657583749928097,3.2133335461932644,322.549,4.1,0.0,4.133333333333334,4.48,-0.6499999999999995,4.650000000000001,4.39,0.6699999999999995,4.283333333333332,21487.6,0.15287954210712051,3.4056949263470804,21426.366666666665,,,,,,,,0.0,,0.0,0.0,,,,,4.48,-0.6499999999999995,4.650000000000001,4.39,0.6699999999999995,4.283333333333332
2025-01-01,us,,,,318.961,0.42726162139017365,2.9909783078999608,317.6976666666667,324.638,0.4265929177532435,3.282970485398584,323.518,4.0,-0.09999999999999964,4.1000000000000005,4.33,-0.5,4.483333333333333,4.63,0.5300000000000002,4.459999999999999,21539.2,0.24013849848285584,3.377408749490063,21493.866666666665,,,,,,,,0.0,,0.0,0.0,,,,,4.33,-0.5,4.483333333333333,4.63,0.5300000000000002,4.459999999999999
2025-02-01,us,,,,319.679,0.22510589068882592,2.8015834477613355,318.748,325.465,0.2547452855180321,3.13755688228059,324.45399999999995,4.2,0.0,4.1000000000000005,4.33,-0.3099999999999996,4.380000000000001,4.45,0.08999999999999986,4.489999999999998,21607.2,0.3157034615955956,3.2765023874733012,21544.666666666668,,,,,,,,0.0,,0.0,0.0,,,,,4.33,-0.3099999999999996,4.380000000000001,4.45,0.08999999999999986,4.489999999999998
2025-03-01,us,,,,319.785,0.03315826188146076,2.381981462805549,319.47499999999997,325.69,0.06913185749619633,2.808783050077035,325.2643333333333,4.2,0.10000000000000053,4.133333333333334,4.33,-0.15000000000000036,4.33,4.28,-0.10999999999999943,4.453333333333332,21684.1,0.35589988522344296,3.4255624609484725,21610.166666666668,,,,,,,,0.0,,0.0,0.0,,,,,4.33,-0.15000000000000036,4.33,4.28,-0.10999999999999943,4.453333333333332
2025-04-01,us,,,,320.302,0.16167112278562268,2.32538823025783,319.92199999999997,326.467,0.23857041972428217,2.7760200724699313,325.87399999999997,4.2,0.20000000000000018,4.2,4.33,0.0,4.33,4.28,-0.34999999999999964,4.336666666666666,21770.9,0.4002933024658706,3.8911025745031136,21687.399999999998,,,,,,,,0.0,,0.0,0.0,,,,,4.33,0.0,4.33,4.28,-0.34999999999999964,4.336666666666666
2025-05-01,us,,,,320.62,0.09928130327003792,2.3772651073680873,320.23566666666665,326.893,0.13048792067804627,2.7658403935930886,326.34999999999997,4.3,0.09999999999999964,4.233333333333334,4.33,0.0,4.33,4.42,-0.03000000000000025,4.326666666666665,21836.2,0.2999416652504028,3.8745677086058583,21763.733333333334,,,,,,,,0.0,,0.0,0.0,,,,,4.33,0.0,4.33,4.42,-0.03000000000000025,4.326666666666665
2025-06-01,us,,,,321.435,0.2541949971929469,2.680453865910226,320.78566666666666,327.658,0.23402152998077685,2.910895442696071,327.00600000000003,4.1,-0.10000000000000053,4.2,4.33,0.0,4.33,4.38,0.09999999999999964,4.3599999999999985,21942.7,0.48772222273105736,4.138448176852227,21849.933333333334,,,,,,,,0.0,,0.0,0.0,,,,,4.33,0.0,4.33,4.38,0.09999999999999964,4.3599999999999985
2025-07-01,us,,,,322.169,0.22835098853577485,2.742618052167134,321.40799999999996,328.682,0.3125209822436803,3.0544930080893096,327.7443333333333,4.3,0.09999999999999964,4.233333333333334,4.33,0.0,4.33,4.39,0.10999999999999943,4.396666666666666,22025.5,0.3773464523509018,4.392192920924409,21934.8,,,,,,,,0.0,,0.0,0.0,,,,,4.33,0.0,4.33,4.39,0.10999999999999943,4.396666666666666
2025-08-01,us,,,,323.291,0.3482644202266627,2.9385917430316155,322.29833333333335,329.7,0.3097218588179462,3.111806098514469,328.68,4.3,0.0,4.233333333333333,4.33,0.0,4.33,4.26,-0.16000000000000014,4.343333333333333,22092.5,0.3041928673582994,4.24973692778845,22020.233333333334,,,,,,,,0.0,,0.0,0.0,,,,,4.33,0.0,4.33,4.26,-0.16000000000000014,4.343333333333333
2025-09-01,us,,,,324.245,0.2950901819104068,3.0225715847133294,323.23499999999996,330.418,0.2177737336973129,3.0199668258857892,329.6,4.4,0.3000000000000007,4.333333333333334,4.22,-0.11000000000000032,4.293333333333334,4.12,-0.2599999999999998,4.256666666666666,22176.1,0.3784089623175113,4.233038001457068,22098.033333333336,,,,,,,,0.0,,0.0,0.0,,,,,4.22,-0.11000000000000032,4.293333333333334,4.12,-0.2599999999999998,4.256666666666666
2025-10-01,us,,,,324.245,0.0,2.729136238202212,323.92699999999996,330.418,0.0,2.70008174530898,330.17866666666663,4.4,0.10000000000000053,4.366666666666668,4.09,-0.2400000000000002,4.213333333333334,4.06,-0.33000000000000007,4.146666666666666,22249.8,0.3323397711951115,4.279480894421339,22172.8,,,,,,,,0.0,,0.0,0.0,,,,,4.09,-0.2400000000000002,4.213333333333334,4.06,-0.33000000000000007,4.146666666666666
2025-11-01,us,,,,325.063,0.2522783697512576,2.6964439164939513,324.5176666666667,331.043,0.18915434389168428,2.5990448060944082,330.6263333333333,4.5,0.20000000000000018,4.4333333333333345,3.88,-0.4500000000000002,4.0633333333333335,4.09,-0.16999999999999993,4.089999999999999,22279.8,0.13483267265324006,3.8452933609262274,22235.233333333334,,,,,,,,0.0,,0.0,0.0,,,,,3.88,-0.4500000000000002,4.0633333333333335,4.09,-0.16999999999999993,4.089999999999999
2025-12-01,us,,,,326.031,0.297788428704604,2.653304114557753,325.113,331.814,0.2329002576704653,2.6464847073089937,331.0916666666667,4.4,0.0,4.4333333333333345,3.72,-0.49999999999999956,3.896666666666667,4.14,0.019999999999999574,4.096666666666665,22355.3,0.33887198269284546,4.038142928945065,22294.966666666664,,,,,,,,0.0,,0.0,0.0,,,,,3.72,-0.49999999999999956,3.896666666666667,4.14,0.019999999999999574,4.096666666666665
2026-01-01,us,,,,326.588,0.170842649932057,2.391201432150014,325.89399999999995,332.793,0.2950448142634121,2.512028782828879,331.8833333333334,4.3,-0.10000000000000053,4.400000000000001,3.64,-0.44999999999999973,3.7466666666666675,4.21,0.15000000000000036,4.146666666666666,22420.1,0.28986414854643705,4.089752637052424,22351.733333333334,,,,,,,,0.0,,0.0,0.0,,,,,3.64,-0.44999999999999973,3.7466666666666675,4.21,0.15000000000000036,4.146666666666666
2026-02-01,us,,,,327.46,0.26700307420970404,2.4340041103732224,326.693,333.512,0.21605021740240815,2.4724624767640258,332.70633333333336,4.4,-0.09999999999999964,4.366666666666667,3.64,-0.23999999999999977,3.6666666666666674,4.13,0.040000000000000036,4.159999999999999,22620.3,0.8929487379628176,4.6887148728201655,22465.233333333334,,,,,,,,0.0,,0.0,0.0,,,,,3.64,-0.23999999999999977,3.6666666666666674,4.13,0.040000000000000036,4.159999999999999
2026-03-01,us,,,,330.293,0.8651438343614481,3.2859577528651984,328.11366666666663,334.165,0.19579505385114437,2.602167705486824,333.49,4.3,-0.10000000000000053,4.333333333333334,3.64,-0.08000000000000007,3.64,4.25,0.11000000000000032,4.196666666666665,22676.1,0.2466810785002771,4.574780599609851,22572.166666666668,,,,,,,,0.0,,0.0,0.0,,,,,3.64,-0.08000000000000007,3.64,4.25,0.11000000000000032,4.196666666666665
2026-04-01,us,,,,332.407,0.6400377846336402,3.7792458367415627,330.05333333333334,335.423,0.376460730477457,2.7433094309685213,334.3666666666666,4.3,0.0,4.333333333333335,3.64,0.0,3.64,4.32,0.11000000000000032,4.2333333333333325,22799.9,0.5459492593523629,4.726492703563023,22698.766666666666,,,,,,,,0.0,,0.0,0.0,,,,,3.64,0.0,3.64,4.32,0.11000000000000032,4.2333333333333325
2026-05-01,us,,,,333.979,0.47291422864139676,4.166614684049641,332.2263333333333,336.121,0.20809544962627768,2.8229420636110225,335.23633333333333,4.3,-0.10000000000000053,4.3,3.63,-0.010000000000000231,3.636666666666667,4.48,0.35000000000000053,4.349999999999999,23055.6,1.1214961469129037,5.584304961485964,22843.866666666665,,,,,,,,0.0,,0.0,0.0,,,,,3.63,-0.010000000000000231,3.636666666666667,4.48,0.35000000000000053,4.349999999999999
2026-06-01,us,,,,332.568,-0.42248165303806484,3.463530729385411,332.98466666666667,336.065,-0.016660666843182348,2.5657850563697515,335.86966666666666,4.2,-0.09999999999999964,4.266666666666667,3.63,-0.010000000000000231,3.633333333333334,4.47,0.21999999999999975,4.423333333333332,23155.2,0.43199916723053455,5.525755718302672,23003.56666666667,,,,,,,,0.0,,0.0,0.0,,,,,3.63,-0.010000000000000231,3.633333333333334,4.47,0.21999999999999975,4.423333333333332
2026-07-01,us,,,,332.568,0.0,3.227809007073934,333.03833333333336,336.065,0.0,2.246244090032312,336.08366666666666,4.1,-0.20000000000000018,4.2,3.63,-0.010000000000000231,3.63,4.6,0.27999999999999936,4.516666666666666,23155.2,0.0,5.129054959024759,23122.0,,,,,,,,30.0,,30.0,0.0,,,,,3.63,-0.010000000000000231,3.63,4.6,0.27999999999999936,4.516666666666666
