date,country,buffett_indicator,real_yield,term_spread,equity_risk_proxy,credit_spread_proxy,earnings_yield_proxy,hs300_pe_proxy,hs300_pb_proxy,equity_pe_proxy,shiller_pe_proxy,equity_pb_proxy,real_yield_proxy,valuation_method,valuation_score,valuation_regime,valuation_confidence,valuation_inputs_used,valuation_inputs_missing
1947-01-01,us,,,,,,7.43,,,13.46,11.47,,,research_proxy,0.7550607907051528,cheap,medium,"equity_pe_proxy,shiller_pe_proxy","buffett_indicator,equity_pb_proxy,real_yield_proxy,term_spread,equity_risk_proxy,credit_spread_proxy"
1947-02-01,us,,,,,,7.59,,,13.17,11.95,,,research_proxy,0.7401738241811802,cheap,medium,"equity_pe_proxy,shiller_pe_proxy","buffett_indicator,equity_pb_proxy,real_yield_proxy,term_spread,equity_risk_proxy,credit_spread_proxy"
1947-03-01,us,,,,,,8.38,,,11.94,11.29,,,research_proxy,0.8353431868250019,cheap,medium,"equity_pe_proxy,shiller_pe_proxy","buffett_indicator,equity_pb_proxy,real_yield_proxy,term_spread,equity_risk_proxy,credit_spread_proxy"
1947-04-01,us,,,,,,9.09,,,11.0,10.9,,,research_proxy,0.9013568414041597,cheap,medium,"equity_pe_proxy,shiller_pe_proxy","buffett_indicator,equity_pb_proxy,real_yield_proxy,term_spread,equity_risk_proxy,credit_spread_proxy"
1947-05-01,us,,,,,,9.65,,,10.37,10.73,,,research_proxy,0.9402337010374764,cheap,medium,"equity_pe_proxy,shiller_pe_proxy","buffett_indicator,equity_pb_proxy,real_yield_proxy,term_spread,equity_risk_proxy,credit_spread_proxy"
1947-06-01,us,,,,,,9.7,,,10.31,11.08,,,research_proxy,0.9224322484573722,cheap,medium,"equity_pe_proxy,shiller_pe_proxy","buffett_indicator,equity_pb_proxy,real_yield_proxy,term_spread,equity_risk_proxy,credit_spread_proxy"
1947-07-01,us,,,,,,9.36,,,10.68,11.7,,,research_proxy,0.8690542315029985,cheap,medium,"equity_pe_proxy,shiller_pe_proxy","buffett_indicator,equity_pb_proxy,real_yield_proxy,term_spread,equity_risk_proxy,credit_spread_proxy"
1947-08-01,us,,,,,,9.79,,,10.22,11.34,,,research_proxy,0.9112918146085343,cheap,medium,"equity_pe_proxy,shiller_pe_proxy","buffett_indicator,equity_pb_proxy,real_yield_proxy,term_spread,equity_risk_proxy,credit_spread_proxy"
1947-09-01,us,,,,,,10.29,,,9.72,10.83,,,research_proxy,0.9641724630059704,cheap,medium,"equity_pe_proxy,shiller_pe_proxy","buffett_indicator,equity_pb_proxy,real_yield_proxy,term_spread,equity_risk_proxy,credit_spread_proxy"
1947-10-01,us,,,,,,10.16,,,9.84,11.13,,,research_proxy,0.9410518020479965,cheap,medium,"equity_pe_proxy,shiller_pe_proxy","buffett_indicator,equity_pb_proxy,real_yield_proxy,term_spread,equity_risk_proxy,credit_spread_proxy"
1947-11-01,us,,,,,,10.41,,,9.6,10.98,,,research_proxy,0.9608675192107622,cheap,medium,"equity_pe_proxy,shiller_pe_proxy","buffett_indicator,equity_pb_proxy,real_yield_proxy,term_spread,equity_risk_proxy,credit_spread_proxy"
1947-12-01,us,,,,,,10.71,,,9.34,10.68,,,research_proxy,0.9904090364783418,cheap,medium,"equity_pe_proxy,shiller_pe_proxy","buffett_indicator,equity_pb_proxy,real_yield_proxy,term_spread,equity_risk_proxy,credit_spread_proxy"
1948-01-01,us,,,,,,11.08,,,9.02,10.42,,,research_proxy,1.0203534066624536,cheap,medium,"equity_pe_proxy,shiller_pe_proxy","buffett_indicator,equity_pb_proxy,real_yield_proxy,term_spread,equity_risk_proxy,credit_spread_proxy"
1948-02-01,us,,,,,,11.89,,,8.41,10.0,,,research_proxy,1.0729938926382292,cheap,medium,"equity_pe_proxy,shiller_pe_proxy","buffett_indicator,equity_pb_proxy,real_yield_proxy,term_spread,equity_risk_proxy,credit_spread_proxy"
1948-03-01,us,,,,,,11.96,,,8.36,10.19,,,research_proxy,1.064129578043491,cheap,medium,"equity_pe_proxy,shiller_pe_proxy","buffett_indicator,equity_pb_proxy,real_yield_proxy,term_spread,equity_risk_proxy,credit_spread_proxy"
1948-04-01,us,,,,,,11.43,,,8.75,10.78,,,research_proxy,1.0115960028855762,cheap,medium,"equity_pe_proxy,shiller_pe_proxy","buffett_indicator,equity_pb_proxy,real_yield_proxy,term_spread,equity_risk_proxy,credit_spread_proxy"
1948-05-01,us,,,,,,11.21,,,8.92,11.24,,,research_proxy,0.9767864083809769,cheap,medium,"equity_pe_proxy,shiller_pe_proxy","buffett_indicator,equity_pb_proxy,real_yield_proxy,term_spread,equity_risk_proxy,credit_spread_proxy"
1948-06-01,us,,,,,,11.06,,,9.04,11.58,,,research_proxy,0.9513168047782758,cheap,medium,"equity_pe_proxy,shiller_pe_proxy","buffett_indicator,equity_pb_proxy,real_yield_proxy,term_spread,equity_risk_proxy,credit_spread_proxy"
1948-07-01,us,,,,,,11.75,,,8.51,11.13,,,research_proxy,1.0020499369892508,cheap,medium,"equity_pe_proxy,shiller_pe_proxy","buffett_indicator,equity_pb_proxy,real_yield_proxy,term_spread,equity_risk_proxy,credit_spread_proxy"
1948-08-01,us,,,,,,12.55,,,7.97,10.72,,,research_proxy,1.0508927591490418,cheap,medium,"equity_pe_proxy,shiller_pe_proxy","buffett_indicator,equity_pb_proxy,real_yield_proxy,term_spread,equity_risk_proxy,credit_spread_proxy"
1948-09-01,us,,,,,,13.13,,,7.61,10.55,,,research_proxy,1.07738653875669,cheap,medium,"equity_pe_proxy,shiller_pe_proxy","buffett_indicator,equity_pb_proxy,real_yield_proxy,term_spread,equity_risk_proxy,credit_spread_proxy"
1948-10-01,us,,,,,,13.24,,,7.55,10.83,,,research_proxy,1.0636957358048589,cheap,medium,"equity_pe_proxy,shiller_pe_proxy","buffett_indicator,equity_pb_proxy,real_yield_proxy,term_spread,equity_risk_proxy,credit_spread_proxy"
1948-11-01,us,,,,,,14.5,,,6.9,10.25,,,research_proxy,1.1275665227337166,cheap,medium,"equity_pe_proxy,shiller_pe_proxy","buffett_indicator,equity_pb_proxy,real_yield_proxy,term_spread,equity_risk_proxy,credit_spread_proxy"
1948-12-01,us,,,,,,15.08,,,6.63,10.16,,,research_proxy,1.145234723710021,cheap,medium,"equity_pe_proxy,shiller_pe_proxy","buffett_indicator,equity_pb_proxy,real_yield_proxy,term_spread,equity_risk_proxy,credit_spread_proxy"
1949-01-01,us,,,,,,15.1,,,6.62,10.25,,,research_proxy,1.1404082353529281,cheap,medium,"equity_pe_proxy,shiller_pe_proxy","buffett_indicator,equity_pb_proxy,real_yield_proxy,term_spread,equity_risk_proxy,credit_spread_proxy"
1949-02-01,us,,,,,,15.91,,,6.29,9.87,,,research_proxy,1.177858066064765,cheap,medium,"equity_pe_proxy,shiller_pe_proxy","buffett_indicator,equity_pb_proxy,real_yield_proxy,term_spread,equity_risk_proxy,credit_spread_proxy"
1949-03-01,us,,,,,,15.96,,,6.26,9.9,,,research_proxy,1.1774722568618494,cheap,medium,"equity_pe_proxy,shiller_pe_proxy","buffett_indicator,equity_pb_proxy,real_yield_proxy,term_spread,equity_risk_proxy,credit_spread_proxy"
1949-04-01,us,,,,,,16.03,,,6.24,9.78,,,research_proxy,1.1854363499831178,cheap,medium,"equity_pe_proxy,shiller_pe_proxy","buffett_indicator,equity_pb_proxy,real_yield_proxy,term_spread,equity_risk_proxy,credit_spread_proxy"
1949-05-01,us,,,,,,16.19,,,6.18,9.69,,,research_proxy,1.1934732664950136,cheap,medium,"equity_pe_proxy,shiller_pe_proxy","buffett_indicator,equity_pb_proxy,real_yield_proxy,term_spread,equity_risk_proxy,credit_spread_proxy"
1949-06-01,us,,,,,,17.18,,,5.82,9.07,,,research_proxy,1.246392650855844,cheap,medium,"equity_pe_proxy,shiller_pe_proxy","buffett_indicator,equity_pb_proxy,real_yield_proxy,term_spread,equity_risk_proxy,credit_spread_proxy"
1949-07-01,us,,,,,,16.24,,,6.16,9.61,,,research_proxy,1.1990884169715548,cheap,medium,"equity_pe_proxy,shiller_pe_proxy","buffett_indicator,equity_pb_proxy,real_yield_proxy,term_spread,equity_risk_proxy,credit_spread_proxy"
1949-08-01,us,,,,,,15.65,,,6.39,9.85,,,research_proxy,1.174446211451696,cheap,medium,"equity_pe_proxy,shiller_pe_proxy","buffett_indicator,equity_pb_proxy,real_yield_proxy,term_spread,equity_risk_proxy,credit_spread_proxy"
1949-09-01,us,,,,,,15.43,,,6.48,9.88,,,research_proxy,1.168556811126261,cheap,medium,"equity_pe_proxy,shiller_pe_proxy","buffett_indicator,equity_pb_proxy,real_yield_proxy,term_spread,equity_risk_proxy,credit_spread_proxy"
1949-10-01,us,,,,,,14.89,,,6.71,10.17,,,research_proxy,1.1409784273004933,cheap,medium,"equity_pe_proxy,shiller_pe_proxy","buffett_indicator,equity_pb_proxy,real_yield_proxy,term_spread,equity_risk_proxy,credit_spread_proxy"
1949-11-01,us,,,,,,14.55,,,6.87,10.22,,,research_proxy,1.130704127497892,cheap,medium,"equity_pe_proxy,shiller_pe_proxy","buffett_indicator,equity_pb_proxy,real_yield_proxy,term_spread,equity_risk_proxy,credit_spread_proxy"
1949-12-01,us,,,,,,14.03,,,7.13,10.53,,,research_proxy,1.1005753745691307,cheap,medium,"equity_pe_proxy,shiller_pe_proxy","buffett_indicator,equity_pb_proxy,real_yield_proxy,term_spread,equity_risk_proxy,credit_spread_proxy"
1950-01-01,us,,,,,,13.84,,,7.22,10.75,,,research_proxy,1.0835284966812413,cheap,medium,"equity_pe_proxy,shiller_pe_proxy","buffett_indicator,equity_pb_proxy,real_yield_proxy,term_spread,equity_risk_proxy,credit_spread_proxy"
1950-02-01,us,,,,,,13.67,,,7.31,10.91,,,research_proxy,1.0700050327604427,cheap,medium,"equity_pe_proxy,shiller_pe_proxy","buffett_indicator,equity_pb_proxy,real_yield_proxy,term_spread,equity_risk_proxy,credit_spread_proxy"
1950-03-01,us,,,,,,13.66,,,7.32,10.91,,,research_proxy,1.0695464001668993,cheap,medium,"equity_pe_proxy,shiller_pe_proxy","buffett_indicator,equity_pb_proxy,real_yield_proxy,term_spread,equity_risk_proxy,credit_spread_proxy"
1950-04-01,us,,,,,,13.6,,,7.35,11.18,,,research_proxy,1.0523151395343604,cheap,medium,"equity_pe_proxy,shiller_pe_proxy","buffett_indicator,equity_pb_proxy,real_yield_proxy,term_spread,equity_risk_proxy,credit_spread_proxy"
1950-05-01,us,,,,,,13.47,,,7.43,11.46,,,research_proxy,1.0322034802729232,cheap,medium,"equity_pe_proxy,shiller_pe_proxy","buffett_indicator,equity_pb_proxy,real_yield_proxy,term_spread,equity_risk_proxy,credit_spread_proxy"
1950-06-01,us,,,,,,13.55,,,7.38,11.55,,,research_proxy,1.0292115222900033,cheap,medium,"equity_pe_proxy,shiller_pe_proxy","buffett_indicator,equity_pb_proxy,real_yield_proxy,term_spread,equity_risk_proxy,credit_spread_proxy"
1950-07-01,us,,,,,,14.96,,,6.68,10.54,,,research_proxy,1.1206266056173957,cheap,medium,"equity_pe_proxy,shiller_pe_proxy","buffett_indicator,equity_pb_proxy,real_yield_proxy,term_spread,equity_risk_proxy,credit_spread_proxy"
1950-08-01,us,,,,,,14.43,,,6.93,11.04,,,research_proxy,1.079799007719723,cheap,medium,"equity_pe_proxy,shiller_pe_proxy","buffett_indicator,equity_pb_proxy,real_yield_proxy,term_spread,equity_risk_proxy,credit_spread_proxy"
1950-09-01,us,,,,,,14.26,,,7.01,11.34,,,research_proxy,1.0585128771359222,cheap,medium,"equity_pe_proxy,shiller_pe_proxy","buffett_indicator,equity_pb_proxy,real_yield_proxy,term_spread,equity_risk_proxy,credit_spread_proxy"
1950-10-01,us,,,,,,13.89,,,7.2,11.66,,,research_proxy,1.031007316700782,cheap,medium,"equity_pe_proxy,shiller_pe_proxy","buffett_indicator,equity_pb_proxy,real_yield_proxy,term_spread,equity_risk_proxy,credit_spread_proxy"
1950-11-01,us,,,,,,14.12,,,7.08,11.54,,,research_proxy,1.043557735757483,cheap,medium,"equity_pe_proxy,shiller_pe_proxy","buffett_indicator,equity_pb_proxy,real_yield_proxy,term_spread,equity_risk_proxy,credit_spread_proxy"
1950-12-01,us,,,,,,14.38,,,6.95,11.31,,,research_proxy,1.0630263796807273,cheap,medium,"equity_pe_proxy,shiller_pe_proxy","buffett_indicator,equity_pb_proxy,real_yield_proxy,term_spread,equity_risk_proxy,credit_spread_proxy"
1951-01-01,us,,,,,,13.37,,,7.48,11.9,,,research_proxy,1.0040719482132068,cheap,medium,"equity_pe_proxy,shiller_pe_proxy","buffett_indicator,equity_pb_proxy,real_yield_proxy,term_spread,equity_risk_proxy,credit_spread_proxy"
1951-02-01,us,,,,,,12.88,,,7.76,12.14,,,research_proxy,0.9771365797256317,cheap,medium,"equity_pe_proxy,shiller_pe_proxy","buffett_indicator,equity_pb_proxy,real_yield_proxy,term_spread,equity_risk_proxy,credit_spread_proxy"
1951-03-01,us,,,,,,13.08,,,7.64,11.84,,,research_proxy,1.0002572406836054,cheap,medium,"equity_pe_proxy,shiller_pe_proxy","buffett_indicator,equity_pb_proxy,real_yield_proxy,term_spread,equity_risk_proxy,credit_spread_proxy"
1951-04-01,us,,,,,,12.74,,,7.85,11.95,,,research_proxy,0.984166363946197,cheap,medium,"equity_pe_proxy,shiller_pe_proxy","buffett_indicator,equity_pb_proxy,real_yield_proxy,term_spread,equity_risk_proxy,credit_spread_proxy"
1951-05-01,us,,,,,,12.57,,,7.96,11.86,,,research_proxy,0.9844065263678574,cheap,medium,"equity_pe_proxy,shiller_pe_proxy","buffett_indicator,equity_pb_proxy,real_yield_proxy,term_spread,equity_risk_proxy,credit_spread_proxy"
1951-06-01,us,,,,,,12.62,,,7.92,11.62,,,research_proxy,1.0003347126103943,cheap,medium,"equity_pe_proxy,shiller_pe_proxy","buffett_indicator,equity_pb_proxy,real_yield_proxy,term_spread,equity_risk_proxy,credit_spread_proxy"
1951-07-01,us,,,,,,12.08,,,8.28,11.78,,,research_proxy,0.9744281686639276,cheap,medium,"equity_pe_proxy,shiller_pe_proxy","buffett_indicator,equity_pb_proxy,real_yield_proxy,term_spread,equity_risk_proxy,credit_spread_proxy"
1951-08-01,us,,,,,,11.27,,,8.87,12.26,,,research_proxy,0.9191815339081475,cheap,medium,"equity_pe_proxy,shiller_pe_proxy","buffett_indicator,equity_pb_proxy,real_yield_proxy,term_spread,equity_risk_proxy,credit_spread_proxy"
1951-09-01,us,,,,,,10.69,,,9.35,12.44,,,research_proxy,0.886596927516798,cheap,medium,"equity_pe_proxy,shiller_pe_proxy","buffett_indicator,equity_pb_proxy,real_yield_proxy,term_spread,equity_risk_proxy,credit_spread_proxy"
1951-10-01,us,,,,,,10.64,,,9.39,12.31,,,research_proxy,0.8923964607379886,cheap,medium,"equity_pe_proxy,shiller_pe_proxy","buffett_indicator,equity_pb_proxy,real_yield_proxy,term_spread,equity_risk_proxy,credit_spread_proxy"
1951-11-01,us,,,,,,10.85,,,9.22,11.85,,,research_proxy,0.9272060552425879,cheap,medium,"equity_pe_proxy,shiller_pe_proxy","buffett_indicator,equity_pb_proxy,real_yield_proxy,term_spread,equity_risk_proxy,credit_spread_proxy"
1951-12-01,us,,,,,,10.42,,,9.59,12.15,,,research_proxy,0.8926195794460325,cheap,medium,"equity_pe_proxy,shiller_pe_proxy","buffett_indicator,equity_pb_proxy,real_yield_proxy,term_spread,equity_risk_proxy,credit_spread_proxy"
1952-01-01,us,,,,,,10.03,,,9.97,12.53,,,research_proxy,0.8528765857664793,cheap,medium,"equity_pe_proxy,shiller_pe_proxy","buffett_indicator,equity_pb_proxy,real_yield_proxy,term_spread,equity_risk_proxy,credit_spread_proxy"
1952-02-01,us,,,,,,10.16,,,9.84,12.36,,,research_proxy,0.8688218157226326,cheap,medium,"equity_pe_proxy,shiller_pe_proxy","buffett_indicator,equity_pb_proxy,real_yield_proxy,term_spread,equity_risk_proxy,credit_spread_proxy"
1952-03-01,us,,,,,,10.08,,,9.92,12.36,,,research_proxy,0.8651527549742866,cheap,medium,"equity_pe_proxy,shiller_pe_proxy","buffett_indicator,equity_pb_proxy,real_yield_proxy,term_spread,equity_risk_proxy,credit_spread_proxy"
1952-04-01,us,,,,,,10.03,,,9.97,12.24,,,research_proxy,0.869906419940752,cheap,medium,"equity_pe_proxy,shiller_pe_proxy","buffett_indicator,equity_pb_proxy,real_yield_proxy,term_spread,equity_risk_proxy,credit_spread_proxy"
1952-05-01,us,,,,,,9.95,,,10.06,12.2,,,research_proxy,0.86812766924359,cheap,medium,"equity_pe_proxy,shiller_pe_proxy","buffett_indicator,equity_pb_proxy,real_yield_proxy,term_spread,equity_risk_proxy,credit_spread_proxy"
1952-06-01,us,,,,,,9.6,,,10.42,12.45,,,research_proxy,0.8369360043464869,cheap,medium,"equity_pe_proxy,shiller_pe_proxy","buffett_indicator,equity_pb_proxy,real_yield_proxy,term_spread,equity_risk_proxy,credit_spread_proxy"
1952-07-01,us,,,,,,9.36,,,10.69,12.67,,,research_proxy,0.8116337397748187,cheap,medium,"equity_pe_proxy,shiller_pe_proxy","buffett_indicator,equity_pb_proxy,real_yield_proxy,term_spread,equity_risk_proxy,credit_spread_proxy"
1952-08-01,us,,,,,,9.35,,,10.7,12.68,,,research_proxy,0.8105878715200936,cheap,medium,"equity_pe_proxy,shiller_pe_proxy","buffett_indicator,equity_pb_proxy,real_yield_proxy,term_spread,equity_risk_proxy,credit_spread_proxy"
1952-09-01,us,,,,,,9.52,,,10.5,12.43,,,research_proxy,0.8344414149205044,cheap,medium,"equity_pe_proxy,shiller_pe_proxy","buffett_indicator,equity_pb_proxy,real_yield_proxy,term_spread,equity_risk_proxy,credit_spread_proxy"
1952-10-01,us,,,,,,9.78,,,10.22,12.13,,,research_proxy,0.8649001973751703,cheap,medium,"equity_pe_proxy,shiller_pe_proxy","buffett_indicator,equity_pb_proxy,real_yield_proxy,term_spread,equity_risk_proxy,credit_spread_proxy"
1952-11-01,us,,,,,,9.54,,,10.49,12.47,,,research_proxy,0.8325511048693204,cheap,medium,"equity_pe_proxy,shiller_pe_proxy","buffett_indicator,equity_pb_proxy,real_yield_proxy,term_spread,equity_risk_proxy,credit_spread_proxy"
1952-12-01,us,,,,,,9.22,,,10.85,12.93,,,research_proxy,0.7890274910873991,cheap,medium,"equity_pe_proxy,shiller_pe_proxy","buffett_indicator,equity_pb_proxy,real_yield_proxy,term_spread,equity_risk_proxy,credit_spread_proxy"
1953-01-01,us,,,,,,9.21,,,10.86,13.01,,,research_proxy,0.7838709732044014,cheap,medium,"equity_pe_proxy,shiller_pe_proxy","buffett_indicator,equity_pb_proxy,real_yield_proxy,term_spread,equity_risk_proxy,credit_spread_proxy"
1953-02-01,us,,,,,,9.36,,,10.69,12.86,,,research_proxy,0.8004762622123641,cheap,medium,"equity_pe_proxy,shiller_pe_proxy","buffett_indicator,equity_pb_proxy,real_yield_proxy,term_spread,equity_risk_proxy,credit_spread_proxy"
1953-03-01,us,,,,,,9.35,,,10.7,12.83,,,research_proxy,0.8017793366023663,cheap,medium,"equity_pe_proxy,shiller_pe_proxy","buffett_indicator,equity_pb_proxy,real_yield_proxy,term_spread,equity_risk_proxy,credit_spread_proxy"
1953-04-01,us,,1.9607634164777075,,7.109999999999999,,9.94,,,10.06,12.16,,1.9607634164777075,research_proxy,1.112445941757656,cheap,high,"equity_pe_proxy,shiller_pe_proxy,real_yield_proxy,equity_risk_proxy","buffett_indicator,equity_pb_proxy,term_spread,credit_spread_proxy"
1953-05-01,us,,2.18109180204005,,6.95,,10.0,,,10.0,12.14,,2.18109180204005,research_proxy,1.0750304522223715,cheap,high,"equity_pe_proxy,shiller_pe_proxy,real_yield_proxy,equity_risk_proxy","buffett_indicator,equity_pb_proxy,term_spread,credit_spread_proxy"
1953-06-01,us,,2.2053637391632113,,7.370000000000001,,10.48,,,9.54,11.62,,2.2053637391632113,research_proxy,1.142258837436959,cheap,high,"equity_pe_proxy,shiller_pe_proxy,real_yield_proxy,equity_risk_proxy","buffett_indicator,equity_pb_proxy,term_spread,credit_spread_proxy"
1953-07-01,us,,2.517706146926536,,7.460000000000001,,10.39,,,9.63,11.75,,2.517706146926536,research_proxy,1.1136745076564676,cheap,high,"equity_pe_proxy,shiller_pe_proxy,real_yield_proxy,equity_risk_proxy","buffett_indicator,equity_pb_proxy,term_spread,credit_spread_proxy"
1953-08-01,us,,2.3505245410265916,,7.45,,10.4,,,9.61,11.72,,2.3505245410265916,research_proxy,1.1311566325798799,cheap,high,"equity_pe_proxy,shiller_pe_proxy,real_yield_proxy,equity_risk_proxy","buffett_indicator,equity_pb_proxy,term_spread,credit_spread_proxy"
1953-09-01,us,,1.8936575291025157,,8.09,,10.96,,,9.13,11.14,,1.8936575291025157,research_proxy,1.2730705250449965,cheap,high,"equity_pe_proxy,shiller_pe_proxy,real_yield_proxy,equity_risk_proxy","buffett_indicator,equity_pb_proxy,term_spread,credit_spread_proxy"
1953-10-01,us,,1.6858523791682334,,7.92,,10.58,,,9.45,11.39,,1.6858523791682334,research_proxy,1.261984606343241,cheap,high,"equity_pe_proxy,shiller_pe_proxy,real_yield_proxy,equity_risk_proxy","buffett_indicator,equity_pb_proxy,term_spread,credit_spread_proxy"
1953-11-01,us,,2.0805245410265916,,7.620000000000001,,10.3,,,9.71,11.64,,2.0805245410265916,research_proxy,1.176743212942991,cheap,high,"equity_pe_proxy,shiller_pe_proxy,real_yield_proxy,equity_risk_proxy","buffett_indicator,equity_pb_proxy,term_spread,credit_spread_proxy"
1953-12-01,us,,1.9909734181954262,,7.52,,10.11,,,9.89,11.75,,1.9909734181954262,research_proxy,1.1681384544017808,cheap,high,"equity_pe_proxy,shiller_pe_proxy,real_yield_proxy,equity_risk_proxy","buffett_indicator,equity_pb_proxy,term_spread,credit_spread_proxy"
1954-01-01,us,,1.3538738738738745,,7.43,,9.91,,,10.09,12.0,,1.3538738738738745,research_proxy,1.2123036203391457,cheap,high,"equity_pe_proxy,shiller_pe_proxy,real_yield_proxy,equity_risk_proxy","buffett_indicator,equity_pb_proxy,term_spread,credit_spread_proxy"
1954-02-01,us,,0.9656750658142257,,7.279999999999999,,9.75,,,10.26,12.22,,0.9656750658142257,research_proxy,1.2261755008212805,cheap,high,"equity_pe_proxy,shiller_pe_proxy,real_yield_proxy,equity_risk_proxy","buffett_indicator,equity_pb_proxy,term_spread,credit_spread_proxy"
1954-03-01,us,,1.243450995118284,,7.2299999999999995,,9.6,,,10.42,12.42,,1.243450995118284,research_proxy,1.1828487264457481,cheap,high,"equity_pe_proxy,shiller_pe_proxy,real_yield_proxy,equity_risk_proxy","buffett_indicator,equity_pb_proxy,term_spread,credit_spread_proxy"
1954-04-01,us,,1.6530573248407645,,7.0200000000000005,,9.31,,,10.74,12.91,,1.6530573248407645,research_proxy,1.0970578850054877,cheap,high,"equity_pe_proxy,shiller_pe_proxy,real_yield_proxy,equity_risk_proxy","buffett_indicator,equity_pb_proxy,term_spread,credit_spread_proxy"
1954-05-01,us,,1.508576779026222,,6.669999999999999,,9.04,,,11.06,13.31,,1.508576779026222,research_proxy,1.056239918488964,cheap,high,"equity_pe_proxy,shiller_pe_proxy,real_yield_proxy,equity_risk_proxy","buffett_indicator,equity_pb_proxy,term_spread,credit_spread_proxy"
1954-06-01,us,,1.7449607769891529,,6.670000000000001,,9.05,,,11.05,13.36,,1.7449607769891529,research_proxy,1.0306983575024091,cheap,high,"equity_pe_proxy,shiller_pe_proxy,real_yield_proxy,equity_risk_proxy","buffett_indicator,equity_pb_proxy,term_spread,credit_spread_proxy"
1954-07-01,us,,2.038708473310944,1.4999999999999998,6.410000000000001,,8.71,,,11.49,13.83,,2.038708473310944,research_proxy,0.8273879180059426,cheap,high,"equity_pe_proxy,shiller_pe_proxy,real_yield_proxy,term_spread,equity_risk_proxy","buffett_indicator,equity_pb_proxy,credit_spread_proxy"
1954-08-01,us,,2.36,1.14,6.190000000000001,,8.55,,,11.7,14.04,,2.36,research_proxy,0.7270502155448592,cheap,high,"equity_pe_proxy,shiller_pe_proxy,real_yield_proxy,term_spread,equity_risk_proxy","buffett_indicator,equity_pb_proxy,credit_spread_proxy"
1954-09-01,us,,2.6775083674228384,1.3099999999999998,5.9799999999999995,,8.36,,,11.96,14.36,,2.6775083674228384,research_proxy,0.6931521403863676,cheap,high,"equity_pe_proxy,shiller_pe_proxy,real_yield_proxy,term_spread,equity_risk_proxy","buffett_indicator,equity_pb_proxy,credit_spread_proxy"
1954-10-01,us,,3.283432282003708,1.58,5.890000000000001,,8.32,,,12.02,14.62,,3.283432282003708,research_proxy,0.6636265147825303,cheap,high,"equity_pe_proxy,shiller_pe_proxy,real_yield_proxy,term_spread,equity_risk_proxy","buffett_indicator,equity_pb_proxy,credit_spread_proxy"
1954-11-01,us,,2.7407076350093162,1.65,5.66,,8.14,,,12.28,15.12,,2.7407076350093162,research_proxy,0.6816007128676499,cheap,high,"equity_pe_proxy,shiller_pe_proxy,real_yield_proxy,term_spread,equity_risk_proxy","buffett_indicator,equity_pb_proxy,credit_spread_proxy"
1954-12-01,us,,2.882162262746567,1.2299999999999998,5.41,,7.92,,,12.62,15.79,,2.882162262746567,research_proxy,0.5725674080883747,cheap,high,"equity_pe_proxy,shiller_pe_proxy,real_yield_proxy,term_spread,equity_risk_proxy","buffett_indicator,equity_pb_proxy,credit_spread_proxy"
1955-01-01,us,,3.2410319227913917,1.22,5.35,,7.96,,,12.56,15.99,,3.2410319227913917,research_proxy,0.5331378054079555,cheap,high,"equity_pe_proxy,shiller_pe_proxy,real_yield_proxy,term_spread,equity_risk_proxy","buffett_indicator,equity_pb_proxy,credit_spread_proxy"
1955-02-01,us,,3.2798629121896936,1.3599999999999999,5.220000000000001,,7.87,,,12.7,16.44,,3.2798629121896936,research_proxy,0.5241049908451917,cheap,high,"equity_pe_proxy,shiller_pe_proxy,real_yield_proxy,term_spread,equity_risk_proxy","buffett_indicator,equity_pb_proxy,credit_spread_proxy"
1955-03-01,us,,3.199866320089124,1.33,5.43,,8.11,,,12.33,16.22,,3.199866320089124,research_proxy,0.5563089185869324,cheap,high,"equity_pe_proxy,shiller_pe_proxy,real_yield_proxy,term_spread,equity_risk_proxy","buffett_indicator,equity_pb_proxy,credit_spread_proxy"
1955-04-01,us,,3.0106105733432673,1.32,5.32,,8.07,,,12.39,16.69,,3.0106105733432673,research_proxy,0.5492365991060726,cheap,high,"equity_pe_proxy,shiller_pe_proxy,real_yield_proxy,term_spread,equity_risk_proxy","buffett_indicator,equity_pb_proxy,credit_spread_proxy"
1955-05-01,us,,3.3541329372447066,1.3299999999999998,5.57,,8.33,,,12.0,16.52,,3.3541329372447066,research_proxy,0.554336407960877,cheap,high,"equity_pe_proxy,shiller_pe_proxy,real_yield_proxy,term_spread,equity_risk_proxy","buffett_indicator,equity_pb_proxy,credit_spread_proxy"
1955-06-01,us,,3.6337490720118777,1.14,5.3100000000000005,,8.09,,,12.35,17.37,,3.6337490720118777,research_proxy,0.45854532177731755,fair,high,"equity_pe_proxy,shiller_pe_proxy,real_yield_proxy,term_spread,equity_risk_proxy","buffett_indicator,equity_pb_proxy,credit_spread_proxy"
1955-07-01,us,,3.2723008190617993,1.22,4.8100000000000005,,7.71,,,12.96,18.45,,3.2723008190617993,research_proxy,0.42028226412551695,fair,high,"equity_pe_proxy,shiller_pe_proxy,real_yield_proxy,term_spread,equity_risk_proxy","buffett_indicator,equity_pb_proxy,credit_spread_proxy"
1955-08-01,us,,3.454171322160154,1.0100000000000002,4.959999999999999,,7.93,,,12.6,18.22,,3.454171322160154,research_proxy,0.4026177559108376,fair,high,"equity_pe_proxy,shiller_pe_proxy,real_yield_proxy,term_spread,equity_risk_proxy","buffett_indicator,equity_pb_proxy,credit_spread_proxy"
1955-09-01,us,,2.820801939574785,0.79,4.789999999999999,,7.76,,,12.89,18.84,,2.820801939574785,research_proxy,0.39205462809039443,fair,high,"equity_pe_proxy,shiller_pe_proxy,real_yield_proxy,term_spread,equity_risk_proxy","buffett_indicator,equity_pb_proxy,credit_spread_proxy"
1955-10-01,us,,2.505748502994016,0.6399999999999997,5.430000000000001,,8.31,,,12.03,17.77,,2.505748502994016,research_proxy,0.49293303578314973,fair,high,"equity_pe_proxy,shiller_pe_proxy,real_yield_proxy,term_spread,equity_risk_proxy","buffett_indicator,equity_pb_proxy,credit_spread_proxy"
1955-11-01,us,,2.516587005227796,0.54,5.029999999999999,,7.92,,,12.63,18.84,,2.516587005227796,research_proxy,0.40946781426126505,fair,high,"equity_pe_proxy,shiller_pe_proxy,real_yield_proxy,term_spread,equity_risk_proxy","buffett_indicator,equity_pb_proxy,credit_spread_proxy"
1955-12-01,us,,2.586447515875971,0.48,5.0200000000000005,,7.98,,,12.53,18.94,,2.586447515875971,research_proxy,0.39458323886291524,fair,high,"equity_pe_proxy,shiller_pe_proxy,real_yield_proxy,term_spread,equity_risk_proxy","buffett_indicator,equity_pb_proxy,credit_spread_proxy"
1956-01-01,us,,2.6758685095256003,0.44999999999999973,5.35,,8.25,,,12.12,18.29,,2.6758685095256003,research_proxy,0.43372300242974016,fair,high,"equity_pe_proxy,shiller_pe_proxy,real_yield_proxy,term_spread,equity_risk_proxy","buffett_indicator,equity_pb_proxy,credit_spread_proxy"
1956-02-01,us,,2.6908575689783794,0.33999999999999986,5.41,,8.25,,,12.12,18.27,,2.6908575689783794,research_proxy,0.4237000768619044,fair,high,"equity_pe_proxy,shiller_pe_proxy,real_yield_proxy,term_spread,equity_risk_proxy","buffett_indicator,equity_pb_proxy,credit_spread_proxy"
1956-03-01,us,,2.586726390444187,0.45999999999999996,4.81,,7.77,,,12.87,19.37,,2.586726390444187,research_proxy,0.35806362510407347,fair,high,"equity_pe_proxy,shiller_pe_proxy,real_yield_proxy,term_spread,equity_risk_proxy","buffett_indicator,equity_pb_proxy,credit_spread_proxy"
1956-04-01,us,,2.6574169466218662,0.56,4.4399999999999995,,7.62,,,13.13,19.37,,2.6574169466218662,research_proxy,0.32951544429977603,fair,high,"equity_pe_proxy,shiller_pe_proxy,real_yield_proxy,term_spread,equity_risk_proxy","buffett_indicator,equity_pb_proxy,credit_spread_proxy"
1956-05-01,us,,2.0987635412775423,0.31999999999999984,4.73,,7.8,,,12.82,18.54,,2.0987635412775423,research_proxy,0.39374891989586897,fair,high,"equity_pe_proxy,shiller_pe_proxy,real_yield_proxy,term_spread,equity_risk_proxy","buffett_indicator,equity_pb_proxy,credit_spread_proxy"
1956-06-01,us,,1.352676900037439,0.29000000000000004,4.78,,7.78,,,12.85,18.16,,1.352676900037439,research_proxy,0.46377672729668085,fair,high,"equity_pe_proxy,shiller_pe_proxy,real_yield_proxy,term_spread,equity_risk_proxy","buffett_indicator,equity_pb_proxy,credit_spread_proxy"
1956-07-01,us,,1.1294319880418602,0.3599999999999999,4.17,,7.28,,,13.73,18.86,,1.1294319880418602,research_proxy,0.4076218283550978,fair,high,"equity_pe_proxy,shiller_pe_proxy,real_yield_proxy,term_spread,equity_risk_proxy","buffett_indicator,equity_pb_proxy,credit_spread_proxy"
1956-08-01,us,,1.121916167664672,0.6000000000000001,3.9000000000000004,,7.23,,,13.83,18.67,,1.121916167664672,research_proxy,0.4194393063213169,fair,high,"equity_pe_proxy,shiller_pe_proxy,real_yield_proxy,term_spread,equity_risk_proxy","buffett_indicator,equity_pb_proxy,credit_spread_proxy"
1956-09-01,us,,1.5178026070763408,0.4299999999999997,4.01,,7.39,,,13.54,17.84,,1.5178026070763408,research_proxy,0.3988284302951479,fair,high,"equity_pe_proxy,shiller_pe_proxy,real_yield_proxy,term_spread,equity_risk_proxy","buffett_indicator,equity_pb_proxy,credit_spread_proxy"
1956-10-01,us,,0.7672930648769629,0.3799999999999999,4.11,,7.45,,,13.43,17.42,,0.7672930648769629,research_proxy,0.4743135934204902,fair,high,"equity_pe_proxy,shiller_pe_proxy,real_yield_proxy,term_spread,equity_risk_proxy","buffett_indicator,equity_pb_proxy,credit_spread_proxy"
1956-11-01,us,,1.1462500000000002,0.6100000000000003,4.0,,7.49,,,13.35,17.12,,1.1462500000000002,research_proxy,0.4723134887598395,fair,high,"equity_pe_proxy,shiller_pe_proxy,real_yield_proxy,term_spread,equity_risk_proxy","buffett_indicator,equity_pb_proxy,credit_spread_proxy"
1956-12-01,us,,0.7615668031261746,0.6499999999999999,3.75,,7.34,,,13.62,17.2,,0.7615668031261746,research_proxy,0.4814045104090159,fair,high,"equity_pe_proxy,shiller_pe_proxy,real_yield_proxy,term_spread,equity_risk_proxy","buffett_indicator,equity_pb_proxy,credit_spread_proxy"
1957-01-01,us,,0.3291762951919388,0.6200000000000001,4.04,,7.5,,,13.34,16.72,,0.3291762951919388,research_proxy,0.553739093536316,cheap,high,"equity_pe_proxy,shiller_pe_proxy,real_yield_proxy,term_spread,equity_risk_proxy","buffett_indicator,equity_pb_proxy,credit_spread_proxy"
1957-02-01,us,,-0.1596276991809522,0.33999999999999986,4.49,,7.83,,,12.77,15.84,,-0.1596276991809522,research_proxy,0.6263610848299116,cheap,high,"equity_pe_proxy,shiller_pe_proxy,real_yield_proxy,term_spread,equity_risk_proxy","buffett_indicator,equity_pb_proxy,credit_spread_proxy"
1957-03-01,us,,-0.19728895500186372,0.4500000000000002,4.31,,7.72,,,12.95,15.9,,-0.19728895500186372,research_proxy,0.6239711194300146,cheap,high,"equity_pe_proxy,shiller_pe_proxy,real_yield_proxy,term_spread,equity_risk_proxy","buffett_indicator,equity_pb_proxy,credit_spread_proxy"
1957-04-01,us,,-0.23333085777942886,0.48,4.08,,7.56,,,13.22,16.12,,-0.23333085777942886,research_proxy,0.6014730625711517,cheap,high,"equity_pe_proxy,shiller_pe_proxy,real_yield_proxy,term_spread,equity_risk_proxy","buffett_indicator,equity_pb_proxy,credit_spread_proxy"
1957-05-01,us,,0.011394746577872095,0.6000000000000001,3.6999999999999997,,7.3,,,13.71,16.6,,0.011394746577872095,research_proxy,0.5448760599824188,cheap,high,"equity_pe_proxy,shiller_pe_proxy,real_yield_proxy,term_spread,equity_risk_proxy","buffett_indicator,equity_pb_proxy,credit_spread_proxy"
1957-06-01,us,,0.26408839779005966,0.7999999999999998,3.3900000000000006,,7.19,,,13.9,16.73,,0.26408839779005966,research_proxy,0.5175867566020897,cheap,high,"equity_pe_proxy,shiller_pe_proxy,real_yield_proxy,term_spread,equity_risk_proxy","buffett_indicator,equity_pb_proxy,credit_spread_proxy"
1957-07-01,us,,0.632088677171116,0.94,3.15,,7.08,,,14.12,16.87,,0.632088677171116,research_proxy,0.478094770479767,fair,high,"equity_pe_proxy,shiller_pe_proxy,real_yield_proxy,term_spread,equity_risk_proxy","buffett_indicator,equity_pb_proxy,credit_spread_proxy"
1957-08-01,us,,0.378187477114611,0.69,3.6,,7.53,,,13.27,15.87,,0.378187477114611,research_proxy,0.5432457314883878,cheap,high,"equity_pe_proxy,shiller_pe_proxy,real_yield_proxy,term_spread,equity_risk_proxy","buffett_indicator,equity_pb_proxy,credit_spread_proxy"
1957-09-01,us,,0.3733820840950628,0.44999999999999973,3.9699999999999998,,7.89,,,12.67,15.16,,0.3733820840950628,research_proxy,0.5711180518298489,cheap,high,"equity_pe_proxy,shiller_pe_proxy,real_yield_proxy,term_spread,equity_risk_proxy","buffett_indicator,equity_pb_proxy,credit_spread_proxy"
1957-10-01,us,,1.0256161395856211,0.4700000000000002,4.359999999999999,,8.33,,,12.0,14.15,,1.0256161395856211,research_proxy,0.5887011402388992,cheap,high,"equity_pe_proxy,shiller_pe_proxy,real_yield_proxy,term_spread,equity_risk_proxy","buffett_indicator,equity_pb_proxy,credit_spread_proxy"
1957-11-01,us,,0.44846237731733707,0.4400000000000004,4.709999999999999,,8.43,,,11.86,13.74,,0.44846237731733707,research_proxy,0.6737476390288293,cheap,high,"equity_pe_proxy,shiller_pe_proxy,real_yield_proxy,term_spread,equity_risk_proxy","buffett_indicator,equity_pb_proxy,credit_spread_proxy"
1957-12-01,us,,0.1698262757871869,0.22999999999999998,5.1499999999999995,,8.36,,,11.97,13.67,,0.1698262757871869,research_proxy,0.7058319673483011,cheap,high,"equity_pe_proxy,shiller_pe_proxy,real_yield_proxy,term_spread,equity_risk_proxy","buffett_indicator,equity_pb_proxy,credit_spread_proxy"
1958-01-01,us,,-0.4156017347307568,0.36999999999999966,4.92,,8.01,,,12.49,13.79,,-0.4156017347307568,research_proxy,0.7405605564921159,cheap,high,"equity_pe_proxy,shiller_pe_proxy,real_yield_proxy,term_spread,equity_risk_proxy","buffett_indicator,equity_pb_proxy,credit_spread_proxy"
1958-02-01,us,,-0.1874100719424483,1.38,4.75,,7.8,,,12.83,13.78,,-0.1874100719424483,research_proxy,0.8326686396508389,cheap,high,"equity_pe_proxy,shiller_pe_proxy,real_yield_proxy,term_spread,equity_risk_proxy","buffett_indicator,equity_pb_proxy,credit_spread_proxy"
1958-03-01,us,,-0.6452692031586649,1.78,4.48,,7.46,,,13.41,13.93,,-0.6452692031586649,research_proxy,0.8855018028052672,cheap,high,"equity_pe_proxy,shiller_pe_proxy,real_yield_proxy,term_spread,equity_risk_proxy","buffett_indicator,equity_pb_proxy,credit_spread_proxy"
1958-04-01,us,,-0.7361833154314321,1.6199999999999999,4.37,,7.25,,,13.79,13.91,,-0.7361833154314321,research_proxy,0.8565105665840054,cheap,high,"equity_pe_proxy,shiller_pe_proxy,real_yield_proxy,term_spread,equity_risk_proxy","buffett_indicator,equity_pb_proxy,credit_spread_proxy"
1958-05-01,us,,-0.4371428571428586,2.29,3.9400000000000004,,6.86,,,14.57,14.32,,-0.4371428571428586,research_proxy,0.8589779551403751,cheap,high,"equity_pe_proxy,shiller_pe_proxy,real_yield_proxy,term_spread,equity_risk_proxy","buffett_indicator,equity_pb_proxy,credit_spread_proxy"
1958-06-01,us,,0.12403770900035171,2.04,3.5799999999999996,,6.55,,,15.27,14.64,,0.12403770900035171,research_proxy,0.729905979370674,cheap,high,"equity_pe_proxy,shiller_pe_proxy,real_yield_proxy,term_spread,equity_risk_proxy","buffett_indicator,equity_pb_proxy,credit_spread_proxy"
1958-07-01,us,,0.7168499467896412,2.52,3.1399999999999997,,6.34,,,15.78,14.96,,0.7168499467896412,research_proxy,0.6897803034261145,cheap,high,"equity_pe_proxy,shiller_pe_proxy,real_yield_proxy,term_spread,equity_risk_proxy","buffett_indicator,equity_pb_proxy,credit_spread_proxy"
1958-08-01,us,,1.2061951909476578,2.01,2.5300000000000002,,6.07,,,16.47,15.54,,1.2061951909476578,research_proxy,0.5060370953832642,cheap,high,"equity_pe_proxy,shiller_pe_proxy,real_yield_proxy,term_spread,equity_risk_proxy","buffett_indicator,equity_pb_proxy,credit_spread_proxy"
1958-09-01,us,,1.6766666666666739,1.9999999999999998,2.12,,5.88,,,17.0,15.93,,1.6766666666666739,research_proxy,0.4128702755725513,fair,high,"equity_pe_proxy,shiller_pe_proxy,real_yield_proxy,term_spread,equity_risk_proxy","buffett_indicator,equity_pb_proxy,credit_spread_proxy"
1958-10-01,us,,1.716666666666674,1.9999999999999998,1.8600000000000003,,5.66,,,17.67,16.56,,1.716666666666674,research_proxy,0.3607461639448243,fair,high,"equity_pe_proxy,shiller_pe_proxy,real_yield_proxy,term_spread,equity_risk_proxy","buffett_indicator,equity_pb_proxy,credit_spread_proxy"
1958-11-01,us,,1.8392608236536558,1.4700000000000002,1.7599999999999998,,5.5,,,18.19,16.99,,1.8392608236536558,research_proxy,0.25386646113044387,fair,high,"equity_pe_proxy,shiller_pe_proxy,real_yield_proxy,term_spread,equity_risk_proxy","buffett_indicator,equity_pb_proxy,credit_spread_proxy"
1958-12-01,us,,2.1037653670530374,1.44,1.5400000000000005,,5.4,,,18.51,17.36,,2.1037653670530374,research_proxy,0.19525664085333871,fair,high,"equity_pe_proxy,shiller_pe_proxy,real_yield_proxy,term_spread,equity_risk_proxy","buffett_indicator,equity_pb_proxy,credit_spread_proxy"
1959-01-01,us,,2.728100558659217,1.5399999999999996,1.3100000000000005,,5.33,,,18.77,17.98,,2.728100558659217,research_proxy,0.11831713768089744,fair,high,"equity_pe_proxy,shiller_pe_proxy,real_yield_proxy,term_spread,equity_risk_proxy","buffett_indicator,equity_pb_proxy,credit_spread_proxy"
1959-02-01,us,,2.914703832752622,1.5299999999999998,1.58,,5.54,,,18.04,17.76,,2.914703832752622,research_proxy,0.14281186249183814,fair,high,"equity_pe_proxy,shiller_pe_proxy,real_yield_proxy,term_spread,equity_risk_proxy","buffett_indicator,equity_pb_proxy,credit_spread_proxy"
1959-03-01,us,,3.643619674402494,1.1900000000000004,1.5499999999999998,,5.54,,,18.06,18.2,,3.643619674402494,research_proxy,0.02551687688605193,fair,high,"equity_pe_proxy,shiller_pe_proxy,real_yield_proxy,term_spread,equity_risk_proxy","buffett_indicator,equity_pb_proxy,credit_spread_proxy"
1959-04-01,us,,3.9817829993089235,1.1600000000000001,1.5,,5.62,,,17.81,18.43,,3.9817829993089235,research_proxy,-0.01118838111168573,fair,high,"equity_pe_proxy,shiller_pe_proxy,real_yield_proxy,term_spread,equity_risk_proxy","buffett_indicator,equity_pb_proxy,credit_spread_proxy"
1959-05-01,us,,3.964457498272286,1.4099999999999997,1.3900000000000006,,5.7,,,17.55,18.69,,3.964457498272286,research_proxy,0.012149199607792326,fair,high,"equity_pe_proxy,shiller_pe_proxy,real_yield_proxy,term_spread,equity_risk_proxy","buffett_indicator,equity_pb_proxy,credit_spread_proxy"
1959-06-01,us,,3.6481978554133603,0.9499999999999997,1.58,,5.92,,,16.9,18.45,,3.6481978554133603,research_proxy,0.011905844748162076,fair,high,"equity_pe_proxy,shiller_pe_proxy,real_yield_proxy,term_spread,equity_risk_proxy","buffett_indicator,equity_pb_proxy,credit_spread_proxy"
1959-07-01,us,,3.500034614053323,0.9300000000000002,1.3099999999999996,,5.71,,,17.52,19.09,,3.500034614053323,research_proxy,-0.02749204820625733,fair,high,"equity_pe_proxy,shiller_pe_proxy,real_yield_proxy,term_spread,equity_risk_proxy","buffett_indicator,equity_pb_proxy,credit_spread_proxy"
1959-08-01,us,,3.600697995853496,0.9299999999999997,1.33,,5.76,,,17.37,18.96,,3.600697995853496,research_proxy,-0.028293387646401002,fair,high,"equity_pe_proxy,shiller_pe_proxy,real_yield_proxy,term_spread,equity_risk_proxy","buffett_indicator,equity_pb_proxy,credit_spread_proxy"
1959-09-01,us,,3.5039363542027013,0.9199999999999999,1.33,,6.01,,,16.63,18.12,,3.5039363542027013,research_proxy,0.011673769994956468,fair,high,"equity_pe_proxy,shiller_pe_proxy,real_yield_proxy,term_spread,equity_risk_proxy","buffett_indicator,equity_pb_proxy,credit_spread_proxy"
1959-10-01,us,,3.008035281909371,0.5500000000000003,1.46,,5.99,,,16.68,18.02,,3.008035281909371,research_proxy,0.016739336757209834,fair,high,"equity_pe_proxy,shiller_pe_proxy,real_yield_proxy,term_spread,equity_risk_proxy","buffett_indicator,equity_pb_proxy,credit_spread_proxy"
1959-11-01,us,,3.148307426597585,0.5300000000000002,1.42,,5.95,,,16.82,18.07,,3.148307426597585,research_proxy,-0.00448192729621355,fair,high,"equity_pe_proxy,shiller_pe_proxy,real_yield_proxy,term_spread,equity_risk_proxy","buffett_indicator,equity_pb_proxy,credit_spread_proxy"
1959-12-01,us,,3.171187435277873,0.7000000000000002,1.0499999999999998,,5.74,,,17.42,18.62,,3.171187435277873,research_proxy,-0.039168449689085574,fair,high,"equity_pe_proxy,shiller_pe_proxy,real_yield_proxy,term_spread,equity_risk_proxy","buffett_indicator,equity_pb_proxy,credit_spread_proxy"
1960-01-01,us,,3.4790486039296775,0.7299999999999995,1.12,,5.84,,,17.12,18.34,,3.4790486039296775,research_proxy,-0.042660700029911666,fair,high,"equity_pe_proxy,shiller_pe_proxy,real_yield_proxy,term_spread,equity_risk_proxy","buffett_indicator,equity_pb_proxy,credit_spread_proxy"
1960-02-01,us,,3.0762068965517315,0.52,1.5899999999999999,,6.08,,,16.45,17.55,,3.0762068965517315,research_proxy,0.03337005605313542,fair,high,"equity_pe_proxy,shiller_pe_proxy,real_yield_proxy,term_spread,equity_risk_proxy","buffett_indicator,equity_pb_proxy,credit_spread_proxy"
1960-03-01,us,,2.7311874352778727,0.41000000000000014,1.9100000000000001,,6.16,,,16.23,17.29,,2.7311874352778727,research_proxy,0.084375201621084,fair,high,"equity_pe_proxy,shiller_pe_proxy,real_yield_proxy,term_spread,equity_risk_proxy","buffett_indicator,equity_pb_proxy,credit_spread_proxy"
1960-04-01,us,,2.3476328502415598,0.3600000000000003,1.7299999999999995,,6.01,,,16.65,17.43,,2.3476328502415598,research_proxy,0.0833846467238341,fair,high,"equity_pe_proxy,shiller_pe_proxy,real_yield_proxy,term_spread,equity_risk_proxy","buffett_indicator,equity_pb_proxy,credit_spread_proxy"
1960-05-01,us,,2.524931129476572,0.49999999999999956,1.6300000000000008,,5.98,,,16.72,17.26,,2.524931129476572,research_proxy,0.08131969857596275,fair,high,"equity_pe_proxy,shiller_pe_proxy,real_yield_proxy,term_spread,equity_risk_proxy","buffett_indicator,equity_pb_proxy,credit_spread_proxy"
1960-06-01,us,,2.432377189969084,0.8300000000000005,1.54,,5.69,,,17.56,17.82,,2.432377189969084,research_proxy,0.09567458201261017,fair,high,"equity_pe_proxy,shiller_pe_proxy,real_yield_proxy,term_spread,equity_risk_proxy","buffett_indicator,equity_pb_proxy,credit_spread_proxy"
1960-07-01,us,,2.5277873070325882,0.6699999999999999,1.94,,5.84,,,17.11,17.38,,2.5277873070325882,research_proxy,0.1191032500154352,fair,high,"equity_pe_proxy,shiller_pe_proxy,real_yield_proxy,term_spread,equity_risk_proxy","buffett_indicator,equity_pb_proxy,credit_spread_proxy"
1960-08-01,us,,2.326387936943105,0.8199999999999998,1.9800000000000004,,5.78,,,17.3,17.58,,2.326387936943105,research_proxy,0.15029964472880475,fair,high,"equity_pe_proxy,shiller_pe_proxy,real_yield_proxy,term_spread,equity_risk_proxy","buffett_indicator,equity_pb_proxy,credit_spread_proxy"
1960-09-01,us,,2.5692307692307645,1.1999999999999997,2.17,,5.97,,,16.76,17.05,,2.5692307692307645,research_proxy,0.21789569918542334,fair,high,"equity_pe_proxy,shiller_pe_proxy,real_yield_proxy,term_spread,equity_risk_proxy","buffett_indicator,equity_pb_proxy,credit_spread_proxy"
1960-10-01,us,,2.5271379897785344,1.42,2.1999999999999997,,6.09,,,16.43,16.61,,2.5271379897785344,research_proxy,0.2688117298462302,fair,high,"equity_pe_proxy,shiller_pe_proxy,real_yield_proxy,term_spread,equity_risk_proxy","buffett_indicator,equity_pb_proxy,credit_spread_proxy"
1960-11-01,us,,2.464923339011926,1.4900000000000002,1.9700000000000002,,5.9,,,16.96,17.15,,2.464923339011926,research_proxy,0.24137188990189476,fair,high,"equity_pe_proxy,shiller_pe_proxy,real_yield_proxy,term_spread,equity_risk_proxy","buffett_indicator,equity_pb_proxy,credit_spread_proxy"
1960-12-01,us,,2.4799183951037094,1.8599999999999999,1.92,,5.76,,,17.37,17.56,,2.4799183951037094,research_proxy,0.26683017123132274,fair,high,"equity_pe_proxy,shiller_pe_proxy,real_yield_proxy,term_spread,equity_risk_proxy","buffett_indicator,equity_pb_proxy,credit_spread_proxy"
1961-01-01,us,,2.2397276132107633,2.3899999999999997,1.54,,5.38,,,18.6,18.47,,2.2397276132107633,research_proxy,0.27965825368669167,fair,high,"equity_pe_proxy,shiller_pe_proxy,real_yield_proxy,term_spread,equity_risk_proxy","buffett_indicator,equity_pb_proxy,credit_spread_proxy"
1961-02-01,us,,2.317912274736494,1.2399999999999998,1.2900000000000005,,5.07,,,19.74,19.23,,2.317912274736494,research_proxy,0.0642855588578128,fair,high,"equity_pe_proxy,shiller_pe_proxy,real_yield_proxy,term_spread,equity_risk_proxy","buffett_indicator,equity_pb_proxy,credit_spread_proxy"
1961-03-01,us,,2.2779122747364946,1.7200000000000002,1.08,,4.82,,,20.75,19.84,,2.2779122747364946,research_proxy,0.07945865892611387,fair,high,"equity_pe_proxy,shiller_pe_proxy,real_yield_proxy,term_spread,equity_risk_proxy","buffett_indicator,equity_pb_proxy,credit_spread_proxy"
1961-04-01,us,,2.865985104942442,2.29,0.8800000000000003,,4.66,,,21.44,20.38,,2.865985104942442,research_proxy,0.0630066623133482,fair,high,"equity_pe_proxy,shiller_pe_proxy,real_yield_proxy,term_spread,equity_risk_proxy","buffett_indicator,equity_pb_proxy,credit_spread_proxy"
1961-05-01,us,,2.796912411227601,1.73,0.8799999999999999,,4.59,,,21.8,20.6,,2.796912411227601,research_proxy,-0.015771396329550446,fair,high,"equity_pe_proxy,shiller_pe_proxy,real_yield_proxy,term_spread,equity_risk_proxy","buffett_indicator,equity_pb_proxy,credit_spread_proxy"
1961-06-01,us,,3.1032353934481502,2.15,0.7400000000000002,,4.62,,,21.66,20.33,,3.1032353934481502,research_proxy,0.010751319134344262,fair,high,"equity_pe_proxy,shiller_pe_proxy,real_yield_proxy,term_spread,equity_risk_proxy","buffett_indicator,equity_pb_proxy,credit_spread_proxy"
1961-07-01,us,,2.66788494077833,2.75,0.7199999999999998,,4.64,,,21.55,20.15,,2.66788494077833,research_proxy,0.12901081530166061,fair,high,"equity_pe_proxy,shiller_pe_proxy,real_yield_proxy,term_spread,equity_risk_proxy","buffett_indicator,equity_pb_proxy,credit_spread_proxy"
1961-08-01,us,,2.9255116514690824,2.04,0.4500000000000002,,4.49,,,22.27,20.94,,2.9255116514690824,research_proxy,-0.038681654883932826,fair,high,"equity_pe_proxy,shiller_pe_proxy,real_yield_proxy,term_spread,equity_risk_proxy","buffett_indicator,equity_pb_proxy,credit_spread_proxy"
1961-09-01,us,,2.730422154677464,2.1,0.5500000000000003,,4.53,,,22.05,20.71,,2.730422154677464,research_proxy,0.0029538752020534798,fair,high,"equity_pe_proxy,shiller_pe_proxy,real_yield_proxy,term_spread,equity_risk_proxy","buffett_indicator,equity_pb_proxy,credit_spread_proxy"
1961-10-01,us,,3.1468907563025104,1.6600000000000001,0.6299999999999999,,4.55,,,21.96,20.92,,3.1468907563025104,research_proxy,-0.08500251043804533,fair,high,"equity_pe_proxy,shiller_pe_proxy,real_yield_proxy,term_spread,equity_risk_proxy","buffett_indicator,equity_pb_proxy,credit_spread_proxy"
1961-11-01,us,,3.268408327736728,1.33,0.48,,4.42,,,22.61,21.86,,3.268408327736728,research_proxy,-0.1843800785521988,fair,high,"equity_pe_proxy,shiller_pe_proxy,real_yield_proxy,term_spread,equity_risk_proxy","buffett_indicator,equity_pb_proxy,credit_spread_proxy"
1961-12-01,us,,3.389084199932893,1.7299999999999995,0.39000000000000057,,4.45,,,22.49,22.04,,3.389084199932893,research_proxy,-0.15193965460566122,fair,high,"equity_pe_proxy,shiller_pe_proxy,real_yield_proxy,term_spread,equity_risk_proxy","buffett_indicator,equity_pb_proxy,credit_spread_proxy"
1962-01-01,us,,3.40975871313674,1.9300000000000002,0.6299999999999999,,4.71,,,21.25,21.2,,3.40975871313674,research_proxy,-0.06512926581376988,fair,high,"equity_pe_proxy,shiller_pe_proxy,real_yield_proxy,term_spread,equity_risk_proxy","buffett_indicator,equity_pb_proxy,credit_spread_proxy"
1962-02-01,us,,3.1351742627345756,1.67,0.6699999999999999,,4.71,,,21.21,21.45,,3.1351742627345756,research_proxy,-0.07808597432872226,fair,high,"equity_pe_proxy,shiller_pe_proxy,real_yield_proxy,term_spread,equity_risk_proxy","buffett_indicator,equity_pb_proxy,credit_spread_proxy"
1962-03-01,us,,2.8241018766756,1.08,0.8599999999999999,,4.79,,,20.86,21.44,,2.8241018766756,research_proxy,-0.10653594709747374,fair,high,"equity_pe_proxy,shiller_pe_proxy,real_yield_proxy,term_spread,equity_risk_proxy","buffett_indicator,equity_pb_proxy,credit_spread_proxy"
1962-04-01,us,,2.4981683998658086,1.06,1.1600000000000001,,5.0,,,20.0,20.66,,2.4981683998658086,research_proxy,-0.023135879689943573,fair,high,"equity_pe_proxy,shiller_pe_proxy,real_yield_proxy,term_spread,equity_risk_proxy","buffett_indicator,equity_pb_proxy,credit_spread_proxy"
1962-05-01,us,,2.5295174262734577,1.5100000000000002,1.5899999999999999,,5.46,,,18.33,19.09,,2.5295174262734577,research_proxy,0.13617214806875327,fair,high,"equity_pe_proxy,shiller_pe_proxy,real_yield_proxy,term_spread,equity_risk_proxy","buffett_indicator,equity_pb_proxy,credit_spread_proxy"
1962-06-01,us,,2.6700536193029567,1.23,2.33,,6.24,,,16.03,16.83,,2.6700536193029567,research_proxy,0.24543809122958046,fair,high,"equity_pe_proxy,shiller_pe_proxy,real_yield_proxy,term_spread,equity_risk_proxy","buffett_indicator,equity_pb_proxy,credit_spread_proxy"
1962-07-01,us,,3.0073262032085575,1.2999999999999998,2.12,,6.13,,,16.32,17.14,,3.0073262032085575,research_proxy,0.1966191165861824,fair,high,"equity_pe_proxy,shiller_pe_proxy,real_yield_proxy,term_spread,equity_risk_proxy","buffett_indicator,equity_pb_proxy,credit_spread_proxy"
1962-08-01,us,,2.844395457581833,1.0499999999999998,2.02,,6.0,,,16.67,17.57,,2.844395457581833,research_proxy,0.1526857125133258,fair,high,"equity_pe_proxy,shiller_pe_proxy,real_yield_proxy,term_spread,equity_risk_proxy","buffett_indicator,equity_pb_proxy,credit_spread_proxy"
1962-09-01,us,,2.5123549032688373,1.08,2.11,,6.09,,,16.43,17.32,,2.5123549032688373,research_proxy,0.20169167364364773,fair,high,"equity_pe_proxy,shiller_pe_proxy,real_yield_proxy,term_spread,equity_risk_proxy","buffett_indicator,equity_pb_proxy,credit_spread_proxy"
1962-10-01,us,,2.59577718478986,1.0300000000000002,2.44,,6.37,,,15.7,16.74,,2.59577718478986,research_proxy,0.24295508818801123,fair,high,"equity_pe_proxy,shiller_pe_proxy,real_yield_proxy,term_spread,equity_risk_proxy","buffett_indicator,equity_pb_proxy,credit_spread_proxy"
1962-11-01,us,,2.58577718478986,0.98,2.1100000000000003,,6.03,,,16.57,17.85,,2.58577718478986,research_proxy,0.16765520482006932,fair,high,"equity_pe_proxy,shiller_pe_proxy,real_yield_proxy,term_spread,equity_risk_proxy","buffett_indicator,equity_pb_proxy,credit_spread_proxy"
1962-12-01,us,,2.6270776407864047,0.9299999999999997,2.0000000000000004,,5.86,,,17.07,18.59,,2.6270776407864047,research_proxy,0.122013960544382,fair,high,"equity_pe_proxy,shiller_pe_proxy,real_yield_proxy,term_spread,equity_risk_proxy","buffett_indicator,equity_pb_proxy,credit_spread_proxy"
1963-01-01,us,,2.498442077230356,0.9100000000000001,1.83,,5.66,,,17.66,19.26,,2.498442077230356,research_proxy,0.08921888284701615,fair,high,"equity_pe_proxy,shiller_pe_proxy,real_yield_proxy,term_spread,equity_risk_proxy","buffett_indicator,equity_pb_proxy,credit_spread_proxy"
1963-02-01,us,,2.6911723679840502,0.9199999999999999,1.6900000000000004,,5.61,,,17.83,19.47,,2.6911723679840502,research_proxy,0.054905043309048315,fair,high,"equity_pe_proxy,shiller_pe_proxy,real_yield_proxy,term_spread,equity_risk_proxy","buffett_indicator,equity_pb_proxy,credit_spread_proxy"
1963-03-01,us,,2.8030527013589768,0.9500000000000002,1.7200000000000002,,5.65,,,17.7,19.29,,2.8030527013589768,research_proxy,0.0587189749525648,fair,high,"equity_pe_proxy,shiller_pe_proxy,real_yield_proxy,term_spread,equity_risk_proxy","buffett_indicator,equity_pb_proxy,credit_spread_proxy"
1963-04-01,us,,3.0762562065541332,1.0700000000000003,1.4899999999999998,,5.46,,,18.32,20.15,,3.0762562065541332,research_proxy,0.0010137279237976472,fair,high,"equity_pe_proxy,shiller_pe_proxy,real_yield_proxy,term_spread,equity_risk_proxy","buffett_indicator,equity_pb_proxy,credit_spread_proxy"
1963-05-01,us,,3.0371428571428383,0.9300000000000002,1.48,,5.41,,,18.47,20.51,,3.0371428571428383,research_proxy,-0.02598537308064388,fair,high,"equity_pe_proxy,shiller_pe_proxy,real_yield_proxy,term_spread,equity_risk_proxy","buffett_indicator,equity_pb_proxy,credit_spread_proxy"
1963-06-01,us,,2.6659351208209348,1.0,1.4900000000000002,,5.48,,,18.26,20.38,,2.6659351208209348,research_proxy,0.021374273890004392,fair,high,"equity_pe_proxy,shiller_pe_proxy,real_yield_proxy,term_spread,equity_risk_proxy","buffett_indicator,equity_pb_proxy,credit_spread_proxy"
1963-07-01,us,,2.464738583719382,0.9999999999999996,1.6000000000000005,,5.62,,,17.8,19.97,,2.464738583719382,research_proxy,0.06519148027255448,fair,high,"equity_pe_proxy,shiller_pe_proxy,real_yield_proxy,term_spread,equity_risk_proxy","buffett_indicator,equity_pb_proxy,credit_spread_proxy"
1963-08-01,us,,2.4478203434610233,0.5099999999999998,1.5199999999999996,,5.52,,,18.11,20.47,,2.4478203434610233,research_proxy,-0.02114068726687071,fair,high,"equity_pe_proxy,shiller_pe_proxy,real_yield_proxy,term_spread,equity_risk_proxy","buffett_indicator,equity_pb_proxy,credit_spread_proxy"
1963-09-01,us,,3.0938067061144157,0.6000000000000001,1.3600000000000003,,5.44,,,18.4,20.96,,3.0938067061144157,research_proxy,-0.09280140343251435,fair,high,"equity_pe_proxy,shiller_pe_proxy,real_yield_proxy,term_spread,equity_risk_proxy","buffett_indicator,equity_pb_proxy,credit_spread_proxy"
1963-10-01,us,,2.892093482554312,0.6100000000000003,1.3399999999999999,,5.45,,,18.35,20.89,,2.892093482554312,research_proxy,-0.07402393377380694,fair,high,"equity_pe_proxy,shiller_pe_proxy,real_yield_proxy,term_spread,equity_risk_proxy","buffett_indicator,equity_pb_proxy,credit_spread_proxy"
1963-11-01,us,,2.8033443054641047,0.6400000000000001,1.3899999999999997,,5.51,,,18.16,20.72,,2.8033443054641047,research_proxy,-0.05117004856983489,fair,high,"equity_pe_proxy,shiller_pe_proxy,real_yield_proxy,term_spread,equity_risk_proxy","buffett_indicator,equity_pb_proxy,credit_spread_proxy"
1963-12-01,us,,2.4841803818301473,0.75,1.29,,5.42,,,18.45,21.04,,2.4841803818301473,research_proxy,-0.0318414655986397,fair,high,"equity_pe_proxy,shiller_pe_proxy,real_yield_proxy,term_spread,equity_risk_proxy","buffett_indicator,equity_pb_proxy,credit_spread_proxy"
1964-01-01,us,,2.5274244415243103,0.69,1.1600000000000001,,5.33,,,18.77,21.63,,2.5274244415243103,research_proxy,-0.07378763771988253,fair,high,"equity_pe_proxy,shiller_pe_proxy,real_yield_proxy,term_spread,equity_risk_proxy","buffett_indicator,equity_pb_proxy,credit_spread_proxy"
1964-02-01,us,,2.739238845144367,0.6700000000000004,1.1799999999999997,,5.33,,,18.75,21.83,,2.739238845144367,research_proxy,-0.09646335425363953,fair,high,"equity_pe_proxy,shiller_pe_proxy,real_yield_proxy,term_spread,equity_risk_proxy","buffett_indicator,equity_pb_proxy,credit_spread_proxy"
1964-03-01,us,,2.810626024254346,0.7899999999999996,1.08,,5.3,,,18.85,22.17,,2.810626024254346,research_proxy,-0.10494321079882829,fair,high,"equity_pe_proxy,shiller_pe_proxy,real_yield_proxy,term_spread,equity_risk_proxy","buffett_indicator,equity_pb_proxy,credit_spread_proxy"
1964-04-01,us,,2.688005249343828,0.7600000000000002,1.0599999999999996,,5.29,,,18.9,22.42,,2.688005249343828,research_proxy,-0.10721406660706112,fair,high,"equity_pe_proxy,shiller_pe_proxy,real_yield_proxy,term_spread,equity_risk_proxy","buffett_indicator,equity_pb_proxy,credit_spread_proxy"
1964-05-01,us,,2.6595214683710253,0.7000000000000002,1.0999999999999996,,5.3,,,18.86,22.57,,2.6595214683710253,research_proxy,-0.11210352993915973,fair,high,"equity_pe_proxy,shiller_pe_proxy,real_yield_proxy,term_spread,equity_risk_proxy","buffett_indicator,equity_pb_proxy,credit_spread_proxy"
1964-06-01,us,,2.8632375040836306,0.6699999999999999,1.2300000000000004,,5.4,,,18.53,22.3,,2.8632375040836306,research_proxy,-0.1094844915904348,fair,high,"equity_pe_proxy,shiller_pe_proxy,real_yield_proxy,term_spread,equity_risk_proxy","buffett_indicator,equity_pb_proxy,credit_spread_proxy"
1964-07-01,us,,3.1147311827957003,0.7700000000000005,1.0699999999999994,,5.26,,,19.01,22.98,,3.1147311827957003,research_proxy,-0.1553493871570193,fair,high,"equity_pe_proxy,shiller_pe_proxy,real_yield_proxy,term_spread,equity_risk_proxy","buffett_indicator,equity_pb_proxy,credit_spread_proxy"
1964-08-01,us,,3.2143902439024385,0.6900000000000004,1.1999999999999993,,5.39,,,18.54,22.65,,3.2143902439024385,research_proxy,-0.14668403875914635,fair,high,"equity_pe_proxy,shiller_pe_proxy,real_yield_proxy,term_spread,equity_risk_proxy","buffett_indicator,equity_pb_proxy,credit_spread_proxy"
1964-09-01,us,,3.028125,0.75,1.1600000000000001,,5.36,,,18.66,22.89,,3.028125,research_proxy,-0.13476028973473636,fair,high,"equity_pe_proxy,shiller_pe_proxy,real_yield_proxy,term_spread,equity_risk_proxy","buffett_indicator,equity_pb_proxy,credit_spread_proxy"
1964-10-01,us,,2.9867479674796815,0.8300000000000005,1.1099999999999994,,5.3,,,18.87,23.21,,2.9867479674796815,research_proxy,-0.1365239656318083,fair,high,"equity_pe_proxy,shiller_pe_proxy,real_yield_proxy,term_spread,equity_risk_proxy","buffett_indicator,equity_pb_proxy,credit_spread_proxy"
1964-11-01,us,,2.7529889538661445,0.6300000000000003,1.1399999999999997,,5.29,,,18.89,23.23,,2.7529889538661445,research_proxy,-0.14158506714248315,fair,high,"equity_pe_proxy,shiller_pe_proxy,real_yield_proxy,term_spread,equity_risk_proxy","buffett_indicator,equity_pb_proxy,credit_spread_proxy"
1964-12-01,us,,2.981813471502586,0.3299999999999996,1.2400000000000002,,5.42,,,18.45,22.75,,2.981813471502586,research_proxy,-0.1716349942192601,fair,high,"equity_pe_proxy,shiller_pe_proxy,real_yield_proxy,term_spread,equity_risk_proxy","buffett_indicator,equity_pb_proxy,credit_spread_proxy"
1965-01-01,us,,3.0910989010989054,0.2900000000000005,1.1399999999999997,,5.33,,,18.75,23.27,,3.0910989010989054,research_proxy,-0.21189685452594934,fair,high,"equity_pe_proxy,shiller_pe_proxy,real_yield_proxy,term_spread,equity_risk_proxy","buffett_indicator,equity_pb_proxy,credit_spread_proxy"
1965-02-01,us,,3.012976383047558,0.22999999999999998,1.13,,5.34,,,18.71,23.37,,3.012976383047558,research_proxy,-0.21571076523162533,fair,high,"equity_pe_proxy,shiller_pe_proxy,real_yield_proxy,term_spread,equity_risk_proxy","buffett_indicator,equity_pb_proxy,credit_spread_proxy"
1965-03-01,us,,3.0141370394311613,0.16000000000000014,1.1799999999999997,,5.39,,,18.55,23.25,,3.0141370394311613,research_proxy,-0.21495651724877507,fair,high,"equity_pe_proxy,shiller_pe_proxy,real_yield_proxy,term_spread,equity_risk_proxy","buffett_indicator,equity_pb_proxy,credit_spread_proxy"
1965-04-01,us,,2.8106623586429755,0.11000000000000032,1.1799999999999997,,5.38,,,18.59,23.42,,2.8106623586429755,research_proxy,-0.20943797222426047,fair,high,"equity_pe_proxy,shiller_pe_proxy,real_yield_proxy,term_spread,equity_risk_proxy","buffett_indicator,equity_pb_proxy,credit_spread_proxy"
1965-05-01,us,,2.59605551969013,0.11000000000000032,1.1500000000000004,,5.36,,,18.65,23.71,,2.59605551969013,research_proxy,-0.20220851076672544,fair,high,"equity_pe_proxy,shiller_pe_proxy,real_yield_proxy,term_spread,equity_risk_proxy","buffett_indicator,equity_pb_proxy,credit_spread_proxy"
1965-06-01,us,,2.2751402773299096,0.16000000000000014,1.4800000000000004,,5.69,,,17.57,22.39,,2.2751402773299096,research_proxy,-0.09090605000096541,fair,high,"equity_pe_proxy,shiller_pe_proxy,real_yield_proxy,term_spread,equity_risk_proxy","buffett_indicator,equity_pb_proxy,credit_spread_proxy"
1965-07-01,us,,2.3947130883301213,0.11000000000000032,1.5599999999999996,,5.76,,,17.38,22.3,,2.3947130883301213,research_proxy,-0.09494039857391748,fair,high,"equity_pe_proxy,shiller_pe_proxy,real_yield_proxy,term_spread,equity_risk_proxy","buffett_indicator,equity_pb_proxy,credit_spread_proxy"
1965-08-01,us,,2.6396940418679478,0.1299999999999999,1.4500000000000002,,5.7,,,17.53,22.67,,2.6396940418679478,research_proxy,-0.13313621507034953,fair,high,"equity_pe_proxy,shiller_pe_proxy,real_yield_proxy,term_spread,equity_risk_proxy","buffett_indicator,equity_pb_proxy,credit_spread_proxy"
1965-09-01,us,,2.552548262548255,0.27000000000000046,1.2800000000000002,,5.57,,,17.95,23.37,,2.552548262548255,research_proxy,-0.14616197486536361,fair,high,"equity_pe_proxy,shiller_pe_proxy,real_yield_proxy,term_spread,equity_risk_proxy","buffett_indicator,equity_pb_proxy,credit_spread_proxy"
1965-10-01,us,,2.646915167095133,0.2699999999999996,1.1800000000000006,,5.53,,,18.1,23.78,,2.646915167095133,research_proxy,-0.17466923336594647,fair,high,"equity_pe_proxy,shiller_pe_proxy,real_yield_proxy,term_spread,equity_risk_proxy","buffett_indicator,equity_pb_proxy,credit_spread_proxy"
1965-11-01,us,,2.719785325216286,0.35000000000000053,1.1099999999999994,,5.56,,,18.0,23.93,,2.719785325216286,research_proxy,-0.1778219755194512,fair,high,"equity_pe_proxy,shiller_pe_proxy,real_yield_proxy,term_spread,equity_risk_proxy","buffett_indicator,equity_pb_proxy,credit_spread_proxy"
1965-12-01,us,,2.6999999999999895,0.2999999999999998,1.04,,5.66,,,17.67,23.69,,2.6999999999999895,research_proxy,-0.17684746107295965,fair,high,"equity_pe_proxy,shiller_pe_proxy,real_yield_proxy,term_spread,equity_risk_proxy","buffett_indicator,equity_pb_proxy,credit_spread_proxy"
1966-01-01,us,,2.69184143222507,0.1900000000000004,1.0099999999999998,,5.62,,,17.81,24.06,,2.69184143222507,research_proxy,-0.20422268286309198,fair,high,"equity_pe_proxy,shiller_pe_proxy,real_yield_proxy,term_spread,equity_risk_proxy","buffett_indicator,equity_pb_proxy,credit_spread_proxy"
1966-02-01,us,,2.272455242966752,0.23000000000000043,0.8799999999999999,,5.71,,,17.52,23.7,,2.272455242966752,research_proxy,-0.1616327607304187,fair,high,"equity_pe_proxy,shiller_pe_proxy,real_yield_proxy,term_spread,equity_risk_proxy","buffett_indicator,equity_pb_proxy,credit_spread_proxy"
1966-03-01,us,,2.0913350367294723,0.20999999999999996,1.1399999999999997,,6.01,,,16.64,22.61,,2.0913350367294723,research_proxy,-0.08584004459820128,fair,high,"equity_pe_proxy,shiller_pe_proxy,real_yield_proxy,term_spread,equity_risk_proxy","buffett_indicator,equity_pb_proxy,credit_spread_proxy"
1966-04-01,us,,1.8819311663479956,0.08000000000000007,1.12,,5.87,,,17.03,23.11,,1.8819311663479956,research_proxy,-0.10606273777789184,fair,high,"equity_pe_proxy,shiller_pe_proxy,real_yield_proxy,term_spread,equity_risk_proxy","buffett_indicator,equity_pb_proxy,credit_spread_proxy"
1966-05-01,us,,2.016340533672161,-0.1200000000000001,1.4699999999999998,,6.25,,,16.01,21.85,,2.016340533672161,research_proxy,-0.06549712057040072,fair,high,"equity_pe_proxy,shiller_pe_proxy,real_yield_proxy,term_spread,equity_risk_proxy","buffett_indicator,equity_pb_proxy,credit_spread_proxy"
1966-06-01,us,,2.374062005694385,-0.3600000000000003,1.5300000000000002,,6.34,,,15.76,21.56,,2.374062005694385,research_proxy,-0.10965461829193815,fair,high,"equity_pe_proxy,shiller_pe_proxy,real_yield_proxy,term_spread,equity_risk_proxy","buffett_indicator,equity_pb_proxy,credit_spread_proxy"
1966-07-01,us,,2.2650918302723007,-0.28000000000000025,1.3600000000000003,,6.38,,,15.67,21.38,,2.2650918302723007,research_proxy,-0.0986464683710809,fair,high,"equity_pe_proxy,shiller_pe_proxy,real_yield_proxy,term_spread,equity_risk_proxy","buffett_indicator,equity_pb_proxy,credit_spread_proxy"
1966-08-01,us,,1.7334706814580132,-0.3100000000000005,1.5899999999999999,,6.81,,,14.68,19.91,,1.7334706814580132,research_proxy,0.01311142773639835,fair,high,"equity_pe_proxy,shiller_pe_proxy,real_yield_proxy,term_spread,equity_risk_proxy","buffett_indicator,equity_pb_proxy,credit_spread_proxy"
1966-09-01,us,,1.6063124604680663,-0.22000000000000064,1.9000000000000004,,7.08,,,14.12,19.16,,1.6063124604680663,research_proxy,0.08906842278605107,fair,high,"equity_pe_proxy,shiller_pe_proxy,real_yield_proxy,term_spread,equity_risk_proxy","buffett_indicator,equity_pb_proxy,credit_spread_proxy"
1966-10-01,us,,1.2185308056871866,-0.5200000000000005,2.1500000000000004,,7.16,,,13.96,18.83,,1.2185308056871866,research_proxy,0.11361822459530506,fair,high,"equity_pe_proxy,shiller_pe_proxy,real_yield_proxy,term_spread,equity_risk_proxy","buffett_indicator,equity_pb_proxy,credit_spread_proxy"
1966-11-01,us,,1.6009448818897454,-0.5999999999999996,1.6799999999999997,,6.84,,,14.63,19.71,,1.6009448818897454,research_proxy,-0.000488024120327446,fair,high,"equity_pe_proxy,shiller_pe_proxy,real_yield_proxy,term_spread,equity_risk_proxy","buffett_indicator,equity_pb_proxy,credit_spread_proxy"
1966-12-01,us,,1.4805023547880714,-0.5600000000000005,1.9800000000000004,,6.82,,,14.65,19.74,,1.4805023547880714,research_proxy,0.03862833153440517,fair,high,"equity_pe_proxy,shiller_pe_proxy,real_yield_proxy,term_spread,equity_risk_proxy","buffett_indicator,equity_pb_proxy,credit_spread_proxy"
1967-01-01,us,,1.3805018820577102,-0.3600000000000003,1.9500000000000002,,6.53,,,15.31,20.43,,1.3805018820577102,research_proxy,0.041988352597572984,fair,high,"equity_pe_proxy,shiller_pe_proxy,real_yield_proxy,term_spread,equity_risk_proxy","buffett_indicator,equity_pb_proxy,credit_spread_proxy"
1967-02-01,us,,1.7621695760598346,-0.3700000000000001,1.6500000000000004,,6.28,,,15.93,21.07,,1.7621695760598346,research_proxy,-0.04219833547830522,fair,high,"equity_pe_proxy,shiller_pe_proxy,real_yield_proxy,term_spread,equity_risk_proxy","buffett_indicator,equity_pb_proxy,credit_spread_proxy"
1967-03-01,us,,1.9918334369173456,0.009999999999999787,1.5499999999999998,,6.09,,,16.41,21.44,,1.9918334369173456,research_proxy,-0.03762448156213449,fair,high,"equity_pe_proxy,shiller_pe_proxy,real_yield_proxy,term_spread,equity_risk_proxy","buffett_indicator,equity_pb_proxy,credit_spread_proxy"
1967-04-01,us,,2.049727385377936,0.54,1.3600000000000003,,5.95,,,16.81,21.69,,2.049727385377936,research_proxy,-0.0026936026905518954,fair,high,"equity_pe_proxy,shiller_pe_proxy,real_yield_proxy,term_spread,equity_risk_proxy","buffett_indicator,equity_pb_proxy,credit_spread_proxy"
1967-05-01,us,,2.531607418856253,0.9099999999999997,0.9500000000000002,,5.8,,,17.24,21.95,,2.531607418856253,research_proxy,-0.04258714549307093,fair,high,"equity_pe_proxy,shiller_pe_proxy,real_yield_proxy,term_spread,equity_risk_proxy","buffett_indicator,equity_pb_proxy,credit_spread_proxy"
1967-06-01,us,,2.1787399629401105,1.0399999999999996,0.8100000000000005,,5.83,,,17.15,21.55,,2.1787399629401105,research_proxy,0.0026477720698628,fair,high,"equity_pe_proxy,shiller_pe_proxy,real_yield_proxy,term_spread,equity_risk_proxy","buffett_indicator,equity_pb_proxy,credit_spread_proxy"
1967-07-01,us,,2.2324191063174315,1.37,0.5599999999999996,,5.72,,,17.48,21.8,,2.2324191063174315,research_proxy,0.008231812125183813,fair,high,"equity_pe_proxy,shiller_pe_proxy,real_yield_proxy,term_spread,equity_risk_proxy","buffett_indicator,equity_pb_proxy,credit_spread_proxy"
1967-08-01,us,,2.676630934150075,1.3800000000000003,0.33999999999999986,,5.62,,,17.79,22.03,,2.676630934150075,research_proxy,-0.05649474799488383,fair,high,"equity_pe_proxy,shiller_pe_proxy,real_yield_proxy,term_spread,equity_risk_proxy","buffett_indicator,equity_pb_proxy,credit_spread_proxy"
1967-09-01,us,,2.704580152671749,1.3099999999999996,0.23000000000000043,,5.53,,,18.08,22.22,,2.704580152671749,research_proxy,-0.08686214608755857,fair,high,"equity_pe_proxy,shiller_pe_proxy,real_yield_proxy,term_spread,equity_risk_proxy","buffett_indicator,equity_pb_proxy,credit_spread_proxy"
1967-10-01,us,,2.8924809741248043,1.6000000000000005,0.0699999999999994,,5.55,,,18.02,22.07,,2.8924809741248043,research_proxy,-0.07343220721692195,fair,high,"equity_pe_proxy,shiller_pe_proxy,real_yield_proxy,term_spread,equity_risk_proxy","buffett_indicator,equity_pb_proxy,credit_spread_proxy"
1967-11-01,us,,2.64781021897812,1.62,-0.009999999999999787,,5.74,,,17.42,21.26,,2.64781021897812,research_proxy,-0.027369423177972217,fair,high,"equity_pe_proxy,shiller_pe_proxy,real_yield_proxy,term_spread,equity_risk_proxy","buffett_indicator,equity_pb_proxy,credit_spread_proxy"
1967-12-01,us,,2.4193195625759563,1.1900000000000004,-0.11000000000000032,,5.59,,,17.88,21.75,,2.4193195625759563,research_proxy,-0.09270171485390022,fair,high,"equity_pe_proxy,shiller_pe_proxy,real_yield_proxy,term_spread,equity_risk_proxy","buffett_indicator,equity_pb_proxy,credit_spread_proxy"
1968-01-01,us,,1.8825835866261285,0.9199999999999999,0.1200000000000001,,5.65,,,17.71,21.51,,1.8825835866261285,research_proxy,-0.055609933154316414,fair,high,"equity_pe_proxy,shiller_pe_proxy,real_yield_proxy,term_spread,equity_risk_proxy","buffett_indicator,equity_pb_proxy,credit_spread_proxy"
1968-02-01,us,,1.923636363636362,0.8499999999999996,0.39000000000000057,,5.95,,,16.8,20.42,,1.923636363636362,research_proxy,-0.0031938562570947406,fair,high,"equity_pe_proxy,shiller_pe_proxy,real_yield_proxy,term_spread,equity_risk_proxy","buffett_indicator,equity_pb_proxy,credit_spread_proxy"
1968-03-01,us,,1.8006060606060683,0.6900000000000004,0.3700000000000001,,6.11,,,16.38,19.93,,1.8006060606060683,research_proxy,0.0036996247545533325,fair,high,"equity_pe_proxy,shiller_pe_proxy,real_yield_proxy,term_spread,equity_risk_proxy","buffett_indicator,equity_pb_proxy,credit_spread_proxy"
1968-04-01,us,,1.7125075528700897,-0.1200000000000001,0.09000000000000075,,5.73,,,17.45,21.28,,1.7125075528700897,research_proxy,-0.16894858159663317,fair,high,"equity_pe_proxy,shiller_pe_proxy,real_yield_proxy,term_spread,equity_risk_proxy","buffett_indicator,equity_pb_proxy,credit_spread_proxy"
1968-05-01,us,,1.6403927492447261,-0.25,-0.21999999999999975,,5.65,,,17.71,21.63,,1.6403927492447261,research_proxy,-0.21880824947721095,fair,high,"equity_pe_proxy,shiller_pe_proxy,real_yield_proxy,term_spread,equity_risk_proxy","buffett_indicator,equity_pb_proxy,credit_spread_proxy"
1968-06-01,us,,1.5157957957957793,-0.35000000000000053,-0.17999999999999972,,5.54,,,18.04,22.0,,1.5157957957957793,research_proxy,-0.23293992718774037,fair,high,"equity_pe_proxy,shiller_pe_proxy,real_yield_proxy,term_spread,equity_risk_proxy","buffett_indicator,equity_pb_proxy,credit_spread_proxy"
1968-07-01,us,,1.0089820359281472,-0.5300000000000002,0.08000000000000007,,5.58,,,17.91,21.75,,1.0089820359281472,research_proxy,-0.18461727090992489,fair,high,"equity_pe_proxy,shiller_pe_proxy,real_yield_proxy,term_spread,equity_risk_proxy","buffett_indicator,equity_pb_proxy,credit_spread_proxy"
1968-08-01,us,,0.9423880597015017,-0.6100000000000003,0.3200000000000003,,5.74,,,17.43,21.14,,0.9423880597015017,research_proxy,-0.1463177788765711,fair,high,"equity_pe_proxy,shiller_pe_proxy,real_yield_proxy,term_spread,equity_risk_proxy","buffett_indicator,equity_pb_proxy,credit_spread_proxy"
1968-09-01,us,,0.9957142857142793,-0.3200000000000003,0.1299999999999999,,5.59,,,17.9,21.68,,0.9957142857142793,research_proxy,-0.15025897428894625,fair,high,"equity_pe_proxy,shiller_pe_proxy,real_yield_proxy,term_spread,equity_risk_proxy","buffett_indicator,equity_pb_proxy,credit_spread_proxy"
1968-10-01,us,,0.8322255192878476,-0.33000000000000007,-0.09999999999999964,,5.48,,,18.23,22.0,,0.8322255192878476,research_proxy,-0.17091632092880404,fair,high,"equity_pe_proxy,shiller_pe_proxy,real_yield_proxy,term_spread,equity_risk_proxy","buffett_indicator,equity_pb_proxy,credit_spread_proxy"
1968-11-01,us,,1.2752212389380464,-0.1200000000000001,-0.27000000000000046,,5.43,,,18.41,22.2,,1.2752212389380464,research_proxy,-0.20231194031735839,fair,high,"equity_pe_proxy,shiller_pe_proxy,real_yield_proxy,term_spread,equity_risk_proxy","buffett_indicator,equity_pb_proxy,credit_spread_proxy"
1968-12-01,us,,1.3241176470588183,0.010000000000000675,-0.6200000000000001,,5.41,,,18.49,22.28,,1.3241176470588183,research_proxy,-0.22207797500056187,fair,high,"equity_pe_proxy,shiller_pe_proxy,real_yield_proxy,term_spread,equity_risk_proxy","buffett_indicator,equity_pb_proxy,credit_spread_proxy"
1969-01-01,us,,1.347917888563054,-0.2599999999999998,-0.3700000000000001,,5.67,,,17.65,21.19,,1.347917888563054,research_proxy,-0.19715944110427938,fair,high,"equity_pe_proxy,shiller_pe_proxy,real_yield_proxy,term_spread,equity_risk_proxy","buffett_indicator,equity_pb_proxy,credit_spread_proxy"
1969-02-01,us,,1.5116374269006077,-0.41999999999999993,-0.4800000000000004,,5.71,,,17.5,20.9,,1.5116374269006077,research_proxy,-0.23102875835806458,fair,high,"equity_pe_proxy,shiller_pe_proxy,real_yield_proxy,term_spread,equity_risk_proxy","buffett_indicator,equity_pb_proxy,credit_spread_proxy"
1969-03-01,us,,1.052186588921261,-0.4900000000000002,-0.4399999999999995,,5.86,,,17.06,20.2,,1.052186588921261,research_proxy,-0.17446567718740263,fair,high,"equity_pe_proxy,shiller_pe_proxy,real_yield_proxy,term_spread,equity_risk_proxy","buffett_indicator,equity_pb_proxy,credit_spread_proxy"
1969-04-01,us,,0.646744186046524,-1.2400000000000002,-0.41999999999999993,,5.75,,,17.39,20.43,,0.646744186046524,research_proxy,-0.24825144194267765,fair,high,"equity_pe_proxy,shiller_pe_proxy,real_yield_proxy,term_spread,equity_risk_proxy","buffett_indicator,equity_pb_proxy,credit_spread_proxy"
1969-05-01,us,,0.8127536231884083,-2.3499999999999996,-0.7400000000000002,,5.58,,,17.93,20.97,,0.8127536231884083,research_proxy,-0.45533507715405114,fair,high,"equity_pe_proxy,shiller_pe_proxy,real_yield_proxy,term_spread,equity_risk_proxy","buffett_indicator,equity_pb_proxy,credit_spread_proxy"
1969-06-01,us,,1.0944956772334447,-2.33,-0.6800000000000006,,5.89,,,16.98,19.71,,1.0944956772334447,research_proxy,-0.42386929587106836,fair,high,"equity_pe_proxy,shiller_pe_proxy,real_yield_proxy,term_spread,equity_risk_proxy","buffett_indicator,equity_pb_proxy,credit_spread_proxy"
1969-07-01,us,,1.2758739255014433,-1.8899999999999997,-0.54,,6.18,,,16.17,18.68,,1.2758739255014433,research_proxy,-0.3309136422178759,fair,high,"equity_pe_proxy,shiller_pe_proxy,real_yield_proxy,term_spread,equity_risk_proxy","buffett_indicator,equity_pb_proxy,credit_spread_proxy"
1969-08-01,us,,1.2614285714285733,-2.499999999999999,-0.4500000000000002,,6.24,,,16.04,18.43,,1.2614285714285733,research_proxy,-0.39311848219247925,fair,high,"equity_pe_proxy,shiller_pe_proxy,real_yield_proxy,term_spread,equity_risk_proxy","buffett_indicator,equity_pb_proxy,credit_spread_proxy"
1969-09-01,us,,1.4619943019943076,-1.9900000000000002,-0.9299999999999997,,6.23,,,16.05,18.4,,1.4619943019943076,research_proxy,-0.3830398653772705,fair,high,"equity_pe_proxy,shiller_pe_proxy,real_yield_proxy,term_spread,equity_risk_proxy","buffett_indicator,equity_pb_proxy,credit_spread_proxy"
1969-10-01,us,,1.434277620396589,-1.9000000000000004,-0.9699999999999998,,6.13,,,16.32,18.45,,1.434277620396589,research_proxy,-0.37855134594079376,fair,high,"equity_pe_proxy,shiller_pe_proxy,real_yield_proxy,term_spread,equity_risk_proxy","buffett_indicator,equity_pb_proxy,credit_spread_proxy"
1969-11-01,us,,1.2077966101694848,-1.71,-1.0899999999999999,,6.05,,,16.54,18.44,,1.2077966101694848,research_proxy,-0.34909887842378673,fair,high,"equity_pe_proxy,shiller_pe_proxy,real_yield_proxy,term_spread,equity_risk_proxy","buffett_indicator,equity_pb_proxy,credit_spread_proxy"
1969-12-01,us,,1.7511235955056206,-1.3200000000000003,-1.3100000000000005,,6.34,,,15.76,17.33,,1.7511235955056206,research_proxy,-0.3211818415622002,fair,high,"equity_pe_proxy,shiller_pe_proxy,real_yield_proxy,term_spread,equity_risk_proxy","buffett_indicator,equity_pb_proxy,credit_spread_proxy"
1970-01-01,us,,1.6275350140056242,-1.1900000000000004,-1.4500000000000002,,6.34,,,15.76,17.09,,1.6275350140056242,research_proxy,-0.3002141542803387,fair,high,"equity_pe_proxy,shiller_pe_proxy,real_yield_proxy,term_spread,equity_risk_proxy","buffett_indicator,equity_pb_proxy,credit_spread_proxy"
1970-02-01,us,,0.8154189944133954,-1.7400000000000002,-0.7200000000000006,,6.52,,,15.35,16.37,,0.8154189944133954,research_proxy,-0.21932227241455352,fair,high,"equity_pe_proxy,shiller_pe_proxy,real_yield_proxy,term_spread,equity_risk_proxy","buffett_indicator,equity_pb_proxy,credit_spread_proxy"
1970-03-01,us,,0.9758171745152495,-0.6899999999999995,-0.7200000000000006,,6.35,,,15.75,16.53,,0.9758171745152495,research_proxy,-0.10732271028481377,fair,high,"equity_pe_proxy,shiller_pe_proxy,real_yield_proxy,term_spread,equity_risk_proxy","buffett_indicator,equity_pb_proxy,credit_spread_proxy"
1970-04-01,us,,1.3293939393939223,-0.71,-0.8799999999999999,,6.51,,,15.37,15.87,,1.3293939393939223,research_proxy,-0.12990682329371722,fair,high,"equity_pe_proxy,shiller_pe_proxy,real_yield_proxy,term_spread,equity_risk_proxy","buffett_indicator,equity_pb_proxy,credit_spread_proxy"
1970-05-01,us,,1.8660439560439555,-0.040000000000000036,-0.6000000000000005,,7.31,,,13.69,13.98,,1.8660439560439555,research_proxy,0.011551817149906584,fair,high,"equity_pe_proxy,shiller_pe_proxy,real_yield_proxy,term_spread,equity_risk_proxy","buffett_indicator,equity_pb_proxy,credit_spread_proxy"
1970-06-01,us,,1.8290710382513815,0.22999999999999954,-0.54,,7.3,,,13.69,13.8,,1.8290710382513815,research_proxy,0.05888445279236567,fair,high,"equity_pe_proxy,shiller_pe_proxy,real_yield_proxy,term_spread,equity_risk_proxy","buffett_indicator,equity_pb_proxy,credit_spread_proxy"
1970-07-01,us,,1.7534782608695556,0.25,-0.2400000000000002,,7.22,,,13.85,13.73,,1.7534782608695556,research_proxy,0.09149661221671139,fair,high,"equity_pe_proxy,shiller_pe_proxy,real_yield_proxy,term_spread,equity_risk_proxy","buffett_indicator,equity_pb_proxy,credit_spread_proxy"
1970-08-01,us,,1.838943089430897,0.9100000000000001,-0.5800000000000001,,6.95,,,14.39,14.1,,1.838943089430897,research_proxy,0.12310167642495624,fair,high,"equity_pe_proxy,shiller_pe_proxy,real_yield_proxy,term_spread,equity_risk_proxy","buffett_indicator,equity_pb_proxy,credit_spread_proxy"
1970-09-01,us,,1.729622641509435,1.0999999999999996,-0.8999999999999995,,6.49,,,15.41,14.84,,1.729622641509435,research_proxy,0.09389802748752055,fair,high,"equity_pe_proxy,shiller_pe_proxy,real_yield_proxy,term_spread,equity_risk_proxy","buffett_indicator,equity_pb_proxy,credit_spread_proxy"
1970-10-01,us,,1.6999731903485218,1.13,-1.0700000000000003,,6.26,,,15.97,15.06,,1.6999731903485218,research_proxy,0.07057201970251792,fair,high,"equity_pe_proxy,shiller_pe_proxy,real_yield_proxy,term_spread,equity_risk_proxy","buffett_indicator,equity_pb_proxy,credit_spread_proxy"
1970-11-01,us,,1.2399999999999949,1.2400000000000002,-0.6600000000000001,,6.18,,,16.19,14.95,,1.2399999999999949,research_proxy,0.15551921139539465,fair,high,"equity_pe_proxy,shiller_pe_proxy,real_yield_proxy,term_spread,equity_risk_proxy","buffett_indicator,equity_pb_proxy,credit_spread_proxy"
1970-12-01,us,,0.8197082228116921,1.4899999999999993,-0.6899999999999995,,5.7,,,17.55,15.87,,0.8197082228116921,research_proxy,0.17346836148867376,fair,high,"equity_pe_proxy,shiller_pe_proxy,real_yield_proxy,term_spread,equity_risk_proxy","buffett_indicator,equity_pb_proxy,credit_spread_proxy"
1971-01-01,us,,0.9629551451187259,2.1000000000000005,-0.7200000000000006,,5.52,,,18.12,16.46,,0.9629551451187259,research_proxy,0.21403908310950612,fair,high,"equity_pe_proxy,shiller_pe_proxy,real_yield_proxy,term_spread,equity_risk_proxy","buffett_indicator,equity_pb_proxy,credit_spread_proxy"
1971-02-01,us,,1.385590551181111,2.39,-0.7700000000000005,,5.34,,,18.71,17.03,,1.385590551181111,research_proxy,0.18852520615868656,fair,high,"equity_pe_proxy,shiller_pe_proxy,real_yield_proxy,term_spread,equity_risk_proxy","buffett_indicator,equity_pb_proxy,credit_spread_proxy"
1971-03-01,us,,1.2613577023498586,1.9900000000000002,-0.45999999999999996,,5.24,,,19.08,17.4,,1.2613577023498586,research_proxy,0.15727100249042847,fair,high,"equity_pe_proxy,shiller_pe_proxy,real_yield_proxy,term_spread,equity_risk_proxy","buffett_indicator,equity_pb_proxy,credit_spread_proxy"
1971-04-01,us,,1.6741558441558428,1.67,-0.7300000000000004,,5.1,,,19.61,17.92,,1.6741558441558428,research_proxy,0.03726511064162119,fair,high,"equity_pe_proxy,shiller_pe_proxy,real_yield_proxy,term_spread,equity_risk_proxy","buffett_indicator,equity_pb_proxy,credit_spread_proxy"
1971-05-01,us,,1.985854922279799,1.7599999999999998,-1.1899999999999995,,5.2,,,19.22,17.56,,1.985854922279799,research_proxy,0.00045005923932268655,fair,high,"equity_pe_proxy,shiller_pe_proxy,real_yield_proxy,term_spread,equity_risk_proxy","buffett_indicator,equity_pb_proxy,credit_spread_proxy"
1971-06-01,us,,2.1385567010309208,1.6099999999999994,-1.1899999999999995,,5.33,,,18.74,17.08,,2.1385567010309208,research_proxy,-0.011498549385780233,fair,high,"equity_pe_proxy,shiller_pe_proxy,real_yield_proxy,term_spread,equity_risk_proxy","buffett_indicator,equity_pb_proxy,credit_spread_proxy"
1971-07-01,us,,2.3598200514138723,1.4200000000000008,-1.3200000000000003,,5.41,,,18.48,16.89,,2.3598200514138723,research_proxy,-0.055998327863342,fair,high,"equity_pe_proxy,shiller_pe_proxy,real_yield_proxy,term_spread,equity_risk_proxy","buffett_indicator,equity_pb_proxy,credit_spread_proxy"
1971-08-01,us,,2.2210256410256344,1.0099999999999998,-1.0300000000000002,,5.55,,,18.03,16.52,,2.2210256410256344,research_proxy,-0.05660017820698519,fair,high,"equity_pe_proxy,shiller_pe_proxy,real_yield_proxy,term_spread,equity_risk_proxy","buffett_indicator,equity_pb_proxy,credit_spread_proxy"
1971-09-01,us,,2.058367346938793,0.5899999999999999,-0.6799999999999997,,5.46,,,18.31,16.86,,2.058367346938793,research_proxy,-0.08158885328313788,fair,high,"equity_pe_proxy,shiller_pe_proxy,real_yield_proxy,term_spread,equity_risk_proxy","buffett_indicator,equity_pb_proxy,credit_spread_proxy"
1971-10-01,us,,2.1228934010152223,0.7299999999999995,-0.2599999999999998,,5.67,,,17.62,16.43,,2.1228934010152223,research_proxy,-0.010839814259075297,fair,high,"equity_pe_proxy,shiller_pe_proxy,real_yield_proxy,term_spread,equity_risk_proxy","buffett_indicator,equity_pb_proxy,credit_spread_proxy"
1971-11-01,us,,2.274646464646475,0.8999999999999995,0.2400000000000002,,6.05,,,16.54,15.64,,2.274646464646475,research_proxy,0.07893036180080545,fair,high,"equity_pe_proxy,shiller_pe_proxy,real_yield_proxy,term_spread,equity_risk_proxy","buffett_indicator,equity_pb_proxy,credit_spread_proxy"
1971-12-01,us,,2.663668341708534,1.79,-0.17999999999999972,,5.75,,,17.4,16.6,,2.663668341708534,research_proxy,0.08900211666126726,fair,high,"equity_pe_proxy,shiller_pe_proxy,real_yield_proxy,term_spread,equity_risk_proxy","buffett_indicator,equity_pb_proxy,credit_spread_proxy"
1972-01-01,us,,2.6918546365914624,2.4400000000000004,-0.40000000000000036,,5.55,,,18.01,17.26,,2.6918546365914624,research_proxy,0.12596007747915472,fair,high,"equity_pe_proxy,shiller_pe_proxy,real_yield_proxy,term_spread,equity_risk_proxy","buffett_indicator,equity_pb_proxy,credit_spread_proxy"
1972-02-01,us,,2.3206015037593932,2.7800000000000002,-0.5899999999999999,,5.49,,,18.22,17.46,,2.3206015037593932,research_proxy,0.1761860123556636,fair,high,"equity_pe_proxy,shiller_pe_proxy,real_yield_proxy,term_spread,equity_risk_proxy","buffett_indicator,equity_pb_proxy,credit_spread_proxy"
1972-03-01,us,,2.5700000000000083,2.24,-0.6800000000000006,,5.39,,,18.54,17.81,,2.5700000000000083,research_proxy,0.06396339742649867,fair,high,"equity_pe_proxy,shiller_pe_proxy,real_yield_proxy,term_spread,equity_risk_proxy","buffett_indicator,equity_pb_proxy,credit_spread_proxy"
1972-04-01,us,,2.698728179551118,2.0200000000000005,-0.8000000000000007,,5.39,,,18.56,17.92,,2.698728179551118,research_proxy,0.011833354366608494,fair,high,"equity_pe_proxy,shiller_pe_proxy,real_yield_proxy,term_spread,equity_risk_proxy","buffett_indicator,equity_pb_proxy,credit_spread_proxy"
1972-05-01,us,,2.9041935483870773,1.8600000000000003,-0.6399999999999997,,5.49,,,18.2,17.66,,2.9041935483870773,research_proxy,0.00025914131779603,fair,high,"equity_pe_proxy,shiller_pe_proxy,real_yield_proxy,term_spread,equity_risk_proxy","buffett_indicator,equity_pb_proxy,credit_spread_proxy"
1972-06-01,us,,3.147037037037033,1.6500000000000004,-0.5800000000000001,,5.53,,,18.09,17.64,,3.147037037037033,research_proxy,-0.039466344434502434,fair,high,"equity_pe_proxy,shiller_pe_proxy,real_yield_proxy,term_spread,equity_risk_proxy","buffett_indicator,equity_pb_proxy,credit_spread_proxy"
1972-07-01,us,,3.154334975369462,1.5600000000000005,-0.4900000000000002,,5.62,,,17.79,17.4,,3.154334975369462,research_proxy,-0.03308047199591931,fair,high,"equity_pe_proxy,shiller_pe_proxy,real_yield_proxy,term_spread,equity_risk_proxy","buffett_indicator,equity_pb_proxy,credit_spread_proxy"
1972-08-01,us,,3.2615970515970716,1.4000000000000004,-0.7299999999999995,,5.48,,,18.25,17.94,,3.2615970515970716,research_proxy,-0.10386534623692975,fair,high,"equity_pe_proxy,shiller_pe_proxy,real_yield_proxy,term_spread,equity_risk_proxy","buffett_indicator,equity_pb_proxy,credit_spread_proxy"
1972-09-01,us,,3.3637254901960674,1.6799999999999997,-0.9399999999999995,,5.61,,,17.82,17.61,,3.3637254901960674,research_proxy,-0.07784451429931312,fair,high,"equity_pe_proxy,shiller_pe_proxy,real_yield_proxy,term_spread,equity_risk_proxy","buffett_indicator,equity_pb_proxy,credit_spread_proxy"
1972-10-01,us,,3.301515892420518,1.4300000000000006,-0.79,,5.69,,,17.58,17.53,,3.301515892420518,research_proxy,-0.0863505924142582,fair,high,"equity_pe_proxy,shiller_pe_proxy,real_yield_proxy,term_spread,equity_risk_proxy","buffett_indicator,equity_pb_proxy,credit_spread_proxy"
1972-11-01,us,,2.865365853658534,1.2200000000000006,-0.7800000000000002,,5.5,,,18.19,18.34,,2.865365853658534,research_proxy,-0.10711634871275336,fair,high,"equity_pe_proxy,shiller_pe_proxy,real_yield_proxy,term_spread,equity_risk_proxy","buffett_indicator,equity_pb_proxy,credit_spread_proxy"
1972-12-01,us,,2.953673965936744,1.0300000000000002,-0.9000000000000004,,5.46,,,18.3,18.65,,2.953673965936744,research_proxy,-0.15837690707036234,fair,high,"equity_pe_proxy,shiller_pe_proxy,real_yield_proxy,term_spread,equity_risk_proxy","buffett_indicator,equity_pb_proxy,credit_spread_proxy"
1973-01-01,us,,2.819223300970864,0.5199999999999996,-0.9299999999999997,,5.53,,,18.09,18.71,,2.819223300970864,research_proxy,-0.2135816436233907,fair,high,"equity_pe_proxy,shiller_pe_proxy,real_yield_proxy,term_spread,equity_risk_proxy","buffett_indicator,equity_pb_proxy,credit_spread_proxy"
1973-02-01,us,,2.7752657004830965,0.05999999999999961,-0.7999999999999998,,5.84,,,17.11,17.89,,2.7752657004830965,research_proxy,-0.22156157362774592,fair,high,"equity_pe_proxy,shiller_pe_proxy,real_yield_proxy,term_spread,equity_risk_proxy","buffett_indicator,equity_pb_proxy,credit_spread_proxy"
1973-03-01,us,,1.8790821256038646,-0.3799999999999999,-0.6600000000000001,,6.05,,,16.53,17.41,,1.8790821256038646,research_proxy,-0.17133941996772936,fair,high,"equity_pe_proxy,shiller_pe_proxy,real_yield_proxy,term_spread,equity_risk_proxy","buffett_indicator,equity_pb_proxy,credit_spread_proxy"
1973-04-01,us,,1.3687951807228833,-0.4500000000000002,-0.3799999999999999,,6.29,,,15.89,16.94,,1.3687951807228833,research_proxy,-0.09225682532674,fair,high,"equity_pe_proxy,shiller_pe_proxy,real_yield_proxy,term_spread,equity_risk_proxy","buffett_indicator,equity_pb_proxy,credit_spread_proxy"
1973-05-01,us,,1.3211538461538543,-0.9900000000000002,-0.23999999999999932,,6.61,,,15.13,16.31,,1.3211538461538543,research_proxy,-0.11798029133104207,fair,high,"equity_pe_proxy,shiller_pe_proxy,real_yield_proxy,term_spread,equity_risk_proxy","buffett_indicator,equity_pb_proxy,credit_spread_proxy"
1973-06-01,us,,0.9047961630695376,-1.5899999999999999,0.0,,6.9,,,14.5,15.81,,0.9047961630695376,research_proxy,-0.11824055689752626,fair,high,"equity_pe_proxy,shiller_pe_proxy,real_yield_proxy,term_spread,equity_risk_proxy","buffett_indicator,equity_pb_proxy,credit_spread_proxy"
1973-07-01,us,,1.388373205741619,-3.2700000000000005,-0.14999999999999947,,6.98,,,14.33,15.89,,1.388373205741619,research_proxy,-0.3873809940712455,fair,high,"equity_pe_proxy,shiller_pe_proxy,real_yield_proxy,term_spread,equity_risk_proxy","buffett_indicator,equity_pb_proxy,credit_spread_proxy"
1973-08-01,us,,0.0014319809069123224,-3.0999999999999996,-0.14000000000000057,,7.26,,,13.77,15.28,,0.0014319809069123224,research_proxy,-0.22580314753100472,fair,high,"equity_pe_proxy,shiller_pe_proxy,real_yield_proxy,term_spread,equity_risk_proxy","buffett_indicator,equity_pb_proxy,credit_spread_proxy"
1973-09-01,us,,-0.27342042755344664,-3.6899999999999995,0.1900000000000004,,7.28,,,13.73,15.48,,-0.27342042755344664,research_proxy,-0.25614341728350914,fair,high,"equity_pe_proxy,shiller_pe_proxy,real_yield_proxy,term_spread,equity_risk_proxy","buffett_indicator,equity_pb_proxy,credit_spread_proxy"
1973-10-01,us,,-1.2668720379146974,-3.2199999999999998,0.3600000000000003,,7.15,,,13.99,15.91,,-1.2668720379146974,research_proxy,-0.11408086583095614,fair,high,"equity_pe_proxy,shiller_pe_proxy,real_yield_proxy,term_spread,equity_risk_proxy","buffett_indicator,equity_pb_proxy,credit_spread_proxy"
1973-11-01,us,,-1.5247169811320695,-3.299999999999999,1.1199999999999992,,7.85,,,12.74,14.65,,-1.5247169811320695,research_proxy,0.012831701938046525,fair,high,"equity_pe_proxy,shiller_pe_proxy,real_yield_proxy,term_spread,equity_risk_proxy","buffett_indicator,equity_pb_proxy,credit_spread_proxy"
1973-12-01,us,,-2.20117647058823,-3.209999999999999,1.8699999999999992,,8.61,,,11.62,13.49,,-2.20117647058823,research_proxy,0.19067028970191915,fair,high,"equity_pe_proxy,shiller_pe_proxy,real_yield_proxy,term_spread,equity_risk_proxy","buffett_indicator,equity_pb_proxy,credit_spread_proxy"
1974-01-01,us,,-2.611873536299754,-2.66,1.5700000000000003,,8.56,,,11.68,13.53,,-2.611873536299754,research_proxy,0.2687086460029901,fair,high,"equity_pe_proxy,shiller_pe_proxy,real_yield_proxy,term_spread,equity_risk_proxy","buffett_indicator,equity_pb_proxy,credit_spread_proxy"
1974-02-01,us,,-3.039999999999986,-2.0100000000000007,1.9099999999999993,,8.87,,,11.27,12.96,,-3.039999999999986,research_proxy,0.43763611649606393,fair,high,"equity_pe_proxy,shiller_pe_proxy,real_yield_proxy,term_spread,equity_risk_proxy","buffett_indicator,equity_pb_proxy,credit_spread_proxy"
1974-03-01,us,,-2.9282488479262687,-2.1399999999999997,1.37,,8.58,,,11.66,13.31,,-2.9282488479262687,research_proxy,0.3510333582280579,fair,high,"equity_pe_proxy,shiller_pe_proxy,real_yield_proxy,term_spread,equity_risk_proxy","buffett_indicator,equity_pb_proxy,credit_spread_proxy"
1974-04-01,us,,-2.5586498855835167,-3.0,1.67,,9.18,,,10.89,12.55,,-2.5586498855835167,research_proxy,0.2660752543399534,fair,high,"equity_pe_proxy,shiller_pe_proxy,real_yield_proxy,term_spread,equity_risk_proxy","buffett_indicator,equity_pb_proxy,credit_spread_proxy"
1974-05-01,us,,-3.1261503416856495,-3.7300000000000004,2.0299999999999994,,9.61,,,10.41,12.0,,-3.1261503416856495,research_proxy,0.26983103061255714,fair,high,"equity_pe_proxy,shiller_pe_proxy,real_yield_proxy,term_spread,equity_risk_proxy","buffett_indicator,equity_pb_proxy,credit_spread_proxy"
1974-06-01,us,,-3.3197285067873112,-4.39,2.1900000000000004,,9.73,,,10.27,11.89,,-3.3197285067873112,research_proxy,0.2186188841139856,fair,high,"equity_pe_proxy,shiller_pe_proxy,real_yield_proxy,term_spread,equity_risk_proxy","buffett_indicator,equity_pb_proxy,credit_spread_proxy"
1974-07-01,us,,-3.728461538461521,-5.11,3.37,,11.18,,,8.95,10.39,,-3.728461538461521,research_proxy,0.3169180152888759,fair,high,"equity_pe_proxy,shiller_pe_proxy,real_yield_proxy,term_spread,equity_risk_proxy","buffett_indicator,equity_pb_proxy,credit_spread_proxy"
1974-08-01,us,,-2.848888888888883,-3.9700000000000006,3.780000000000001,,11.82,,,8.46,9.82,,-2.848888888888883,research_proxy,0.4492123966642085,fair,high,"equity_pe_proxy,shiller_pe_proxy,real_yield_proxy,term_spread,equity_risk_proxy","buffett_indicator,equity_pb_proxy,credit_spread_proxy"
1974-09-01,us,,-3.90690265486724,-3.3000000000000007,5.33,,13.37,,,7.48,8.68,,-3.90690265486724,research_proxy,0.7975843850611234,cheap,high,"equity_pe_proxy,shiller_pe_proxy,real_yield_proxy,term_spread,equity_risk_proxy","buffett_indicator,equity_pb_proxy,credit_spread_proxy"
1974-10-01,us,,-3.9421052631578952,-2.16,5.109999999999999,,13.01,,,7.68,8.74,,-3.9421052631578952,research_proxy,0.9249725199484983,cheap,high,"equity_pe_proxy,shiller_pe_proxy,real_yield_proxy,term_spread,equity_risk_proxy","buffett_indicator,equity_pb_proxy,credit_spread_proxy"
1974-11-01,us,,-4.520435729847502,-1.7699999999999996,4.8100000000000005,,12.49,,,8.0,8.95,,-4.520435729847502,research_proxy,0.9872677196484869,cheap,high,"equity_pe_proxy,shiller_pe_proxy,real_yield_proxy,term_spread,equity_risk_proxy","buffett_indicator,equity_pb_proxy,credit_spread_proxy"
1974-12-01,us,,-4.665032397408213,-1.0999999999999996,5.82,,13.25,,,7.54,8.29,,-4.665032397408213,research_proxy,1.1945364236184912,cheap,high,"equity_pe_proxy,shiller_pe_proxy,real_yield_proxy,term_spread,equity_risk_proxy","buffett_indicator,equity_pb_proxy,credit_spread_proxy"
1975-01-01,us,41.7709,-4.252136752136757,0.3700000000000001,4.550000000000001,,12.05,,,8.3,8.92,,-4.252136752136757,research_proxy,1.224501207363823,cheap,high,"buffett_indicator,equity_pe_proxy,shiller_pe_proxy,real_yield_proxy,term_spread,equity_risk_proxy","equity_pb_proxy,credit_spread_proxy"
1975-02-01,us,41.7709,-3.8150739957716864,1.1499999999999995,3.3400000000000007,,10.73,,,9.32,9.76,,-3.8150739957716864,research_proxy,1.1625481573149403,cheap,high,"buffett_indicator,equity_pe_proxy,shiller_pe_proxy,real_yield_proxy,term_spread,equity_risk_proxy","equity_pb_proxy,credit_spread_proxy"
1975-03-01,us,41.7709,-2.730251046025103,2.1900000000000004,2.3599999999999994,,10.09,,,9.91,10.16,,-2.730251046025103,research_proxy,1.1155364827701462,cheap,high,"buffett_indicator,equity_pe_proxy,shiller_pe_proxy,real_yield_proxy,term_spread,equity_risk_proxy","equity_pb_proxy,credit_spread_proxy"
1975-04-01,us,41.7709,-1.9571101871101817,2.74,1.549999999999999,,9.78,,,10.22,10.23,,-1.9571101871101817,research_proxy,1.0594746622772258,cheap,high,"buffett_indicator,equity_pe_proxy,shiller_pe_proxy,real_yield_proxy,term_spread,equity_risk_proxy","equity_pb_proxy,credit_spread_proxy"
1975-05-01,us,41.7709,-1.1992592592592555,2.8400000000000007,0.9599999999999991,,9.02,,,11.09,10.82,,-1.1992592592592555,research_proxy,0.9523791073640471,cheap,high,"buffett_indicator,equity_pe_proxy,shiller_pe_proxy,real_yield_proxy,term_spread,equity_risk_proxy","equity_pb_proxy,credit_spread_proxy"
1975-06-01,us,41.7709,-1.3236734693877539,2.3100000000000005,0.7499999999999991,,8.61,,,11.61,11.01,,-1.3236734693877539,research_proxy,0.877274308318638,cheap,high,"buffett_indicator,equity_pe_proxy,shiller_pe_proxy,real_yield_proxy,term_spread,equity_risk_proxy","equity_pb_proxy,credit_spread_proxy"
1975-07-01,us,41.7709,-1.4734685598377428,1.9600000000000009,0.46999999999999886,,8.53,,,11.72,10.9,,-1.4734685598377428,research_proxy,0.8306406778858303,cheap,high,"buffett_indicator,equity_pe_proxy,shiller_pe_proxy,real_yield_proxy,term_spread,equity_risk_proxy","equity_pb_proxy,credit_spread_proxy"
1975-08-01,us,41.7709,-0.21723446893789422,2.2600000000000007,0.7300000000000004,,9.13,,,10.95,10.09,,-0.21723446893789422,research_proxy,0.8227348398979976,cheap,high,"buffett_indicator,equity_pe_proxy,shiller_pe_proxy,real_yield_proxy,term_spread,equity_risk_proxy","equity_pb_proxy,credit_spread_proxy"
1975-09-01,us,41.7709,0.5248616600790523,2.1899999999999995,0.7300000000000004,,9.16,,,10.91,9.92,,0.5248616600790523,research_proxy,0.7682388541475206,cheap,high,"buffett_indicator,equity_pe_proxy,shiller_pe_proxy,real_yield_proxy,term_spread,equity_risk_proxy","equity_pb_proxy,credit_spread_proxy"
1975-10-01,us,41.7709,0.49294117647059377,2.3200000000000003,0.6999999999999993,,8.84,,,11.32,10.33,,0.49294117647059377,research_proxy,0.7681038615623285,cheap,high,"buffett_indicator,equity_pe_proxy,shiller_pe_proxy,real_yield_proxy,term_spread,equity_risk_proxy","equity_pb_proxy,credit_spread_proxy"
1975-11-01,us,41.7709,0.6713592233009704,2.830000000000001,0.7099999999999991,,8.76,,,11.41,10.44,,0.6713592233009704,research_proxy,0.8082072505763168,cheap,high,"buffett_indicator,equity_pe_proxy,shiller_pe_proxy,real_yield_proxy,term_spread,equity_risk_proxy","equity_pb_proxy,credit_spread_proxy"
1975-12-01,us,41.7709,0.8709055876685952,2.8,0.9700000000000006,,8.97,,,11.14,10.25,,0.8709055876685952,research_proxy,0.8172525462996361,cheap,high,"buffett_indicator,equity_pe_proxy,shiller_pe_proxy,real_yield_proxy,term_spread,equity_risk_proxy","equity_pb_proxy,credit_spread_proxy"
1976-01-01,us,47.1386,1.0478393881453085,2.87,0.7200000000000006,,8.46,,,11.82,11.19,,1.0478393881453085,research_proxy,0.7492900872284348,cheap,high,"buffett_indicator,equity_pe_proxy,shiller_pe_proxy,real_yield_proxy,term_spread,equity_risk_proxy","equity_pb_proxy,credit_spread_proxy"
1976-02-01,us,47.1386,1.5162357414448744,3.0200000000000005,0.5900000000000007,,8.38,,,11.94,11.59,,1.5162357414448744,research_proxy,0.7146862867878657,cheap,high,"buffett_indicator,equity_pe_proxy,shiller_pe_proxy,real_yield_proxy,term_spread,equity_risk_proxy","equity_pb_proxy,credit_spread_proxy"
1976-03-01,us,47.1386,1.6693939393939452,2.8900000000000006,0.8399999999999999,,8.57,,,11.67,11.63,,1.6693939393939452,research_proxy,0.7108954206523124,cheap,high,"buffett_indicator,equity_pe_proxy,shiller_pe_proxy,real_yield_proxy,term_spread,equity_risk_proxy","equity_pb_proxy,credit_spread_proxy"
1976-04-01,us,47.1386,1.710943396226405,2.7399999999999993,1.13,,8.69,,,11.51,11.69,,1.710943396226405,research_proxy,0.7133055655312148,cheap,high,"buffett_indicator,equity_pe_proxy,shiller_pe_proxy,real_yield_proxy,term_spread,equity_risk_proxy","equity_pb_proxy,credit_spread_proxy"
1976-05-01,us,47.1386,1.685310734463279,2.6100000000000003,1.049999999999999,,8.95,,,11.18,11.53,,1.685310734463279,research_proxy,0.7036023013628007,cheap,high,"buffett_indicator,equity_pe_proxy,shiller_pe_proxy,real_yield_proxy,term_spread,equity_risk_proxy","equity_pb_proxy,credit_spread_proxy"
1976-06-01,us,47.1386,1.878691588785042,2.38,1.2299999999999995,,9.09,,,11.01,11.54,,1.878691588785042,research_proxy,0.6804179008992618,cheap,high,"buffett_indicator,equity_pe_proxy,shiller_pe_proxy,real_yield_proxy,term_spread,equity_risk_proxy","equity_pb_proxy,credit_spread_proxy"
1976-07-01,us,47.1386,2.274444444444442,2.5200000000000005,1.1400000000000006,,8.97,,,11.14,11.76,,2.274444444444442,research_proxy,0.6558697517791515,cheap,high,"buffett_indicator,equity_pe_proxy,shiller_pe_proxy,real_yield_proxy,term_spread,equity_risk_proxy","equity_pb_proxy,credit_spread_proxy"
1976-08-01,us,47.1386,2.0504428044280436,2.4799999999999995,1.3800000000000008,,9.15,,,10.93,11.6,,2.0504428044280436,research_proxy,0.6899651735602571,cheap,high,"buffett_indicator,equity_pe_proxy,shiller_pe_proxy,real_yield_proxy,term_spread,equity_risk_proxy","equity_pb_proxy,credit_spread_proxy"
1976-09-01,us,47.1386,2.0954945054945027,2.34,1.4600000000000009,,9.05,,,11.05,11.81,,2.0954945054945027,research_proxy,0.6713644715607848,cheap,high,"buffett_indicator,equity_pe_proxy,shiller_pe_proxy,real_yield_proxy,term_spread,equity_risk_proxy","equity_pb_proxy,credit_spread_proxy"
1976-10-01,us,47.1386,1.9455191256830542,2.3900000000000006,2.08,,9.49,,,10.54,11.35,,1.9455191256830542,research_proxy,0.7470633384971889,cheap,high,"buffett_indicator,equity_pe_proxy,shiller_pe_proxy,real_yield_proxy,term_spread,equity_risk_proxy","equity_pb_proxy,credit_spread_proxy"
1976-11-01,us,47.1386,2.226708860759489,2.34,2.38,,9.67,,,10.34,11.25,,2.226708860759489,research_proxy,0.7483053577005737,cheap,high,"buffett_indicator,equity_pe_proxy,shiller_pe_proxy,real_yield_proxy,term_spread,equity_risk_proxy","equity_pb_proxy,credit_spread_proxy"
1976-12-01,us,47.1386,1.8340287769784265,2.2199999999999998,2.6000000000000005,,9.47,,,10.57,11.6,,1.8340287769784265,research_proxy,0.7672053383061614,cheap,high,"buffett_indicator,equity_pe_proxy,shiller_pe_proxy,real_yield_proxy,term_spread,equity_risk_proxy","equity_pb_proxy,credit_spread_proxy"
1977-01-01,us,40.0724,2.0128673835125346,2.5999999999999996,2.3899999999999997,,9.6,,,10.41,11.44,,2.0128673835125346,research_proxy,0.8096192578840219,cheap,high,"buffett_indicator,equity_pe_proxy,shiller_pe_proxy,real_yield_proxy,term_spread,equity_risk_proxy","equity_pb_proxy,credit_spread_proxy"
1977-02-01,us,40.0724,1.3077101967799685,2.71,2.5300000000000002,,9.92,,,10.08,11.01,,1.3077101967799685,research_proxy,0.8930683721024382,cheap,high,"buffett_indicator,equity_pe_proxy,shiller_pe_proxy,real_yield_proxy,term_spread,equity_risk_proxy","equity_pb_proxy,credit_spread_proxy"
1977-03-01,us,40.0724,1.031428571428572,2.7699999999999996,2.5599999999999996,,10.02,,,9.98,10.9,,1.031428571428572,research_proxy,0.9242675477718901,cheap,high,"buffett_indicator,equity_pe_proxy,shiller_pe_proxy,real_yield_proxy,term_spread,equity_risk_proxy","equity_pb_proxy,credit_spread_proxy"
1977-04-01,us,40.0724,0.41812834224598383,2.6399999999999997,2.919999999999999,,10.29,,,9.72,10.64,,0.41812834224598383,research_proxy,0.9863958668536948,cheap,high,"buffett_indicator,equity_pe_proxy,shiller_pe_proxy,real_yield_proxy,term_spread,equity_risk_proxy","equity_pb_proxy,credit_spread_proxy"
1977-05-01,us,40.0724,0.7224113475177152,2.1100000000000003,2.9799999999999995,,10.44,,,9.58,10.55,,0.7224113475177152,research_proxy,0.91629610119465,cheap,high,"buffett_indicator,equity_pe_proxy,shiller_pe_proxy,real_yield_proxy,term_spread,equity_risk_proxy","equity_pb_proxy,credit_spread_proxy"
1977-06-01,us,40.0724,0.5780599647266431,1.8900000000000006,3.21,,10.49,,,9.53,10.53,,0.5780599647266431,research_proxy,0.9195790627255765,cheap,high,"buffett_indicator,equity_pe_proxy,shiller_pe_proxy,real_yield_proxy,term_spread,equity_risk_proxy","equity_pb_proxy,credit_spread_proxy"
1977-07-01,us,40.0724,0.6633333333333349,1.9100000000000001,3.17,,10.5,,,9.53,10.57,,0.6633333333333349,research_proxy,0.9123269650665179,cheap,high,"buffett_indicator,equity_pe_proxy,shiller_pe_proxy,real_yield_proxy,term_spread,equity_risk_proxy","equity_pb_proxy,credit_spread_proxy"
1977-08-01,us,40.0724,0.768237347294936,1.5,3.459999999999999,,10.86,,,9.21,10.27,,0.768237347294936,research_proxy,0.8917646060473757,cheap,high,"buffett_indicator,equity_pe_proxy,shiller_pe_proxy,real_yield_proxy,term_spread,equity_risk_proxy","equity_pb_proxy,credit_spread_proxy"
1977-09-01,us,40.0724,0.916388888888906,1.2000000000000002,3.790000000000001,,11.13,,,8.99,10.07,,0.916388888888906,research_proxy,0.8794377721005251,cheap,high,"buffett_indicator,equity_pe_proxy,shiller_pe_proxy,real_yield_proxy,term_spread,equity_risk_proxy","equity_pb_proxy,credit_spread_proxy"
1977-10-01,us,40.0724,1.1296718480138086,1.0499999999999998,3.9700000000000006,,11.49,,,8.7,9.77,,1.1296718480138086,research_proxy,0.871445143449011,cheap,high,"buffett_indicator,equity_pe_proxy,shiller_pe_proxy,real_yield_proxy,term_spread,equity_risk_proxy","equity_pb_proxy,credit_spread_proxy"
1977-11-01,us,40.0724,0.8674354561101572,1.0700000000000003,3.91,,11.49,,,8.71,9.77,,0.8674354561101572,research_proxy,0.8872477375753182,cheap,high,"buffett_indicator,equity_pe_proxy,shiller_pe_proxy,real_yield_proxy,term_spread,equity_risk_proxy","equity_pb_proxy,credit_spread_proxy"
1977-12-01,us,40.0724,1.0119178082191906,1.1300000000000008,3.919999999999999,,11.61,,,8.62,9.68,,1.0119178082191906,research_proxy,0.887669328213509,cheap,high,"buffett_indicator,equity_pe_proxy,shiller_pe_proxy,real_yield_proxy,term_spread,equity_risk_proxy","equity_pb_proxy,credit_spread_proxy"
1978-01-01,us,36.6543,1.1456899488926693,1.2599999999999998,4.12,,12.08,,,8.28,9.24,,1.1456899488926693,research_proxy,0.9312564254057417,cheap,high,"buffett_indicator,equity_pe_proxy,shiller_pe_proxy,real_yield_proxy,term_spread,equity_risk_proxy","equity_pb_proxy,credit_spread_proxy"
1978-02-01,us,36.6543,1.790539629005056,1.2499999999999991,4.23,,12.26,,,8.16,9.05,,1.790539629005056,research_proxy,0.8991965143990089,cheap,high,"buffett_indicator,equity_pe_proxy,shiller_pe_proxy,real_yield_proxy,term_spread,equity_risk_proxy","equity_pb_proxy,credit_spread_proxy"
1978-03-01,us,36.6543,1.6641610738255173,1.2499999999999991,4.25,,12.29,,,8.13,8.95,,1.6641610738255173,research_proxy,0.9116685154570372,cheap,high,"buffett_indicator,equity_pe_proxy,shiller_pe_proxy,real_yield_proxy,term_spread,equity_risk_proxy","equity_pb_proxy,credit_spread_proxy"
1978-04-01,us,36.6543,1.6500000000000057,1.2600000000000007,3.74,,11.89,,,8.41,9.26,,1.6500000000000057,research_proxy,0.8678282431866627,cheap,high,"buffett_indicator,equity_pe_proxy,shiller_pe_proxy,real_yield_proxy,term_spread,equity_risk_proxy","equity_pb_proxy,credit_spread_proxy"
1978-05-01,us,36.6543,1.20714285714286,0.9899999999999993,3.0700000000000003,,11.42,,,8.75,9.63,,1.20714285714286,research_proxy,0.8098418946173095,cheap,high,"buffett_indicator,equity_pe_proxy,shiller_pe_proxy,real_yield_proxy,term_spread,equity_risk_proxy","equity_pb_proxy,credit_spread_proxy"
1978-06-01,us,36.6543,1.0219834710743836,0.8600000000000012,3.039999999999999,,11.5,,,8.7,9.55,,1.0219834710743836,research_proxy,0.808710818854952,cheap,high,"buffett_indicator,equity_pe_proxy,shiller_pe_proxy,real_yield_proxy,term_spread,equity_risk_proxy","equity_pb_proxy,credit_spread_proxy"
1978-07-01,us,36.6543,0.9097368421052661,0.830000000000001,3.0299999999999994,,11.67,,,8.57,9.43,,0.9097368421052661,research_proxy,0.8167986978370028,cheap,high,"buffett_indicator,equity_pe_proxy,shiller_pe_proxy,real_yield_proxy,term_spread,equity_risk_proxy","equity_pb_proxy,credit_spread_proxy"
1978-08-01,us,36.6543,0.5540261865793754,0.370000000000001,2.619999999999999,,11.03,,,9.07,10.02,,0.5540261865793754,research_proxy,0.7436558155159579,cheap,high,"buffett_indicator,equity_pe_proxy,shiller_pe_proxy,real_yield_proxy,term_spread,equity_risk_proxy","equity_pb_proxy,credit_spread_proxy"
1978-09-01,us,36.6543,-0.06287112561174624,-0.02999999999999936,2.7200000000000006,,11.14,,,8.98,9.94,,-0.06287112561174624,research_proxy,0.7525832697212375,cheap,high,"buffett_indicator,equity_pe_proxy,shiller_pe_proxy,real_yield_proxy,term_spread,equity_risk_proxy","equity_pb_proxy,credit_spread_proxy"
1978-10-01,us,36.6543,-0.2885714285714194,-0.3200000000000003,3.1099999999999994,,11.75,,,8.51,9.53,,-0.2885714285714194,research_proxy,0.7790762719297958,cheap,high,"buffett_indicator,equity_pe_proxy,shiller_pe_proxy,real_yield_proxy,term_spread,equity_risk_proxy","equity_pb_proxy,credit_spread_proxy"
1978-11-01,us,36.6543,-0.06096774193547638,-0.9499999999999993,3.9399999999999995,,12.75,,,7.84,8.93,,-0.06096774193547638,research_proxy,0.7751653663207388,cheap,high,"buffett_indicator,equity_pe_proxy,shiller_pe_proxy,real_yield_proxy,term_spread,equity_risk_proxy","equity_pb_proxy,credit_spread_proxy"
1978-12-01,us,36.6543,0.021235955056157607,-1.0199999999999996,3.8200000000000003,,12.83,,,7.79,9.01,,0.021235955056157607,research_proxy,0.7527946714915368,cheap,high,"buffett_indicator,equity_pe_proxy,shiller_pe_proxy,real_yield_proxy,term_spread,equity_risk_proxy","equity_pb_proxy,credit_spread_proxy"
1979-01-01,us,37.8175,-0.1503987240829332,-0.9700000000000006,3.59,,12.69,,,7.88,9.26,,-0.1503987240829332,research_proxy,0.7439431004707867,cheap,high,"buffett_indicator,equity_pe_proxy,shiller_pe_proxy,real_yield_proxy,term_spread,equity_risk_proxy","equity_pb_proxy,credit_spread_proxy"
1979-02-01,us,37.8175,-0.7412698412698511,-0.9600000000000009,4.110000000000001,,13.21,,,7.57,9.0,,-0.7412698412698511,research_proxy,0.8315926883627177,cheap,high,"buffett_indicator,equity_pe_proxy,shiller_pe_proxy,real_yield_proxy,term_spread,equity_risk_proxy","equity_pb_proxy,credit_spread_proxy"
1979-03-01,us,37.8175,-1.1323659305993736,-0.9700000000000006,4.17,,13.29,,,7.53,9.07,,-1.1323659305993736,research_proxy,0.8607398484279578,cheap,high,"buffett_indicator,equity_pe_proxy,shiller_pe_proxy,real_yield_proxy,term_spread,equity_risk_proxy","equity_pb_proxy,credit_spread_proxy"
1979-04-01,us,37.8175,-1.3051330203442841,-0.8300000000000001,4.07,,13.25,,,7.55,9.13,,-1.3051330203442841,research_proxy,0.8792749336819927,cheap,high,"buffett_indicator,equity_pe_proxy,shiller_pe_proxy,real_yield_proxy,term_spread,equity_risk_proxy","equity_pb_proxy,credit_spread_proxy"
1979-05-01,us,37.8175,-1.4476744186046524,-0.9900000000000002,4.539999999999999,,13.79,,,7.25,8.79,,-1.4476744186046524,research_proxy,0.9157360746282327,cheap,high,"buffett_indicator,equity_pe_proxy,shiller_pe_proxy,real_yield_proxy,term_spread,equity_risk_proxy","equity_pb_proxy,credit_spread_proxy"
1979-06-01,us,37.8175,-2.166923076923071,-1.379999999999999,4.84,,13.75,,,7.27,8.85,,-2.166923076923071,research_proxy,0.9422770707949418,cheap,high,"buffett_indicator,equity_pe_proxy,shiller_pe_proxy,real_yield_proxy,term_spread,equity_risk_proxy","equity_pb_proxy,credit_spread_proxy"
1979-07-01,us,37.8175,-2.5003816793893208,-1.5200000000000014,4.870000000000001,,13.82,,,7.23,8.83,,-2.5003816793893208,research_proxy,0.9530831127581267,cheap,high,"buffett_indicator,equity_pe_proxy,shiller_pe_proxy,real_yield_proxy,term_spread,equity_risk_proxy","equity_pb_proxy,credit_spread_proxy"
1979-08-01,us,37.8175,-2.8061153262518843,-1.9100000000000001,4.390000000000001,,13.42,,,7.45,9.13,,-2.8061153262518843,research_proxy,0.8891649818899966,cheap,high,"buffett_indicator,equity_pe_proxy,shiller_pe_proxy,real_yield_proxy,term_spread,equity_risk_proxy","equity_pb_proxy,credit_spread_proxy"
1979-09-01,us,37.8175,-2.5496992481203122,-2.0999999999999996,4.140000000000001,,13.47,,,7.42,9.11,,-2.5496992481203122,research_proxy,0.834465337184168,cheap,high,"buffett_indicator,equity_pe_proxy,shiller_pe_proxy,real_yield_proxy,term_spread,equity_risk_proxy","equity_pb_proxy,credit_spread_proxy"
1979-10-01,us,37.8175,-1.7715350223547173,-3.469999999999999,3.7699999999999996,,14.07,,,7.11,8.68,,-1.7715350223547173,research_proxy,0.6203124542374073,cheap,high,"buffett_indicator,equity_pe_proxy,shiller_pe_proxy,real_yield_proxy,term_spread,equity_risk_proxy","equity_pb_proxy,credit_spread_proxy"
1979-11-01,us,37.8175,-1.9425925925926002,-2.5299999999999994,3.6099999999999994,,14.26,,,7.01,8.52,,-1.9425925925926002,research_proxy,0.727222045392281,cheap,high,"buffett_indicator,equity_pe_proxy,shiller_pe_proxy,real_yield_proxy,term_spread,equity_risk_proxy","equity_pb_proxy,credit_spread_proxy"
1979-12-01,us,37.8175,-2.864786450662736,-3.389999999999999,3.389999999999999,,13.78,,,7.25,8.75,,-2.864786450662736,research_proxy,0.6739034431116472,cheap,high,"buffett_indicator,equity_pe_proxy,shiller_pe_proxy,real_yield_proxy,term_spread,equity_risk_proxy","equity_pb_proxy,credit_spread_proxy"
1980-01-01,us,47.5902,-3.068613138686125,-3.0199999999999996,2.7299999999999986,,13.53,,,7.39,8.85,,-3.068613138686125,research_proxy,0.6465065104373796,cheap,high,"buffett_indicator,equity_pe_proxy,shiller_pe_proxy,real_yield_proxy,term_spread,equity_risk_proxy","equity_pb_proxy,credit_spread_proxy"
1980-02-01,us,47.5902,-1.7518497109826434,-1.7200000000000006,0.7300000000000004,,13.14,,,7.61,9.05,,-1.7518497109826434,research_proxy,0.5502042146239634,cheap,high,"buffett_indicator,equity_pe_proxy,shiller_pe_proxy,real_yield_proxy,term_spread,equity_risk_proxy","equity_pb_proxy,credit_spread_proxy"
1980-03-01,us,47.5902,-1.842274678111572,-4.440000000000001,1.8499999999999996,,14.6,,,6.85,8.08,,-1.842274678111572,research_proxy,0.3708549632220161,fair,high,"buffett_indicator,equity_pe_proxy,shiller_pe_proxy,real_yield_proxy,term_spread,equity_risk_proxy","equity_pb_proxy,credit_spread_proxy"
1980-04-01,us,47.5902,-3.1192351274787615,-6.139999999999999,3.26,,14.73,,,6.79,7.84,,-3.1192351274787615,research_proxy,0.3783805274701674,fair,high,"buffett_indicator,equity_pe_proxy,shiller_pe_proxy,real_yield_proxy,term_spread,equity_risk_proxy","equity_pb_proxy,credit_spread_proxy"
1980-05-01,us,47.5902,-4.245770308123243,-0.8000000000000007,3.8000000000000007,,13.98,,,7.15,8.1,,-4.245770308123243,research_proxy,1.0602390849822225,cheap,high,"buffett_indicator,equity_pe_proxy,shiller_pe_proxy,real_yield_proxy,term_spread,equity_risk_proxy","equity_pb_proxy,credit_spread_proxy"
1980-06-01,us,47.5902,-4.485927977839323,0.3099999999999987,3.26,,13.04,,,7.67,8.51,,-4.485927977839323,research_proxy,1.143153412211977,cheap,high,"buffett_indicator,equity_pe_proxy,shiller_pe_proxy,real_yield_proxy,term_spread,equity_risk_proxy","equity_pb_proxy,credit_spread_proxy"
1980-07-01,us,47.5902,-2.9006849315068397,1.2200000000000006,2.1400000000000006,,12.39,,,8.07,8.88,,-2.9006849315068397,research_proxy,1.0415159920124957,cheap,high,"buffett_indicator,equity_pe_proxy,shiller_pe_proxy,real_yield_proxy,term_spread,equity_risk_proxy","equity_pb_proxy,credit_spread_proxy"
1980-08-01,us,47.5902,-1.7900949796472165,1.4900000000000002,0.8399999999999999,,11.94,,,8.38,9.07,,-1.7900949796472165,research_proxy,0.8955400086507801,cheap,high,"buffett_indicator,equity_pe_proxy,shiller_pe_proxy,real_yield_proxy,term_spread,equity_risk_proxy","equity_pb_proxy,credit_spread_proxy"
1980-09-01,us,47.5902,-1.2588172043010761,0.6400000000000006,0.0600000000000005,,11.57,,,8.64,9.2,,-1.2588172043010761,research_proxy,0.7063046480352811,cheap,high,"buffett_indicator,equity_pe_proxy,shiller_pe_proxy,real_yield_proxy,term_spread,equity_risk_proxy","equity_pb_proxy,credit_spread_proxy"
1980-10-01,us,47.5902,-0.8829787234042517,-1.0600000000000005,-0.46000000000000085,,11.29,,,8.86,9.36,,-0.8829787234042517,research_proxy,0.4539271795532316,fair,high,"buffett_indicator,equity_pe_proxy,shiller_pe_proxy,real_yield_proxy,term_spread,equity_risk_proxy","equity_pb_proxy,credit_spread_proxy"
1980-11-01,us,47.5902,0.048421052631583805,-3.17,-1.799999999999999,,10.88,,,9.19,9.65,,0.048421052631583805,research_proxy,0.05774816737129377,fair,high,"buffett_indicator,equity_pe_proxy,shiller_pe_proxy,real_yield_proxy,term_spread,equity_risk_proxy","equity_pb_proxy,credit_spread_proxy"
1980-12-01,us,47.5902,0.4862938881664487,-6.059999999999999,-1.7400000000000002,,11.1,,,9.01,9.39,,0.4862938881664487,research_proxy,-0.27283925097643497,fair,high,"buffett_indicator,equity_pe_proxy,shiller_pe_proxy,real_yield_proxy,term_spread,equity_risk_proxy","equity_pb_proxy,credit_spread_proxy"
1981-01-01,us,39.3996,0.7751282051282047,-6.509999999999998,-1.4900000000000002,,11.08,,,9.02,9.26,,0.7751282051282047,research_proxy,-0.29526841060320774,fair,high,"buffett_indicator,equity_pe_proxy,shiller_pe_proxy,real_yield_proxy,term_spread,equity_risk_proxy","equity_pb_proxy,credit_spread_proxy"
1981-02-01,us,39.3996,1.797594936708867,-2.74,-1.7699999999999996,,11.42,,,8.76,8.83,,1.797594936708867,research_proxy,0.03531272560950235,fair,high,"buffett_indicator,equity_pe_proxy,shiller_pe_proxy,real_yield_proxy,term_spread,equity_risk_proxy","equity_pb_proxy,credit_spread_proxy"
1981-03-01,us,39.3996,2.508264669163541,-1.58,-2.17,,10.95,,,9.14,9.08,,2.508264669163541,research_proxy,0.07349456332608613,fair,high,"buffett_indicator,equity_pe_proxy,shiller_pe_proxy,real_yield_proxy,term_spread,equity_risk_proxy","equity_pb_proxy,credit_spread_proxy"
1981-04-01,us,39.3996,3.544029666254639,-2.040000000000001,-2.7300000000000004,,10.95,,,9.13,9.09,,3.544029666254639,research_proxy,-0.08632474581641991,fair,high,"buffett_indicator,equity_pe_proxy,shiller_pe_proxy,real_yield_proxy,term_spread,equity_risk_proxy","equity_pb_proxy,credit_spread_proxy"
1981-05-01,us,39.3996,4.30807833537332,-4.42,-2.8100000000000005,,11.29,,,8.86,8.82,,4.30807833537332,research_proxy,-0.39228949442545247,fair,high,"buffett_indicator,equity_pe_proxy,shiller_pe_proxy,real_yield_proxy,term_spread,equity_risk_proxy","equity_pb_proxy,credit_spread_proxy"
1981-06-01,us,39.3996,3.7730303030303087,-5.630000000000001,-2.120000000000001,,11.35,,,8.81,8.77,,3.7730303030303087,research_proxy,-0.43666543957292997,fair,high,"buffett_indicator,equity_pe_proxy,shiller_pe_proxy,real_yield_proxy,term_spread,equity_risk_proxy","equity_pb_proxy,credit_spread_proxy"
1981-07-01,us,39.3996,3.5051815980629417,-4.76,-2.59,,11.69,,,8.55,8.45,,3.5051815980629417,research_proxy,-0.3467204542912343,fair,high,"buffett_indicator,equity_pe_proxy,shiller_pe_proxy,real_yield_proxy,term_spread,equity_risk_proxy","equity_pb_proxy,credit_spread_proxy"
1981-08-01,us,39.3996,4.122692307692313,-2.880000000000001,-3.219999999999999,,11.72,,,8.54,8.4,,4.122692307692313,research_proxy,-0.22846931741667967,fair,high,"buffett_indicator,equity_pe_proxy,shiller_pe_proxy,real_yield_proxy,term_spread,equity_risk_proxy","equity_pb_proxy,credit_spread_proxy"
1981-09-01,us,39.3996,4.35456495828368,-0.5499999999999989,-2.41,,12.91,,,7.75,7.58,,4.35456495828368,research_proxy,0.09224404394605283,fair,high,"buffett_indicator,equity_pe_proxy,shiller_pe_proxy,real_yield_proxy,term_spread,equity_risk_proxy","equity_pb_proxy,credit_spread_proxy"
1981-10-01,us,39.3996,4.878453364817009,0.07000000000000028,-2.380000000000001,,12.77,,,7.83,7.65,,4.878453364817009,research_proxy,0.12289668692018134,fair,high,"buffett_indicator,equity_pe_proxy,shiller_pe_proxy,real_yield_proxy,term_spread,equity_risk_proxy","equity_pb_proxy,credit_spread_proxy"
1981-11-01,us,39.3996,3.810560747663537,0.08000000000000007,-0.9199999999999999,,12.47,,,8.02,7.81,,3.810560747663537,research_proxy,0.29288856658009216,fair,high,"buffett_indicator,equity_pe_proxy,shiller_pe_proxy,real_yield_proxy,term_spread,equity_risk_proxy","equity_pb_proxy,credit_spread_proxy"
1981-12-01,us,39.3996,4.807962962962977,1.3500000000000014,-1.3100000000000005,,12.41,,,8.06,7.83,,4.807962962962977,research_proxy,0.33371275634821435,fair,high,"buffett_indicator,equity_pe_proxy,shiller_pe_proxy,real_yield_proxy,term_spread,equity_risk_proxy","equity_pb_proxy,credit_spread_proxy"
1982-01-01,us,43.5693,6.33311926605505,1.3699999999999992,-1.6500000000000004,,12.94,,,7.73,7.39,,6.33311926605505,research_proxy,0.2079513882053119,fair,high,"buffett_indicator,equity_pe_proxy,shiller_pe_proxy,real_yield_proxy,term_spread,equity_risk_proxy","equity_pb_proxy,credit_spread_proxy"
1982-02-01,us,43.5693,6.816363636363633,-0.34999999999999964,-1.3399999999999999,,13.09,,,7.64,7.18,,6.816363636363633,research_proxy,0.01587663220372319,fair,high,"buffett_indicator,equity_pe_proxy,shiller_pe_proxy,real_yield_proxy,term_spread,equity_risk_proxy","equity_pb_proxy,credit_spread_proxy"
1982-03-01,us,43.5693,6.975124153498851,-0.8200000000000003,-0.4900000000000002,,13.37,,,7.48,6.95,,6.975124153498851,research_proxy,0.020345292547677845,fair,high,"buffett_indicator,equity_pe_proxy,shiller_pe_proxy,real_yield_proxy,term_spread,equity_risk_proxy","equity_pb_proxy,credit_spread_proxy"
1982-04-01,us,43.5693,7.248226711560041,-1.0700000000000003,-1.3199999999999985,,12.55,,,7.97,7.26,,7.248226711560041,research_proxy,-0.0968196324707209,fair,high,"buffett_indicator,equity_pe_proxy,shiller_pe_proxy,real_yield_proxy,term_spread,equity_risk_proxy","equity_pb_proxy,credit_spread_proxy"
1982-05-01,us,43.5693,6.708071348940903,-0.8300000000000001,-1.2599999999999998,,12.36,,,8.09,7.19,,6.708071348940903,research_proxy,-0.03012012493589859,fair,high,"buffett_indicator,equity_pe_proxy,shiller_pe_proxy,real_yield_proxy,term_spread,equity_risk_proxy","equity_pb_proxy,credit_spread_proxy"
1982-06-01,us,43.5693,7.117679558011058,0.15000000000000036,-1.3800000000000008,,12.92,,,7.74,6.69,,7.117679558011058,research_proxy,0.05458203785385193,fair,high,"buffett_indicator,equity_pe_proxy,shiller_pe_proxy,real_yield_proxy,term_spread,equity_risk_proxy","equity_pb_proxy,credit_spread_proxy"
1982-07-01,us,43.5693,7.392622950819664,1.3599999999999994,-1.1799999999999997,,12.77,,,7.83,6.64,,7.392622950819664,research_proxy,0.18015912752669494,fair,high,"buffett_indicator,equity_pe_proxy,shiller_pe_proxy,real_yield_proxy,term_spread,equity_risk_proxy","equity_pb_proxy,credit_spread_proxy"
1982-08-01,us,43.5693,7.094707158351405,2.9400000000000013,-0.5099999999999998,,12.55,,,7.97,6.64,,7.094707158351405,research_proxy,0.41603444667249906,fair,high,"buffett_indicator,equity_pe_proxy,shiller_pe_proxy,real_yield_proxy,term_spread,equity_risk_proxy","equity_pb_proxy,credit_spread_proxy"
1982-09-01,us,43.5693,7.399076262083764,2.0299999999999994,-1.2599999999999998,,11.08,,,9.03,7.4,,7.399076262083764,research_proxy,0.2133902371991553,fair,high,"buffett_indicator,equity_pe_proxy,shiller_pe_proxy,real_yield_proxy,term_spread,equity_risk_proxy","equity_pb_proxy,credit_spread_proxy"
1982-10-01,us,43.5693,5.8778800856531115,1.1999999999999993,-0.9199999999999999,,9.99,,,10.01,8.0,,5.8778800856531115,research_proxy,0.22484551241578607,fair,high,"buffett_indicator,equity_pe_proxy,shiller_pe_proxy,real_yield_proxy,term_spread,equity_risk_proxy","equity_pb_proxy,credit_spread_proxy"
1982-11-01,us,43.5693,6.07238805970148,1.3500000000000014,-1.1800000000000015,,9.37,,,10.67,8.35,,6.07238805970148,research_proxy,0.19267727654570102,fair,high,"buffett_indicator,equity_pe_proxy,shiller_pe_proxy,real_yield_proxy,term_spread,equity_risk_proxy","equity_pb_proxy,credit_spread_proxy"
1982-12-01,us,43.5693,6.71428267800212,1.5899999999999999,-1.4699999999999989,,9.07,,,11.03,8.47,,6.71428267800212,research_proxy,0.14657751542163952,fair,high,"buffett_indicator,equity_pe_proxy,shiller_pe_proxy,real_yield_proxy,term_spread,equity_risk_proxy","equity_pb_proxy,credit_spread_proxy"
1983-01-01,us,49.7803,6.752372881355926,1.7800000000000011,-1.75,,8.71,,,11.48,8.76,,6.752372881355926,research_proxy,0.11255981543411941,fair,high,"buffett_indicator,equity_pe_proxy,shiller_pe_proxy,real_yield_proxy,term_spread,equity_risk_proxy","equity_pb_proxy,credit_spread_proxy"
1983-02-01,us,49.7803,7.235311510031677,2.210000000000001,-2.210000000000001,,8.51,,,11.75,8.91,,7.235311510031677,research_proxy,0.08684711429423436,fair,high,"buffett_indicator,equity_pe_proxy,shiller_pe_proxy,real_yield_proxy,term_spread,equity_risk_proxy","equity_pb_proxy,credit_spread_proxy"
1983-03-01,us,49.7803,6.919714889123554,1.7400000000000002,-2.33,,8.18,,,12.23,9.23,,6.919714889123554,research_proxy,0.03567523506720627,fair,high,"buffett_indicator,equity_pe_proxy,shiller_pe_proxy,real_yield_proxy,term_spread,equity_risk_proxy","equity_pb_proxy,credit_spread_proxy"
1983-04-01,us,49.7803,6.399999999999996,1.5999999999999996,-2.49,,7.91,,,12.64,9.53,,6.399999999999996,research_proxy,0.032862195077089616,fair,high,"buffett_indicator,equity_pe_proxy,shiller_pe_proxy,real_yield_proxy,term_spread,equity_risk_proxy","equity_pb_proxy,credit_spread_proxy"
1983-05-01,us,49.7803,6.938915537017721,1.75,-2.740000000000001,,7.64,,,13.09,9.87,,6.938915537017721,research_proxy,-0.018808768364511803,fair,high,"buffett_indicator,equity_pe_proxy,shiller_pe_proxy,real_yield_proxy,term_spread,equity_risk_proxy","equity_pb_proxy,credit_spread_proxy"
1983-06-01,us,49.7803,8.375773195876274,1.8699999999999992,-3.2799999999999994,,7.57,,,13.22,10.0,,8.375773195876274,research_proxy,-0.1464785113325129,fair,high,"buffett_indicator,equity_pe_proxy,shiller_pe_proxy,real_yield_proxy,term_spread,equity_risk_proxy","equity_pb_proxy,credit_spread_proxy"
1983-07-01,us,49.7803,9.021025641025638,2.0100000000000016,-3.700000000000001,,7.68,,,13.02,10.01,,9.021025641025638,research_proxy,-0.20197082764995009,fair,high,"buffett_indicator,equity_pe_proxy,shiller_pe_proxy,real_yield_proxy,term_spread,equity_risk_proxy","equity_pb_proxy,credit_spread_proxy"
1983-08-01,us,49.7803,9.393500511770743,2.289999999999999,-3.8100000000000005,,8.04,,,12.43,9.73,,9.393500511770743,research_proxy,-0.19037976055695127,fair,high,"buffett_indicator,equity_pe_proxy,shiller_pe_proxy,real_yield_proxy,term_spread,equity_risk_proxy","equity_pb_proxy,credit_spread_proxy"
1983-09-01,us,49.7803,8.88643807574207,2.200000000000001,-3.7,,7.95,,,12.57,9.98,,8.88643807574207,research_proxy,-0.1647279738496357,fair,high,"buffett_indicator,equity_pe_proxy,shiller_pe_proxy,real_yield_proxy,term_spread,equity_risk_proxy","equity_pb_proxy,credit_spread_proxy"
1983-10-01,us,49.7803,8.787706422018342,2.0599999999999987,-3.459999999999999,,8.08,,,12.38,10.0,,8.787706422018342,research_proxy,-0.1538643265165586,fair,high,"buffett_indicator,equity_pe_proxy,shiller_pe_proxy,real_yield_proxy,term_spread,equity_risk_proxy","equity_pb_proxy,credit_spread_proxy"
1983-11-01,us,49.7803,8.526734693877547,2.3499999999999996,-3.34,,8.35,,,11.98,9.85,,8.526734693877547,research_proxy,-0.0871946849288051,fair,high,"buffett_indicator,equity_pe_proxy,shiller_pe_proxy,real_yield_proxy,term_spread,equity_risk_proxy","equity_pb_proxy,credit_spread_proxy"
1983-12-01,us,49.7803,8.042896622313204,2.3599999999999994,-3.3000000000000007,,8.53,,,11.72,9.82,,8.042896622313204,research_proxy,-0.04560075977342174,fair,high,"buffett_indicator,equity_pe_proxy,shiller_pe_proxy,real_yield_proxy,term_spread,equity_risk_proxy","equity_pb_proxy,credit_spread_proxy"
1984-01-01,us,39.6809,7.379908069458649,2.1099999999999994,-2.99,,8.68,,,11.52,9.89,,7.379908069458649,research_proxy,0.028430778687783004,fair,high,"buffett_indicator,equity_pe_proxy,shiller_pe_proxy,real_yield_proxy,term_spread,equity_risk_proxy","equity_pb_proxy,credit_spread_proxy"
1984-02-01,us,39.6809,7.146122448979602,2.25,-2.4000000000000004,,9.44,,,10.59,9.32,,7.146122448979602,research_proxy,0.1260921662608716,fair,high,"buffett_indicator,equity_pe_proxy,shiller_pe_proxy,real_yield_proxy,term_spread,equity_risk_proxy","equity_pb_proxy,credit_spread_proxy"
1984-03-01,us,39.6809,7.4270336391437235,2.41,-2.620000000000001,,9.7,,,10.31,9.33,,7.4270336391437235,research_proxy,0.11289705153203468,fair,high,"buffett_indicator,equity_pe_proxy,shiller_pe_proxy,real_yield_proxy,term_spread,equity_risk_proxy","equity_pb_proxy,credit_spread_proxy"
1984-04-01,us,39.6809,8.075344129554654,2.3400000000000016,-2.75,,9.88,,,10.12,9.31,,8.075344129554654,research_proxy,0.055125957916744794,fair,high,"buffett_indicator,equity_pe_proxy,shiller_pe_proxy,real_yield_proxy,term_spread,equity_risk_proxy","equity_pb_proxy,credit_spread_proxy"
1984-05-01,us,39.6809,9.075322580645174,3.09,-3.2699999999999996,,10.14,,,9.86,9.23,,9.075322580645174,research_proxy,0.0370111012336389,fair,high,"buffett_indicator,equity_pe_proxy,shiller_pe_proxy,real_yield_proxy,term_spread,equity_risk_proxy","equity_pb_proxy,credit_spread_proxy"
1984-06-01,us,39.6809,9.23404426559356,2.5,-2.9800000000000004,,10.58,,,9.45,9.01,,9.23404426559356,research_proxy,-0.006899793658354414,fair,high,"buffett_indicator,equity_pe_proxy,shiller_pe_proxy,real_yield_proxy,term_spread,equity_risk_proxy","equity_pb_proxy,credit_spread_proxy"
1984-07-01,us,39.6809,9.051382765531063,2.129999999999999,-2.5599999999999987,,10.8,,,9.26,8.87,,9.051382765531063,research_proxy,0.0005151961171096139,fair,high,"buffett_indicator,equity_pe_proxy,shiller_pe_proxy,real_yield_proxy,term_spread,equity_risk_proxy","equity_pb_proxy,credit_spread_proxy"
1984-08-01,us,39.6809,8.424295704295684,1.08,-2.7200000000000006,,10.0,,,10.0,9.62,,8.424295704295684,research_proxy,-0.10722258851413106,fair,high,"buffett_indicator,equity_pe_proxy,shiller_pe_proxy,real_yield_proxy,term_spread,equity_risk_proxy","equity_pb_proxy,credit_spread_proxy"
1984-09-01,us,39.6809,8.237131474103588,1.2199999999999989,-2.549999999999999,,9.97,,,10.03,9.69,,8.237131474103588,research_proxy,-0.06923200213265616,fair,high,"buffett_indicator,equity_pe_proxy,shiller_pe_proxy,real_yield_proxy,term_spread,equity_risk_proxy","equity_pb_proxy,credit_spread_proxy"
1984-10-01,us,39.6809,7.894126984126977,2.17,-2.0999999999999996,,10.06,,,9.94,9.6,,7.894126984126977,research_proxy,0.09153470869250326,fair,high,"buffett_indicator,equity_pe_proxy,shiller_pe_proxy,real_yield_proxy,term_spread,equity_risk_proxy","equity_pb_proxy,credit_spread_proxy"
1984-11-01,us,39.6809,7.415697329376845,2.1400000000000006,-1.58,,9.99,,,10.01,9.69,,7.415697329376845,research_proxy,0.15449046338062986,fair,high,"buffett_indicator,equity_pe_proxy,shiller_pe_proxy,real_yield_proxy,term_spread,equity_risk_proxy","equity_pb_proxy,credit_spread_proxy"
1984-12-01,us,39.6809,7.456607495069046,3.119999999999999,-1.3800000000000008,,10.12,,,9.89,9.6,,7.456607495069046,research_proxy,0.2752236380540762,fair,high,"buffett_indicator,equity_pe_proxy,shiller_pe_proxy,real_yield_proxy,term_spread,equity_risk_proxy","equity_pb_proxy,credit_spread_proxy"
1985-01-01,us,53.0276,7.854045053868741,3.030000000000001,-1.7300000000000004,,9.65,,,10.36,10.0,,7.854045053868741,research_proxy,0.1561032654033092,fair,high,"buffett_indicator,equity_pe_proxy,shiller_pe_proxy,real_yield_proxy,term_spread,equity_risk_proxy","equity_pb_proxy,credit_spread_proxy"
1985-02-01,us,53.0276,7.9037621832358536,3.01,-2.4000000000000004,,9.11,,,10.98,10.49,,7.9037621832358536,research_proxy,0.08476752481970092,fair,high,"buffett_indicator,equity_pe_proxy,shiller_pe_proxy,real_yield_proxy,term_spread,equity_risk_proxy","equity_pb_proxy,credit_spread_proxy"
1985-03-01,us,53.0276,8.069912536443153,3.2799999999999994,-2.719999999999999,,9.14,,,10.95,10.37,,8.069912536443153,research_proxy,0.08308973398132473,fair,high,"buffett_indicator,equity_pe_proxy,shiller_pe_proxy,real_yield_proxy,term_spread,equity_risk_proxy","equity_pb_proxy,credit_spread_proxy"
1985-04-01,us,53.0276,7.8481994191674715,3.16,-2.5,,8.93,,,11.2,10.4,,7.8481994191674715,research_proxy,0.09622965870454599,fair,high,"buffett_indicator,equity_pe_proxy,shiller_pe_proxy,real_yield_proxy,term_spread,equity_risk_proxy","equity_pb_proxy,credit_spread_proxy"
1985-05-01,us,53.0276,7.275120772946848,2.88,-2.2699999999999996,,8.58,,,11.65,10.61,,7.275120772946848,research_proxy,0.11026182207847353,fair,high,"buffett_indicator,equity_pe_proxy,shiller_pe_proxy,real_yield_proxy,term_spread,equity_risk_proxy","equity_pb_proxy,credit_spread_proxy"
1985-06-01,us,53.0276,6.495583413693349,2.63,-1.9000000000000004,,8.26,,,12.1,10.81,,6.495583413693349,research_proxy,0.15164260026413787,fair,high,"buffett_indicator,equity_pe_proxy,shiller_pe_proxy,real_yield_proxy,term_spread,equity_risk_proxy","equity_pb_proxy,credit_spread_proxy"
1985-07-01,us,53.0276,6.851786743515834,2.4300000000000006,-2.2700000000000014,,8.04,,,12.43,11.0,,6.851786743515834,research_proxy,0.07104433852934634,fair,high,"buffett_indicator,equity_pe_proxy,shiller_pe_proxy,real_yield_proxy,term_spread,equity_risk_proxy","equity_pb_proxy,credit_spread_proxy"
1985-08-01,us,53.0276,6.977509578544066,2.4299999999999997,-2.17,,8.16,,,12.26,10.74,,6.977509578544066,research_proxy,0.07708492061355869,fair,high,"buffett_indicator,equity_pe_proxy,shiller_pe_proxy,real_yield_proxy,term_spread,equity_risk_proxy","equity_pb_proxy,credit_spread_proxy"
1985-09-01,us,53.0276,7.122626552053499,2.4499999999999993,-2.0999999999999996,,8.27,,,12.09,10.47,,7.122626552053499,research_proxy,0.08206445975040037,fair,high,"buffett_indicator,equity_pe_proxy,shiller_pe_proxy,real_yield_proxy,term_spread,equity_risk_proxy","equity_pb_proxy,credit_spread_proxy"
1985-10-01,us,53.0276,7.004985727878217,2.25,-2.17,,8.07,,,12.39,10.55,,7.004985727878217,research_proxy,0.05746365899094371,fair,high,"buffett_indicator,equity_pe_proxy,shiller_pe_proxy,real_yield_proxy,term_spread,equity_risk_proxy","equity_pb_proxy,credit_spread_proxy"
1985-11-01,us,53.0276,6.26622981956314,1.7299999999999986,-2.2799999999999994,,7.5,,,13.33,11.16,,6.26622981956314,research_proxy,0.017874982206752914,fair,high,"buffett_indicator,equity_pe_proxy,shiller_pe_proxy,real_yield_proxy,term_spread,equity_risk_proxy","equity_pb_proxy,credit_spread_proxy"
1985-12-01,us,53.0276,5.468530805687209,0.9900000000000002,-2.21,,7.05,,,14.19,11.69,,5.468530805687209,research_proxy,-0.02613624060161479,fair,high,"buffett_indicator,equity_pe_proxy,shiller_pe_proxy,real_yield_proxy,term_spread,equity_risk_proxy","equity_pb_proxy,credit_spread_proxy"
1986-01-01,us,55.418,5.216490066225166,1.049999999999999,-2.1899999999999995,,7.0,,,14.28,11.72,,5.216490066225166,research_proxy,-0.01059481394471414,fair,high,"buffett_indicator,equity_pe_proxy,shiller_pe_proxy,real_yield_proxy,term_spread,equity_risk_proxy","equity_pb_proxy,credit_spread_proxy"
1986-02-01,us,55.418,5.5015051740357395,0.839999999999999,-2.0699999999999994,,6.63,,,15.08,12.39,,5.5015051740357395,research_proxy,-0.06982649085933353,fair,high,"buffett_indicator,equity_pe_proxy,shiller_pe_proxy,real_yield_proxy,term_spread,equity_risk_proxy","equity_pb_proxy,credit_spread_proxy"
1986-03-01,us,55.418,5.626441947565555,0.2999999999999998,-1.5300000000000002,,6.25,,,16.0,13.19,,5.626441947565555,research_proxy,-0.12888874298294617,fair,high,"buffett_indicator,equity_pe_proxy,shiller_pe_proxy,real_yield_proxy,term_spread,equity_risk_proxy","equity_pb_proxy,credit_spread_proxy"
1986-04-01,us,55.418,5.711214953271031,0.3099999999999996,-1.17,,6.13,,,16.32,13.55,,5.711214953271031,research_proxy,-0.12046659089237004,fair,high,"buffett_indicator,equity_pe_proxy,shiller_pe_proxy,real_yield_proxy,term_spread,equity_risk_proxy","equity_pb_proxy,credit_spread_proxy"
1986-05-01,us,55.418,6.030895522388052,0.8600000000000003,-1.5700000000000003,,6.14,,,16.28,13.56,,6.030895522388052,research_proxy,-0.11034839133760095,fair,high,"buffett_indicator,equity_pe_proxy,shiller_pe_proxy,real_yield_proxy,term_spread,equity_risk_proxy","equity_pb_proxy,credit_spread_proxy"
1986-06-01,us,55.418,6.032558139534887,0.8799999999999999,-1.7999999999999998,,6.0,,,16.68,13.89,,6.032558139534887,research_proxy,-0.1369033158358249,fair,high,"buffett_indicator,equity_pe_proxy,shiller_pe_proxy,real_yield_proxy,term_spread,equity_risk_proxy","equity_pb_proxy,credit_spread_proxy"
1986-07-01,us,55.418,5.628690807799446,0.7400000000000002,-1.1600000000000001,,6.14,,,16.28,13.62,,5.628690807799446,research_proxy,-0.06836096360620052,fair,high,"buffett_indicator,equity_pe_proxy,shiller_pe_proxy,real_yield_proxy,term_spread,equity_risk_proxy","equity_pb_proxy,credit_spread_proxy"
1986-08-01,us,55.418,5.594467099165902,1.0,-1.13,,6.04,,,16.55,13.89,,5.594467099165902,research_proxy,-0.04521423087720141,fair,high,"buffett_indicator,equity_pe_proxy,shiller_pe_proxy,real_yield_proxy,term_spread,equity_risk_proxy","equity_pb_proxy,credit_spread_proxy"
1986-09-01,us,55.418,5.692368177613315,1.5600000000000005,-1.2199999999999998,,6.23,,,16.05,13.47,,5.692368177613315,research_proxy,0.018240985604538424,fair,high,"buffett_indicator,equity_pe_proxy,shiller_pe_proxy,real_yield_proxy,term_spread,equity_risk_proxy","equity_pb_proxy,credit_spread_proxy"
1986-10-01,us,55.418,5.863179723502295,1.58,-1.2299999999999995,,6.2,,,16.12,13.43,,5.863179723502295,research_proxy,0.007712699614531508,fair,high,"buffett_indicator,equity_pe_proxy,shiller_pe_proxy,real_yield_proxy,term_spread,equity_risk_proxy","equity_pb_proxy,credit_spread_proxy"
1986-11-01,us,55.418,5.965596330275224,1.21,-1.29,,5.96,,,16.78,13.87,,5.965596330275224,research_proxy,-0.0622125420190307,fair,high,"buffett_indicator,equity_pe_proxy,shiller_pe_proxy,real_yield_proxy,term_spread,equity_risk_proxy","equity_pb_proxy,credit_spread_proxy"
1986-12-01,us,55.418,5.922785388127855,0.20000000000000018,-1.29,,5.82,,,17.17,14.09,,5.922785388127855,research_proxy,-0.17879401347564272,fair,high,"buffett_indicator,equity_pe_proxy,shiller_pe_proxy,real_yield_proxy,term_spread,equity_risk_proxy","equity_pb_proxy,credit_spread_proxy"
1987-01-01,us,52.1453,5.715122838944489,0.6500000000000004,-1.5300000000000002,,5.55,,,18.01,14.92,,5.715122838944489,research_proxy,-0.15122194951382578,fair,high,"buffett_indicator,equity_pe_proxy,shiller_pe_proxy,real_yield_proxy,term_spread,equity_risk_proxy","equity_pb_proxy,credit_spread_proxy"
1987-02-01,us,52.1453,5.3356882406563315,1.1500000000000004,-1.9500000000000002,,5.3,,,18.86,15.82,,5.3356882406563315,research_proxy,-0.13101567768229,fair,high,"buffett_indicator,equity_pe_proxy,shiller_pe_proxy,real_yield_proxy,term_spread,equity_risk_proxy","equity_pb_proxy,credit_spread_proxy"
1987-03-01,us,52.1453,4.40857011915674,1.12,-2.09,,5.16,,,19.37,16.43,,4.40857011915674,research_proxy,-0.10020992625867908,fair,high,"buffett_indicator,equity_pe_proxy,shiller_pe_proxy,real_yield_proxy,term_spread,equity_risk_proxy","equity_pb_proxy,credit_spread_proxy"
1987-04-01,us,52.1453,4.340147194112237,1.6499999999999995,-2.88,,5.14,,,19.45,16.2,,4.340147194112237,research_proxy,-0.08997150350373755,fair,high,"buffett_indicator,equity_pe_proxy,shiller_pe_proxy,real_yield_proxy,term_spread,equity_risk_proxy","equity_pb_proxy,credit_spread_proxy"
1987-05-01,us,52.1453,4.940275229357797,1.7599999999999998,-3.539999999999999,,5.07,,,19.74,16.16,,4.940275229357797,research_proxy,-0.1688547335336128,fair,high,"buffett_indicator,equity_pe_proxy,shiller_pe_proxy,real_yield_proxy,term_spread,equity_risk_proxy","equity_pb_proxy,credit_spread_proxy"
1987-06-01,us,52.1453,4.652285191956122,1.67,-3.62,,4.78,,,20.9,16.83,,4.652285191956122,research_proxy,-0.19527489902026787,fair,high,"buffett_indicator,equity_pe_proxy,shiller_pe_proxy,real_yield_proxy,term_spread,equity_risk_proxy","equity_pb_proxy,credit_spread_proxy"
1987-07-01,us,52.1453,4.523059360730605,1.8699999999999992,-3.6499999999999995,,4.8,,,20.81,17.31,,4.523059360730605,research_proxy,-0.17489529862371855,fair,high,"buffett_indicator,equity_pe_proxy,shiller_pe_proxy,real_yield_proxy,term_spread,equity_risk_proxy","equity_pb_proxy,credit_spread_proxy"
1987-08-01,us,52.1453,4.471678832116775,2.0299999999999994,-4.09,,4.67,,,21.42,18.33,,4.471678832116775,research_proxy,-0.21402401218923248,fair,high,"buffett_indicator,equity_pe_proxy,shiller_pe_proxy,real_yield_proxy,term_spread,equity_risk_proxy","equity_pb_proxy,credit_spread_proxy"
1987-09-01,us,52.1453,5.147272727272727,2.2,-4.4399999999999995,,4.98,,,20.09,17.68,,5.147272727272727,research_proxy,-0.23327806529103687,fair,high,"buffett_indicator,equity_pe_proxy,shiller_pe_proxy,real_yield_proxy,term_spread,equity_risk_proxy","equity_pb_proxy,credit_spread_proxy"
1987-10-01,us,52.1453,5.164283121597095,2.2299999999999995,-3.6599999999999993,,5.86,,,17.08,15.53,,5.164283121597095,research_proxy,-0.08873644314738975,fair,high,"buffett_indicator,equity_pe_proxy,shiller_pe_proxy,real_yield_proxy,term_spread,equity_risk_proxy","equity_pb_proxy,credit_spread_proxy"
1987-11-01,us,52.1453,4.331014492753614,2.169999999999999,-1.9399999999999995,,6.92,,,14.45,13.59,,4.331014492753614,research_proxy,0.15994098554279454,fair,high,"buffett_indicator,equity_pe_proxy,shiller_pe_proxy,real_yield_proxy,term_spread,equity_risk_proxy","equity_pb_proxy,credit_spread_proxy"
1987-12-01,us,52.1453,4.657870036101088,2.2200000000000006,-1.7300000000000004,,7.26,,,13.77,13.39,,4.657870036101088,research_proxy,0.17189272659390953,fair,high,"buffett_indicator,equity_pe_proxy,shiller_pe_proxy,real_yield_proxy,term_spread,equity_risk_proxy","equity_pb_proxy,credit_spread_proxy"
1988-01-01,us,53.0884,4.540736086175956,1.8399999999999999,-1.54,,7.13,,,14.02,13.9,,4.540736086175956,research_proxy,0.13523527041438252,fair,high,"buffett_indicator,equity_pe_proxy,shiller_pe_proxy,real_yield_proxy,term_spread,equity_risk_proxy","equity_pb_proxy,credit_spread_proxy"
1988-02-01,us,53.0884,4.2744007155635035,1.6300000000000008,-1.1500000000000012,,7.06,,,14.16,14.3,,4.2744007155635035,research_proxy,0.14798576326488297,fair,high,"buffett_indicator,equity_pe_proxy,shiller_pe_proxy,real_yield_proxy,term_spread,equity_risk_proxy","equity_pb_proxy,credit_spread_proxy"
1988-03-01,us,53.0884,4.537557932263813,1.7899999999999991,-1.3699999999999992,,7.0,,,14.29,14.67,,4.537557932263813,research_proxy,0.12269270664023925,fair,high,"buffett_indicator,equity_pe_proxy,shiller_pe_proxy,real_yield_proxy,term_spread,equity_risk_proxy","equity_pb_proxy,credit_spread_proxy"
1988-04-01,us,53.0884,4.727098491570543,1.8500000000000005,-1.2500000000000009,,7.47,,,13.39,14.43,,4.727098491570543,research_proxy,0.14301156992794484,fair,high,"buffett_indicator,equity_pe_proxy,shiller_pe_proxy,real_yield_proxy,term_spread,equity_risk_proxy","equity_pb_proxy,credit_spread_proxy"
1988-05-01,us,53.0884,5.107699115044253,2.0,-1.0299999999999994,,8.06,,,12.41,14.03,,5.107699115044253,research_proxy,0.17129431714891455,fair,high,"buffett_indicator,equity_pe_proxy,shiller_pe_proxy,real_yield_proxy,term_spread,equity_risk_proxy","equity_pb_proxy,credit_spread_proxy"
1988-06-01,us,53.0884,4.95524229074889,1.4100000000000001,-0.9100000000000001,,8.01,,,12.49,14.77,,4.95524229074889,research_proxy,0.11058123468508645,fair,high,"buffett_indicator,equity_pe_proxy,shiller_pe_proxy,real_yield_proxy,term_spread,equity_risk_proxy","equity_pb_proxy,credit_spread_proxy"
1988-07-01,us,53.0884,4.929947275922663,1.3100000000000005,-0.8800000000000008,,8.18,,,12.22,14.61,,4.929947275922663,research_proxy,0.11084885002144722,fair,high,"buffett_indicator,equity_pe_proxy,shiller_pe_proxy,real_yield_proxy,term_spread,equity_risk_proxy","equity_pb_proxy,credit_spread_proxy"
1988-08-01,us,53.0884,5.148013998250221,1.25,-0.7699999999999996,,8.49,,,11.78,14.24,,5.148013998250221,research_proxy,0.11104804370426424,fair,high,"buffett_indicator,equity_pe_proxy,shiller_pe_proxy,real_yield_proxy,term_spread,equity_risk_proxy","equity_pb_proxy,credit_spread_proxy"
1988-09-01,us,53.0884,4.795170008718398,0.7900000000000009,-0.5,,8.48,,,11.79,14.37,,4.795170008718398,research_proxy,0.10159577180019697,fair,high,"buffett_indicator,equity_pe_proxy,shiller_pe_proxy,real_yield_proxy,term_spread,equity_risk_proxy","equity_pb_proxy,credit_spread_proxy"
1988-10-01,us,53.0884,4.539130434782594,0.5,-0.4800000000000004,,8.32,,,12.02,14.81,,4.539130434782594,research_proxy,0.07704174731519864,fair,high,"buffett_indicator,equity_pe_proxy,shiller_pe_proxy,real_yield_proxy,term_spread,equity_risk_proxy","equity_pb_proxy,credit_spread_proxy"
1988-11-01,us,53.0884,4.713899480069339,0.6100000000000012,-0.3200000000000003,,8.64,,,11.57,14.45,,4.713899480069339,research_proxy,0.10203853779050111,fair,high,"buffett_indicator,equity_pe_proxy,shiller_pe_proxy,real_yield_proxy,term_spread,equity_risk_proxy","equity_pb_proxy,credit_spread_proxy"
1988-12-01,us,53.0884,4.698235294117639,0.34999999999999964,-0.5199999999999996,,8.59,,,11.64,14.7,,4.698235294117639,research_proxy,0.05508660140549778,fair,high,"buffett_indicator,equity_pe_proxy,shiller_pe_proxy,real_yield_proxy,term_spread,equity_risk_proxy","equity_pb_proxy,credit_spread_proxy"
1989-01-01,us,59.9519,4.607241379310347,-0.02999999999999936,-0.629999999999999,,8.46,,,11.82,15.09,,4.607241379310347,research_proxy,-0.019809096232863293,fair,high,"buffett_indicator,equity_pe_proxy,shiller_pe_proxy,real_yield_proxy,term_spread,equity_risk_proxy","equity_pb_proxy,credit_spread_proxy"
1989-02-01,us,59.9519,4.522839931153199,-0.1899999999999995,-0.8200000000000003,,8.35,,,11.97,15.47,,4.522839931153199,research_proxy,-0.0543039735893621,fair,high,"buffett_indicator,equity_pe_proxy,shiller_pe_proxy,real_yield_proxy,term_spread,equity_risk_proxy","equity_pb_proxy,credit_spread_proxy"
1989-03-01,us,59.9519,4.4672961373390585,-0.4900000000000002,-0.8300000000000001,,8.53,,,11.73,15.3,,4.4672961373390585,research_proxy,-0.0766468309496699,fair,high,"buffett_indicator,equity_pe_proxy,shiller_pe_proxy,real_yield_proxy,term_spread,equity_risk_proxy","equity_pb_proxy,credit_spread_proxy"
1989-04-01,us,59.9519,4.1458703071672325,-0.6600000000000001,-0.8900000000000006,,8.29,,,12.07,15.69,,4.1458703071672325,research_proxy,-0.09001783076739293,fair,high,"buffett_indicator,equity_pe_proxy,shiller_pe_proxy,real_yield_proxy,term_spread,equity_risk_proxy","equity_pb_proxy,credit_spread_proxy"
1989-05-01,us,59.9519,3.583404255319154,-0.9500000000000011,-0.8499999999999996,,8.01,,,12.49,16.19,,3.583404255319154,research_proxy,-0.09625452297053687,fair,high,"buffett_indicator,equity_pe_proxy,shiller_pe_proxy,real_yield_proxy,term_spread,equity_risk_proxy","equity_pb_proxy,credit_spread_proxy"
1989-06-01,us,59.9519,3.110508474576279,-1.25,-0.4899999999999993,,7.79,,,12.84,16.64,,3.110508474576279,research_proxy,-0.0853611552333089,fair,high,"buffett_indicator,equity_pe_proxy,shiller_pe_proxy,real_yield_proxy,term_spread,equity_risk_proxy","equity_pb_proxy,credit_spread_proxy"
1989-07-01,us,59.9519,2.9567088607594885,-1.2200000000000006,-0.5699999999999994,,7.45,,,13.43,17.01,,2.9567088607594885,research_proxy,-0.09341255559290922,fair,high,"buffett_indicator,equity_pe_proxy,shiller_pe_proxy,real_yield_proxy,term_spread,equity_risk_proxy","equity_pb_proxy,credit_spread_proxy"
1989-08-01,us,59.9519,3.4881512605041953,-0.8800000000000008,-1.129999999999999,,6.98,,,14.32,17.73,,3.4881512605041953,research_proxy,-0.1597898875251822,fair,high,"buffett_indicator,equity_pe_proxy,shiller_pe_proxy,real_yield_proxy,term_spread,equity_risk_proxy","equity_pb_proxy,credit_spread_proxy"
1989-09-01,us,59.9519,3.7548535564853625,-0.8300000000000001,-1.3699999999999992,,6.82,,,14.66,17.71,,3.7548535564853625,research_proxy,-0.1941943694030417,fair,high,"buffett_indicator,equity_pe_proxy,shiller_pe_proxy,real_yield_proxy,term_spread,equity_risk_proxy","equity_pb_proxy,credit_spread_proxy"
1989-10-01,us,59.9519,3.422844036697253,-0.8300000000000001,-1.2699999999999996,,6.74,,,14.84,17.64,,3.422844036697253,research_proxy,-0.1658504917631293,fair,high,"buffett_indicator,equity_pe_proxy,shiller_pe_proxy,real_yield_proxy,term_spread,equity_risk_proxy","equity_pb_proxy,credit_spread_proxy"
1989-11-01,us,59.9519,3.2149709060681495,-0.6800000000000006,-1.0700000000000003,,6.8,,,14.7,17.24,,3.2149709060681495,research_proxy,-0.11146909514389076,fair,high,"buffett_indicator,equity_pe_proxy,shiller_pe_proxy,real_yield_proxy,term_spread,equity_risk_proxy","equity_pb_proxy,credit_spread_proxy"
1989-12-01,us,59.9519,3.2003976801988383,-0.6099999999999994,-1.2800000000000002,,6.56,,,15.24,17.65,,3.2003976801988383,research_proxy,-0.13381530454466828,fair,high,"buffett_indicator,equity_pe_proxy,shiller_pe_proxy,real_yield_proxy,term_spread,equity_risk_proxy","equity_pb_proxy,credit_spread_proxy"
1990-01-01,us,51.8761,3.011980198019798,-0.019999999999999574,-1.6000000000000005,,6.61,,,15.13,17.05,,3.011980198019798,research_proxy,-0.04009986030013163,fair,high,"buffett_indicator,equity_pe_proxy,shiller_pe_proxy,real_yield_proxy,term_spread,equity_risk_proxy","equity_pb_proxy,credit_spread_proxy"
1990-02-01,us,51.8761,3.2068421052631644,0.23000000000000043,-1.790000000000001,,6.68,,,14.97,16.51,,3.2068421052631644,research_proxy,-0.026639955855331198,fair,high,"buffett_indicator,equity_pe_proxy,shiller_pe_proxy,real_yield_proxy,term_spread,equity_risk_proxy","equity_pb_proxy,credit_spread_proxy"
1990-03-01,us,51.8761,3.352684124386265,0.3100000000000005,-2.1899999999999995,,6.4,,,15.62,16.83,,3.352684124386265,research_proxy,-0.07206121508275933,fair,high,"buffett_indicator,equity_pe_proxy,shiller_pe_proxy,real_yield_proxy,term_spread,equity_risk_proxy","equity_pb_proxy,credit_spread_proxy"
1990-04-01,us,51.8761,4.078383428107214,0.5299999999999994,-2.419999999999999,,6.37,,,15.7,16.81,,4.078383428107214,research_proxy,-0.1148656596118775,fair,high,"buffett_indicator,equity_pe_proxy,shiller_pe_proxy,real_yield_proxy,term_spread,equity_risk_proxy","equity_pb_proxy,credit_spread_proxy"
1990-05-01,us,51.8761,4.394599838318523,0.5800000000000001,-2.6499999999999995,,6.11,,,16.37,17.39,,4.394599838318523,research_proxy,-0.16875659304294977,fair,high,"buffett_indicator,equity_pe_proxy,shiller_pe_proxy,real_yield_proxy,term_spread,equity_risk_proxy","equity_pb_proxy,credit_spread_proxy"
1990-06-01,us,51.8761,3.8063497179693613,0.19000000000000128,-2.58,,5.9,,,16.95,17.82,,3.8063497179693613,research_proxy,-0.1830275907892666,fair,high,"buffett_indicator,equity_pe_proxy,shiller_pe_proxy,real_yield_proxy,term_spread,equity_risk_proxy","equity_pb_proxy,credit_spread_proxy"
1990-07-01,us,51.8761,3.6507228915662724,0.3200000000000003,-2.5200000000000005,,5.95,,,16.81,17.75,,3.6507228915662724,research_proxy,-0.1506072178200695,fair,high,"buffett_indicator,equity_pe_proxy,shiller_pe_proxy,real_yield_proxy,term_spread,equity_risk_proxy","equity_pb_proxy,credit_spread_proxy"
1990-08-01,us,51.8761,3.0471887550200893,0.6199999999999992,-2.2300000000000004,,6.52,,,15.33,16.17,,3.0471887550200893,research_proxy,-0.0030262564175918827,fair,high,"buffett_indicator,equity_pe_proxy,shiller_pe_proxy,real_yield_proxy,term_spread,equity_risk_proxy","equity_pb_proxy,credit_spread_proxy"
1990-09-01,us,51.8761,2.7201282051281943,0.6900000000000013,-2.000000000000001,,6.89,,,14.51,15.3,,2.7201282051281943,research_proxy,0.07255757064583628,fair,high,"buffett_indicator,equity_pe_proxy,shiller_pe_proxy,real_yield_proxy,term_spread,equity_risk_proxy","equity_pb_proxy,credit_spread_proxy"
1990-10-01,us,51.8761,2.340414673046249,0.6100000000000012,-1.6800000000000006,,7.04,,,14.21,14.82,,2.340414673046249,research_proxy,0.12621418428226583,fair,high,"buffett_indicator,equity_pe_proxy,shiller_pe_proxy,real_yield_proxy,term_spread,equity_risk_proxy","equity_pb_proxy,credit_spread_proxy"
1990-11-01,us,51.8761,2.1946068308181275,0.580000000000001,-1.580000000000001,,6.81,,,14.68,15.19,,2.1946068308181275,research_proxy,0.1255045180941323,fair,high,"buffett_indicator,equity_pe_proxy,shiller_pe_proxy,real_yield_proxy,term_spread,equity_risk_proxy","equity_pb_proxy,credit_spread_proxy"
1990-12-01,us,51.8761,1.825051464766438,0.7700000000000005,-1.5899999999999999,,6.49,,,15.41,15.85,,1.825051464766438,research_proxy,0.1466092565720031,fair,high,"buffett_indicator,equity_pe_proxy,shiller_pe_proxy,real_yield_proxy,term_spread,equity_risk_proxy","equity_pb_proxy,credit_spread_proxy"
1991-01-01,us,67.5464,2.442941176470595,1.1799999999999997,-1.5700000000000003,,6.52,,,15.35,15.61,,2.442941176470595,research_proxy,0.10543833932067981,fair,high,"buffett_indicator,equity_pe_proxy,shiller_pe_proxy,real_yield_proxy,term_spread,equity_risk_proxy","equity_pb_proxy,credit_spread_proxy"
1991-02-01,us,67.5464,2.5374999999999908,1.5999999999999996,-2.0299999999999994,,5.82,,,17.19,17.36,,2.5374999999999908,research_proxy,0.049942691119375555,fair,high,"buffett_indicator,equity_pe_proxy,shiller_pe_proxy,real_yield_proxy,term_spread,equity_risk_proxy","equity_pb_proxy,credit_spread_proxy"
1991-03-01,us,67.5464,3.2888491446345025,1.9899999999999993,-2.4899999999999993,,5.62,,,17.78,17.82,,3.2888491446345025,research_proxy,-0.00945378175727212,fair,high,"buffett_indicator,equity_pe_proxy,shiller_pe_proxy,real_yield_proxy,term_spread,equity_risk_proxy","equity_pb_proxy,credit_spread_proxy"
1991-04-01,us,67.5464,3.230069821567124,2.129999999999999,-2.6599999999999993,,5.38,,,18.58,18.16,,3.230069821567124,research_proxy,-0.021015348692826535,fair,high,"buffett_indicator,equity_pe_proxy,shiller_pe_proxy,real_yield_proxy,term_spread,equity_risk_proxy","equity_pb_proxy,credit_spread_proxy"
1991-05-01,us,67.5464,3.0351432997676184,2.29,-2.8000000000000007,,5.27,,,18.98,18.03,,3.0351432997676184,research_proxy,-0.003676077820075128,fair,high,"buffett_indicator,equity_pe_proxy,shiller_pe_proxy,real_yield_proxy,term_spread,equity_risk_proxy","equity_pb_proxy,credit_spread_proxy"
1991-06-01,us,67.5464,3.584080061585838,2.379999999999999,-3.1499999999999995,,5.13,,,19.49,18.01,,3.584080061585838,research_proxy,-0.06336365054301225,fair,high,"buffett_indicator,equity_pe_proxy,shiller_pe_proxy,real_yield_proxy,term_spread,equity_risk_proxy","equity_pb_proxy,credit_spread_proxy"
1991-07-01,us,67.5464,3.9021839080459753,2.4499999999999993,-3.3,,4.97,,,20.14,18.1,,3.9021839080459753,research_proxy,-0.09974786172596976,fair,high,"buffett_indicator,equity_pe_proxy,shiller_pe_proxy,real_yield_proxy,term_spread,equity_risk_proxy","equity_pb_proxy,credit_spread_proxy"
1991-08-01,us,67.5464,4.100607902735569,2.24,-3.1900000000000004,,4.71,,,21.22,18.51,,4.100607902735569,research_proxy,-0.15293268086698486,fair,high,"buffett_indicator,equity_pe_proxy,shiller_pe_proxy,real_yield_proxy,term_spread,equity_risk_proxy","equity_pb_proxy,credit_spread_proxy"
1991-09-01,us,67.5464,4.2537735849056615,2.2,-3.0500000000000007,,4.6,,,21.73,18.36,,4.2537735849056615,research_proxy,-0.16286077800051438,fair,high,"buffett_indicator,equity_pe_proxy,shiller_pe_proxy,real_yield_proxy,term_spread,equity_risk_proxy","equity_pb_proxy,credit_spread_proxy"
1991-10-01,us,67.5464,4.681424287856081,2.3200000000000003,-3.08,,4.45,,,22.49,18.35,,4.681424287856081,research_proxy,-0.19270604233804223,fair,high,"buffett_indicator,equity_pe_proxy,shiller_pe_proxy,real_yield_proxy,term_spread,equity_risk_proxy","equity_pb_proxy,credit_spread_proxy"
1991-11-01,us,67.5464,4.3534330590874815,2.6100000000000003,-3.12,,4.3,,,23.27,18.29,,4.3534330590874815,research_proxy,-0.1523951266194449,fair,high,"buffett_indicator,equity_pe_proxy,shiller_pe_proxy,real_yield_proxy,term_spread,equity_risk_proxy","equity_pb_proxy,credit_spread_proxy"
1991-12-01,us,67.5464,4.109374068554387,2.66,-2.9799999999999995,,4.11,,,24.33,18.44,,4.109374068554387,research_proxy,-0.13964300522491782,fair,high,"buffett_indicator,equity_pe_proxy,shiller_pe_proxy,real_yield_proxy,term_spread,equity_risk_proxy","equity_pb_proxy,credit_spread_proxy"
1992-01-01,us,69.718,4.357394209354101,3.0,-3.1700000000000004,,3.86,,,25.93,19.77,,4.357394209354101,research_proxy,-0.19055610850758942,fair,high,"buffett_indicator,equity_pe_proxy,shiller_pe_proxy,real_yield_proxy,term_spread,equity_risk_proxy","equity_pb_proxy,credit_spread_proxy"
1992-02-01,us,69.718,4.52100890207717,3.2800000000000002,-3.4299999999999997,,3.91,,,25.6,19.58,,4.52100890207717,research_proxy,-0.18084027622480603,fair,high,"buffett_indicator,equity_pe_proxy,shiller_pe_proxy,real_yield_proxy,term_spread,equity_risk_proxy","equity_pb_proxy,credit_spread_proxy"
1992-03-01,us,69.718,4.350089020771528,3.56,-3.57,,3.97,,,25.16,19.28,,4.350089020771528,research_proxy,-0.13599719186055736,fair,high,"buffett_indicator,equity_pe_proxy,shiller_pe_proxy,real_yield_proxy,term_spread,equity_risk_proxy","equity_pb_proxy,credit_spread_proxy"
1992-04-01,us,69.718,4.297172464840852,3.7500000000000004,-3.4400000000000004,,4.04,,,24.73,19.3,,4.297172464840852,research_proxy,-0.09657638490788967,fair,high,"buffett_indicator,equity_pe_proxy,shiller_pe_proxy,real_yield_proxy,term_spread,equity_risk_proxy","equity_pb_proxy,credit_spread_proxy"
1992-05-01,us,69.718,4.366401179940995,3.57,-3.3499999999999996,,4.04,,,24.75,19.66,,4.366401179940995,research_proxy,-0.12187127331048127,fair,high,"buffett_indicator,equity_pe_proxy,shiller_pe_proxy,real_yield_proxy,term_spread,equity_risk_proxy","equity_pb_proxy,credit_spread_proxy"
1992-06-01,us,69.718,4.245294117647069,3.5,-3.08,,4.18,,,23.95,19.31,,4.245294117647069,research_proxy,-0.08324350471574753,fair,high,"buffett_indicator,equity_pe_proxy,shiller_pe_proxy,real_yield_proxy,term_spread,equity_risk_proxy","equity_pb_proxy,credit_spread_proxy"
1992-07-01,us,69.718,3.6828781204111465,3.59,-2.6499999999999995,,4.19,,,23.88,19.62,,3.6828781204111465,research_proxy,-0.009989988725467339,fair,high,"buffett_indicator,equity_pe_proxy,shiller_pe_proxy,real_yield_proxy,term_spread,equity_risk_proxy","equity_pb_proxy,credit_spread_proxy"
1992-08-01,us,69.718,3.5153294289897477,3.29,-2.3499999999999996,,4.24,,,23.6,19.72,,3.5153294289897477,research_proxy,-0.007724502507916749,fair,high,"buffett_indicator,equity_pe_proxy,shiller_pe_proxy,real_yield_proxy,term_spread,equity_risk_proxy","equity_pb_proxy,credit_spread_proxy"
1992-09-01,us,69.718,3.4272992700729885,3.1999999999999997,-2.1100000000000003,,4.31,,,23.2,19.71,,3.4272992700729885,research_proxy,0.01161159758663094,fair,high,"buffett_indicator,equity_pe_proxy,shiller_pe_proxy,real_yield_proxy,term_spread,equity_risk_proxy","equity_pb_proxy,credit_spread_proxy"
1992-10-01,us,69.718,3.310116618075802,3.4899999999999998,-2.13,,4.46,,,22.43,19.37,,3.310116618075802,research_proxy,0.06804436506800698,fair,high,"buffett_indicator,equity_pe_proxy,shiller_pe_proxy,real_yield_proxy,term_spread,equity_risk_proxy","equity_pb_proxy,credit_spread_proxy"
1992-11-01,us,69.718,3.74953555878086,3.7800000000000002,-2.4400000000000004,,4.43,,,22.56,19.83,,3.74953555878086,research_proxy,0.0366976148964154,fair,high,"buffett_indicator,equity_pe_proxy,shiller_pe_proxy,real_yield_proxy,term_spread,equity_risk_proxy","equity_pb_proxy,credit_spread_proxy"
1992-12-01,us,69.718,3.8032850940665455,3.8499999999999996,-2.3899999999999997,,4.38,,,22.82,20.45,,3.8032850940665455,research_proxy,0.027958855295690237,fair,high,"buffett_indicator,equity_pe_proxy,shiller_pe_proxy,real_yield_proxy,term_spread,equity_risk_proxy","equity_pb_proxy,credit_spread_proxy"
1993-01-01,us,76.5624,3.3462039045553054,3.5799999999999996,-2.1599999999999993,,4.44,,,22.5,20.32,,3.3462039045553054,research_proxy,0.03163283059980245,fair,high,"buffett_indicator,equity_pe_proxy,shiller_pe_proxy,real_yield_proxy,term_spread,equity_risk_proxy","equity_pb_proxy,credit_spread_proxy"
1993-02-01,us,76.5624,3.0132467532467464,3.23,-1.8199999999999994,,4.44,,,22.55,20.54,,3.0132467532467464,research_proxy,0.035221060976284226,fair,high,"buffett_indicator,equity_pe_proxy,shiller_pe_proxy,real_yield_proxy,term_spread,equity_risk_proxy","equity_pb_proxy,credit_spread_proxy"
1993-03-01,us,76.5624,2.960589503953985,2.9100000000000006,-1.5700000000000003,,4.41,,,22.69,20.85,,2.960589503953985,research_proxy,0.01343233168622221,fair,high,"buffett_indicator,equity_pe_proxy,shiller_pe_proxy,real_yield_proxy,term_spread,equity_risk_proxy","equity_pb_proxy,credit_spread_proxy"
1993-04-01,us,76.5624,2.8136154949784853,3.01,-1.5299999999999994,,4.44,,,22.53,20.46,,2.8136154949784853,research_proxy,0.047190397802281826,fair,high,"buffett_indicator,equity_pe_proxy,shiller_pe_proxy,real_yield_proxy,term_spread,equity_risk_proxy","equity_pb_proxy,credit_spread_proxy"
1993-05-01,us,76.5624,2.8188117394416503,3.04,-1.6600000000000001,,4.38,,,22.83,20.52,,2.8188117394416503,research_proxy,0.03525821241777677,fair,high,"buffett_indicator,equity_pe_proxy,shiller_pe_proxy,real_yield_proxy,term_spread,equity_risk_proxy","equity_pb_proxy,credit_spread_proxy"
1993-06-01,us,76.5624,2.9621413276231037,2.92,-1.6500000000000004,,4.31,,,23.18,20.61,,2.9621413276231037,research_proxy,0.006039002581776254,fair,high,"buffett_indicator,equity_pe_proxy,shiller_pe_proxy,real_yield_proxy,term_spread,equity_risk_proxy","equity_pb_proxy,credit_spread_proxy"
1993-07-01,us,76.5624,2.9630249110320372,2.7499999999999996,-1.4099999999999993,,4.4,,,22.72,20.56,,2.9630249110320372,research_proxy,0.01232792515851174,fair,high,"buffett_indicator,equity_pe_proxy,shiller_pe_proxy,real_yield_proxy,term_spread,equity_risk_proxy","equity_pb_proxy,credit_spread_proxy"
1993-08-01,us,76.5624,2.839090909090917,2.65,-1.2599999999999998,,4.42,,,22.65,20.81,,2.839090909090917,research_proxy,0.01663645479461719,fair,high,"buffett_indicator,equity_pe_proxy,shiller_pe_proxy,real_yield_proxy,term_spread,equity_risk_proxy","equity_pb_proxy,credit_spread_proxy"
1993-09-01,us,76.5624,2.596002834868884,2.2700000000000005,-0.9199999999999999,,4.44,,,22.5,20.99,,2.596002834868884,research_proxy,0.014660587948643888,fair,high,"buffett_indicator,equity_pe_proxy,shiller_pe_proxy,real_yield_proxy,term_spread,equity_risk_proxy","equity_pb_proxy,credit_spread_proxy"
1993-10-01,us,76.5624,2.577706422018343,2.34,-0.8200000000000003,,4.51,,,22.19,21.11,,2.577706422018343,research_proxy,0.03284586045342711,fair,high,"buffett_indicator,equity_pe_proxy,shiller_pe_proxy,real_yield_proxy,term_spread,equity_risk_proxy","equity_pb_proxy,credit_spread_proxy"
1993-11-01,us,76.5624,2.9754539057002067,2.6999999999999997,-1.0999999999999996,,4.62,,,21.63,21.04,,2.9754539057002067,research_proxy,0.034940734605116985,fair,high,"buffett_indicator,equity_pe_proxy,shiller_pe_proxy,real_yield_proxy,term_spread,equity_risk_proxy","equity_pb_proxy,credit_spread_proxy"
1993-12-01,us,76.5624,2.959037245256493,2.8099999999999996,-1.0699999999999994,,4.7,,,21.29,21.16,,2.959037245256493,research_proxy,0.052903850744437785,fair,high,"buffett_indicator,equity_pe_proxy,shiller_pe_proxy,real_yield_proxy,term_spread,equity_risk_proxy","equity_pb_proxy,credit_spread_proxy"
1994-01-01,us,70.5033,3.299019607843146,2.7,-1.0599999999999996,,4.69,,,21.34,21.41,,3.299019607843146,research_proxy,0.03214368568448287,fair,high,"buffett_indicator,equity_pe_proxy,shiller_pe_proxy,real_yield_proxy,term_spread,equity_risk_proxy","equity_pb_proxy,credit_spread_proxy"
1994-02-01,us,70.5033,3.4542767295597487,2.7199999999999998,-1.21,,4.76,,,21.02,21.26,,3.4542767295597487,research_proxy,0.021039789493055,fair,high,"buffett_indicator,equity_pe_proxy,shiller_pe_proxy,real_yield_proxy,term_spread,equity_risk_proxy","equity_pb_proxy,credit_spread_proxy"
1994-03-01,us,70.5033,3.828220516399176,3.1400000000000006,-1.58,,4.9,,,20.42,20.83,,3.828220516399176,research_proxy,0.03264199985798474,fair,high,"buffett_indicator,equity_pe_proxy,shiller_pe_proxy,real_yield_proxy,term_spread,equity_risk_proxy","equity_pb_proxy,credit_spread_proxy"
1994-04-01,us,70.5033,4.605605006954118,3.4099999999999997,-1.71,,5.26,,,19.0,20.05,,4.605605006954118,research_proxy,0.03648095556739909,fair,high,"buffett_indicator,equity_pe_proxy,shiller_pe_proxy,real_yield_proxy,term_spread,equity_risk_proxy","equity_pb_proxy,credit_spread_proxy"
1994-05-01,us,70.5033,4.891511789181693,3.17,-1.7799999999999994,,5.4,,,18.5,20.19,,4.891511789181693,research_proxy,-0.00905005600732652,fair,high,"buffett_indicator,equity_pe_proxy,shiller_pe_proxy,real_yield_proxy,term_spread,equity_risk_proxy","equity_pb_proxy,credit_spread_proxy"
1994-06-01,us,70.5033,4.605197505197505,2.8499999999999996,-1.5599999999999996,,5.54,,,18.05,20.29,,4.605197505197505,research_proxy,-0.003784225099001263,fair,high,"buffett_indicator,equity_pe_proxy,shiller_pe_proxy,real_yield_proxy,term_spread,equity_risk_proxy","equity_pb_proxy,credit_spread_proxy"
1994-07-01,us,70.5033,4.60103806228374,3.04,-1.5599999999999996,,5.74,,,17.42,20.07,,4.60103806228374,research_proxy,0.030989985024018007,fair,high,"buffett_indicator,equity_pe_proxy,shiller_pe_proxy,real_yield_proxy,term_spread,equity_risk_proxy","equity_pb_proxy,credit_spread_proxy"
1994-08-01,us,70.5033,4.339447513812165,2.7700000000000005,-1.5099999999999998,,5.73,,,17.44,20.53,,4.339447513812165,research_proxy,0.013889489259568436,fair,high,"buffett_indicator,equity_pe_proxy,shiller_pe_proxy,real_yield_proxy,term_spread,equity_risk_proxy","equity_pb_proxy,credit_spread_proxy"
1994-09-01,us,70.5033,4.494482758620677,2.7299999999999995,-1.6100000000000003,,5.85,,,17.09,20.57,,4.494482758620677,research_proxy,-0.00346496248864947,fair,high,"buffett_indicator,equity_pe_proxy,shiller_pe_proxy,real_yield_proxy,term_spread,equity_risk_proxy","equity_pb_proxy,credit_spread_proxy"
1994-10-01,us,70.5033,5.130109890109877,2.9800000000000004,-1.6100000000000003,,6.13,,,16.32,20.39,,5.130109890109877,research_proxy,-0.004694760325748744,fair,high,"buffett_indicator,equity_pe_proxy,shiller_pe_proxy,real_yield_proxy,term_spread,equity_risk_proxy","equity_pb_proxy,credit_spread_proxy"
1994-11-01,us,70.5033,5.357260273972597,2.67,-1.5599999999999996,,6.4,,,15.62,20.21,,5.357260273972597,research_proxy,-0.0360855081586714,fair,high,"buffett_indicator,equity_pe_proxy,shiller_pe_proxy,real_yield_proxy,term_spread,equity_risk_proxy","equity_pb_proxy,credit_spread_proxy"
1994-12-01,us,70.5033,5.2125974025974235,2.3599999999999994,-1.0899999999999999,,6.72,,,14.88,19.91,,5.2125974025974235,research_proxy,-0.009760151778236062,fair,high,"buffett_indicator,equity_pe_proxy,shiller_pe_proxy,real_yield_proxy,term_spread,equity_risk_proxy","equity_pb_proxy,credit_spread_proxy"
1995-01-01,us,90.9981,4.909186602870821,2.25,-1.0600000000000005,,6.72,,,14.89,20.22,,4.909186602870821,research_proxy,-0.0706183621924257,fair,high,"buffett_indicator,equity_pe_proxy,shiller_pe_proxy,real_yield_proxy,term_spread,equity_risk_proxy","equity_pb_proxy,credit_spread_proxy"
1995-02-01,us,90.9981,4.607014314928405,1.5499999999999998,-0.8499999999999996,,6.62,,,15.11,20.8,,4.607014314928405,research_proxy,-0.12570400230348522,fair,high,"buffett_indicator,equity_pe_proxy,shiller_pe_proxy,real_yield_proxy,term_spread,equity_risk_proxy","equity_pb_proxy,credit_spread_proxy"
1995-03-01,us,90.9981,4.4127804214819815,1.2199999999999998,-0.6000000000000005,,6.6,,,15.15,21.15,,4.4127804214819815,research_proxy,-0.13812486914106392,fair,high,"buffett_indicator,equity_pe_proxy,shiller_pe_proxy,real_yield_proxy,term_spread,equity_risk_proxy","equity_pb_proxy,credit_spread_proxy"
1995-04-01,us,90.9981,3.9349999999999774,1.0099999999999998,-0.5299999999999994,,6.53,,,15.31,21.64,,3.9349999999999774,research_proxy,-0.13525133551538074,fair,high,"buffett_indicator,equity_pe_proxy,shiller_pe_proxy,real_yield_proxy,term_spread,equity_risk_proxy","equity_pb_proxy,credit_spread_proxy"
1995-05-01,us,90.9981,3.5113559322033945,0.6200000000000001,-0.17999999999999972,,6.45,,,15.5,22.19,,3.5113559322033945,research_proxy,-0.13767694409423212,fair,high,"buffett_indicator,equity_pe_proxy,shiller_pe_proxy,real_yield_proxy,term_spread,equity_risk_proxy","equity_pb_proxy,credit_spread_proxy"
1995-06-01,us,90.9981,3.1274036511156256,0.16999999999999993,0.20999999999999996,,6.38,,,15.67,22.72,,3.1274036511156256,research_proxy,-0.14582797388079105,fair,high,"buffett_indicator,equity_pe_proxy,shiller_pe_proxy,real_yield_proxy,term_spread,equity_risk_proxy","equity_pb_proxy,credit_spread_proxy"
1995-07-01,us,90.9981,3.4498113207547285,0.4300000000000006,-0.0600000000000005,,6.22,,,16.07,23.37,,3.4498113207547285,research_proxy,-0.1774587853870906,fair,high,"buffett_indicator,equity_pe_proxy,shiller_pe_proxy,real_yield_proxy,term_spread,equity_risk_proxy","equity_pb_proxy,credit_spread_proxy"
1995-08-01,us,90.9981,3.872550335570462,0.75,-0.2400000000000002,,6.25,,,16.01,23.28,,3.872550335570462,research_proxy,-0.18168646217082637,fair,high,"buffett_indicator,equity_pe_proxy,shiller_pe_proxy,real_yield_proxy,term_spread,equity_risk_proxy","equity_pb_proxy,credit_spread_proxy"
1995-09-01,us,90.9981,3.65478901540523,0.40000000000000036,-0.1200000000000001,,6.08,,,16.45,23.94,,3.65478901540523,research_proxy,-0.21590146160279153,fair,high,"buffett_indicator,equity_pe_proxy,shiller_pe_proxy,real_yield_proxy,term_spread,equity_risk_proxy","equity_pb_proxy,credit_spread_proxy"
1995-10-01,us,90.9981,3.2956894243641335,0.28000000000000025,-0.07000000000000028,,5.97,,,16.76,23.93,,3.2956894243641335,research_proxy,-0.2053272478607807,fair,high,"buffett_indicator,equity_pe_proxy,shiller_pe_proxy,real_yield_proxy,term_spread,equity_risk_proxy","equity_pb_proxy,credit_spread_proxy"
1995-11-01,us,90.9981,3.326528704939933,0.1299999999999999,-0.16000000000000014,,5.77,,,17.33,24.35,,3.326528704939933,research_proxy,-0.246873571324317,fair,high,"buffett_indicator,equity_pe_proxy,shiller_pe_proxy,real_yield_proxy,term_spread,equity_risk_proxy","equity_pb_proxy,credit_spread_proxy"
1995-12-01,us,90.9981,3.1783544303797333,0.11000000000000032,-0.17999999999999972,,5.53,,,18.1,25.03,,3.1783544303797333,research_proxy,-0.2653570754796789,fair,high,"buffett_indicator,equity_pe_proxy,shiller_pe_proxy,real_yield_proxy,term_spread,equity_risk_proxy","equity_pb_proxy,credit_spread_proxy"
1996-01-01,us,105.046,2.859302325581404,0.09000000000000075,-0.1200000000000001,,5.53,,,18.08,24.76,,2.859302325581404,research_proxy,-0.2808622469367904,fair,high,"buffett_indicator,equity_pe_proxy,shiller_pe_proxy,real_yield_proxy,term_spread,equity_risk_proxy","equity_pb_proxy,credit_spread_proxy"
1996-02-01,us,105.046,3.0929688535453925,0.5899999999999999,-0.5699999999999994,,5.24,,,19.1,25.97,,3.0929688535453925,research_proxy,-0.31343601962903583,fair,high,"buffett_indicator,equity_pe_proxy,shiller_pe_proxy,real_yield_proxy,term_spread,equity_risk_proxy","equity_pb_proxy,credit_spread_proxy"
1996-03-01,us,105.046,3.426084656084651,0.96,-1.0099999999999998,,5.26,,,19.01,25.63,,3.426084656084651,research_proxy,-0.31888074607029,fair,high,"buffett_indicator,equity_pe_proxy,shiller_pe_proxy,real_yield_proxy,term_spread,equity_risk_proxy","equity_pb_proxy,credit_spread_proxy"
1996-04-01,us,105.046,3.6773254281949947,1.29,-1.21,,5.3,,,18.85,25.42,,3.6773254281949947,research_proxy,-0.3077883652241696,fair,high,"buffett_indicator,equity_pe_proxy,shiller_pe_proxy,real_yield_proxy,term_spread,equity_risk_proxy","equity_pb_proxy,credit_spread_proxy"
1996-05-01,us,105.046,3.9129125575279353,1.5,-1.5,,5.24,,,19.1,25.81,,3.9129125575279353,research_proxy,-0.33288807242322044,fair,high,"buffett_indicator,equity_pe_proxy,shiller_pe_proxy,real_yield_proxy,term_spread,equity_risk_proxy","equity_pb_proxy,credit_spread_proxy"
1996-06-01,us,105.046,4.088477690288734,1.6400000000000006,-1.6900000000000004,,5.22,,,19.15,25.96,,4.088477690288734,research_proxy,-0.34672060988445336,fair,high,"buffett_indicator,equity_pe_proxy,shiller_pe_proxy,real_yield_proxy,term_spread,equity_risk_proxy","equity_pb_proxy,credit_spread_proxy"
1996-07-01,us,105.046,3.9866448230668334,1.4699999999999998,-1.3899999999999997,,5.48,,,18.26,24.86,,3.9866448230668334,research_proxy,-0.30208284592436946,fair,high,"buffett_indicator,equity_pe_proxy,shiller_pe_proxy,real_yield_proxy,term_spread,equity_risk_proxy","equity_pb_proxy,credit_spread_proxy"
1996-08-01,us,105.046,3.8277043819489913,1.42,-1.2599999999999998,,5.38,,,18.6,25.41,,3.8277043819489913,research_proxy,-0.3035008985665948,fair,high,"buffett_indicator,equity_pe_proxy,shiller_pe_proxy,real_yield_proxy,term_spread,equity_risk_proxy","equity_pb_proxy,credit_spread_proxy"
1996-09-01,us,105.046,3.825427824951008,1.5300000000000002,-1.5,,5.33,,,18.75,25.68,,3.825427824951008,research_proxy,-0.3157514662157623,fair,high,"buffett_indicator,equity_pe_proxy,shiller_pe_proxy,real_yield_proxy,term_spread,equity_risk_proxy","equity_pb_proxy,credit_spread_proxy"
1996-10-01,us,105.046,3.46811074918568,1.29,-1.2700000000000005,,5.26,,,19.0,26.48,,3.46811074918568,research_proxy,-0.32067248998579506,fair,high,"buffett_indicator,equity_pe_proxy,shiller_pe_proxy,real_yield_proxy,term_spread,equity_risk_proxy","equity_pb_proxy,credit_spread_proxy"
1996-11-01,us,105.046,2.946909564085892,0.8900000000000006,-1.0600000000000005,,5.14,,,19.45,27.58,,2.946909564085892,research_proxy,-0.34199108850424437,fair,high,"buffett_indicator,equity_pe_proxy,shiller_pe_proxy,real_yield_proxy,term_spread,equity_risk_proxy","equity_pb_proxy,credit_spread_proxy"
1996-12-01,us,105.046,2.921182586094867,1.0099999999999998,-1.0899999999999999,,5.21,,,19.19,27.72,,2.921182586094867,research_proxy,-0.3281043258136769,fair,high,"buffett_indicator,equity_pe_proxy,shiller_pe_proxy,real_yield_proxy,term_spread,equity_risk_proxy","equity_pb_proxy,credit_spread_proxy"
1997-01-01,us,125.562,3.5418616677440093,1.33,-1.46,,5.12,,,19.53,28.33,,3.5418616677440093,research_proxy,-0.44465162669614705,fair,high,"buffett_indicator,equity_pe_proxy,shiller_pe_proxy,real_yield_proxy,term_spread,equity_risk_proxy","equity_pb_proxy,credit_spread_proxy"
1997-02-01,us,125.562,3.387741935483875,1.2299999999999995,-1.4399999999999995,,4.98,,,20.09,29.26,,3.387741935483875,research_proxy,-0.4702763135315922,fair,high,"buffett_indicator,equity_pe_proxy,shiller_pe_proxy,real_yield_proxy,term_spread,equity_risk_proxy","equity_pb_proxy,credit_spread_proxy"
1997-03-01,us,125.562,3.924726688102891,1.3000000000000007,-1.6100000000000003,,5.08,,,19.69,28.8,,3.924726688102891,research_proxy,-0.4962384631651089,fair,high,"buffett_indicator,equity_pe_proxy,shiller_pe_proxy,real_yield_proxy,term_spread,equity_risk_proxy","equity_pb_proxy,credit_spread_proxy"
1997-04-01,us,125.562,4.455663036515038,1.38,-1.6099999999999994,,5.28,,,18.94,27.58,,4.455663036515038,research_proxy,-0.48862909406879806,fair,high,"buffett_indicator,equity_pe_proxy,shiller_pe_proxy,real_yield_proxy,term_spread,equity_risk_proxy","equity_pb_proxy,credit_spread_proxy"
1997-05-01,us,125.562,4.472148337595911,1.21,-1.8499999999999996,,4.86,,,20.6,29.93,,4.472148337595911,research_proxy,-0.5962514542922447,expensive,high,"buffett_indicator,equity_pe_proxy,shiller_pe_proxy,real_yield_proxy,term_spread,equity_risk_proxy","equity_pb_proxy,credit_spread_proxy"
1997-06-01,us,125.562,4.256432673899173,0.9300000000000006,-1.8600000000000003,,4.63,,,21.61,31.25,,4.256432673899173,research_proxy,-0.6537284839220107,expensive,high,"buffett_indicator,equity_pe_proxy,shiller_pe_proxy,real_yield_proxy,term_spread,equity_risk_proxy","equity_pb_proxy,credit_spread_proxy"
1997-07-01,us,125.562,4.054394904458599,0.7000000000000002,-1.83,,4.39,,,22.8,32.76,,4.054394904458599,research_proxy,-0.710417929276821,expensive,high,"buffett_indicator,equity_pe_proxy,shiller_pe_proxy,real_yield_proxy,term_spread,equity_risk_proxy","equity_pb_proxy,credit_spread_proxy"
1997-08-01,us,125.562,4.009923664122123,0.7599999999999998,-1.92,,4.38,,,22.83,32.58,,4.009923664122123,research_proxy,-0.7040875876154639,expensive,high,"buffett_indicator,equity_pe_proxy,shiller_pe_proxy,real_yield_proxy,term_spread,equity_risk_proxy","equity_pb_proxy,credit_spread_proxy"
1997-09-01,us,125.562,3.99059606848446,0.6699999999999999,-1.87,,4.34,,,23.06,32.66,,3.99059606848446,research_proxy,-0.7140952118954934,expensive,high,"buffett_indicator,equity_pe_proxy,shiller_pe_proxy,real_yield_proxy,term_spread,equity_risk_proxy","equity_pb_proxy,credit_spread_proxy"
1997-10-01,us,125.562,3.944032869785084,0.5300000000000002,-1.79,,4.24,,,23.58,32.9,,3.944032869785084,research_proxy,-0.7331189269975456,expensive,high,"buffett_indicator,equity_pe_proxy,shiller_pe_proxy,real_yield_proxy,term_spread,equity_risk_proxy","equity_pb_proxy,credit_spread_proxy"
1997-11-01,us,125.562,3.989640831758038,0.3600000000000003,-1.62,,4.26,,,23.46,32.33,,3.989640831758038,research_proxy,-0.7297930858211767,expensive,high,"buffett_indicator,equity_pe_proxy,shiller_pe_proxy,real_yield_proxy,term_spread,equity_risk_proxy","equity_pb_proxy,credit_spread_proxy"
1997-12-01,us,125.562,4.112954116907592,0.3099999999999996,-1.6799999999999997,,4.13,,,24.23,33.03,,4.112954116907592,research_proxy,-0.7733086701670172,expensive,high,"buffett_indicator,equity_pe_proxy,shiller_pe_proxy,real_yield_proxy,term_spread,equity_risk_proxy","equity_pb_proxy,credit_spread_proxy"
1998-01-01,us,142.589,3.9088833124215956,-0.019999999999999574,-1.42,,4.12,,,24.29,32.86,,3.9088833124215956,research_proxy,-0.829006991713625,expensive,high,"buffett_indicator,equity_pe_proxy,shiller_pe_proxy,real_yield_proxy,term_spread,equity_risk_proxy","equity_pb_proxy,credit_spread_proxy"
1998-02-01,us,142.589,4.129799624295552,0.0600000000000005,-1.7000000000000002,,3.87,,,25.85,34.71,,4.129799624295552,research_proxy,-0.9150714873859958,expensive,high,"buffett_indicator,equity_pe_proxy,shiller_pe_proxy,real_yield_proxy,term_spread,equity_risk_proxy","equity_pb_proxy,credit_spread_proxy"
1998-03-01,us,142.589,4.273279098873607,0.16000000000000014,-1.9800000000000004,,3.67,,,27.23,36.29,,4.273279098873607,research_proxy,-0.9856282035499749,expensive,high,"buffett_indicator,equity_pe_proxy,shiller_pe_proxy,real_yield_proxy,term_spread,equity_risk_proxy","equity_pb_proxy,credit_spread_proxy"
1998-04-01,us,142.589,4.201601000625409,0.1899999999999995,-2.0999999999999996,,3.54,,,28.26,37.27,,4.201601000625409,research_proxy,-1.0207630707309232,expensive,high,"buffett_indicator,equity_pe_proxy,shiller_pe_proxy,real_yield_proxy,term_spread,equity_risk_proxy","equity_pb_proxy,credit_spread_proxy"
1998-05-01,us,142.589,3.9614446529080647,0.16000000000000014,-2.1200000000000006,,3.53,,,28.3,36.95,,3.9614446529080647,research_proxy,-1.0032891578270995,expensive,high,"buffett_indicator,equity_pe_proxy,shiller_pe_proxy,real_yield_proxy,term_spread,equity_risk_proxy","equity_pb_proxy,credit_spread_proxy"
1998-06-01,us,142.589,3.877028714107362,-0.05999999999999961,-1.98,,3.52,,,28.44,36.8,,3.877028714107362,research_proxy,-1.010746628028228,expensive,high,"buffett_indicator,equity_pe_proxy,shiller_pe_proxy,real_yield_proxy,term_spread,equity_risk_proxy","equity_pb_proxy,credit_spread_proxy"
1998-07-01,us,142.589,3.71436408977557,-0.08000000000000007,-2.12,,3.34,,,29.9,38.26,,3.71436408977557,research_proxy,-1.0624168956002433,expensive,high,"buffett_indicator,equity_pe_proxy,shiller_pe_proxy,real_yield_proxy,term_spread,equity_risk_proxy","equity_pb_proxy,credit_spread_proxy"
1998-08-01,us,142.589,3.723084577114421,-0.20999999999999996,-1.77,,3.57,,,28.0,35.42,,3.723084577114421,research_proxy,-0.9680448948025244,expensive,high,"buffett_indicator,equity_pe_proxy,shiller_pe_proxy,real_yield_proxy,term_spread,equity_risk_proxy","equity_pb_proxy,credit_spread_proxy"
1998-09-01,us,142.589,3.38320099255582,-0.7000000000000002,-1.0799999999999996,,3.73,,,26.8,33.53,,3.38320099255582,research_proxy,-0.8943203124994249,expensive,high,"buffett_indicator,equity_pe_proxy,shiller_pe_proxy,real_yield_proxy,term_spread,equity_risk_proxy","equity_pb_proxy,credit_spread_proxy"
1998-10-01,us,142.589,3.0439318885448925,-0.54,-0.8500000000000001,,3.68,,,27.2,33.77,,3.0439318885448925,research_proxy,-0.8485435912338358,expensive,high,"buffett_indicator,equity_pe_proxy,shiller_pe_proxy,real_yield_proxy,term_spread,equity_risk_proxy","equity_pb_proxy,credit_spread_proxy"
1998-11-01,us,142.589,3.3457699443413693,0.0,-1.52,,3.31,,,30.25,37.37,,3.3457699443413693,research_proxy,-0.9746131421513263,expensive,high,"buffett_indicator,equity_pe_proxy,shiller_pe_proxy,real_yield_proxy,term_spread,equity_risk_proxy","equity_pb_proxy,credit_spread_proxy"
1998-12-01,us,142.589,3.0430778739184223,-0.02999999999999936,-1.4800000000000004,,3.17,,,31.56,38.82,,3.0430778739184223,research_proxy,-1.0027337243267531,expensive,high,"buffett_indicator,equity_pe_proxy,shiller_pe_proxy,real_yield_proxy,term_spread,equity_risk_proxy","equity_pb_proxy,credit_spread_proxy"
1999-01-01,us,153.433,3.053333333333339,0.08999999999999986,-1.6799999999999997,,3.04,,,32.92,40.57,,3.053333333333339,research_proxy,-1.0941655347876185,expensive,high,"buffett_indicator,equity_pe_proxy,shiller_pe_proxy,real_yield_proxy,term_spread,equity_risk_proxy","equity_pb_proxy,credit_spread_proxy"
1999-02-01,us,153.433,3.3333333333333393,0.2400000000000002,-1.94,,3.06,,,32.67,40.4,,3.3333333333333393,research_proxy,-1.1081028233162273,expensive,high,"buffett_indicator,equity_pe_proxy,shiller_pe_proxy,real_yield_proxy,term_spread,equity_risk_proxy","equity_pb_proxy,credit_spread_proxy"
1999-03-01,us,153.433,3.5016049382716066,0.4200000000000008,-2.24,,2.99,,,33.39,41.35,,3.5016049382716066,research_proxy,-1.150677575217362,expensive,high,"buffett_indicator,equity_pe_proxy,shiller_pe_proxy,real_yield_proxy,term_spread,equity_risk_proxy","equity_pb_proxy,credit_spread_proxy"
1999-04-01,us,153.433,2.8988655980271156,0.4399999999999995,-2.2399999999999998,,2.94,,,34.0,42.7,,2.8988655980271156,research_proxy,-1.1429533916371137,expensive,high,"buffett_indicator,equity_pe_proxy,shiller_pe_proxy,real_yield_proxy,term_spread,equity_risk_proxy","equity_pb_proxy,credit_spread_proxy"
1999-05-01,us,153.433,3.448979089790904,0.7999999999999998,-2.5300000000000002,,3.01,,,33.19,42.55,,3.448979089790904,research_proxy,-1.1466107862302157,expensive,high,"buffett_indicator,equity_pe_proxy,shiller_pe_proxy,real_yield_proxy,term_spread,equity_risk_proxy","equity_pb_proxy,credit_spread_proxy"
1999-06-01,us,153.433,3.9343980343980403,1.1400000000000006,-2.8000000000000003,,3.1,,,32.24,42.18,,3.9343980343980403,research_proxy,-1.1401567417227167,expensive,high,"buffett_indicator,equity_pe_proxy,shiller_pe_proxy,real_yield_proxy,term_spread,equity_risk_proxy","equity_pb_proxy,credit_spread_proxy"
1999-07-01,us,153.433,3.6453921568627417,0.7999999999999998,-2.75,,3.04,,,32.88,43.83,,3.6453921568627417,research_proxy,-1.195721850917413,expensive,high,"buffett_indicator,equity_pe_proxy,shiller_pe_proxy,real_yield_proxy,term_spread,equity_risk_proxy","equity_pb_proxy,credit_spread_proxy"
1999-08-01,us,153.433,3.67561811505509,0.8700000000000001,-2.7,,3.24,,,30.89,41.93,,3.67561811505509,research_proxy,-1.1191230545841708,expensive,high,"buffett_indicator,equity_pe_proxy,shiller_pe_proxy,real_yield_proxy,term_spread,equity_risk_proxy","equity_pb_proxy,credit_spread_proxy"
1999-09-01,us,153.433,3.290030581039746,0.7000000000000002,-2.59,,3.33,,,29.99,41.32,,3.290030581039746,research_proxy,-1.0777170948619972,expensive,high,"buffett_indicator,equity_pe_proxy,shiller_pe_proxy,real_yield_proxy,term_spread,equity_risk_proxy","equity_pb_proxy,credit_spread_proxy"
1999-10-01,us,153.433,3.5474618669920703,0.9100000000000001,-2.62,,3.49,,,28.66,40.55,,3.5474618669920703,research_proxy,-1.0393325148880657,expensive,high,"buffett_indicator,equity_pe_proxy,shiller_pe_proxy,real_yield_proxy,term_spread,equity_risk_proxy","equity_pb_proxy,credit_spread_proxy"
1999-11-01,us,153.433,3.4096465569774392,0.6100000000000003,-2.6700000000000004,,3.36,,,29.74,43.21,,3.4096465569774392,research_proxy,-1.1343999331233858,expensive,high,"buffett_indicator,equity_pe_proxy,shiller_pe_proxy,real_yield_proxy,term_spread,equity_risk_proxy","equity_pb_proxy,credit_spread_proxy"
1999-12-01,us,153.433,3.603600973236002,0.9800000000000004,-2.91,,3.37,,,29.66,44.19,5.05,3.603600973236002,research_proxy,-1.2611818015838934,expensive,high,"buffett_indicator,equity_pe_proxy,shiller_pe_proxy,equity_pb_proxy,real_yield_proxy,term_spread,equity_risk_proxy",credit_spread_proxy
2000-01-01,us,147.379,3.867043108682445,1.21,-3.22,,3.44,,,29.04,43.77,5.05,3.867043108682445,research_proxy,-1.242066178122862,expensive,high,"buffett_indicator,equity_pe_proxy,shiller_pe_proxy,equity_pb_proxy,real_yield_proxy,term_spread,equity_risk_proxy",credit_spread_proxy
2000-02-01,us,147.379,3.3020279295689146,0.7899999999999991,-2.9199999999999995,,3.6,,,27.76,42.18,5.05,3.3020279295689146,research_proxy,-1.1864403112930668,expensive,high,"buffett_indicator,equity_pe_proxy,shiller_pe_proxy,equity_pb_proxy,real_yield_proxy,term_spread,equity_risk_proxy",credit_spread_proxy
2000-03-01,us,147.379,2.497864077669899,0.41000000000000014,-2.73,,3.53,,,28.31,43.22,5.06,2.497864077669899,research_proxy,-1.1892591573677294,expensive,high,"buffett_indicator,equity_pe_proxy,shiller_pe_proxy,equity_pb_proxy,real_yield_proxy,term_spread,equity_risk_proxy",credit_spread_proxy
2000-04-01,us,147.379,2.976136226642561,-0.02999999999999936,-2.4800000000000004,,3.51,,,28.5,43.53,5.06,2.976136226642561,research_proxy,-1.250907527795732,expensive,high,"buffett_indicator,equity_pe_proxy,shiller_pe_proxy,equity_pb_proxy,real_yield_proxy,term_spread,equity_risk_proxy",credit_spread_proxy
2000-05-01,us,147.379,3.307469879518087,0.17000000000000082,-2.8000000000000003,,3.64,,,27.49,41.96,5.06,3.307469879518087,research_proxy,-1.2313698582576915,expensive,high,"buffett_indicator,equity_pe_proxy,shiller_pe_proxy,equity_pb_proxy,real_yield_proxy,term_spread,equity_risk_proxy",credit_spread_proxy
2000-06-01,us,147.379,2.365060240963862,-0.4300000000000006,-2.55,,3.55,,,28.16,42.78,4.65,2.365060240963862,research_proxy,-1.1766965214800735,expensive,high,"buffett_indicator,equity_pe_proxy,shiller_pe_proxy,equity_pb_proxy,real_yield_proxy,term_spread,equity_risk_proxy",credit_spread_proxy
2000-07-01,us,147.379,2.4507198560288046,-0.4900000000000002,-2.48,,3.57,,,28.05,42.75,4.65,2.4507198560288046,research_proxy,-1.1811653362275583,expensive,high,"buffett_indicator,equity_pe_proxy,shiller_pe_proxy,equity_pb_proxy,real_yield_proxy,term_spread,equity_risk_proxy",credit_spread_proxy
2000-08-01,us,147.379,2.4787133453022285,-0.6699999999999999,-2.25,,3.58,,,27.97,42.87,4.65,2.4787133453022285,research_proxy,-1.186723744744469,expensive,high,"buffett_indicator,equity_pe_proxy,shiller_pe_proxy,equity_pb_proxy,real_yield_proxy,term_spread,equity_risk_proxy",credit_spread_proxy
2000-09-01,us,147.379,2.34350417163291,-0.7199999999999998,-2.1399999999999997,,3.66,,,27.34,41.89,4.49,2.34350417163291,research_proxy,-1.1277414417308105,expensive,high,"buffett_indicator,equity_pe_proxy,shiller_pe_proxy,equity_pb_proxy,real_yield_proxy,term_spread,equity_risk_proxy",credit_spread_proxy
2000-10-01,us,147.379,2.2896728138013125,-0.7699999999999996,-1.9700000000000002,,3.77,,,26.5,39.37,4.49,2.2896728138013125,research_proxy,-1.0657710317694975,expensive,high,"buffett_indicator,equity_pe_proxy,shiller_pe_proxy,equity_pb_proxy,real_yield_proxy,term_spread,equity_risk_proxy",credit_spread_proxy
2000-11-01,us,147.379,2.2758194774346787,-0.79,-1.9999999999999996,,3.72,,,26.9,38.78,4.49,2.2758194774346787,research_proxy,-1.063945955721606,expensive,high,"buffett_indicator,equity_pe_proxy,shiller_pe_proxy,equity_pb_proxy,real_yield_proxy,term_spread,equity_risk_proxy",credit_spread_proxy
2000-12-01,us,147.379,1.803981042654046,-1.1600000000000001,-1.4800000000000004,,3.76,,,26.62,37.27,4.05,1.803981042654046,research_proxy,-0.9433472384351914,expensive,high,"buffett_indicator,equity_pe_proxy,shiller_pe_proxy,equity_pb_proxy,real_yield_proxy,term_spread,equity_risk_proxy",credit_spread_proxy
2001-01-01,us,132.14700000000002,1.4387950383934056,-0.8200000000000003,-1.5300000000000002,,3.63,,,27.55,36.98,4.05,1.4387950383934056,research_proxy,-0.858871972454536,expensive,high,"buffett_indicator,equity_pe_proxy,shiller_pe_proxy,equity_pb_proxy,real_yield_proxy,term_spread,equity_risk_proxy",credit_spread_proxy
2001-02-01,us,132.14700000000002,1.5705882352941076,-0.39000000000000057,-1.4999999999999996,,3.6,,,27.81,35.83,4.05,1.5705882352941076,research_proxy,-0.8090679488324454,expensive,high,"buffett_indicator,equity_pe_proxy,shiller_pe_proxy,equity_pb_proxy,real_yield_proxy,term_spread,equity_risk_proxy",credit_spread_proxy
2001-03-01,us,132.14700000000002,1.9075438596491354,-0.41999999999999993,-1.0599999999999996,,3.83,,,26.1,32.32,3.34,1.9075438596491354,research_proxy,-0.6157625722978269,expensive,high,"buffett_indicator,equity_pe_proxy,shiller_pe_proxy,equity_pb_proxy,real_yield_proxy,term_spread,equity_risk_proxy",credit_spread_proxy
2001-04-01,us,132.14700000000002,1.9217437097717944,0.33999999999999986,-1.5599999999999996,,3.58,,,27.96,32.17,3.34,1.9217437097717944,research_proxy,-0.5978598277608249,expensive,high,"buffett_indicator,equity_pe_proxy,shiller_pe_proxy,equity_pb_proxy,real_yield_proxy,term_spread,equity_risk_proxy",credit_spread_proxy
2001-05-01,us,132.14700000000002,1.8269158878504599,1.1799999999999997,-2.2699999999999996,,3.12,,,32.02,34.07,3.34,1.8269158878504599,research_proxy,-0.6419032204478085,expensive,high,"buffett_indicator,equity_pe_proxy,shiller_pe_proxy,equity_pb_proxy,real_yield_proxy,term_spread,equity_risk_proxy",credit_spread_proxy
2001-06-01,us,132.14700000000002,2.0860394889663114,1.31,-2.31,,2.97,,,33.67,33.07,3.54,2.0860394889663114,research_proxy,-0.6828131388709269,expensive,high,"buffett_indicator,equity_pe_proxy,shiller_pe_proxy,equity_pb_proxy,real_yield_proxy,term_spread,equity_risk_proxy",credit_spread_proxy
2001-07-01,us,132.14700000000002,2.5185176606832504,1.4700000000000002,-2.4200000000000004,,2.82,,,35.46,32.16,3.54,2.5185176606832504,research_proxy,-0.708145434868616,expensive,high,"buffett_indicator,equity_pe_proxy,shiller_pe_proxy,equity_pb_proxy,real_yield_proxy,term_spread,equity_risk_proxy",credit_spread_proxy
2001-08-01,us,132.14700000000002,2.24851766068325,1.3199999999999998,-2.3299999999999996,,2.64,,,37.85,31.4,3.54,2.24851766068325,research_proxy,-0.719380482263887,expensive,high,"buffett_indicator,equity_pe_proxy,shiller_pe_proxy,equity_pb_proxy,real_yield_proxy,term_spread,equity_risk_proxy",credit_spread_proxy
2001-09-01,us,132.14700000000002,2.137834101382496,1.6600000000000006,-2.0200000000000005,,2.71,,,36.9,27.67,3.07,2.137834101382496,research_proxy,-0.5161146209724181,expensive,high,"buffett_indicator,equity_pe_proxy,shiller_pe_proxy,equity_pb_proxy,real_yield_proxy,term_spread,equity_risk_proxy",credit_spread_proxy
2001-10-01,us,132.14700000000002,2.442340425531923,2.08,-2.0500000000000003,,2.52,,,39.72,28.58,3.07,2.442340425531923,research_proxy,-0.549077408139829,expensive,high,"buffett_indicator,equity_pe_proxy,shiller_pe_proxy,equity_pb_proxy,real_yield_proxy,term_spread,equity_risk_proxy",credit_spread_proxy
2001-11-01,us,132.14700000000002,2.7556257175660033,2.5600000000000005,-2.3600000000000003,,2.29,,,43.62,30.01,3.07,2.7556257175660033,research_proxy,-0.6165964123455764,expensive,high,"buffett_indicator,equity_pe_proxy,shiller_pe_proxy,equity_pb_proxy,real_yield_proxy,term_spread,equity_risk_proxy",credit_spread_proxy
2001-12-01,us,132.14700000000002,3.486334478808689,3.2699999999999996,-2.9299999999999997,,2.16,,,46.37,30.5,3.39,3.486334478808689,research_proxy,-0.7208163959655793,expensive,high,"buffett_indicator,equity_pe_proxy,shiller_pe_proxy,equity_pb_proxy,real_yield_proxy,term_spread,equity_risk_proxy",credit_spread_proxy
2002-01-01,us,101.147,3.8441002277904257,3.31,-2.87,,2.17,,,46.17,30.28,3.39,3.8441002277904257,research_proxy,-0.6431464860169408,expensive,high,"buffett_indicator,equity_pe_proxy,shiller_pe_proxy,equity_pb_proxy,real_yield_proxy,term_spread,equity_risk_proxy",credit_spread_proxy
2002-02-01,us,101.147,3.7736363636363537,3.17,-2.67,,2.24,,,44.57,29.09,3.39,3.7736363636363537,research_proxy,-0.5991070766330661,expensive,high,"buffett_indicator,equity_pe_proxy,shiller_pe_proxy,equity_pb_proxy,real_yield_proxy,term_spread,equity_risk_proxy",credit_spread_proxy
2002-03-01,us,101.147,3.917137989778534,3.5500000000000003,-3.14,,2.14,,,46.71,30.29,3.45,3.917137989778534,research_proxy,-0.6577112113006477,expensive,high,"buffett_indicator,equity_pe_proxy,shiller_pe_proxy,equity_pb_proxy,real_yield_proxy,term_spread,equity_risk_proxy",credit_spread_proxy
2002-04-01,us,101.147,3.566009070294781,3.46,-2.93,,2.28,,,43.81,29.01,3.45,3.566009070294781,research_proxy,-0.57340503095891,expensive,high,"buffett_indicator,equity_pe_proxy,shiller_pe_proxy,equity_pb_proxy,real_yield_proxy,term_spread,equity_risk_proxy",credit_spread_proxy
2002-05-01,us,101.147,3.9191652566272017,3.41,-2.75,,2.41,,,41.41,28.13,3.45,3.9191652566272017,research_proxy,-0.5418216042734005,expensive,high,"buffett_indicator,equity_pe_proxy,shiller_pe_proxy,equity_pb_proxy,real_yield_proxy,term_spread,equity_risk_proxy",credit_spread_proxy
2002-06-01,us,101.147,3.8607822172200255,3.1799999999999997,-2.2899999999999996,,2.64,,,37.92,26.39,3.0,3.8607822172200255,research_proxy,-0.3886698687641189,fair,high,"buffett_indicator,equity_pe_proxy,shiller_pe_proxy,equity_pb_proxy,real_yield_proxy,term_spread,equity_risk_proxy",credit_spread_proxy
2002-07-01,us,101.147,3.1843855693348484,2.9200000000000004,-1.5700000000000003,,3.08,,,32.46,23.46,3.0,3.1843855693348484,research_proxy,-0.20931998090148898,fair,high,"buffett_indicator,equity_pe_proxy,shiller_pe_proxy,equity_pb_proxy,real_yield_proxy,term_spread,equity_risk_proxy",credit_spread_proxy
2002-08-01,us,101.147,2.5125366403607767,2.5199999999999996,-1.0899999999999999,,3.17,,,31.53,23.59,3.0,2.5125366403607767,research_proxy,-0.1682554796690988,fair,high,"buffett_indicator,equity_pe_proxy,shiller_pe_proxy,equity_pb_proxy,real_yield_proxy,term_spread,equity_risk_proxy",credit_spread_proxy
2002-09-01,us,101.147,2.353997754070729,2.12,-0.41000000000000014,,3.46,,,28.89,22.36,2.43,2.353997754070729,research_proxy,-0.013229675865377108,fair,high,"buffett_indicator,equity_pe_proxy,shiller_pe_proxy,equity_pb_proxy,real_yield_proxy,term_spread,equity_risk_proxy",credit_spread_proxy
2002-10-01,us,101.147,1.912972972972983,2.19,-0.52,,3.42,,,29.24,21.96,2.43,1.912972972972983,research_proxy,0.014723792772370117,fair,high,"buffett_indicator,equity_pe_proxy,shiller_pe_proxy,equity_pb_proxy,real_yield_proxy,term_spread,equity_risk_proxy",credit_spread_proxy
2002-11-01,us,101.147,1.7964788732394394,2.71,-0.9299999999999997,,3.12,,,32.03,23.35,2.43,1.7964788732394394,research_proxy,-0.01459502680197319,fair,high,"buffett_indicator,equity_pe_proxy,shiller_pe_proxy,equity_pb_proxy,real_yield_proxy,term_spread,equity_risk_proxy",credit_spread_proxy
2002-12-01,us,101.147,1.5497294250281795,2.79,-0.9600000000000004,,3.07,,,32.59,23.1,2.73,1.5497294250281795,research_proxy,-0.04337763114607623,fair,high,"buffett_indicator,equity_pe_proxy,shiller_pe_proxy,equity_pb_proxy,real_yield_proxy,term_spread,equity_risk_proxy",credit_spread_proxy
2003-01-01,us,124.526,1.2925436128306007,2.8099999999999996,-0.8699999999999997,,3.18,,,31.43,22.9,2.73,1.2925436128306007,research_proxy,-0.06664826730073285,fair,high,"buffett_indicator,equity_pe_proxy,shiller_pe_proxy,equity_pb_proxy,real_yield_proxy,term_spread,equity_risk_proxy",credit_spread_proxy
2003-02-01,us,124.526,0.753932584269664,2.6399999999999997,-0.3900000000000001,,3.51,,,28.46,21.21,2.73,0.753932584269664,research_proxy,0.045180683624898445,fair,high,"buffett_indicator,equity_pe_proxy,shiller_pe_proxy,equity_pb_proxy,real_yield_proxy,term_spread,equity_risk_proxy",credit_spread_proxy
2003-03-01,us,124.526,0.7847899159663752,2.56,-0.22999999999999998,,3.58,,,27.92,21.31,2.58,0.7847899159663752,research_proxy,0.07378714132115746,fair,high,"buffett_indicator,equity_pe_proxy,shiller_pe_proxy,equity_pb_proxy,real_yield_proxy,term_spread,equity_risk_proxy",credit_spread_proxy
2003-04-01,us,124.526,1.784874511991089,2.7,-0.3900000000000001,,3.57,,,28.05,22.43,2.58,1.784874511991089,research_proxy,-0.002039950077933315,fair,high,"buffett_indicator,equity_pe_proxy,shiller_pe_proxy,equity_pb_proxy,real_yield_proxy,term_spread,equity_risk_proxy",credit_spread_proxy
2003-05-01,us,124.526,1.6758495821726995,2.3099999999999996,-0.029999999999999805,,3.54,,,28.24,23.59,2.58,1.6758495821726995,research_proxy,-0.03223988445891805,fair,high,"buffett_indicator,equity_pe_proxy,shiller_pe_proxy,equity_pb_proxy,real_yield_proxy,term_spread,equity_risk_proxy",credit_spread_proxy
2003-06-01,us,124.526,1.381224944320703,2.1100000000000003,0.16999999999999993,,3.5,,,28.6,24.83,2.81,1.381224944320703,research_proxy,-0.08213126154989056,fair,high,"buffett_indicator,equity_pe_proxy,shiller_pe_proxy,equity_pb_proxy,real_yield_proxy,term_spread,equity_risk_proxy",credit_spread_proxy
2003-07-01,us,124.526,1.9244444444444562,2.9699999999999998,-0.3599999999999999,,3.62,,,27.65,24.87,2.81,1.9244444444444562,research_proxy,-0.054194862718463126,fair,high,"buffett_indicator,equity_pe_proxy,shiller_pe_proxy,equity_pb_proxy,real_yield_proxy,term_spread,equity_risk_proxy",credit_spread_proxy
2003-08-01,us,124.526,2.2339335180055393,3.42,-0.6900000000000004,,3.76,,,26.57,24.64,2.81,2.2339335180055393,research_proxy,-0.032358378088817315,fair,high,"buffett_indicator,equity_pe_proxy,shiller_pe_proxy,equity_pb_proxy,real_yield_proxy,term_spread,equity_risk_proxy",credit_spread_proxy
2003-09-01,us,124.526,1.8916814159292175,3.26,-0.48999999999999977,,3.78,,,26.42,25.24,2.83,1.8916814159292175,research_proxy,-0.026290049524266074,fair,high,"buffett_indicator,equity_pe_proxy,shiller_pe_proxy,equity_pb_proxy,real_yield_proxy,term_spread,equity_risk_proxy",credit_spread_proxy
2003-10-01,us,124.526,2.248057395143472,3.2800000000000002,-0.25,,4.04,,,24.75,25.68,2.83,2.248057395143472,research_proxy,-0.01653453775505252,fair,high,"buffett_indicator,equity_pe_proxy,shiller_pe_proxy,equity_pb_proxy,real_yield_proxy,term_spread,equity_risk_proxy",credit_spread_proxy
2003-11-01,us,124.526,2.3716253443526085,3.3,0.020000000000000462,,4.32,,,23.15,25.95,2.83,2.3716253443526085,research_proxy,0.010625346938237532,fair,high,"buffett_indicator,equity_pe_proxy,shiller_pe_proxy,equity_pb_proxy,real_yield_proxy,term_spread,equity_risk_proxy",credit_spread_proxy
2003-12-01,us,124.526,2.234796479647975,3.2899999999999996,0.2400000000000002,,4.51,,,22.17,26.64,3.03,2.234796479647975,research_proxy,0.0016369967616452724,fair,high,"buffett_indicator,equity_pe_proxy,shiller_pe_proxy,equity_pb_proxy,real_yield_proxy,term_spread,equity_risk_proxy",credit_spread_proxy
2004-01-01,us,133.613,2.123713033953991,3.1500000000000004,0.25,,4.4,,,22.73,27.66,3.03,2.123713033953991,research_proxy,-0.05361174937400607,fair,high,"buffett_indicator,equity_pe_proxy,shiller_pe_proxy,equity_pb_proxy,real_yield_proxy,term_spread,equity_risk_proxy",credit_spread_proxy
2004-02-01,us,133.613,2.391546840958619,3.0700000000000003,0.3700000000000001,,4.45,,,22.46,27.65,3.03,2.391546840958619,research_proxy,-0.06588944681277356,fair,high,"buffett_indicator,equity_pe_proxy,shiller_pe_proxy,equity_pb_proxy,real_yield_proxy,term_spread,equity_risk_proxy",credit_spread_proxy
2004-03-01,us,133.613,2.089923871669397,2.83,0.7999999999999998,,4.63,,,21.61,26.89,2.99,2.089923871669397,research_proxy,-0.01474245767499032,fair,high,"buffett_indicator,equity_pe_proxy,shiller_pe_proxy,equity_pb_proxy,real_yield_proxy,term_spread,equity_risk_proxy",credit_spread_proxy
2004-04-01,us,133.613,2.057423580786012,3.3499999999999996,0.3600000000000003,,4.71,,,21.23,26.9,2.99,2.057423580786012,research_proxy,0.013904921145785707,fair,high,"buffett_indicator,equity_pe_proxy,shiller_pe_proxy,equity_pb_proxy,real_yield_proxy,term_spread,equity_risk_proxy",credit_spread_proxy
2004-05-01,us,133.613,1.8222416621104554,3.7199999999999998,0.25,,4.97,,,20.14,25.9,2.99,1.8222416621104554,research_proxy,0.08651567379791855,fair,high,"buffett_indicator,equity_pe_proxy,shiller_pe_proxy,equity_pb_proxy,real_yield_proxy,term_spread,equity_risk_proxy",credit_spread_proxy
2004-06-01,us,133.613,1.5623320589841607,3.7,0.22999999999999954,,4.96,,,20.17,26.4,2.95,1.5623320589841607,research_proxy,0.0960552371977901,fair,high,"buffett_indicator,equity_pe_proxy,shiller_pe_proxy,equity_pb_proxy,real_yield_proxy,term_spread,equity_risk_proxy",credit_spread_proxy
2004-07-01,us,133.613,1.560424605334772,3.24,0.6299999999999999,,5.13,,,19.51,25.7,2.95,1.560424605334772,research_proxy,0.09780744096432649,fair,high,"buffett_indicator,equity_pe_proxy,shiller_pe_proxy,equity_pb_proxy,real_yield_proxy,term_spread,equity_risk_proxy",credit_spread_proxy
2004-08-01,us,133.613,1.7325745257452727,2.8500000000000005,0.9799999999999995,,5.26,,,19.03,25.17,2.95,1.7325745257452727,research_proxy,0.08762604010090881,fair,high,"buffett_indicator,equity_pe_proxy,shiller_pe_proxy,equity_pb_proxy,real_yield_proxy,term_spread,equity_risk_proxy",credit_spread_proxy
2004-09-01,us,133.613,1.5908319827120478,2.5199999999999996,1.04,,5.17,,,19.35,25.67,2.77,1.5908319827120478,research_proxy,0.08381598106142532,fair,high,"buffett_indicator,equity_pe_proxy,shiller_pe_proxy,equity_pb_proxy,real_yield_proxy,term_spread,equity_risk_proxy",credit_spread_proxy
2004-10-01,us,133.613,0.909085992428345,2.34,1.0900000000000007,,5.19,,,19.25,25.41,2.77,0.909085992428345,research_proxy,0.11583902197829099,fair,high,"buffett_indicator,equity_pe_proxy,shiller_pe_proxy,equity_pb_proxy,real_yield_proxy,term_spread,equity_risk_proxy",credit_spread_proxy
2004-11-01,us,133.613,0.5683783783783936,2.2600000000000007,0.7999999999999998,,4.99,,,20.05,26.47,2.77,0.5683783783783936,research_proxy,0.08284638872396236,fair,high,"buffett_indicator,equity_pe_proxy,shiller_pe_proxy,equity_pb_proxy,real_yield_proxy,term_spread,equity_risk_proxy",credit_spread_proxy
2004-12-01,us,133.613,0.887681940700813,2.0700000000000003,0.6499999999999995,,4.88,,,20.48,27.14,2.92,0.887681940700813,research_proxy,-0.002244621741079906,fair,high,"buffett_indicator,equity_pe_proxy,shiller_pe_proxy,equity_pb_proxy,real_yield_proxy,term_spread,equity_risk_proxy",credit_spread_proxy
2005-01-01,us,130.38299999999998,1.3751261406333963,1.94,0.7800000000000002,,5.0,,,19.99,26.59,2.92,1.3751261406333963,research_proxy,-0.010654287466482584,fair,high,"buffett_indicator,equity_pe_proxy,shiller_pe_proxy,equity_pb_proxy,real_yield_proxy,term_spread,equity_risk_proxy",credit_spread_proxy
2005-02-01,us,130.38299999999998,1.1169737546866605,1.67,0.7999999999999998,,4.97,,,20.11,26.74,2.92,1.1169737546866605,research_proxy,-0.02341511974946939,fair,high,"buffett_indicator,equity_pe_proxy,shiller_pe_proxy,equity_pb_proxy,real_yield_proxy,term_spread,equity_risk_proxy",credit_spread_proxy
2005-03-01,us,130.38299999999998,1.2931587386424264,1.87,0.54,,5.04,,,19.84,26.34,2.77,1.2931587386424264,research_proxy,0.002374482545668894,fair,high,"buffett_indicator,equity_pe_proxy,shiller_pe_proxy,equity_pb_proxy,real_yield_proxy,term_spread,equity_risk_proxy",credit_spread_proxy
2005-04-01,us,130.38299999999998,0.9782070437566741,1.5499999999999998,0.9199999999999999,,5.26,,,19.02,25.41,2.77,0.9782070437566741,research_proxy,0.0402583903710241,fair,high,"buffett_indicator,equity_pe_proxy,shiller_pe_proxy,equity_pb_proxy,real_yield_proxy,term_spread,equity_risk_proxy",credit_spread_proxy
2005-05-01,us,130.38299999999998,1.2707120085015848,1.1399999999999997,1.1400000000000006,,5.28,,,18.93,25.65,2.77,1.2707120085015848,research_proxy,-0.004643553650644576,fair,high,"buffett_indicator,equity_pe_proxy,shiller_pe_proxy,equity_pb_proxy,real_yield_proxy,term_spread,equity_risk_proxy",credit_spread_proxy
2005-06-01,us,130.38299999999998,1.458973001588145,0.96,1.2599999999999998,,5.26,,,19.0,26.07,2.73,1.458973001588145,research_proxy,-0.027086294344321783,fair,high,"buffett_indicator,equity_pe_proxy,shiller_pe_proxy,equity_pb_proxy,real_yield_proxy,term_spread,equity_risk_proxy",credit_spread_proxy
2005-07-01,us,130.38299999999998,1.1128397673188788,0.9199999999999999,1.08,,5.26,,,19.0,26.29,2.73,1.1128397673188788,research_proxy,-0.02490382710880038,fair,high,"buffett_indicator,equity_pe_proxy,shiller_pe_proxy,equity_pb_proxy,real_yield_proxy,term_spread,equity_risk_proxy",credit_spread_proxy
2005-08-01,us,130.38299999999998,0.6130655391120476,0.7599999999999998,1.08,,5.34,,,18.72,26.1,2.73,0.6130655391120476,research_proxy,-0.0035198360215671514,fair,high,"buffett_indicator,equity_pe_proxy,shiller_pe_proxy,equity_pb_proxy,real_yield_proxy,term_spread,equity_risk_proxy",credit_spread_proxy
2005-09-01,us,130.38299999999998,-0.5418335089568052,0.5800000000000001,1.2199999999999998,,5.42,,,18.44,25.73,2.78,-0.5418335089568052,research_proxy,0.058254399830012016,fair,high,"buffett_indicator,equity_pe_proxy,shiller_pe_proxy,equity_pb_proxy,real_yield_proxy,term_spread,equity_risk_proxy",credit_spread_proxy
2005-10-01,us,130.38299999999998,0.10989517819706407,0.6800000000000002,1.21,,5.67,,,17.64,24.88,2.78,0.10989517819706407,research_proxy,0.0533844543702172,fair,high,"buffett_indicator,equity_pe_proxy,shiller_pe_proxy,equity_pb_proxy,real_yield_proxy,term_spread,equity_risk_proxy",credit_spread_proxy
2005-11-01,us,130.38299999999998,1.2014501825769472,0.54,1.0099999999999998,,5.55,,,18.01,25.93,2.78,1.2014501825769472,research_proxy,-0.05813608171200779,fair,high,"buffett_indicator,equity_pe_proxy,shiller_pe_proxy,equity_pb_proxy,real_yield_proxy,term_spread,equity_risk_proxy",credit_spread_proxy
2005-12-01,us,130.38299999999998,1.131450182576947,0.3099999999999996,1.0600000000000005,,5.53,,,18.07,26.44,2.76,1.131450182576947,research_proxy,-0.07865323703316977,fair,high,"buffett_indicator,equity_pe_proxy,shiller_pe_proxy,equity_pb_proxy,real_yield_proxy,term_spread,equity_risk_proxy",credit_spread_proxy
2006-01-01,us,141.644,0.40121085594988326,0.1299999999999999,1.1100000000000003,,5.53,,,18.07,26.47,2.76,0.40121085594988326,research_proxy,-0.08086458745492163,fair,high,"buffett_indicator,equity_pe_proxy,shiller_pe_proxy,equity_pb_proxy,real_yield_proxy,term_spread,equity_risk_proxy",credit_spread_proxy
2006-02-01,us,141.644,0.9317463617463702,0.08000000000000007,1.0499999999999998,,5.62,,,17.8,26.25,2.76,0.9317463617463702,research_proxy,-0.11302368170968982,fair,high,"buffett_indicator,equity_pe_proxy,shiller_pe_proxy,equity_pb_proxy,real_yield_proxy,term_spread,equity_risk_proxy",credit_spread_proxy
2006-03-01,us,141.644,1.302081822889698,0.1299999999999999,0.9000000000000004,,5.62,,,17.8,26.33,2.76,1.302081822889698,research_proxy,-0.14044772130513888,fair,high,"buffett_indicator,equity_pe_proxy,shiller_pe_proxy,equity_pb_proxy,real_yield_proxy,term_spread,equity_risk_proxy",credit_spread_proxy
2006-04-01,us,141.644,1.3761641713990693,0.20000000000000018,0.6399999999999997,,5.63,,,17.77,26.15,2.76,1.3761641713990693,research_proxy,-0.15042863962380032,fair,high,"buffett_indicator,equity_pe_proxy,shiller_pe_proxy,equity_pb_proxy,real_yield_proxy,term_spread,equity_risk_proxy",credit_spread_proxy
2006-05-01,us,141.644,1.1327272727272715,0.16999999999999993,0.6200000000000001,,5.73,,,17.46,25.65,2.76,1.1327272727272715,research_proxy,-0.12765187607580136,fair,high,"buffett_indicator,equity_pe_proxy,shiller_pe_proxy,equity_pb_proxy,real_yield_proxy,term_spread,equity_risk_proxy",credit_spread_proxy
2006-06-01,us,141.644,0.9282756840474828,0.1200000000000001,0.8300000000000001,,5.94,,,16.82,24.75,2.67,0.9282756840474828,research_proxy,-0.07051649769767145,fair,high,"buffett_indicator,equity_pe_proxy,shiller_pe_proxy,equity_pb_proxy,real_yield_proxy,term_spread,equity_risk_proxy",credit_spread_proxy
2006-07-01,us,141.644,0.9853309389430462,-0.15000000000000036,0.9299999999999997,,6.02,,,16.61,24.7,2.67,0.9853309389430462,research_proxy,-0.08933655340080407,fair,high,"buffett_indicator,equity_pe_proxy,shiller_pe_proxy,equity_pb_proxy,real_yield_proxy,term_spread,equity_risk_proxy",credit_spread_proxy
2006-08-01,us,141.644,0.9534319224885168,-0.3700000000000001,1.12,,6.0,,,16.67,25.05,2.67,0.9534319224885168,research_proxy,-0.10316788261929676,fair,high,"buffett_indicator,equity_pe_proxy,shiller_pe_proxy,equity_pb_proxy,real_yield_proxy,term_spread,equity_risk_proxy",credit_spread_proxy
2006-09-01,us,141.644,2.707927565392363,-0.5300000000000002,1.2400000000000002,,5.96,,,16.77,25.64,2.72,2.707927565392363,research_proxy,-0.23274443975715567,fair,high,"buffett_indicator,equity_pe_proxy,shiller_pe_proxy,equity_pb_proxy,real_yield_proxy,term_spread,equity_risk_proxy",credit_spread_proxy
2006-10-01,us,141.644,3.3236715218483033,-0.5199999999999996,1.0999999999999996,,5.83,,,17.14,26.54,2.72,3.3236715218483033,research_proxy,-0.29630361565107227,fair,high,"buffett_indicator,equity_pe_proxy,shiller_pe_proxy,equity_pb_proxy,real_yield_proxy,term_spread,equity_risk_proxy",credit_spread_proxy
2006-11-01,us,141.644,2.6312973245835325,-0.6500000000000004,1.2000000000000002,,5.8,,,17.24,26.93,2.72,2.6312973245835325,research_proxy,-0.2695601993697762,fair,high,"buffett_indicator,equity_pe_proxy,shiller_pe_proxy,equity_pb_proxy,real_yield_proxy,term_spread,equity_risk_proxy",credit_spread_proxy
2006-12-01,us,141.644,2.0360222110045534,-0.6800000000000006,1.1900000000000004,,5.75,,,17.38,27.28,2.81,2.0360222110045534,research_proxy,-0.25940214995586264,fair,high,"buffett_indicator,equity_pe_proxy,shiller_pe_proxy,equity_pb_proxy,real_yield_proxy,term_spread,equity_risk_proxy",credit_spread_proxy
2007-01-01,us,137.64,2.6842348218765766,-0.4900000000000002,1.0,,5.76,,,17.36,27.21,2.81,2.6842348218765766,research_proxy,-0.27879252310233926,fair,high,"buffett_indicator,equity_pe_proxy,shiller_pe_proxy,equity_pb_proxy,real_yield_proxy,term_spread,equity_risk_proxy",credit_spread_proxy
2007-02-01,us,137.64,2.299739217652972,-0.54,1.0,,5.72,,,17.49,27.32,2.81,2.299739217652972,research_proxy,-0.2643885704942238,fair,high,"buffett_indicator,equity_pe_proxy,shiller_pe_proxy,equity_pb_proxy,real_yield_proxy,term_spread,equity_risk_proxy",credit_spread_proxy
2007-03-01,us,137.64,1.7618027040560724,-0.7000000000000002,1.3500000000000005,,5.91,,,16.92,26.23,2.79,1.7618027040560724,research_proxy,-0.19790330696497976,fair,high,"buffett_indicator,equity_pe_proxy,shiller_pe_proxy,equity_pb_proxy,real_yield_proxy,term_spread,equity_risk_proxy",credit_spread_proxy
2007-04-01,us,137.64,2.097075236671648,-0.5599999999999996,1.0299999999999994,,5.72,,,17.48,26.98,2.79,2.097075236671648,research_proxy,-0.24365812144646065,fair,high,"buffett_indicator,equity_pe_proxy,shiller_pe_proxy,equity_pb_proxy,real_yield_proxy,term_spread,equity_risk_proxy",credit_spread_proxy
2007-05-01,us,137.64,2.040114257327387,-0.5,0.8300000000000001,,5.58,,,17.92,27.55,2.79,2.040114257327387,research_proxy,-0.26202566386453496,fair,high,"buffett_indicator,equity_pe_proxy,shiller_pe_proxy,equity_pb_proxy,real_yield_proxy,term_spread,equity_risk_proxy",credit_spread_proxy
2007-06-01,us,137.64,2.4072348860257726,-0.15000000000000036,0.5100000000000007,,5.61,,,17.83,27.42,2.91,2.4072348860257726,research_proxy,-0.2852035786854977,fair,high,"buffett_indicator,equity_pe_proxy,shiller_pe_proxy,equity_pb_proxy,real_yield_proxy,term_spread,equity_risk_proxy",credit_spread_proxy
2007-07-01,us,137.64,2.682109413504192,-0.2599999999999998,0.4500000000000002,,5.45,,,18.36,27.41,2.91,2.682109413504192,research_proxy,-0.3219121041163807,fair,high,"buffett_indicator,equity_pe_proxy,shiller_pe_proxy,equity_pb_proxy,real_yield_proxy,term_spread,equity_risk_proxy",credit_spread_proxy
2007-08-01,us,137.64,2.772551521099124,-0.34999999999999964,0.8799999999999999,,5.55,,,18.02,26.15,2.91,2.772551521099124,research_proxy,-0.28428674399699644,fair,high,"buffett_indicator,equity_pe_proxy,shiller_pe_proxy,equity_pb_proxy,real_yield_proxy,term_spread,equity_risk_proxy",credit_spread_proxy
2007-09-01,us,137.64,1.6861735700197311,-0.4200000000000008,0.7300000000000004,,5.25,,,19.05,26.73,2.91,1.6861735700197311,research_proxy,-0.25914200084294065,fair,high,"buffett_indicator,equity_pe_proxy,shiller_pe_proxy,equity_pb_proxy,real_yield_proxy,term_spread,equity_risk_proxy",credit_spread_proxy
2007-10-01,us,137.64,0.9193016344725242,-0.22999999999999954,0.3099999999999996,,4.84,,,20.68,27.32,2.91,0.9193016344725242,research_proxy,-0.2528216469149707,fair,high,"buffett_indicator,equity_pe_proxy,shiller_pe_proxy,equity_pb_proxy,real_yield_proxy,term_spread,equity_risk_proxy",credit_spread_proxy
2007-11-01,us,137.64,-0.2232673267326657,-0.33999999999999986,0.6599999999999993,,4.81,,,20.81,25.73,2.91,-0.2232673267326657,research_proxy,-0.15001346186980064,fair,high,"buffett_indicator,equity_pe_proxy,shiller_pe_proxy,equity_pb_proxy,real_yield_proxy,term_spread,equity_risk_proxy",credit_spread_proxy
2007-12-01,us,137.64,-0.008813392417532206,-0.14000000000000057,0.3700000000000001,,4.47,,,22.35,25.96,2.77,-0.008813392417532206,research_proxy,-0.1640776866379326,fair,high,"buffett_indicator,equity_pe_proxy,shiller_pe_proxy,equity_pb_proxy,real_yield_proxy,term_spread,equity_risk_proxy",credit_spread_proxy
2008-01-01,us,78.4725,-0.5546956551659807,-0.19999999999999973,0.9199999999999999,,4.66,,,21.46,24.02,2.77,-0.5546956551659807,research_proxy,0.10189008185400307,fair,high,"buffett_indicator,equity_pe_proxy,shiller_pe_proxy,equity_pb_proxy,real_yield_proxy,term_spread,equity_risk_proxy",credit_spread_proxy
2008-02-01,us,78.4725,-0.40295927061196757,0.7600000000000002,0.8599999999999994,,4.6,,,21.74,23.5,2.77,-0.40295927061196757,research_proxy,0.1834517960784059,fair,high,"buffett_indicator,equity_pe_proxy,shiller_pe_proxy,equity_pb_proxy,real_yield_proxy,term_spread,equity_risk_proxy",credit_spread_proxy
2008-03-01,us,78.4725,-0.46490355013443363,0.8999999999999999,1.08,,4.59,,,21.81,22.61,2.49,-0.46490355013443363,research_proxy,0.26993792246169307,fair,high,"buffett_indicator,equity_pe_proxy,shiller_pe_proxy,equity_pb_proxy,real_yield_proxy,term_spread,equity_risk_proxy",credit_spread_proxy
2008-04-01,us,78.4725,-0.22376097598881284,1.4000000000000004,0.5100000000000002,,4.19,,,23.88,23.36,2.49,-0.22376097598881284,research_proxy,0.22836880309269328,fair,high,"buffett_indicator,equity_pe_proxy,shiller_pe_proxy,equity_pb_proxy,real_yield_proxy,term_spread,equity_risk_proxy",credit_spread_proxy
2008-05-01,us,78.4725,-0.20841382312399315,1.9,0.0,,3.88,,,25.81,23.7,2.49,-0.20841382312399315,research_proxy,0.21236275516361122,fair,high,"buffett_indicator,equity_pe_proxy,shiller_pe_proxy,equity_pb_proxy,real_yield_proxy,term_spread,equity_risk_proxy",credit_spread_proxy
2008-06-01,us,78.4725,-0.8359661059478647,2.0999999999999996,-0.2699999999999996,,3.83,,,26.11,22.42,2.41,-0.8359661059478647,research_proxy,0.28139192535046736,fair,high,"buffett_indicator,equity_pe_proxy,shiller_pe_proxy,equity_pb_proxy,real_yield_proxy,term_spread,equity_risk_proxy",credit_spread_proxy
2008-07-01,us,78.4725,-1.4875120783418376,2.0,-0.06999999999999984,,3.94,,,25.37,20.91,2.41,-1.4875120783418376,research_proxy,0.3573775726212262,fair,high,"buffett_indicator,equity_pe_proxy,shiller_pe_proxy,equity_pb_proxy,real_yield_proxy,term_spread,equity_risk_proxy",credit_spread_proxy
2008-08-01,us,78.4725,-1.4180171620912385,1.8900000000000001,-0.16000000000000014,,3.73,,,26.83,21.4,2.41,-1.4180171620912385,research_proxy,0.3103671485903795,fair,high,"buffett_indicator,equity_pe_proxy,shiller_pe_proxy,equity_pb_proxy,real_yield_proxy,term_spread,equity_risk_proxy",credit_spread_proxy
2008-09-01,us,78.4725,-1.2633198751360752,1.88,0.08999999999999986,,3.78,,,26.48,20.36,2.27,-1.2633198751360752,research_proxy,0.3586764958558695,fair,high,"buffett_indicator,equity_pe_proxy,shiller_pe_proxy,equity_pb_proxy,real_yield_proxy,term_spread,equity_risk_proxy",credit_spread_proxy
2008-10-01,us,78.4725,0.07894211004348728,2.84,-0.14000000000000012,,3.67,,,27.22,16.39,2.27,0.07894211004348728,research_proxy,0.4119976288307135,fair,high,"buffett_indicator,equity_pe_proxy,shiller_pe_proxy,equity_pb_proxy,real_yield_proxy,term_spread,equity_risk_proxy",credit_spread_proxy
2008-11-01,us,78.4725,2.430082529383315,3.1399999999999997,-0.6699999999999999,,2.86,,,34.99,15.26,2.27,2.430082529383315,research_proxy,0.18716658891668686,fair,high,"buffett_indicator,equity_pe_proxy,shiller_pe_proxy,equity_pb_proxy,real_yield_proxy,term_spread,equity_risk_proxy",credit_spread_proxy
2008-12-01,us,78.4725,2.442228002553859,2.26,-0.72,,1.7,,,58.98,15.38,2.0,2.442228002553859,research_proxy,-0.17331055993205263,fair,high,"buffett_indicator,equity_pe_proxy,shiller_pe_proxy,equity_pb_proxy,real_yield_proxy,term_spread,equity_risk_proxy",credit_spread_proxy
2009-01-01,us,104.139,2.633586019022127,2.37,-1.11,,1.41,,,70.91,15.17,2.0,2.633586019022127,research_proxy,-0.42090166094127157,fair,high,"buffett_indicator,equity_pe_proxy,shiller_pe_proxy,equity_pb_proxy,real_yield_proxy,term_spread,equity_risk_proxy",credit_spread_proxy
2009-02-01,us,104.139,2.8615368593284893,2.65,-1.6900000000000002,,1.18,,,84.46,14.12,2.0,2.8615368593284893,research_proxy,-0.6029208741003309,expensive,high,"buffett_indicator,equity_pe_proxy,shiller_pe_proxy,equity_pb_proxy,real_yield_proxy,term_spread,equity_risk_proxy",credit_spread_proxy
2009-03-01,us,104.139,3.2664787676623837,2.6399999999999997,-1.9099999999999997,,0.91,,,110.37,13.32,1.78,3.2664787676623837,research_proxy,-0.9333193094261498,expensive,high,"buffett_indicator,equity_pe_proxy,shiller_pe_proxy,equity_pb_proxy,real_yield_proxy,term_spread,equity_risk_proxy",credit_spread_proxy
2009-04-01,us,104.139,3.5063244243767064,2.7800000000000002,-2.1,,0.83,,,119.85,14.98,1.78,3.5063244243767064,research_proxy,-1.097855930988365,expensive,high,"buffett_indicator,equity_pe_proxy,shiller_pe_proxy,equity_pb_proxy,real_yield_proxy,term_spread,equity_risk_proxy",credit_spread_proxy
2009-05-01,us,104.139,4.305761495855172,3.11,-2.48,,0.81,,,123.73,16.0,1.78,4.305761495855172,research_proxy,-1.204883331775747,expensive,high,"buffett_indicator,equity_pe_proxy,shiller_pe_proxy,equity_pb_proxy,real_yield_proxy,term_spread,equity_risk_proxy",credit_spread_proxy
2009-06-01,us,104.139,4.9491746182109155,3.5100000000000002,-2.91,,0.81,,,123.32,16.38,1.89,4.9491746182109155,research_proxy,-1.2490669155162522,expensive,high,"buffett_indicator,equity_pe_proxy,shiller_pe_proxy,equity_pb_proxy,real_yield_proxy,term_spread,equity_risk_proxy",credit_spread_proxy
2009-07-01,us,104.139,5.518761003762277,3.4,-2.58,,0.98,,,101.87,16.69,1.89,5.518761003762277,research_proxy,-0.9971395346347107,expensive,high,"buffett_indicator,equity_pe_proxy,shiller_pe_proxy,equity_pb_proxy,real_yield_proxy,term_spread,equity_risk_proxy",credit_spread_proxy
2009-08-01,us,104.139,5.073835566326763,3.4299999999999997,-2.51,,1.08,,,92.95,18.09,1.89,5.073835566326763,research_proxy,-0.8706412456160544,expensive,high,"buffett_indicator,equity_pe_proxy,shiller_pe_proxy,equity_pb_proxy,real_yield_proxy,term_spread,equity_risk_proxy",credit_spread_proxy
2009-09-01,us,104.139,4.777942862886472,3.25,-2.2,,1.2,,,83.3,18.83,2.12,4.777942862886472,research_proxy,-0.7724747234024861,expensive,high,"buffett_indicator,equity_pe_proxy,shiller_pe_proxy,equity_pb_proxy,real_yield_proxy,term_spread,equity_risk_proxy",credit_spread_proxy
2009-10-01,us,104.139,3.6139682942003386,3.27,-1.02,,2.37,,,42.12,19.36,2.12,3.6139682942003386,research_proxy,-0.1010262700172621,fair,high,"buffett_indicator,equity_pe_proxy,shiller_pe_proxy,equity_pb_proxy,real_yield_proxy,term_spread,equity_risk_proxy",credit_spread_proxy
2009-11-01,us,104.139,1.4854128255290724,3.28,0.10999999999999988,,3.51,,,28.51,19.81,2.12,1.4854128255290724,research_proxy,0.263247076824164,fair,high,"buffett_indicator,equity_pe_proxy,shiller_pe_proxy,equity_pb_proxy,real_yield_proxy,term_spread,equity_risk_proxy",credit_spread_proxy
2009-12-01,us,104.139,0.7758768767916324,3.4699999999999998,1.0,,4.59,,,21.78,20.32,2.17,0.7758768767916324,research_proxy,0.4477184528789921,fair,high,"buffett_indicator,equity_pe_proxy,shiller_pe_proxy,equity_pb_proxy,real_yield_proxy,term_spread,equity_risk_proxy",credit_spread_proxy
2010-01-01,us,114.848,1.1088886110232838,3.62,1.1,,4.83,,,20.7,20.53,2.17,1.1088886110232838,research_proxy,0.42927155298153974,fair,high,"buffett_indicator,equity_pe_proxy,shiller_pe_proxy,equity_pb_proxy,real_yield_proxy,term_spread,equity_risk_proxy",credit_spread_proxy
2010-02-01,us,114.848,1.538663642133471,3.56,1.6,,5.29,,,18.91,19.92,2.17,1.538663642133471,research_proxy,0.4620191827939083,fair,high,"buffett_indicator,equity_pe_proxy,shiller_pe_proxy,equity_pb_proxy,real_yield_proxy,term_spread,equity_risk_proxy",credit_spread_proxy
2010-03-01,us,114.848,1.4438285606720114,3.57,1.56,,5.29,,,18.91,21.0,2.2,1.4438285606720114,research_proxy,0.4434318349590745,fair,high,"buffett_indicator,equity_pe_proxy,shiller_pe_proxy,equity_pb_proxy,real_yield_proxy,term_spread,equity_risk_proxy",credit_spread_proxy
2010-04-01,us,114.848,1.6432292474695598,3.65,1.4099999999999997,,5.26,,,19.01,21.8,2.2,1.6432292474695598,research_proxy,0.4154407735678665,fair,high,"buffett_indicator,equity_pe_proxy,shiller_pe_proxy,equity_pb_proxy,real_yield_proxy,term_spread,equity_risk_proxy",credit_spread_proxy
2010-05-01,us,114.848,1.4164510707814317,3.2199999999999998,2.3600000000000003,,5.78,,,17.3,20.48,2.2,1.4164510707814317,research_proxy,0.49020239751974454,fair,high,"buffett_indicator,equity_pe_proxy,shiller_pe_proxy,equity_pb_proxy,real_yield_proxy,term_spread,equity_risk_proxy",credit_spread_proxy
2010-06-01,us,114.848,2.0784394059313733,3.02,2.99,,6.19,,,16.15,19.74,1.9,2.0784394059313733,research_proxy,0.5436487320445234,cheap,high,"buffett_indicator,equity_pe_proxy,shiller_pe_proxy,equity_pb_proxy,real_yield_proxy,term_spread,equity_risk_proxy",credit_spread_proxy
2010-07-01,us,114.848,1.669221519517892,2.8299999999999996,3.3500000000000005,,6.36,,,15.72,19.67,1.9,1.669221519517892,research_proxy,0.5783889545007083,cheap,high,"buffett_indicator,equity_pe_proxy,shiller_pe_proxy,equity_pb_proxy,real_yield_proxy,term_spread,equity_risk_proxy",credit_spread_proxy
2010-08-01,us,114.848,1.5498224604887456,2.5100000000000002,3.76,,6.46,,,15.47,19.77,1.9,1.5498224604887456,research_proxy,0.5818258151822926,cheap,high,"buffett_indicator,equity_pe_proxy,shiller_pe_proxy,equity_pb_proxy,real_yield_proxy,term_spread,equity_risk_proxy",credit_spread_proxy
2010-09-01,us,114.848,1.5316877527668222,2.46,3.7500000000000004,,6.4,,,15.61,20.38,2.01,1.5316877527668222,research_proxy,0.5488102129558536,cheap,high,"buffett_indicator,equity_pe_proxy,shiller_pe_proxy,equity_pb_proxy,real_yield_proxy,term_spread,equity_risk_proxy",credit_spread_proxy
2010-10-01,us,114.848,1.3733048510685377,2.35,3.75,,6.29,,,15.9,21.24,2.01,1.3733048510685377,research_proxy,0.5296872622315012,cheap,high,"buffett_indicator,equity_pe_proxy,shiller_pe_proxy,equity_pb_proxy,real_yield_proxy,term_spread,equity_risk_proxy",credit_spread_proxy
2010-11-01,us,114.848,1.6754552233996618,2.57,3.54,,6.3,,,15.88,21.7,2.01,1.6754552233996618,research_proxy,0.5123323986698262,cheap,high,"buffett_indicator,equity_pe_proxy,shiller_pe_proxy,equity_pb_proxy,real_yield_proxy,term_spread,equity_risk_proxy",credit_spread_proxy
2010-12-01,us,114.848,1.8522069777820631,3.11,2.9400000000000004,,6.23,,,16.05,22.4,2.17,1.8522069777820631,research_proxy,0.4777932277748546,fair,high,"buffett_indicator,equity_pe_proxy,shiller_pe_proxy,equity_pb_proxy,real_yield_proxy,term_spread,equity_risk_proxy",credit_spread_proxy
2011-01-01,us,100.263,1.6892165084970228,3.22,2.7399999999999998,,6.13,,,16.3,22.98,2.17,1.6892165084970228,research_proxy,0.5126428333350944,cheap,high,"buffett_indicator,equity_pe_proxy,shiller_pe_proxy,equity_pb_proxy,real_yield_proxy,term_spread,equity_risk_proxy",credit_spread_proxy
2011-02-01,us,100.263,1.455101826666855,3.42,2.4699999999999998,,6.05,,,16.52,23.49,2.17,1.455101826666855,research_proxy,0.5173706316973515,cheap,high,"buffett_indicator,equity_pe_proxy,shiller_pe_proxy,equity_pb_proxy,real_yield_proxy,term_spread,equity_risk_proxy",credit_spread_proxy
2011-03-01,us,100.263,0.7907584896458912,3.27,2.8200000000000003,,6.23,,,16.04,22.9,2.23,0.7907584896458912,research_proxy,0.5704381456192478,cheap,high,"buffett_indicator,equity_pe_proxy,shiller_pe_proxy,equity_pb_proxy,real_yield_proxy,term_spread,equity_risk_proxy",credit_spread_proxy
2011-04-01,us,100.263,0.3827655552131306,3.36,2.71,,6.17,,,16.21,23.14,2.23,0.3827655552131306,research_proxy,0.5899259522620971,cheap,high,"buffett_indicator,equity_pe_proxy,shiller_pe_proxy,equity_pb_proxy,real_yield_proxy,term_spread,equity_risk_proxy",credit_spread_proxy
2011-05-01,us,100.263,-0.2889718808965003,3.08,3.0300000000000002,,6.2,,,16.12,23.06,2.23,-0.2889718808965003,research_proxy,0.6250677143079544,cheap,high,"buffett_indicator,equity_pe_proxy,shiller_pe_proxy,equity_pb_proxy,real_yield_proxy,term_spread,equity_risk_proxy",credit_spread_proxy
2011-06-01,us,100.263,-0.5023181506360408,2.91,3.5199999999999996,,6.52,,,15.35,22.1,2.15,-0.5023181506360408,research_proxy,0.6895114175654147,cheap,high,"buffett_indicator,equity_pe_proxy,shiller_pe_proxy,equity_pb_proxy,real_yield_proxy,term_spread,equity_risk_proxy",credit_spread_proxy
2011-07-01,us,100.263,-0.5798809769996165,2.93,3.41,,6.41,,,15.61,22.61,2.15,-0.5798809769996165,research_proxy,0.6773874348320226,cheap,high,"buffett_indicator,equity_pe_proxy,shiller_pe_proxy,equity_pb_proxy,real_yield_proxy,term_spread,equity_risk_proxy",credit_spread_proxy
2011-08-01,us,100.263,-1.45499603070808,2.1999999999999997,4.95,,7.25,,,13.79,20.05,2.15,-1.45499603070808,research_proxy,0.819915687718294,cheap,high,"buffett_indicator,equity_pe_proxy,shiller_pe_proxy,equity_pb_proxy,real_yield_proxy,term_spread,equity_risk_proxy",credit_spread_proxy
2011-09-01,us,100.263,-1.8326216928186851,1.9,5.43,,7.41,,,13.5,19.7,1.85,-1.8326216928186851,research_proxy,0.8983935297875014,cheap,high,"buffett_indicator,equity_pe_proxy,shiller_pe_proxy,equity_pb_proxy,real_yield_proxy,term_spread,equity_risk_proxy",credit_spread_proxy
2011-10-01,us,100.263,-1.3722681306640525,2.08,5.050000000000001,,7.2,,,13.88,20.16,1.85,-1.3722681306640525,research_proxy,0.8526389630379881,cheap,high,"buffett_indicator,equity_pe_proxy,shiller_pe_proxy,equity_pb_proxy,real_yield_proxy,term_spread,equity_risk_proxy",credit_spread_proxy
2011-11-01,us,100.263,-1.441432214581729,1.9299999999999997,5.08,,7.09,,,14.1,20.35,1.85,-1.441432214581729,research_proxy,0.8385167323149033,cheap,high,"buffett_indicator,equity_pe_proxy,shiller_pe_proxy,equity_pb_proxy,real_yield_proxy,term_spread,equity_risk_proxy",credit_spread_proxy
2011-12-01,us,100.263,-1.0820668384193861,1.91,5.01,,6.99,,,14.3,20.52,2.05,-1.0820668384193861,research_proxy,0.7753886430941109,cheap,high,"buffett_indicator,equity_pe_proxy,shiller_pe_proxy,equity_pb_proxy,real_yield_proxy,term_spread,equity_risk_proxy",credit_spread_proxy
2012-01-01,us,114.854,-1.0387663379855023,1.89,4.760000000000001,,6.73,,,14.87,21.21,2.05,-1.0387663379855023,research_proxy,0.6969631386069252,cheap,high,"buffett_indicator,equity_pe_proxy,shiller_pe_proxy,equity_pb_proxy,real_yield_proxy,term_spread,equity_risk_proxy",credit_spread_proxy
2012-02-01,us,114.854,-0.9281784423473882,1.8699999999999999,4.54,,6.51,,,15.37,21.8,2.05,-0.9281784423473882,research_proxy,0.6590186751670858,cheap,high,"buffett_indicator,equity_pe_proxy,shiller_pe_proxy,equity_pb_proxy,real_yield_proxy,term_spread,equity_risk_proxy",credit_spread_proxy
2012-03-01,us,114.854,-0.4128752813320977,2.04,4.2,,6.37,,,15.69,22.05,2.22,-0.4128752813320977,research_proxy,0.5898770964412113,cheap,high,"buffett_indicator,equity_pe_proxy,shiller_pe_proxy,equity_pb_proxy,real_yield_proxy,term_spread,equity_risk_proxy",credit_spread_proxy
2012-04-01,us,114.854,-0.22316337413485687,1.9099999999999997,4.32,,6.37,,,15.7,21.78,2.22,-0.22316337413485687,research_proxy,0.5782465751671614,cheap,high,"buffett_indicator,equity_pe_proxy,shiller_pe_proxy,equity_pb_proxy,real_yield_proxy,term_spread,equity_risk_proxy",credit_spread_proxy
2012-05-01,us,114.854,0.06205706253392518,1.6400000000000001,4.7700000000000005,,6.57,,,15.22,20.94,2.22,0.06205706253392518,research_proxy,0.5837229824055719,cheap,high,"buffett_indicator,equity_pe_proxy,shiller_pe_proxy,equity_pb_proxy,real_yield_proxy,term_spread,equity_risk_proxy",credit_spread_proxy
2012-06-01,us,114.854,-0.03387044829763397,1.4600000000000002,5.02,,6.64,,,15.05,20.55,2.13,-0.03387044829763397,research_proxy,0.6101038225535032,cheap,high,"buffett_indicator,equity_pe_proxy,shiller_pe_proxy,equity_pb_proxy,real_yield_proxy,term_spread,equity_risk_proxy",credit_spread_proxy
2012-07-01,us,114.854,0.11248852015352173,1.37,4.8999999999999995,,6.43,,,15.55,21.0,2.13,0.11248852015352173,research_proxy,0.5718906187703073,cheap,high,"buffett_indicator,equity_pe_proxy,shiller_pe_proxy,equity_pb_proxy,real_yield_proxy,term_spread,equity_risk_proxy",credit_spread_proxy
2012-08-01,us,114.854,-0.00593491548212377,1.5499999999999998,4.5200000000000005,,6.2,,,16.14,21.41,2.13,-0.00593491548212377,research_proxy,0.5582256952312585,cheap,high,"buffett_indicator,equity_pe_proxy,shiller_pe_proxy,equity_pb_proxy,real_yield_proxy,term_spread,equity_risk_proxy",credit_spread_proxy
2012-09-01,us,114.854,-0.2297168982819613,1.58,4.2700000000000005,,5.99,,,16.69,21.78,2.18,-0.2297168982819613,research_proxy,0.5381779432812409,cheap,high,"buffett_indicator,equity_pe_proxy,shiller_pe_proxy,equity_pb_proxy,real_yield_proxy,term_spread,equity_risk_proxy",credit_spread_proxy
2012-10-01,us,114.854,-0.40567805953693625,1.59,4.27,,6.02,,,16.62,21.58,2.18,-0.40567805953693625,research_proxy,0.553715503844866,cheap,high,"buffett_indicator,equity_pe_proxy,shiller_pe_proxy,equity_pb_proxy,real_yield_proxy,term_spread,equity_risk_proxy",credit_spread_proxy
2012-11-01,us,114.854,-0.14601970339262627,1.49,4.550000000000001,,6.2,,,16.12,20.9,2.18,-0.14601970339262627,research_proxy,0.5638770926328809,cheap,high,"buffett_indicator,equity_pe_proxy,shiller_pe_proxy,equity_pb_proxy,real_yield_proxy,term_spread,equity_risk_proxy",credit_spread_proxy
2012-12-01,us,114.854,-0.039504979689552355,1.56,4.36,,6.08,,,16.44,21.24,2.14,-0.039504979689552355,research_proxy,0.5489628306609057,cheap,high,"buffett_indicator,equity_pe_proxy,shiller_pe_proxy,equity_pb_proxy,real_yield_proxy,term_spread,equity_risk_proxy",credit_spread_proxy
2013-01-01,us,142.69799999999998,0.22593823790170098,1.77,3.96,,5.87,,,17.03,21.9,2.14,0.22593823790170098,research_proxy,0.43371678205028236,fair,high,"buffett_indicator,equity_pe_proxy,shiller_pe_proxy,equity_pb_proxy,real_yield_proxy,term_spread,equity_risk_proxy",credit_spread_proxy
2013-02-01,us,142.69799999999998,-0.038140490257480675,1.83,3.7899999999999996,,5.77,,,17.32,22.05,2.14,-0.038140490257480675,research_proxy,0.4383217098469353,fair,high,"buffett_indicator,equity_pe_proxy,shiller_pe_proxy,equity_pb_proxy,real_yield_proxy,term_spread,equity_risk_proxy",credit_spread_proxy
2013-03-01,us,142.69799999999998,0.4412527588753816,1.8199999999999998,3.7,,5.66,,,17.68,22.42,2.31,0.4412527588753816,research_proxy,0.36699827619567266,fair,high,"buffett_indicator,equity_pe_proxy,shiller_pe_proxy,equity_pb_proxy,real_yield_proxy,term_spread,equity_risk_proxy",credit_spread_proxy
2013-04-01,us,142.69799999999998,0.6211919524231331,1.61,3.8900000000000006,,5.65,,,17.69,22.6,2.31,0.6211919524231331,research_proxy,0.34515628789633873,fair,high,"buffett_indicator,equity_pe_proxy,shiller_pe_proxy,equity_pb_proxy,real_yield_proxy,term_spread,equity_risk_proxy",credit_spread_proxy
2013-05-01,us,142.69799999999998,0.5396111720802916,1.8199999999999998,3.5500000000000007,,5.48,,,18.25,23.41,2.31,0.5396111720802916,research_proxy,0.32817964786921444,fair,high,"buffett_indicator,equity_pe_proxy,shiller_pe_proxy,equity_pb_proxy,real_yield_proxy,term_spread,equity_risk_proxy",credit_spread_proxy
2013-06-01,us,142.69799999999998,0.5842064728431273,2.21,3.3200000000000003,,5.62,,,17.8,22.93,2.37,0.5842064728431273,research_proxy,0.35277642983228785,fair,high,"buffett_indicator,equity_pe_proxy,shiller_pe_proxy,equity_pb_proxy,real_yield_proxy,term_spread,equity_risk_proxy",credit_spread_proxy
2013-07-01,us,142.69799999999998,0.6945281945841941,2.49,2.9399999999999995,,5.52,,,18.12,23.49,2.37,0.6945281945841941,research_proxy,0.335965597816504,fair,high,"buffett_indicator,equity_pe_proxy,shiller_pe_proxy,equity_pb_proxy,real_yield_proxy,term_spread,equity_risk_proxy",credit_spread_proxy
2013-08-01,us,142.69799999999998,1.2011905113997212,2.66,2.84,,5.58,,,17.91,23.36,2.37,1.2011905113997212,research_proxy,0.32092018158102587,fair,high,"buffett_indicator,equity_pe_proxy,shiller_pe_proxy,equity_pb_proxy,real_yield_proxy,term_spread,equity_risk_proxy",credit_spread_proxy
2013-09-01,us,142.69799999999998,1.7152658918252004,2.73,2.78,,5.59,,,17.88,23.44,2.43,1.7152658918252004,research_proxy,0.28352329164138473,fair,high,"buffett_indicator,equity_pe_proxy,shiller_pe_proxy,equity_pb_proxy,real_yield_proxy,term_spread,equity_risk_proxy",credit_spread_proxy
2013-10-01,us,142.69799999999998,1.743200856508853,2.5300000000000002,2.9799999999999995,,5.6,,,17.86,23.83,2.43,1.743200856508853,research_proxy,0.26900559765685367,fair,high,"buffett_indicator,equity_pe_proxy,shiller_pe_proxy,equity_pb_proxy,real_yield_proxy,term_spread,equity_risk_proxy",credit_spread_proxy
2013-11-01,us,142.69799999999998,1.4871298038045544,2.64,2.7899999999999996,,5.51,,,18.15,24.64,2.43,1.4871298038045544,research_proxy,0.26550740805689976,fair,high,"buffett_indicator,equity_pe_proxy,shiller_pe_proxy,equity_pb_proxy,real_yield_proxy,term_spread,equity_risk_proxy",credit_spread_proxy
2013-12-01,us,142.69799999999998,1.3871616332426704,2.81,2.64,,5.54,,,18.04,24.86,2.58,1.3871616332426704,research_proxy,0.25305115887865165,fair,high,"buffett_indicator,equity_pe_proxy,shiller_pe_proxy,equity_pb_proxy,real_yield_proxy,term_spread,equity_risk_proxy",credit_spread_proxy
2014-01-01,us,150.026,1.3022412044250848,2.79,2.65,,5.51,,,18.15,24.86,2.58,1.3022412044250848,research_proxy,0.23522918922415778,fair,high,"buffett_indicator,equity_pe_proxy,shiller_pe_proxy,equity_pb_proxy,real_yield_proxy,term_spread,equity_risk_proxy",credit_spread_proxy
2014-02-01,us,150.026,1.5895253652275052,2.64,2.83,,5.54,,,18.06,24.59,2.58,1.5895253652275052,research_proxy,0.22090677054530203,fair,high,"buffett_indicator,equity_pe_proxy,shiller_pe_proxy,equity_pb_proxy,real_yield_proxy,term_spread,equity_risk_proxy",credit_spread_proxy
2014-03-01,us,150.026,1.107305086059196,2.64,2.69,,5.41,,,18.48,24.96,2.61,1.107305086059196,research_proxy,0.22458590249481333,fair,high,"buffett_indicator,equity_pe_proxy,shiller_pe_proxy,equity_pb_proxy,real_yield_proxy,term_spread,equity_risk_proxy",credit_spread_proxy
2014-04-01,us,150.026,0.694874696393831,2.62,2.74,,5.45,,,18.35,24.79,2.61,0.694874696393831,research_proxy,0.25450414121904574,fair,high,"buffett_indicator,equity_pe_proxy,shiller_pe_proxy,equity_pb_proxy,real_yield_proxy,term_spread,equity_risk_proxy",credit_spread_proxy
2014-05-01,us,150.026,0.39305231292018794,2.47,2.86,,5.42,,,18.46,24.94,2.61,0.39305231292018794,research_proxy,0.261539262619486,fair,high,"buffett_indicator,equity_pe_proxy,shiller_pe_proxy,equity_pb_proxy,real_yield_proxy,term_spread,equity_risk_proxy",credit_spread_proxy
2014-06-01,us,150.026,0.5410183054055806,2.5,2.6999999999999997,,5.3,,,18.88,25.56,2.67,0.5410183054055806,research_proxy,0.22101170751041824,fair,high,"buffett_indicator,equity_pe_proxy,shiller_pe_proxy,equity_pb_proxy,real_yield_proxy,term_spread,equity_risk_proxy",credit_spread_proxy
2014-07-01,us,150.026,0.5657621296694029,2.45,2.7299999999999995,,5.27,,,18.96,25.82,2.67,0.5657621296694029,research_proxy,0.2113038731902978,fair,high,"buffett_indicator,equity_pe_proxy,shiller_pe_proxy,equity_pb_proxy,real_yield_proxy,term_spread,equity_risk_proxy",credit_spread_proxy
2014-08-01,us,150.026,0.7049016517030937,2.33,2.9299999999999997,,5.35,,,18.68,25.62,2.67,0.7049016517030937,research_proxy,0.21097619195807385,fair,high,"buffett_indicator,equity_pe_proxy,shiller_pe_proxy,equity_pb_proxy,real_yield_proxy,term_spread,equity_risk_proxy",credit_spread_proxy
2014-09-01,us,150.026,0.8459490288767921,2.44,2.7900000000000005,,5.32,,,18.81,25.92,2.68,0.8459490288767921,research_proxy,0.19626272544479278,fair,high,"buffett_indicator,equity_pe_proxy,shiller_pe_proxy,equity_pb_proxy,real_yield_proxy,term_spread,equity_risk_proxy",credit_spread_proxy
2014-10-01,us,150.026,0.6904582978486706,2.21,3.1100000000000003,,5.41,,,18.5,25.16,2.68,0.6904582978486706,research_proxy,0.22000319152345682,fair,high,"buffett_indicator,equity_pe_proxy,shiller_pe_proxy,equity_pb_proxy,real_yield_proxy,term_spread,equity_risk_proxy",credit_spread_proxy
2014-11-01,us,150.026,1.098475010679202,2.24,2.7299999999999995,,5.06,,,19.75,26.61,2.68,1.098475010679202,research_proxy,0.135405692723722,fair,high,"buffett_indicator,equity_pe_proxy,shiller_pe_proxy,equity_pb_proxy,real_yield_proxy,term_spread,equity_risk_proxy",credit_spread_proxy
2014-12-01,us,150.026,1.5568786080376809,2.09,2.7700000000000005,,4.98,,,20.08,26.79,2.83,1.5568786080376809,research_proxy,0.06673305275165119,fair,high,"buffett_indicator,equity_pe_proxy,shiller_pe_proxy,equity_pb_proxy,real_yield_proxy,term_spread,equity_risk_proxy",credit_spread_proxy
2015-01-01,us,137.688,2.109930978205428,1.7699999999999998,3.1100000000000003,,4.99,,,20.02,26.49,2.83,2.109930978205428,research_proxy,0.06456726793069509,fair,high,"buffett_indicator,equity_pe_proxy,shiller_pe_proxy,equity_pb_proxy,real_yield_proxy,term_spread,equity_risk_proxy",credit_spread_proxy
2015-02-01,us,137.688,2.0670314629352053,1.8699999999999999,2.8400000000000003,,4.82,,,20.77,27.0,2.83,2.0670314629352053,research_proxy,0.04184504486956832,fair,high,"buffett_indicator,equity_pe_proxy,shiller_pe_proxy,equity_pb_proxy,real_yield_proxy,term_spread,equity_risk_proxy",credit_spread_proxy
2015-03-01,us,137.688,2.0620312844238735,1.93,2.7299999999999995,,4.77,,,20.96,26.73,2.84,2.0620312844238735,research_proxy,0.041645505280011146,fair,high,"buffett_indicator,equity_pe_proxy,shiller_pe_proxy,equity_pb_proxy,real_yield_proxy,term_spread,equity_risk_proxy",credit_spread_proxy
2015-04-01,us,137.688,2.0440309893939106,1.8199999999999998,2.73,,4.67,,,21.42,26.79,2.84,2.0440309893939106,research_proxy,0.02547011166715956,fair,high,"buffett_indicator,equity_pe_proxy,shiller_pe_proxy,equity_pb_proxy,real_yield_proxy,term_spread,equity_risk_proxy",credit_spread_proxy
2015-05-01,us,137.688,2.1649667817557043,2.08,2.3599999999999994,,4.56,,,21.92,26.81,2.84,2.1649667817557043,research_proxy,0.013480350233354652,fair,high,"buffett_indicator,equity_pe_proxy,shiller_pe_proxy,equity_pb_proxy,real_yield_proxy,term_spread,equity_risk_proxy",credit_spread_proxy
2015-06-01,us,137.688,2.1804281902449474,2.23,2.1599999999999997,,4.52,,,22.12,26.5,2.8,2.1804281902449474,research_proxy,0.02321331861178853,fair,high,"buffett_indicator,equity_pe_proxy,shiller_pe_proxy,equity_pb_proxy,real_yield_proxy,term_spread,equity_risk_proxy",credit_spread_proxy
2015-07-01,us,137.688,2.094313888959054,2.19,2.14,,4.46,,,22.4,26.38,2.8,2.094313888959054,research_proxy,0.021713478247996045,fair,high,"buffett_indicator,equity_pe_proxy,shiller_pe_proxy,equity_pb_proxy,real_yield_proxy,term_spread,equity_risk_proxy",credit_spread_proxy
2015-08-01,us,137.688,1.9286962014655131,2.03,2.34,,4.51,,,22.15,25.69,2.8,1.9286962014655131,research_proxy,0.043409612625861425,fair,high,"buffett_indicator,equity_pe_proxy,shiller_pe_proxy,equity_pb_proxy,real_yield_proxy,term_spread,equity_risk_proxy",credit_spread_proxy
2015-09-01,us,137.688,2.16115703836583,2.03,2.49,,4.66,,,21.45,24.5,2.58,2.16115703836583,research_proxy,0.10140958555393761,fair,high,"buffett_indicator,equity_pe_proxy,shiller_pe_proxy,equity_pb_proxy,real_yield_proxy,term_spread,equity_risk_proxy",credit_spread_proxy
2015-10-01,us,137.688,1.9423834393294928,1.9499999999999997,2.3400000000000003,,4.41,,,22.68,25.49,2.58,1.9423834393294928,research_proxy,0.06515656266651901,fair,high,"buffett_indicator,equity_pe_proxy,shiller_pe_proxy,equity_pb_proxy,real_yield_proxy,term_spread,equity_risk_proxy",credit_spread_proxy
2015-11-01,us,137.688,1.823681783081481,2.1399999999999997,1.9700000000000006,,4.23,,,23.67,26.23,2.58,1.823681783081481,research_proxy,0.04225418403280606,fair,high,"buffett_indicator,equity_pe_proxy,shiller_pe_proxy,equity_pb_proxy,real_yield_proxy,term_spread,equity_risk_proxy",credit_spread_proxy
2015-12-01,us,137.688,1.601275248463521,2.0,1.9699999999999998,,4.21,,,23.74,25.97,2.76,1.601275248463521,research_proxy,0.018329395660387066,fair,high,"buffett_indicator,equity_pe_proxy,shiller_pe_proxy,equity_pb_proxy,real_yield_proxy,term_spread,equity_risk_proxy",credit_spread_proxy
2016-01-01,us,146.30700000000002,0.8524974973056123,1.7499999999999998,2.42,,4.51,,,22.18,24.21,2.76,0.8524974973056123,research_proxy,0.0923383929552057,fair,high,"buffett_indicator,equity_pe_proxy,shiller_pe_proxy,equity_pb_proxy,real_yield_proxy,term_spread,equity_risk_proxy",credit_spread_proxy
2016-02-01,us,146.30700000000002,0.9327224209873382,1.4,2.76,,4.54,,,22.02,24.0,2.76,0.9327224209873382,research_proxy,0.08110641833655603,fair,high,"buffett_indicator,equity_pe_proxy,shiller_pe_proxy,equity_pb_proxy,real_yield_proxy,term_spread,equity_risk_proxy",credit_spread_proxy
2016-03-01,us,146.30700000000002,0.9983839034478053,1.5299999999999998,2.3900000000000006,,4.28,,,23.39,25.37,2.74,0.9983839034478053,research_proxy,0.029311106226233643,fair,high,"buffett_indicator,equity_pe_proxy,shiller_pe_proxy,equity_pb_proxy,real_yield_proxy,term_spread,equity_risk_proxy",credit_spread_proxy
2016-04-01,us,146.30700000000002,0.6373742496465156,1.44,2.36,,4.17,,,23.97,25.92,2.74,0.6373742496465156,research_proxy,0.02355553029007575,fair,high,"buffett_indicator,equity_pe_proxy,shiller_pe_proxy,equity_pb_proxy,real_yield_proxy,term_spread,equity_risk_proxy",credit_spread_proxy
2016-05-01,us,146.30700000000002,0.7315235378753777,1.44,2.39,,4.2,,,23.81,25.69,2.74,0.7315235378753777,research_proxy,0.025772070880364786,fair,high,"buffett_indicator,equity_pe_proxy,shiller_pe_proxy,equity_pb_proxy,real_yield_proxy,term_spread,equity_risk_proxy",credit_spread_proxy
2016-06-01,us,146.30700000000002,0.5607134652040575,1.2599999999999998,2.5300000000000002,,4.17,,,23.97,25.84,2.74,0.5607134652040575,research_proxy,0.022868523076590343,fair,high,"buffett_indicator,equity_pe_proxy,shiller_pe_proxy,equity_pb_proxy,real_yield_proxy,term_spread,equity_risk_proxy",credit_spread_proxy
2016-07-01,us,146.30700000000002,0.6316366569481744,1.1099999999999999,2.58,,4.08,,,24.52,26.69,2.74,0.6316366569481744,research_proxy,-0.013686770840717026,fair,high,"buffett_indicator,equity_pe_proxy,shiller_pe_proxy,equity_pb_proxy,real_yield_proxy,term_spread,equity_risk_proxy",credit_spread_proxy
2016-08-01,us,146.30700000000002,0.5046841404343136,1.1600000000000001,2.5100000000000002,,4.07,,,24.57,26.95,2.74,0.5046841404343136,research_proxy,-0.010791924788166565,fair,high,"buffett_indicator,equity_pe_proxy,shiller_pe_proxy,equity_pb_proxy,real_yield_proxy,term_spread,equity_risk_proxy",credit_spread_proxy
2016-09-01,us,146.30700000000002,0.0813553798347817,1.23,2.5,,4.13,,,24.22,26.73,2.78,0.0813553798347817,research_proxy,0.02214689914747116,fair,high,"buffett_indicator,equity_pe_proxy,shiller_pe_proxy,equity_pb_proxy,real_yield_proxy,term_spread,equity_risk_proxy",credit_spread_proxy
2016-10-01,us,146.30700000000002,0.07407503375635405,1.3599999999999999,2.4800000000000004,,4.24,,,23.57,26.53,2.78,0.07407503375635405,research_proxy,0.04530567960464661,fair,high,"buffett_indicator,equity_pe_proxy,shiller_pe_proxy,equity_pb_proxy,real_yield_proxy,term_spread,equity_risk_proxy",credit_spread_proxy
2016-11-01,us,146.30700000000002,0.4556665280211063,1.7300000000000002,2.14,,4.28,,,23.35,26.85,2.78,0.4556665280211063,research_proxy,0.034394539864720644,fair,high,"buffett_indicator,equity_pe_proxy,shiller_pe_proxy,equity_pb_proxy,real_yield_proxy,term_spread,equity_risk_proxy",credit_spread_proxy
2016-12-01,us,146.30700000000002,0.439201088488014,1.9500000000000002,1.7199999999999998,,4.21,,,23.76,27.87,2.91,0.439201088488014,research_proxy,-0.011646706724707911,fair,high,"buffett_indicator,equity_pe_proxy,shiller_pe_proxy,equity_pb_proxy,real_yield_proxy,term_spread,equity_risk_proxy",credit_spread_proxy
2017-01-01,us,164.894,-0.08039334825711197,1.7800000000000002,1.81,,4.24,,,23.59,28.06,2.91,-0.08039334825711197,research_proxy,-0.043480604164304944,fair,high,"buffett_indicator,equity_pe_proxy,shiller_pe_proxy,equity_pb_proxy,real_yield_proxy,term_spread,equity_risk_proxy",credit_spread_proxy
2017-02-01,us,164.894,-0.39036168132942084,1.7599999999999998,1.7999999999999998,,4.22,,,23.68,28.66,2.91,-0.39036168132942084,research_proxy,-0.03896817468268643,fair,high,"buffett_indicator,equity_pe_proxy,shiller_pe_proxy,equity_pb_proxy,real_yield_proxy,term_spread,equity_risk_proxy",credit_spread_proxy
2017-03-01,us,164.894,0.038803763440860006,1.69,1.7600000000000002,,4.24,,,23.6,29.09,3.01,0.038803763440860006,research_proxy,-0.09448033269868093,fair,high,"buffett_indicator,equity_pe_proxy,shiller_pe_proxy,equity_pb_proxy,real_yield_proxy,term_spread,equity_risk_proxy",credit_spread_proxy
2017-04-01,us,164.894,0.12377652808460482,1.4,2.0,,4.3,,,23.24,28.9,3.01,0.12377652808460482,research_proxy,-0.1041170054802917,fair,high,"buffett_indicator,equity_pe_proxy,shiller_pe_proxy,equity_pb_proxy,real_yield_proxy,term_spread,equity_risk_proxy",credit_spread_proxy
2017-05-01,us,164.894,0.44365683323802374,1.3899999999999997,1.9900000000000002,,4.29,,,23.31,29.31,3.01,0.44365683323802374,research_proxy,-0.13223045186213636,fair,high,"buffett_indicator,equity_pe_proxy,shiller_pe_proxy,equity_pb_proxy,real_yield_proxy,term_spread,equity_risk_proxy",credit_spread_proxy
2017-06-01,us,164.894,0.549434190040873,1.15,2.0799999999999996,,4.27,,,23.4,29.75,3.03,0.549434190040873,research_proxy,-0.16693197419257239,fair,high,"buffett_indicator,equity_pe_proxy,shiller_pe_proxy,equity_pb_proxy,real_yield_proxy,term_spread,equity_risk_proxy",credit_spread_proxy
2017-07-01,us,164.894,0.5948926493433926,1.17,1.9600000000000004,,4.28,,,23.36,30.0,3.03,0.5948926493433926,research_proxy,-0.1785872433471283,fair,high,"buffett_indicator,equity_pe_proxy,shiller_pe_proxy,equity_pb_proxy,real_yield_proxy,term_spread,equity_risk_proxy",credit_spread_proxy
2017-08-01,us,164.894,0.28187844270301987,1.05,2.1100000000000003,,4.32,,,23.16,29.91,3.03,0.28187844270301987,research_proxy,-0.1582321556460707,fair,high,"buffett_indicator,equity_pe_proxy,shiller_pe_proxy,equity_pb_proxy,real_yield_proxy,term_spread,equity_risk_proxy",credit_spread_proxy
2017-09-01,us,164.894,0.019434769628821513,1.0500000000000003,2.0999999999999996,,4.3,,,23.28,30.17,3.08,0.019434769628821513,research_proxy,-0.15697272649556046,fair,high,"buffett_indicator,equity_pe_proxy,shiller_pe_proxy,equity_pb_proxy,real_yield_proxy,term_spread,equity_risk_proxy",credit_spread_proxy
2017-10-01,us,164.894,0.3392422468675149,1.21,1.8599999999999999,,4.22,,,23.67,30.92,3.08,0.3392422468675149,research_proxy,-0.1929580696921038,fair,high,"buffett_indicator,equity_pe_proxy,shiller_pe_proxy,equity_pb_proxy,real_yield_proxy,term_spread,equity_risk_proxy",credit_spread_proxy
2017-11-01,us,164.894,0.17750613570443408,1.1900000000000002,1.85,,4.2,,,23.81,31.3,3.08,0.17750613570443408,research_proxy,-0.19411811882111957,fair,high,"buffett_indicator,equity_pe_proxy,shiller_pe_proxy,equity_pb_proxy,real_yield_proxy,term_spread,equity_risk_proxy",credit_spread_proxy
2017-12-01,us,164.894,0.2700692804477467,1.0999999999999999,1.7200000000000002,,4.12,,,24.25,32.09,3.23,0.2700692804477467,research_proxy,-0.25756671082591437,fair,high,"buffett_indicator,equity_pe_proxy,shiller_pe_proxy,equity_pb_proxy,real_yield_proxy,term_spread,equity_risk_proxy",credit_spread_proxy
2018-01-01,us,148.273,0.42868113193605506,1.1700000000000002,1.4299999999999997,,4.01,,,24.97,33.31,3.23,0.42868113193605506,research_proxy,-0.2620045487392678,fair,high,"buffett_indicator,equity_pe_proxy,shiller_pe_proxy,equity_pb_proxy,real_yield_proxy,term_spread,equity_risk_proxy",credit_spread_proxy
2018-02-01,us,148.273,0.5965310689081389,1.44,1.3400000000000003,,4.2,,,23.82,32.04,3.23,0.5965310689081389,research_proxy,-0.21583173141935244,fair,high,"buffett_indicator,equity_pe_proxy,shiller_pe_proxy,equity_pb_proxy,real_yield_proxy,term_spread,equity_risk_proxy",credit_spread_proxy
2018-03-01,us,148.273,0.5090502353500632,1.3299999999999998,1.4299999999999997,,4.27,,,23.41,31.81,3.17,0.5090502353500632,research_proxy,-0.19713082776623228,fair,high,"buffett_indicator,equity_pe_proxy,shiller_pe_proxy,equity_pb_proxy,real_yield_proxy,term_spread,equity_risk_proxy",credit_spread_proxy
2018-04-01,us,148.273,0.3990036978947007,1.1800000000000002,1.5700000000000003,,4.44,,,22.53,30.97,3.17,0.3990036978947007,research_proxy,-0.17058445032768507,fair,high,"buffett_indicator,equity_pe_proxy,shiller_pe_proxy,equity_pb_proxy,real_yield_proxy,term_spread,equity_risk_proxy",credit_spread_proxy
2018-05-01,us,148.273,0.1980783921575031,1.28,1.4700000000000002,,4.45,,,22.49,31.24,3.17,0.1980783921575031,research_proxy,-0.15948868661144283,fair,high,"buffett_indicator,equity_pe_proxy,shiller_pe_proxy,equity_pb_proxy,real_yield_proxy,term_spread,equity_risk_proxy",credit_spread_proxy
2018-06-01,us,148.273,0.10244930640598149,1.09,1.54,,4.45,,,22.49,31.63,3.25,0.10244930640598149,research_proxy,-0.18605067946585102,fair,high,"buffett_indicator,equity_pe_proxy,shiller_pe_proxy,equity_pb_proxy,real_yield_proxy,term_spread,equity_risk_proxy",credit_spread_proxy
2018-07-01,us,148.273,0.03587521443807118,0.9800000000000002,1.5900000000000003,,4.48,,,22.33,31.89,3.25,0.03587521443807118,research_proxy,-0.19161681890094032,fair,high,"buffett_indicator,equity_pe_proxy,shiller_pe_proxy,equity_pb_proxy,real_yield_proxy,term_spread,equity_risk_proxy",credit_spread_proxy
2018-08-01,us,148.273,0.2470761431257431,0.9800000000000002,1.5799999999999996,,4.47,,,22.37,32.39,3.25,0.2470761431257431,research_proxy,-0.21353525618400843,fair,high,"buffett_indicator,equity_pe_proxy,shiller_pe_proxy,equity_pb_proxy,real_yield_proxy,term_spread,equity_risk_proxy",credit_spread_proxy
2018-09-01,us,148.273,0.6679448941911721,1.05,1.4900000000000002,,4.49,,,22.25,32.62,3.45,0.6679448941911721,research_proxy,-0.2699406380181083,fair,high,"buffett_indicator,equity_pe_proxy,shiller_pe_proxy,equity_pb_proxy,real_yield_proxy,term_spread,equity_risk_proxy",credit_spread_proxy
2018-10-01,us,148.273,0.657967529781947,0.96,1.56,,4.71,,,21.25,31.04,3.45,0.657967529781947,research_proxy,-0.23390375796378818,fair,high,"buffett_indicator,equity_pe_proxy,shiller_pe_proxy,equity_pb_proxy,real_yield_proxy,term_spread,equity_risk_proxy",credit_spread_proxy
2018-11-01,us,148.273,0.972671422332227,0.9199999999999999,1.7199999999999998,,4.84,,,20.67,30.2,3.45,0.972671422332227,research_proxy,-0.224848940344141,fair,high,"buffett_indicator,equity_pe_proxy,shiller_pe_proxy,equity_pb_proxy,real_yield_proxy,term_spread,equity_risk_proxy",credit_spread_proxy
2018-12-01,us,148.273,0.8276190956598937,0.56,2.33,,5.16,,,19.39,28.29,2.94,0.8276190956598937,research_proxy,-0.0866526044566753,fair,high,"buffett_indicator,equity_pe_proxy,shiller_pe_proxy,equity_pb_proxy,real_yield_proxy,term_spread,equity_risk_proxy",credit_spread_proxy
2019-01-01,us,158.572,1.2224106421708667,0.31000000000000005,2.3899999999999997,,5.1,,,19.6,28.38,2.94,1.2224106421708667,research_proxy,-0.16196902171054608,fair,high,"buffett_indicator,equity_pe_proxy,shiller_pe_proxy,equity_pb_proxy,real_yield_proxy,term_spread,equity_risk_proxy",credit_spread_proxy
2019-02-01,us,158.572,1.1611384648678125,0.28000000000000025,2.1699999999999995,,4.85,,,20.6,29.54,2.94,1.1611384648678125,research_proxy,-0.2068594684122574,fair,high,"buffett_indicator,equity_pe_proxy,shiller_pe_proxy,equity_pb_proxy,real_yield_proxy,term_spread,equity_risk_proxy",credit_spread_proxy
2019-03-01,us,158.572,0.6868136486936014,0.1599999999999997,2.22,,4.79,,,20.86,29.58,3.26,0.6868136486936014,research_proxy,-0.24002112180576482,fair,high,"buffett_indicator,equity_pe_proxy,shiller_pe_proxy,equity_pb_proxy,real_yield_proxy,term_spread,equity_risk_proxy",credit_spread_proxy
2019-04-01,us,158.572,0.529416529790939,0.10999999999999988,2.11,,4.64,,,21.56,30.13,3.26,0.529416529790939,research_proxy,-0.2603816471350883,fair,high,"buffett_indicator,equity_pe_proxy,shiller_pe_proxy,equity_pb_proxy,real_yield_proxy,term_spread,equity_risk_proxy",credit_spread_proxy
2019-05-01,us,158.572,0.6040894446393863,0.009999999999999787,2.3300000000000005,,4.73,,,21.15,29.24,3.26,0.6040894446393863,research_proxy,-0.2405925429809223,fair,high,"buffett_indicator,equity_pe_proxy,shiller_pe_proxy,equity_pb_proxy,real_yield_proxy,term_spread,equity_risk_proxy",credit_spread_proxy
2019-06-01,us,158.572,0.39880510560995086,-0.31000000000000005,2.61,,4.68,,,21.37,29.28,3.32,0.39880510560995086,research_proxy,-0.25418003485176516,fair,high,"buffett_indicator,equity_pe_proxy,shiller_pe_proxy,equity_pb_proxy,real_yield_proxy,term_spread,equity_risk_proxy",credit_spread_proxy
2019-07-01,us,158.572,0.23366866496293204,-0.33999999999999986,2.43,,4.49,,,22.28,29.99,3.32,0.23366866496293204,research_proxy,-0.28184955001802775,fair,high,"buffett_indicator,equity_pe_proxy,shiller_pe_proxy,equity_pb_proxy,real_yield_proxy,term_spread,equity_risk_proxy",credit_spread_proxy
2019-08-01,us,158.572,-0.10764121066664067,-0.5,2.9800000000000004,,4.61,,,21.67,28.71,3.32,-0.10764121066664067,research_proxy,-0.2143070547927636,fair,high,"buffett_indicator,equity_pe_proxy,shiller_pe_proxy,equity_pb_proxy,real_yield_proxy,term_spread,equity_risk_proxy",credit_spread_proxy
2019-09-01,us,158.572,0.015502295960843737,-0.3400000000000001,2.76,,4.46,,,22.44,29.23,3.3,0.015502295960843737,research_proxy,-0.23561362887247853,fair,high,"buffett_indicator,equity_pe_proxy,shiller_pe_proxy,equity_pb_proxy,real_yield_proxy,term_spread,equity_risk_proxy",credit_spread_proxy
2019-10-01,us,158.572,-0.023973699618629718,-0.1200000000000001,2.83,,4.54,,,22.04,28.84,3.3,-0.023973699618629718,research_proxy,-0.19693090848829392,fair,high,"buffett_indicator,equity_pe_proxy,shiller_pe_proxy,equity_pb_proxy,real_yield_proxy,term_spread,equity_risk_proxy",credit_spread_proxy
2019-11-01,us,158.572,-0.28229039486291674,0.26,2.61,,4.42,,,22.62,29.84,3.3,-0.28229039486291674,research_proxy,-0.18404466368418793,fair,high,"buffett_indicator,equity_pe_proxy,shiller_pe_proxy,equity_pb_proxy,real_yield_proxy,term_spread,equity_risk_proxy",credit_spread_proxy
2019-12-01,us,158.572,-0.45952746996244564,0.31000000000000005,2.5299999999999994,,4.39,,,22.78,30.33,3.53,-0.45952746996244564,research_proxy,-0.21917626152877062,fair,high,"buffett_indicator,equity_pe_proxy,shiller_pe_proxy,equity_pb_proxy,real_yield_proxy,term_spread,equity_risk_proxy",credit_spread_proxy
2020-01-01,us,194.889,-0.839767976845202,0.20999999999999996,2.26,,4.02,,,24.88,30.99,3.53,-0.839767976845202,research_proxy,-0.3605062776314387,fair,high,"buffett_indicator,equity_pe_proxy,shiller_pe_proxy,equity_pb_proxy,real_yield_proxy,term_spread,equity_risk_proxy",credit_spread_proxy
2020-02-01,us,194.889,-0.8413166797595202,-0.08000000000000007,2.28,,3.78,,,26.42,30.73,3.53,-0.8413166797595202,research_proxy,-0.4019249008594475,fair,high,"buffett_indicator,equity_pe_proxy,shiller_pe_proxy,equity_pb_proxy,real_yield_proxy,term_spread,equity_risk_proxy",credit_spread_proxy
2020-03-01,us,194.889,-0.6240399642909163,0.21999999999999997,3.5199999999999996,,4.39,,,22.8,24.82,2.92,-0.6240399642909163,research_proxy,-0.07316065777024787,fair,high,"buffett_indicator,equity_pe_proxy,shiller_pe_proxy,equity_pb_proxy,real_yield_proxy,term_spread,equity_risk_proxy",credit_spread_proxy
2020-04-01,us,194.889,0.3469527059588867,0.61,3.3499999999999996,,4.01,,,24.97,25.93,2.92,0.3469527059588867,research_proxy,-0.15126163534746265,fair,high,"buffett_indicator,equity_pe_proxy,shiller_pe_proxy,equity_pb_proxy,real_yield_proxy,term_spread,equity_risk_proxy",credit_spread_proxy
2020-05-01,us,194.889,0.47179869641514494,0.62,2.92,,3.59,,,27.82,27.33,2.92,0.47179869641514494,research_proxy,-0.2441914542255151,fair,high,"buffett_indicator,equity_pe_proxy,shiller_pe_proxy,equity_pb_proxy,real_yield_proxy,term_spread,equity_risk_proxy",credit_spread_proxy
2020-06-01,us,194.889,0.0133437168169519,0.65,2.47,,3.2,,,31.29,28.84,3.44,0.0133437168169519,research_proxy,-0.3914811181110553,fair,high,"buffett_indicator,equity_pe_proxy,shiller_pe_proxy,equity_pb_proxy,real_yield_proxy,term_spread,equity_risk_proxy",credit_spread_proxy
2020-07-01,us,194.889,-0.3768647625897996,0.53,2.46,,3.08,,,32.44,29.6,3.44,-0.3768647625897996,research_proxy,-0.40810051396646774,fair,high,"buffett_indicator,equity_pe_proxy,shiller_pe_proxy,equity_pb_proxy,real_yield_proxy,term_spread,equity_risk_proxy",credit_spread_proxy
2020-08-01,us,194.889,-0.6310698495523851,0.55,2.2600000000000002,,2.91,,,34.41,31.16,3.44,-0.6310698495523851,research_proxy,-0.45524788269192634,fair,high,"buffett_indicator,equity_pe_proxy,shiller_pe_proxy,equity_pb_proxy,real_yield_proxy,term_spread,equity_risk_proxy",credit_spread_proxy
2020-09-01,us,194.889,-0.7110228912373812,0.5900000000000001,2.2399999999999998,,2.92,,,34.27,30.84,3.65,-0.7110228912373812,research_proxy,-0.47286556235875826,fair,high,"buffett_indicator,equity_pe_proxy,shiller_pe_proxy,equity_pb_proxy,real_yield_proxy,term_spread,equity_risk_proxy",credit_spread_proxy
2020-10-01,us,194.889,-0.4403863428671624,0.7000000000000001,2.04,,2.83,,,35.3,31.28,3.65,-0.4403863428671624,research_proxy,-0.5113935205413632,expensive,high,"buffett_indicator,equity_pe_proxy,shiller_pe_proxy,equity_pb_proxy,real_yield_proxy,term_spread,equity_risk_proxy",credit_spread_proxy
2020-11-01,us,194.889,-0.3057452138405844,0.78,1.8199999999999998,,2.69,,,37.16,32.47,3.65,-0.3057452138405844,research_proxy,-0.5693678083219385,expensive,high,"buffett_indicator,equity_pe_proxy,shiller_pe_proxy,equity_pb_proxy,real_yield_proxy,term_spread,equity_risk_proxy",credit_spread_proxy
2020-12-01,us,194.889,-0.3904191315779434,0.8400000000000001,1.6199999999999997,,2.55,,,39.26,33.77,4.05,-0.3904191315779434,research_proxy,-0.6811212238204762,expensive,high,"buffett_indicator,equity_pe_proxy,shiller_pe_proxy,equity_pb_proxy,real_yield_proxy,term_spread,equity_risk_proxy",credit_spread_proxy
2021-01-01,us,194.889,-0.2938437137002401,0.9900000000000001,1.6999999999999997,,2.78,,,35.96,34.51,4.05,-0.2938437137002401,research_proxy,-0.6372822680568656,expensive,high,"buffett_indicator,equity_pe_proxy,shiller_pe_proxy,equity_pb_proxy,real_yield_proxy,term_spread,equity_risk_proxy",credit_spread_proxy
2021-02-01,us,194.889,-0.40981677917068526,1.18,1.7499999999999998,,3.01,,,33.24,35.1,4.05,-0.40981677917068526,research_proxy,-0.5841233855602683,expensive,high,"buffett_indicator,equity_pe_proxy,shiller_pe_proxy,equity_pb_proxy,real_yield_proxy,term_spread,equity_risk_proxy",credit_spread_proxy
2021-03-01,us,194.889,-1.0578187820641907,1.54,1.6699999999999997,,3.28,,,30.5,35.04,4.23,-1.0578187820641907,research_proxy,-0.5080012544957833,expensive,high,"buffett_indicator,equity_pe_proxy,shiller_pe_proxy,equity_pb_proxy,real_yield_proxy,term_spread,equity_risk_proxy",credit_spread_proxy
2021-04-01,us,194.889,-2.493077115360573,1.5699999999999998,1.7,,3.34,,,29.92,36.72,4.23,-2.493077115360573,research_proxy,-0.4396949488327495,fair,high,"buffett_indicator,equity_pe_proxy,shiller_pe_proxy,equity_pb_proxy,real_yield_proxy,term_spread,equity_risk_proxy",credit_spread_proxy
2021-05-01,us,194.889,-3.2982570894676257,1.56,1.94,,3.56,,,28.05,36.55,4.23,-3.2982570894676257,research_proxy,-0.3516252266152324,fair,high,"buffett_indicator,equity_pe_proxy,shiller_pe_proxy,equity_pb_proxy,real_yield_proxy,term_spread,equity_risk_proxy",credit_spread_proxy
2021-06-01,us,194.889,-3.7756326203499992,1.44,2.23,,3.75,,,26.7,36.7,4.43,-3.7756326203499992,research_proxy,-0.3327150434343559,fair,high,"buffett_indicator,equity_pe_proxy,shiller_pe_proxy,equity_pb_proxy,real_yield_proxy,term_spread,equity_risk_proxy",credit_spread_proxy
2021-07-01,us,194.889,-3.9251693813092334,1.22,2.45,,3.77,,,26.56,37.44,4.43,-3.9251693813092334,research_proxy,-0.34176587875388387,fair,high,"buffett_indicator,equity_pe_proxy,shiller_pe_proxy,equity_pb_proxy,real_yield_proxy,term_spread,equity_risk_proxy",credit_spread_proxy
2021-08-01,us,194.889,-3.872015301793966,1.19,2.5300000000000002,,3.81,,,26.23,37.97,4.43,-3.872015301793966,research_proxy,-0.3474591913142984,fair,high,"buffett_indicator,equity_pe_proxy,shiller_pe_proxy,equity_pb_proxy,real_yield_proxy,term_spread,equity_risk_proxy",credit_spread_proxy
2021-09-01,us,194.889,-3.981215590949132,1.29,2.57,,3.94,,,25.35,37.62,4.38,-3.981215590949132,research_proxy,-0.3043525666352242,fair,high,"buffett_indicator,equity_pe_proxy,shiller_pe_proxy,equity_pb_proxy,real_yield_proxy,term_spread,equity_risk_proxy",credit_spread_proxy
2021-10-01,us,194.889,-4.655042390298062,1.5,2.5199999999999996,,4.1,,,24.39,37.25,4.38,-4.655042390298062,research_proxy,-0.22949549784919682,fair,high,"buffett_indicator,equity_pe_proxy,shiller_pe_proxy,equity_pb_proxy,real_yield_proxy,term_spread,equity_risk_proxy",credit_spread_proxy
2021-11-01,us,194.889,-5.341970403700863,1.48,2.52,,4.08,,,24.52,38.58,4.38,-5.341970403700863,research_proxy,-0.21501192342020192,fair,high,"buffett_indicator,equity_pe_proxy,shiller_pe_proxy,equity_pb_proxy,real_yield_proxy,term_spread,equity_risk_proxy",credit_spread_proxy
2021-12-01,us,194.889,-5.704340285065539,1.39,2.7600000000000007,,4.23,,,23.63,38.31,4.73,-5.704340285065539,research_proxy,-0.2249247070288453,fair,high,"buffett_indicator,equity_pe_proxy,shiller_pe_proxy,equity_pb_proxy,real_yield_proxy,term_spread,equity_risk_proxy",credit_spread_proxy
2022-01-01,us,194.889,-5.798805726967832,1.68,2.5700000000000003,,4.33,,,23.11,36.94,4.73,-5.798805726967832,research_proxy,-0.17403820446819035,fair,high,"buffett_indicator,equity_pe_proxy,shiller_pe_proxy,equity_pb_proxy,real_yield_proxy,term_spread,equity_risk_proxy",credit_spread_proxy
2022-02-01,us,194.889,-6.007278766517819,1.8499999999999999,2.5300000000000002,,4.46,,,22.42,35.29,4.73,-6.007278766517819,research_proxy,-0.11169330293329005,fair,high,"buffett_indicator,equity_pe_proxy,shiller_pe_proxy,equity_pb_proxy,real_yield_proxy,term_spread,equity_risk_proxy",credit_spread_proxy
2022-03-01,us,194.889,-6.442204966013853,1.93,2.38,,4.51,,,22.19,34.27,4.51,-6.442204966013853,research_proxy,-0.03400033494615192,fair,high,"buffett_indicator,equity_pe_proxy,shiller_pe_proxy,equity_pb_proxy,real_yield_proxy,term_spread,equity_risk_proxy",credit_spread_proxy
2022-04-01,us,194.889,-5.481750770777225,2.42,1.71,,4.46,,,22.4,33.89,4.51,-5.481750770777225,research_proxy,-0.08139676560510553,fair,high,"buffett_indicator,equity_pe_proxy,shiller_pe_proxy,equity_pb_proxy,real_yield_proxy,term_spread,equity_risk_proxy",credit_spread_proxy
2022-05-01,us,194.889,-5.638171195642064,2.13,1.9099999999999997,,4.81,,,20.81,30.67,4.51,-5.638171195642064,research_proxy,-0.012285859629943139,fair,high,"buffett_indicator,equity_pe_proxy,shiller_pe_proxy,equity_pb_proxy,real_yield_proxy,term_spread,equity_risk_proxy",credit_spread_proxy
2022-06-01,us,194.889,-5.839361103105798,1.9300000000000002,1.7899999999999996,,4.93,,,20.28,29.05,3.78,-5.839361103105798,research_proxy,0.11929817755583019,fair,high,"buffett_indicator,equity_pe_proxy,shiller_pe_proxy,equity_pb_proxy,real_yield_proxy,term_spread,equity_risk_proxy",credit_spread_proxy
2022-07-01,us,194.889,-5.562576727730098,1.22,1.9700000000000002,,4.87,,,20.53,29.0,3.78,-5.562576727730098,research_proxy,0.04552669693083237,fair,high,"buffett_indicator,equity_pe_proxy,shiller_pe_proxy,equity_pb_proxy,real_yield_proxy,term_spread,equity_risk_proxy",credit_spread_proxy
2022-08-01,us,194.889,-5.322579178218826,0.5699999999999998,1.6400000000000001,,4.54,,,22.03,30.7,3.78,-5.322579178218826,research_proxy,-0.09672848545508263,fair,high,"buffett_indicator,equity_pe_proxy,shiller_pe_proxy,equity_pb_proxy,real_yield_proxy,term_spread,equity_risk_proxy",credit_spread_proxy
2022-09-01,us,194.889,-4.672106896425822,0.96,1.3400000000000003,,4.86,,,20.58,28.23,3.6,-4.672106896425822,research_proxy,-0.028807450522348597,fair,high,"buffett_indicator,equity_pe_proxy,shiller_pe_proxy,equity_pb_proxy,real_yield_proxy,term_spread,equity_risk_proxy",credit_spread_proxy
2022-10-01,us,194.889,-3.7788139576930004,0.8999999999999999,0.9099999999999997,,4.89,,,20.44,27.08,3.6,-3.7788139576930004,research_proxy,-0.09140799612535477,fair,high,"buffett_indicator,equity_pe_proxy,shiller_pe_proxy,equity_pb_proxy,real_yield_proxy,term_spread,equity_risk_proxy",credit_spread_proxy
2022-11-01,us,194.889,-3.232856456533988,0.11000000000000032,0.6400000000000001,,4.53,,,22.07,28.38,3.6,-3.232856456533988,research_proxy,-0.2560258293534264,fair,high,"buffett_indicator,equity_pe_proxy,shiller_pe_proxy,equity_pb_proxy,real_yield_proxy,term_spread,equity_risk_proxy",credit_spread_proxy
2022-12-01,us,194.889,-2.7846004023571522,-0.47999999999999954,0.7999999999999998,,4.42,,,22.65,28.32,3.75,-2.7846004023571522,research_proxy,-0.35697682809203896,fair,high,"buffett_indicator,equity_pe_proxy,shiller_pe_proxy,equity_pb_proxy,real_yield_proxy,term_spread,equity_risk_proxy",credit_spread_proxy
2023-01-01,us,194.889,-2.797178517960097,-0.8000000000000003,0.8500000000000001,,4.38,,,22.82,28.34,3.75,-2.797178517960097,research_proxy,-0.3854824508976162,fair,high,"buffett_indicator,equity_pe_proxy,shiller_pe_proxy,equity_pb_proxy,real_yield_proxy,term_spread,equity_risk_proxy",credit_spread_proxy
2023-02-01,us,194.889,-2.2078207381370873,-0.8200000000000003,0.5199999999999996,,4.27,,,23.4,28.92,3.75,-2.2078207381370873,research_proxy,-0.45900578916295504,fair,high,"buffett_indicator,equity_pe_proxy,shiller_pe_proxy,equity_pb_proxy,real_yield_proxy,term_spread,equity_risk_proxy",credit_spread_proxy
2023-03-01,us,194.889,-1.2577193628899606,-0.9900000000000002,0.75,,4.41,,,22.66,27.94,3.93,-1.2577193628899606,research_proxy,-0.5181615748783568,expensive,high,"buffett_indicator,equity_pe_proxy,shiller_pe_proxy,equity_pb_proxy,real_yield_proxy,term_spread,equity_risk_proxy",credit_spread_proxy
2023-04-01,us,194.889,-1.4900798791243695,-1.37,0.8399999999999999,,4.3,,,23.27,28.77,3.93,-1.4900798791243695,research_proxy,-0.5562844870085704,expensive,high,"buffett_indicator,equity_pe_proxy,shiller_pe_proxy,equity_pb_proxy,real_yield_proxy,term_spread,equity_risk_proxy",credit_spread_proxy
2023-05-01,us,194.889,-0.5618512313850421,-1.4899999999999998,0.7500000000000004,,4.32,,,23.15,28.76,3.93,-0.5618512313850421,research_proxy,-0.6255786670746144,expensive,high,"buffett_indicator,equity_pe_proxy,shiller_pe_proxy,equity_pb_proxy,real_yield_proxy,term_spread,equity_risk_proxy",credit_spread_proxy
2023-06-01,us,194.889,0.679382927002905,-1.33,0.41999999999999993,,4.17,,,24.01,29.94,4.19,0.679382927002905,research_proxy,-0.7741054770313563,expensive,high,"buffett_indicator,equity_pe_proxy,shiller_pe_proxy,equity_pb_proxy,real_yield_proxy,term_spread,equity_risk_proxy",credit_spread_proxy
2023-07-01,us,194.889,0.6122507315717027,-1.2200000000000002,0.14000000000000012,,4.04,,,24.76,30.89,4.19,0.6122507315717027,research_proxy,-0.8024566903083643,expensive,high,"buffett_indicator,equity_pe_proxy,shiller_pe_proxy,equity_pb_proxy,real_yield_proxy,term_spread,equity_risk_proxy",credit_spread_proxy
2023-08-01,us,194.889,0.44749519649471114,-1.1600000000000001,-0.03000000000000025,,4.14,,,24.16,30.09,4.19,0.44749519649471114,research_proxy,-0.7760852687370589,expensive,high,"buffett_indicator,equity_pe_proxy,shiller_pe_proxy,equity_pb_proxy,real_yield_proxy,term_spread,equity_risk_proxy",credit_spread_proxy
2023-09-01,us,194.889,0.692793361880744,-0.9500000000000002,-0.20000000000000018,,4.18,,,23.93,29.8,3.98,0.692793361880744,research_proxy,-0.7412701817146342,expensive,high,"buffett_indicator,equity_pe_proxy,shiller_pe_proxy,equity_pb_proxy,real_yield_proxy,term_spread,equity_risk_proxy",credit_spread_proxy
2023-10-01,us,194.889,1.5487340901388214,-0.5300000000000002,-0.41000000000000014,1.25,4.39,,,22.78,28.7,3.98,1.5487340901388214,research_proxy,-0.9528817566103098,expensive,high,"buffett_indicator,equity_pe_proxy,shiller_pe_proxy,equity_pb_proxy,real_yield_proxy,term_spread,equity_risk_proxy,credit_spread_proxy",
2023-11-01,us,194.889,1.3666537254088138,-0.8300000000000001,-0.25,1.33,4.25,,,23.51,30.01,3.98,1.3666537254088138,research_proxy,-1.0599398786252487,expensive,high,"buffett_indicator,equity_pe_proxy,shiller_pe_proxy,equity_pb_proxy,real_yield_proxy,term_spread,equity_risk_proxy,credit_spread_proxy",
2023-12-01,us,194.889,0.7040900572897062,-1.3100000000000005,0.09000000000000075,1.11,4.11,,,24.35,31.45,4.31,0.7040900572897062,research_proxy,-0.9215486090766773,expensive,high,"buffett_indicator,equity_pe_proxy,shiller_pe_proxy,equity_pb_proxy,real_yield_proxy,term_spread,equity_risk_proxy,credit_spread_proxy",
2024-01-01,us,194.889,0.9716570135144291,-1.2700000000000005,-0.05999999999999961,1.04,4.0,,,25.01,31.97,4.31,0.9716570135144291,research_proxy,-0.8913632853979094,expensive,high,"buffett_indicator,equity_pe_proxy,shiller_pe_proxy,equity_pb_proxy,real_yield_proxy,term_spread,equity_risk_proxy,credit_spread_proxy",
2024-02-01,us,194.889,1.052925858351303,-1.12,-0.3799999999999999,1.04,3.83,,,26.14,33.04,4.31,1.052925858351303,research_proxy,-0.9287637669463615,expensive,high,"buffett_indicator,equity_pe_proxy,shiller_pe_proxy,equity_pb_proxy,real_yield_proxy,term_spread,equity_risk_proxy,credit_spread_proxy",
2024-03-01,us,194.889,0.7231650879163416,-1.12,-0.5099999999999998,1.01,3.7,,,27.02,33.76,4.71,0.7231650879163416,research_proxy,-0.9653387832486361,expensive,high,"buffett_indicator,equity_pe_proxy,shiller_pe_proxy,equity_pb_proxy,real_yield_proxy,term_spread,equity_risk_proxy,credit_spread_proxy",
2024-04-01,us,194.889,1.1792048737803267,-0.79,-0.75,0.93,3.79,,,26.41,33.03,4.71,1.1792048737803267,research_proxy,-0.8840023540281176,expensive,high,"buffett_indicator,equity_pe_proxy,shiller_pe_proxy,equity_pb_proxy,real_yield_proxy,term_spread,equity_risk_proxy,credit_spread_proxy",
2024-05-01,us,194.889,1.2357214159968875,-0.8499999999999996,-0.7700000000000005,0.91,3.71,,,26.93,33.78,4.71,1.2357214159968875,research_proxy,-0.8915828421123198,expensive,high,"buffett_indicator,equity_pe_proxy,shiller_pe_proxy,equity_pb_proxy,real_yield_proxy,term_spread,equity_risk_proxy,credit_spread_proxy",
2024-06-01,us,194.889,1.339742051352907,-1.0200000000000005,-0.6899999999999995,0.88,3.62,,,27.64,34.81,4.79,1.339742051352907,research_proxy,-0.9131631922111734,expensive,high,"buffett_indicator,equity_pe_proxy,shiller_pe_proxy,equity_pb_proxy,real_yield_proxy,term_spread,equity_risk_proxy,credit_spread_proxy",
2024-07-01,us,194.889,1.3085242064416986,-1.08,-0.69,0.94,3.56,,,28.08,35.48,4.79,1.3085242064416986,research_proxy,-0.9859385588559041,expensive,high,"buffett_indicator,equity_pe_proxy,shiller_pe_proxy,equity_pb_proxy,real_yield_proxy,term_spread,equity_risk_proxy,credit_spread_proxy",
2024-08-01,us,194.889,1.262855509307963,-1.46,-0.26000000000000023,1.0,3.61,,,27.67,35.08,4.79,1.262855509307963,research_proxy,-1.0360000284688506,expensive,high,"buffett_indicator,equity_pe_proxy,shiller_pe_proxy,equity_pb_proxy,real_yield_proxy,term_spread,equity_risk_proxy,credit_spread_proxy",
2024-09-01,us,194.889,1.2935169684583294,-1.4099999999999997,-0.16000000000000014,0.96,3.56,,,28.09,35.7,4.94,1.2935169684583294,research_proxy,-1.0258098213709834,expensive,high,"buffett_indicator,equity_pe_proxy,shiller_pe_proxy,equity_pb_proxy,real_yield_proxy,term_spread,equity_risk_proxy,credit_spread_proxy",
2024-10-01,us,194.889,1.5211559461286566,-0.7300000000000004,-0.5899999999999999,0.92,3.51,,,28.45,36.59,4.94,1.5211559461286566,research_proxy,-0.9855962141782303,expensive,high,"buffett_indicator,equity_pe_proxy,shiller_pe_proxy,equity_pb_proxy,real_yield_proxy,term_spread,equity_risk_proxy,credit_spread_proxy",
2024-11-01,us,194.889,1.6405275387151672,-0.27999999999999936,-0.8700000000000001,0.86,3.49,,,28.66,37.36,4.94,1.6405275387151672,research_proxy,-0.9289429870576116,expensive,high,"buffett_indicator,equity_pe_proxy,shiller_pe_proxy,equity_pb_proxy,real_yield_proxy,term_spread,equity_risk_proxy,credit_spread_proxy",
2024-12-01,us,194.889,1.5193090324900185,-0.09000000000000075,-0.8899999999999997,0.83,3.5,,,28.6,37.72,4.99,1.5193090324900185,research_proxy,-0.8922983128046733,expensive,high,"buffett_indicator,equity_pe_proxy,shiller_pe_proxy,equity_pb_proxy,real_yield_proxy,term_spread,equity_risk_proxy,credit_spread_proxy",
2025-01-01,us,194.889,1.6390216921000391,0.2999999999999998,-1.08,0.82,3.55,,,28.16,37.14,4.99,1.6390216921000391,research_proxy,-0.85408002007132,expensive,high,"buffett_indicator,equity_pe_proxy,shiller_pe_proxy,equity_pb_proxy,real_yield_proxy,term_spread,equity_risk_proxy,credit_spread_proxy",
2025-02-01,us,194.889,1.6484165522386647,0.1200000000000001,-0.9000000000000004,0.82,3.55,,,28.15,37.19,4.99,1.6484165522386647,research_proxy,-0.8603760228915049,expensive,high,"buffett_indicator,equity_pe_proxy,shiller_pe_proxy,equity_pb_proxy,real_yield_proxy,term_spread,equity_risk_proxy,credit_spread_proxy",
2025-03-01,us,194.889,1.8980185371944511,-0.04999999999999982,-0.4700000000000002,0.88,3.81,,,26.23,34.79,4.69,1.8980185371944511,research_proxy,-0.8218645530106248,expensive,high,"buffett_indicator,equity_pe_proxy,shiller_pe_proxy,equity_pb_proxy,real_yield_proxy,term_spread,equity_risk_proxy,credit_spread_proxy",
2025-04-01,us,194.889,1.9546117697421703,-0.04999999999999982,-0.20999999999999996,0.98,4.07,,,24.56,32.63,4.69,1.9546117697421703,research_proxy,-0.8513773557413072,expensive,high,"buffett_indicator,equity_pe_proxy,shiller_pe_proxy,equity_pb_proxy,real_yield_proxy,term_spread,equity_risk_proxy,credit_spread_proxy",
2025-05-01,us,194.889,2.042734892631912,0.08999999999999986,-0.6200000000000001,1.09,3.8,,,26.34,35.08,4.69,2.042734892631912,research_proxy,-1.0225159694409558,expensive,high,"buffett_indicator,equity_pe_proxy,shiller_pe_proxy,equity_pb_proxy,real_yield_proxy,term_spread,equity_risk_proxy,credit_spread_proxy",
2025-06-01,us,194.889,1.6995461340897737,0.04999999999999982,-0.69,0.92,3.69,,,27.1,36.12,5.01,1.6995461340897737,research_proxy,-0.9236804950333992,expensive,high,"buffett_indicator,equity_pe_proxy,shiller_pe_proxy,equity_pb_proxy,real_yield_proxy,term_spread,equity_risk_proxy,credit_spread_proxy",
2025-07-01,us,194.889,1.6473819478328657,0.05999999999999961,-0.7899999999999996,0.84,3.6,,,27.81,37.48,5.01,1.6473819478328657,research_proxy,-0.8806794801730284,expensive,high,"buffett_indicator,equity_pe_proxy,shiller_pe_proxy,equity_pb_proxy,real_yield_proxy,term_spread,equity_risk_proxy,credit_spread_proxy",
2025-08-01,us,194.889,1.3214082569683843,-0.07000000000000028,-0.6699999999999999,0.82,3.59,,,27.84,37.85,5.01,1.3214082569683843,research_proxy,-0.8557617829912667,expensive,high,"buffett_indicator,equity_pe_proxy,shiller_pe_proxy,equity_pb_proxy,real_yield_proxy,term_spread,equity_risk_proxy,credit_spread_proxy",
2025-09-01,us,194.889,1.0974284152866711,-0.09999999999999964,-0.5700000000000003,0.81,3.55,,,28.13,38.59,5.27,1.0974284152866711,research_proxy,-0.8812399080337187,expensive,high,"buffett_indicator,equity_pe_proxy,shiller_pe_proxy,equity_pb_proxy,real_yield_proxy,term_spread,equity_risk_proxy,credit_spread_proxy",
2025-10-01,us,194.889,1.3308637617977874,-0.03000000000000025,-0.5399999999999996,0.76,3.52,,,28.42,39.31,5.27,1.3308637617977874,research_proxy,-0.8543619819824135,expensive,high,"buffett_indicator,equity_pe_proxy,shiller_pe_proxy,equity_pb_proxy,real_yield_proxy,term_spread,equity_risk_proxy,credit_spread_proxy",
2025-11-01,us,194.889,1.393556083506048,0.20999999999999996,-0.5499999999999998,0.8,3.54,,,28.22,39.16,5.27,1.393556083506048,research_proxy,-0.8705633399502676,expensive,high,"buffett_indicator,equity_pe_proxy,shiller_pe_proxy,equity_pb_proxy,real_yield_proxy,term_spread,equity_risk_proxy,credit_spread_proxy",
2025-12-01,us,194.889,1.4866958854422467,0.4199999999999995,-0.6299999999999999,0.82,3.51,,,28.48,39.59,5.39,1.4866958854422467,research_proxy,-0.9060172714247038,expensive,high,"buffett_indicator,equity_pe_proxy,shiller_pe_proxy,equity_pb_proxy,real_yield_proxy,term_spread,equity_risk_proxy,credit_spread_proxy",
2026-01-01,us,194.889,1.8187985678499858,0.5699999999999998,-0.6400000000000001,0.79,3.57,,,27.98,39.65,5.39,1.8187985678499858,research_proxy,-0.8792753845785678,expensive,high,"buffett_indicator,equity_pe_proxy,shiller_pe_proxy,equity_pb_proxy,real_yield_proxy,term_spread,equity_risk_proxy,credit_spread_proxy",
2026-02-01,us,194.889,1.6959958896267775,0.48999999999999977,-0.43999999999999995,0.75,3.69,,,27.07,39.02,5.39,1.6959958896267775,research_proxy,-0.812894654780587,expensive,high,"buffett_indicator,equity_pe_proxy,shiller_pe_proxy,equity_pb_proxy,real_yield_proxy,term_spread,equity_risk_proxy,credit_spread_proxy",
2026-03-01,us,194.889,0.9640422471348016,0.6099999999999999,-0.31999999999999984,0.86,3.93,,,25.43,37.04,5.39,0.9640422471348016,research_proxy,-0.8115467064360982,expensive,high,"buffett_indicator,equity_pe_proxy,shiller_pe_proxy,equity_pb_proxy,real_yield_proxy,term_spread,equity_risk_proxy,credit_spread_proxy",
2026-04-01,us,194.889,0.5407541632584381,0.6800000000000002,-0.40000000000000036,0.87,3.92,,,25.49,38.15,5.39,0.5407541632584381,research_proxy,-0.8143793848975385,expensive,high,"buffett_indicator,equity_pe_proxy,shiller_pe_proxy,equity_pb_proxy,real_yield_proxy,term_spread,equity_risk_proxy,credit_spread_proxy",
2026-05-01,us,194.889,0.31338531595035946,0.8500000000000005,-0.6500000000000004,0.81,3.83,,,26.09,40.11,5.39,0.31338531595035946,research_proxy,-0.7829904235902082,expensive,high,"buffett_indicator,equity_pe_proxy,shiller_pe_proxy,equity_pb_proxy,real_yield_proxy,term_spread,equity_risk_proxy,credit_spread_proxy",
2026-06-01,us,194.889,1.0064692706145886,0.8399999999999999,-0.5099999999999998,0.73,3.96,,,25.22,40.16,5.39,1.0064692706145886,research_proxy,-0.7300287597119959,expensive,high,"buffett_indicator,equity_pe_proxy,shiller_pe_proxy,equity_pb_proxy,real_yield_proxy,term_spread,equity_risk_proxy,credit_spread_proxy",
2026-07-01,us,194.889,1.2961439492936888,0.9699999999999998,-0.6499999999999995,0.76,3.95,,,25.33,40.02,5.39,1.2961439492936888,research_proxy,-0.7682129760698688,expensive,high,"buffett_indicator,equity_pe_proxy,shiller_pe_proxy,equity_pb_proxy,real_yield_proxy,term_spread,equity_risk_proxy,credit_spread_proxy",
2026-08-01,us,194.889,1.7346659201771741,1.0499999999999998,-0.8499999999999996,0.79,3.83,,,26.11,41.13,5.39,1.7346659201771741,research_proxy,-0.847274373240789,expensive,high,"buffett_indicator,equity_pe_proxy,shiller_pe_proxy,equity_pb_proxy,real_yield_proxy,term_spread,equity_risk_proxy,credit_spread_proxy",
